doc_id,title,text_bt,text_id,genre,subgenre,source_link,notes,is_parallel
mg_001,Raja Martua Doli Dohot Anakna,"Adong ma najolo sada halak, na morgoar Mortua Rajadoli,sada do anakna. Dung magodang anakna i, disuru ma ibanamangoli, alai ndang olo. Alai dung sai didasdas anakna i, so olo, didok amana i ma sipaingotna songon on: ""Ale amang! Ndang hatingkian pambahen ni Debata, atik andor najolo-jolo tos, manang punggur na jolo-jolo madabu; molo tung disuda ni hosangkon nama ho asa mangoli, sai ingot damang ma hatangkon: So tung mangoli damang tu boru ni nambura maduma, manang tu boru ni nambura mamora; ai ia ro halak na pogos morsali tu halak na songon i, molo salpu sadari padan panggarar ni porutang i di utangna; manigor so tartaon do pangkuling ni i. Na pisdo mata ni i di na pogos, jala na lea do rohana dina dangol. Ai songon i do pangalaho ni jolma, naung sian gambo i gabe tardarat, muba do talmis ni porhata-hatana. Asa molo tung mangoli damang sogot, oli boru ni raja naung leleng manang pinompar ni na mora hian. Ai tung sura pe pogos pomiahapan di nasida. sai na tureture do i morpangalaho dohot morpangkuling; butong pe i, sopola panihalnihalon, male pe i, so pola mortutungkian, ala naung dipeami hian dirina di haraparon manang di habosuron.”

Ndang pola sadia leleng nari mate ma Mortua Rajadoli, jadi disuru inana ma anakna i mangoli. Diunjuni roha ni anah i ma hata sipaingot ni amana najolo, asa tangkas diboto sintongna. Ditipot ma boru ni nam bura mamora; dung saut di ibana boru i, dihapadothon ma mulaulaon. Alai di na sadari laho ma hela i mordengke mangihuthon angka donganna, isi ni luat i, dirimpu rohana, lomo roha ni simatuana di na niulana i. Dung bot ari, ro ma ibana sian pordengkean i mamboan godang dengke, jadi dilehon ma tu simatuana.

Muruk situtu ma simatuana i manjalo dengke i, songon on ma didok, ""Ilangki, ale amang, dibahen hamu na sai godang siulaon di huta on, so dung hurangan ingkau hamu di bagas on, tung gabe dipaurak hamu hami morhite sian porulaan muna on!""

Jadi didok helana i ma, ""Manangko do iba, da inang, maila, matua adat ni sipanganon do buaton! Anggo moruju-uju jadi do, unang tung i do pinaulau ganup ari. Gari i ondop niula, nda-tung pola haurahan i; ai ndada adong jolma i, na morlobi-lobi sai na hu rangan do; ai na tabo do, ale inang, na binuat ni tangan"" .

""Olo da amang, morrupa do ulaon ni hela ni na mora; di huta ma hamu so, molo so ringkot rohamu mulau laon !"" ninna simatuana i.

Jadi sai so ma hela i di huta, ndang olo be ibada mulaulaon songon nasailaon.

Alai di-bagasan na gumaleam-galeam i hela i di huta, dipangido rohana ma, ibana naeng mordalani, jala laos diida ma sangkot bodil di rompean i. Ala ni i ditahi rohana ma laho mangiran tu harangan. Morsogot ni ari i laho ma ibana mangiran, jadi dapotsa ma sada · aili; las ma roha ni simatuana i manjalo na binoan ni helana i. Saleleng diula ibana pangiranon i, ganup laho muli ibana, sai adong do diboan. Dung i di na sadari diunjuni helana i ma simatuana i songon on. Dipangido hela i ma tu simatuana, ingkon dohot tungganena i mangiran ursa na bolon na sahali i, asa dapot. Jadi dioloi simatuana i ma pangidoan ni helana i, alai di na laho borhat nasida, na mangiran i, didok simatuana i ma sipaingotna ""Maol bahen hamu laemi, manat-manat hamu mamodil!"".

""Olo,"" ninna hela i, jadi borhat ma nasida. Dung sahat nasida ro di inganan ni ursa i, dipajuju baoa i ma biangna Sigompulmorunungunung mangkehe ursa i. Dung hehe ursa i, dibodil ma, laos mate. Dungkon ni, dung peak ursa na binodilna i, morsurak ma tungganena i sian las ni rohana. Jadi didapothon nasida ma hatinggangan ni ursa i, dilapa nian. Dung sahat nasida ro di hamatean ni ursa i, ditallihi hela i ma anak raras, paulihon sada pansa-pansa inganan ni tungganena i, tipak dipauli morsopo.

Jadi dung sun dipauli pansa i, ro ma hatana tulaena i songon on, ""Ale lae, peak do nuaeng dijolonta ursa na tabodil i; alai beha ma nuaeng roham? Talapa annon ursa on, so manang na tarboan hita sude tu huta: husuru hamu annon toe huta mangalapi amanta, asa adong donganta mamboan, atik mabiar hamu di dalan. Dumenggan ma anggo di rohangku dipansa on hamu modom-modom mangingani ursa on, asa laho ahu tu huta mangalapi"".

""Denggan"" ninna tungganena i, ""alai hatop ma hamu ro sian i!"" Dung i laho ma hela i tu huta, ditandingkon ma tungganena i di pansa na pinaulina i. Hape dung ro di harbangan i hela i mangangguk badar ma ibana songon on, ""I-jale inang! Sapot ni nipingkon! Mate laengku bubodil burimpu ursa!""

Sai songon i ma ibana mangangguhi sahat ro di huta, jala sai dipangompas-ompasbon do dagingna i. Alai dung dibege simatuana, naung mate anakna i, muruk ma ibana songon on, ""Maup sadari on ma ho, ale anak ni asu, sian huta on, tagonan do anakku na sasada i sian ho!""

Didapotbon nambura mamora i ma helana i laho mamunu nian; alai ma porus ma anggo hela i tu hamatean ni ursa i; tusi pe sai tong do diponsa. Dirapus na mangarapus pe nambura mamora i, ndang tarrapussa. Alai dung lam donok na nilele dohot pangalele tu hamatean ni ursa i, ala ni gaor ni jolma i joujou ma - na di pansa i, ninna ma, ""Angguk beha do i. ale! Ise do hamu na gaori?""

Umbege joujouna na torop i, sip ma nasida manangi. Jadi ditanda na ro i ma soara i. ""Rupa soara ni Si anu do i? Na disi do hulaning ibana?"" angka ninna be.

Jadi dipahatop nasida ma mandapothon na manjoujou i. Dung sahat angka na torop i ro di hamatean ni ursa i, gabe diida nasida ma anak na i paadop-adop ursa na bolon i.

Jadi totong be ma rohanasida mida pangunjuni ni hela i di simatuana i. Alai dung diantusi simatuana i roha ni helana i. Diampuni simatuana i ma salpu ni pangkulingna tu helana i. Alai didok hela i ma. ""Olo da, amang! Sinahe ma ursa on, asa muli hita; angkin pe hita torang mangkatai!""

Disahe nasida ma ursa i, jala diporlehon ma bagian ni ginuk na ro i; dung i muli ma nasida. Andorang dina mordalan i nasida, diingot baoa i ma poda ni amana na hinan, na mandok: na so siolion boru ni nambura maduma dohot boru ni nambura mamora. ""Songon on ma hape portorangna,"" ninna rohana di bagasan.

Jadi dung sahat nasida ro di huta, didok baoa i ma hatana, ""Gomgom di hamu ma borumu! Paulak hamu ma nasa sinamot naung jinalomuna; ai ndang adong huida holong ni rohamu di ahu ! Aut na tutu hape mate laengki binahen ni otongku, na paihutonmuna do hape dagingkon tusi . Onpe gabe be ma hita!"" ninna ;jadi laho ma ibana.

Dung sirang ibana sian boru ni nambura mamora, ditopot muse ma boru ni nambura maduma. Suang songon pangalahona na taringot di bagas ni nambura mamora. Dibahen pangalahona di bagas ni nambura maduma i. Mordengke dohot morburu. Alai dihilala rohana ma disi dos do, ndang dia imbar ni pangalaho ni i. Sian i pe laos sirang boti do anak ni Mortua Rajadoli.

Asa dung sirang baoa ondeng sian boru ni nambura maduma, ditopot ma boru ni pinompar ni Raja naung leleng, alai nunga humurang anggo di porbuaton. Dung morujung langkana di-si, diula ma disi ulaon hapadoton, porumaon ro di pordengkeon. Las situtu roha ni simatuana i mida helana i, jala sai mortaho ma simatuana i, ganup manjalo dengke, na sian tangan ni helana i. Diula hela i huhut porburuon; ganup ro ibana sian pangirananna, sai adong do diboan, ursa manang hije. Alai di na sadari diunjuni hela i ma roha ni simatuana i songon on. Diboan ma tungganena i tu pangiranan. Jadi dibodil nasida ma disi ursa rango na bolon. Dung mate ursa i, dipauli ma pansa songon naung pinajojor nangkin, dung i muli ma ibana. Alai dung mandapothon harbangan, dibahen ma ibana songon na mangangguhi, didok ma, ""Sapot ni nipingkon, ale inang! Mate laengku hubodil, hurimpu ursa!"" ninna. Dung ditanda simatuana i soara ni helana i, didapothon ma tu harbangan i, ditangkasi ma pangalahona.

Dung dipajojor helana i pangalahona, didok simatuana i ma, ""Hahuaon ma i, ale amang! Naung i do ari ni laemi, ingkon bodil mamusa ibana; apala hapillitan pambahen ni Debata taringot tu hamatean nijolma. Nuaengpe, sip ma hamu! Apala tarpaihut andor namangolu tuandor na mate. Naung dua hamu jongjong anak di jolongku nian, hape ingkon tongtong nama sada paado-padoponku. On-pe, paboa morama marina laemi, beta hamu, taalap bangkena i, asa tipak tinanom.""

Derem situtu ma roha ni hela i, umbege hata ni simatuana i. Jadi laho ma nasida tu hamatean ni ursa i; alai anggo hela ondeng sai mangangguhi do ibana, ndang olo apulon ni simatuana i. Dung sahat nasida ro di hamatean ni ursa i, diida simatuana i ma, na mangolu do hape anakna i, jala paadop-adop ursa rango na bolon. Jadi mornida isima tuana i, muruk situtu ma ibana tu helana i, ""Boasa ma pola songon i bahenon ni damang tu hami! Pola songon na samburan rohanami dibahen hamu! Nangtung sura na tutu mate laemi, ba dia ma bahenonnami tu hamu? Tung tarpaihut hami ma na mangolu tu naung mate? Dao ma i! Ipe muli ma hita, taboan ma ursa on, asa gira niupa hamu dohot laem di huta!""

Dung i disahe nasida ma ursa i, jadi muli ma nasida. Dung ro di huta nasida, dijomput simatuana i ma porbue tu ulu ni na dua halah i papir tondina, dibuat ma babi na bolon bahen pangupanasida. Jadi sonang ma anak ni Mortua Rajadoli di bagas ni simatuana i, gabean maulibulung moranak morboru.","Zaman dahulu hiduplah seorang bernama Raja Martua Doli yang memiliki seorang anak. Setelah anaknya dewasa, maka disuruhlah menikah tetapi anaknya tidak mau. Karena sudah didesak tetap tidak mau juga, maka ayahnya menasehatinya, katanya ""Anakku, kita tidak mengetahui rencana Tuhan, entah rumput yang merambat lebih dulu mati, atau batang pohon yang sudah lapuk lebih dulu patah, kalaupun setelah aku meninggal engkau menikah, ingatlah nasihat ku ini, janganlah anakku menikahi putri orang yang baru sejahterah atau putri orang yang baru kaya, karena jika datang seorang yang miskin meminjam kepada orang seperti itu, apabila dia telat membayar sehari saja kata-katanya sangat menyakitkan. Matanya memandang rendah orang miskin, dan hatinya hina kepada orang sengsara. Begitulah sifat orang yang dari lumpur menginjak daratan, tutur katanya akan berbeda. Kalaupun engkau menikah dikemudian hari, nikahilah keturunan orang yang sudah lama atau dahulu keturunan orang kaya. Sekalipun dia miskin tetapi perilaku dan tutur katanya selalu baik. Saat dia kenyang tidak akan melonjak-lonjak dan saat dia kelaparan tidak akan termenung. Karena dia membiasakan diri dengan kenyang dan kelaparan.""

Tidak berapa lama waktu berselang matilah Martua Raja Doli, lalu ibunya menyuruh anaknya menikah. Anaknya bermaksud menguji nasihat sang ayah untuk mengetahui kebenarannya. Dilamarlah putri seorang yang baru kaya, setelah menikah rajinlah dia bekerja.

Pada suatu hari pergilah anak Martua Raja Doli mencari ikan bersama dengan orang-orang di kampungnya, sebab dia pikir mertuanya akan senang melihat pekerjaannya. Setelah sore hari, pulanglah dia dari tempat mencari ikan dengan membawa banyak ikan, dan memberikan kepada mertuanya.

Mertuanya sangat marah menerima ikan tersebut, dan berkata ""Kamu membuat aku sangat malu menantuku! Begitu banyaknya pekerjaan di kampung ini, dan kalian tidak kekurangan lauk dirumah ini, tetapi mengapa kamu membuat aku malu dengan perbuatanmu?"" Lalu menantunya menjawab ""Mencurilah kita malu ibu, makanan seharusnya di ambil, kalau sesekali tidak mengapa, asalkan tidak setiap hari. Sekalipun itu rutin dilakukan bukan hal yang memalukan. Sebab tidak ada orang yang kelebihan semuanya selalu kekurangan dan yang didapat dengan tangan sendiri terasa lebih nikmat.""

""Benar nak, tetapi pekerjaan menantu orang kaya itu terhormat. Kalau kamu tidak berniat bekerja, di rumah sajalah kamu berdiam."" Kata mertuanya. Jadi tenang-tenang sajalah menantunya itu di rumah tidak mau bekerja seperti sebelumnya.

Karena rasa bosan dirumah dia ingin berjalan-jalan, lalu dia melihat ada senapan di bubungan rumah. Sebab itu ia bermaksud pergi berburu ke hutan. Keesokan harinya pergilah ia berburu dan mendapat seekor babi hutan, si mertua merasa senang menerima hasil buruan menantunya. Setiap pergi berburu ia selalu membawa pulang hasil buruan.

Suatu hari dia ingin menguji mertuanya, dia meminta izin kepada mertunya agar laenya (adik ipar) ikut pergi berburu rusa yang besar. Mertuanya mengijinkan, namun sebelum berangkat berburu mertuanya berpesan kepada menantunya ""Perhatikan laemu ya, hati-hati menembak!"". Simenantu mengiyakan pesan mertuanya, lalu pergilah mereka berburu.

Setelah mereka sampai ditempat perburuan rusa itu, diperintahnyalah anjingnya Sigompulmarunung-unung menghalau rusa itu lalu dia menembak rusa itu hingga mati. Setelah rusa itu mati, bersoraklah adik iparnya karena kegirangan. Setelah mereka mendapati rusa itu, lalu ia memotong kayu mendirikan pondok tepat didepan rusa tersebut untuk tempat istirahat adik iparnya.

Setelah selesai mendirikan pondok, berkatalah ia kepada adik iparnya, ""Lae, sekarang rusa ini tergeletak didepan kita, bagaimana menurutmu? Kalau kita belah nanti, tidak semua bisa kita bawa pulang. Jika aku minta kamu pulang memanggil bapak supaya ada teman kita membawa, siapa tahu lae takut dijalan. Menurutku, lebih baik lae beristirahat saja di pondok sambil menjaga rusa ini biar aku yang pulang menjemput bapak"". ""Baiklah, tetapi segeralah kalian datang."" Kata adik iparnya.

Kemudian pergilah menantu itu pulang meninggalkan adik iparnya di pondok yang baru mereka buat. Setelah sampai didepan gerbang menangislah dia tidak karu-karuan, katanya, ""Oh... ibu, mimpiku buruk sekali! Lae ku mati kutembak kukira rusa!"" Begitulah dia menangis hingga sampai kerumah.

Begitu didengar mertuanya anaknya telah mati, marahlah mertuanya, ""Enyahlah kau sekarang dari kampung ini hai anak anjing, lebih berharga bagiku anakku satu-satunya itu dibandingkn dirimu!"". Lalu mertuanya yang baru kaya itu mendatangi dia dan hendak membunuhnya. Tetapi berlarilah menantunya ketempat rusa itu mati, kesanapun mertuanya mengejarnya. Semakin dekatlah pengejar dan yang dikejar ke tempat rusa mati itu, karena suara ribut bertanyalah orang yang berada di pondok itu dengan suara keras, ""Suara tangisan apakah itu? Siapakah kalian yang ribut disana?""

Mendengar suara yang bertanya itu, diamlah orang banyak tersebut mendengarkan. Sepertinya mereka mengenali suara tersebut. ""Mirip dengan suara si anu, apakah dia disitu?"" Kata mereka. Lalu mereka mempercepat langkah menuju suara yang memanggil tersebut. Setelah orang banyak sampai ketempat matinya rusa itu, terkejutlah mereka melihat bahwa anak tersebut duduk berhadap-hadapan dengan rusa itu.

Mereka takjub melihat cara menantu itu menguji mertuanya. Setelah mertuanya mengerti maksud menantunya, kemudian ia minta maaf atas perkataan tidak pantas yang telah diucapkannya. Jawab menantunya, ""Baiklah pak, marilah kita potong-potong rusa ini supaya kita bawa pulang, nantilah kita bercakap-cakap"". Kemudian mereka memotong dan membagi-bagikan rusa itu kepada orang yang ada disana, lalu berjalan pulang. Ditengah perjalanan teringatlah ia nasihat bapaknya dahulu supaya jangan menikahi anak orang yang baru makmur atau baru kaya. ""Inilah rupanya artinya"" ucapnya dalam hati.

Setelah mereka sampai kerumah berkatalah pria itu ""Jaga kalianlah putrimu, kembalikanlah semua sinamot yang sudah kalian terima. Ternyata kalian tidak memiliki rasa sayang kepadaku, seandainya benar laeku mati karena kebodohanku pastilah kalian juga akan membunuh aku. Walaupun begitu semogalah kita masing-masing berhasil!"" Kemudian pergilah dia.

Setelah dia cerai dengan putri orang yang baru kaya, dilamarlah lagi putri orang yang baru makmur hidupnya. Sama seperti kegiatannya di rumah orang yang baru kaya, begitulah diperbuatnya di rumah orang yang baru makmur, mencari ikan dan berburu. Tetapi dia merasa sama saja tidak ada bedanya sifat mertuanya sekarang dengan yang sebelumnya. Dari sana pun cerailah anak Martua Raja Doli.

Setelah cerai dengan anak orang yang baru makmur, dilamarnyalah lagi keturunan seorang yang sudah lama kaya, tetapi sudah kurang dalam hal kekayaan. Setelah menikah rajinlah ia bekerja, bersawah, dan memelihara ikan. Mertuanya merasa senang, dan selalu menerima banyak ikan pemberian menantunya. Dia juga berburu, dan setiap pergi berburu selalu saja membawa rusa atau kijang hasil buruan.

Disuatu hari dia menguji mertuanya, dibawalah adik iparnya berburu. Ditengah hutan mereka menembak rusa hutan yang besar. Kemudian ia mendirikan pondok tepat seperti yang sudah dijelaskan sebelumnya, lalu ia pulang. Setelah hampir sampai ke kampung, pura-pura menangislah dia, katanya ""Sungguh buruk mimpiku ibu, ku tembak lae ku, kukira rusa!"". Setelah didengar mertuanya, didatangilah dia dan bertanya apa yang telah terjadi, kemudian ia menceritakan apa yang sudah terjadi menimpa adik iparnya.

Setelah selesai diceritakan menantunya, berkatalah mertuanya ""Apakah yang dapat kita perbuat lagi nak?, mungkin sudah begitulah takdir laemu, harus senapan yang membunuhnya. Mungkin Tuhan mengijinkan ketidaksengajaan menjadi kematian manusia. Sekarang, berhentilah menangis, rumput yang hidup tidak dapat mengikuti rumput yang mati, sebelumnya ada dua putra dihadapanku tetapi sekarang kembali menjadi satu. Beritahulah dimana tempat mayat laemu itu, supaya kita jemput dan kuburkan dengan baik.""

Menantu itu merasa sejuk perkataan mertuanya. Lalu mereka pergi ketempat rusa itu mati, tetapi menantu itu tetap menangis tidak mau di bujuk mertuanya. Setelah mereka sampai, dilihat mertuanyalah bahwa anaknya masih hidup berhadap-hadapan dengan rusa hutan yang besar. Maka sangat marahlah mertua itu kepada menantunya ""Mengapa harus begini perbuatanmu kepada kami, sampai-sampai kami sangat terkejut kamu buat, seandainya betul laemu mati, apakah yang akan kami lakukan kepadamu? Dapatkah kami membuat orang hidup mengikuti orang mati? Jauh-jauhlah yang seperti itu! Walaupun begitu, marilah kita pulang, kita bawalah rusa ini, supaya kami segera mendoakan kamu dan laemu di kampung.""

Sesampainya di rumah, diambil mertuanyalah beras lalu menaruhnya keatas kepala menantu dan anaknya. Lalu dipotonglah seekor babi yang besar untuk mendoakan mereka. Jadi hidup bahagialah anak Martua Raja Doli dirumah mertuanya, dan memiliki anak laki-laki dan perempuan.",Historical/Traditional,Folktales,https://www.hutapea.id/2019/06/torsa-torsa-raja-martua-doli-dohot.html,,yes
mg_002,Haroroan Mula Jadi Ni Tao Toba,"Disada tingki lau ma Si Toba hu tao makkail dekke nalau sipanganon na. Dungi dapot na ma sada dekke mas jala diboan mulak tu jabu. Andorang pas modom si Toba i, pittor muba rupa ma dekke mas i gabe sahalak boruan na man sai uli jala dibereng Si Toba ma borua i. Dungi i togihon Si Toba ma si borua na uli ale mangarupai sada dekke i asa kawin halaki. Jala marsumpa dang i paboa manang hu ise handia haroroan ni siborua i. Ale si Toba dang boi i tiop sumpa nai, jala idokkon imana do i anakkon nai na margoar si Samosir ima gelleng ni ikkan. Dunggi laos mengalu ma Sisamosir hu omak na jala disuru omak nai ma imana lau hu gunung paling timbo. Jala mangamuk ma si borua i i jou ma udan nasani karas-karas na sampe muba ma luat i gabe sada tao. Saonari turiturian haroroan tarjjadi ni tao toba nungga godang maccam na ima boi dereng sian sarita na boi di jaha dohot sarita na boi di tonton.","Pada suatu hari Toba hendak pergi memancing ikan di danau untuk dimakan. Dan ia mendapatkan seekor ikan mas kemudian dibawa pulang. Ketika si Toba istirahat, ikan mas itu berubah menjadi seorang wanita cantik dan Si Toba melihat hal itu. Kemudian dia menikahi gadis cantik jelmaan seekor ikan, dengan syarat tidak memberitahu kepada siapapun asal-usul wanita tersebut. Namun si Toba melanggar janji dan mengatakan anaknya yang bernama Samosir itu adalah anak seekor ikan. Kemudian si Samosir mengadu pada ibunya dan ibunya menyuruh untuk naik ke gunung paling tinggi. Si istrinya itu mendatangkan hujan badai sampai terjadi genangan air yang besar yang membentuk danau.",Historical/Traditional,Folktales,https://sastranesiapers.id/manguhal-turiturian-haroroan-mula-jadi-nitao-toba/,,yes
mg_003,INONGKU NA BURJU,"Na Hancit i do nian di ho inong digolu on
Hape so adong be damang Parsinuan i
Alai inang humassit do di ahu
Anak sasadamon paidaida ho
Nasai tariluilu sasada ho inong
Na marmudumuduhon ahu sian ma menek
Sahat tu namagodang ahu.

So salpu ganup borngin da inong
Ia so jumolo sai tumatangis ho dilage podoman i.
Tung so hasuhatan be inang ilumi na dilage Podomanmi nasai Maraburan
Manangiangkon ahu anakmon

Pos ma roham inang di ahu anak na so maramaon, tung na so lupa ahu disi panghophopmi.
Inang Pangittubu inang da na burju
Sai huuari do inang di bagasan rohangku
Pogos manang mamora ingkon pasangaponku ho.

Ganjang ma umurmi inang paihutihut ahu
Tudia pe ahu lao na ingkon do boanonku ho
Inang pangittubu inongku na burju
Panghophopmi di ahu na ingkon ingotonku ho.","IBUKU YANG BAIK.
Hidup ini memang menyakitkan buatmu.
Tetapi Ayah yang mengayomi sudah tidak ada lagi.
Tapi ibu lebih menyakitkan lagi jadi aku.
Anakmu satu-satunya ini menyaksikan penderitaanmu.
Engkau selalu menitikkan air mata sendirian, Ibu.
Engkau yang memeliharaku sejak kecil.
Hingga aku tumbuh dewasa.

Tidak pernah terlewatkan satu malampun, Ibu.
Sungguh tak terhitung lagi, Ibu, air matamu yang selalu tumpah di tikar tempat tidurmu.
Berdoa untukku, anakmu

Percayalah padaku, Ibu, aku anak yatim, aku tak akan pernah melupakan pengorbananmu.
Ibu yang melahirkan, Ibu yang sungguh baik.
Selalu aku berjanji, Ibu, di dalam hatiku.
Miskin atau kaya aku harus menghormatimu.

Panjanglah umurmu, Ibu, untuk menyertaiku.
Ke mana pun aku pergi, aku wajib membawamu.
Ibu yang melahirkanku, Ibuku yang baik.
Kasih sayang/pengorbananmu kepadaku, akan selalu kuingat.",Literary,Poems,https://www.hutapea.id/2019/08/kumpulan-puisi-bahasa-batak.html,,yes
mg_004,Bila Kutitipkan,"Molo hualu-aluhon lungun nirohakku tu langit
Ikkon do langit i manjou habot ni ari

Molo hualu-aluhon arsak ni rohaku tu alogo
ikkon do alogo i manjou haba-haba

Molo hualu-aluhon muruk ku tu laut
ikkon do laut i parohon galumbang

Molo hualu-aluhon pusu ni roha tu dolok
ikkon do dolok parohon api. Alai

Ikkon hupauli sandiri do habot dohot lungun hi
Dibagas roha ku

Hupauli sandiri habot dohot arsak ki
Dibagas ni hosa ku

Husimpan sandiri galumbang ni muruk ku
Dibagas laut parbinotoanku

Husimpan sandiri.","Bila kutitipkan dukaku pada langit
Pastilah langit memanggil mendung

Bila kutitipkan resahku pada angin
Pastilah angin menyeru badai

Bila kutitipkan geramku pada laut
Pastilah laut menggiring gelombang

Bila kutitipkan dendamku pada gunung
Pastilah gunung meluapkan api. Tapi

Kan kusimpan sendiri mendung dukaku
Dalam langit dadaku

Kusimpan sendiri badai resahku
Dalam angin desahku

Kusimpan sendiri gelombang geramku
Dalam laut pahamku

Kusimpan sendiri.",Literary,Poems,https://www.tagar.id/puisi-gus-mus-dalam-bahasa-batak-bila-kutitipkan,,yes
mg_005,UMPAMA 1,Dang dao tubis tubu sian bonana,Rebung tumbuh tidak jauh dari pohonnya,Literary,Peribahasa/Umpama,https://www.hutapea.id/2018/10/kumpulan-umpama-atau-peribahasa-batak.html,,yes
mg_006,UMPAMA 2,Jempek do pat ni gabus,Kaki kebohongan itu pendek,Literary,Peribahasa/Umpama,https://www.hutapea.id/2018/10/kumpulan-umpama-atau-peribahasa-batak.html,,yes
mg_007,UMPAMA 3,"Mangangkat rap tuginjang, manimbung rap tu toru","Lompat sama-sama keatas, loncat sama-sama kebawah",Literary,Peribahasa/Umpama,https://www.hutapea.id/2018/10/kumpulan-umpama-atau-peribahasa-batak.html,,yes
mg_008,UMPAMA 4,"Nanilehon ni tangan siamun, unang dibereng tangan sihambirang","Apa yang diberi tangan kanan, jangan dilihat tangan kiri",Literary,Peribahasa/Umpama,https://www.hutapea.id/2018/10/kumpulan-umpama-atau-peribahasa-batak.html,,yes
mg_009,UMPAMA 5,Siat mamiding naeng mamolak.,"Cukup untuk tidur menyamping, malah ingin telentang.",Literary,Peribahasa/Umpama,https://www.hutapea.id/2018/10/kumpulan-umpama-atau-peribahasa-batak.html,,yes
mg_010,UMPAMA 6,Marimbulu natinutungan.,Berbulu lagi yang sudah dibakar.,Literary,Peribahasa/Umpama,https://www.hutapea.id/2018/10/kumpulan-umpama-atau-peribahasa-batak.html,,yes
mg_011,UMPAMA 7,"Molo litok aek di toruan, tingkiron ma tu julu","Kalau air dihilir kotor, periksalah ke hulu",Literary,Peribahasa/Umpama,https://www.hutapea.id/2018/10/kumpulan-umpama-atau-peribahasa-batak.html,,yes
mg_012,UMPAMA 8,"Tongka do mulak tata naung masak, mulak marimbulu naung tinutungan","Pantang yang sudah masak kembali mentag, berbulu lagi yang sudah dibakar",Literary,Peribahasa/Umpama,https://www.hutapea.id/2018/10/kumpulan-umpama-atau-peribahasa-batak.html,,yes
mg_013,UMPAMA 9,"Tuit sitara tuit, tuit pangalahona. Molo tuit boru i mago ma ibotona",Kalau seorang perempuan berbuat tak senonoh akan mempermalukan saudaranya laki-laki,Literary,Peribahasa/Umpama,https://www.hutapea.id/2018/10/kumpulan-umpama-atau-peribahasa-batak.html,,yes
mg_014,UMPAMA 10,Dang adong amporik na so siallang eme,Tidak ada burung pipit yang tidak pemakan padi,Literary,Peribahasa/Umpama,https://www.hutapea.id/2018/10/kumpulan-umpama-atau-peribahasa-batak.html,,yes
mg_015,UMPAMA 11,"Ingkon sada do songon dai ni aek, unang mardua songon dai ni tuak","Harus satu rasa seperti rasanya air, jangan punya dua rasa seperti nira",Literary,Peribahasa/Umpama,https://www.hutapea.id/2018/10/kumpulan-umpama-atau-peribahasa-batak.html,,yes
mg_016,UMPAMA 12,Nasa jolma tujolo do butuhana,Perut setiap orang berada didepan,Literary,Peribahasa/Umpama,https://www.hutapea.id/2018/10/kumpulan-umpama-atau-peribahasa-batak.html,,yes
mg_017,UMPAMA 13,"Dang piga halak sigandai sidabuan, alai godang sigandai hata","Tidak banyak orang yang suka menambahi pengeluaran, tetapi yang suka menambahi perkataan banyak",Literary,Peribahasa/Umpama,https://www.hutapea.id/2018/10/kumpulan-umpama-atau-peribahasa-batak.html,,yes
mg_018,UMPAMA 14,"Dang di ahu, dang di ho, tumagonan ma di begu","Tidak untuk saya, juga tidak untuk kamu, lebih baik untuk hantu",Literary,Peribahasa/Umpama,https://www.hutapea.id/2018/10/kumpulan-umpama-atau-peribahasa-batak.html,,yes
mg_019,UMPAMA 15,Tampulon aek do na mardongan tubu,Orang yang semarga atau yang memiliki hubungan darah itu bagaikan memotong aliran air,Literary,Peribahasa/Umpama,https://www.hutapea.id/2018/10/kumpulan-umpama-atau-peribahasa-batak.html,,yes
mg_020,UMPAMA 16,Dang songgop onggang tu hadudu,Burung enggang tidak hinggap ke padi-padian,Literary,Peribahasa/Umpama,https://www.hutapea.id/2018/10/kumpulan-umpama-atau-peribahasa-batak.html,,yes
mg_021,UMPAMA 17,"Songon parlange ni si bagur, tio tu jolo, litok di pudi","Seperti katak berenang, jenih di depan keruh dibelakang",Literary,Peribahasa/Umpama,https://www.hutapea.id/2018/10/kumpulan-umpama-atau-peribahasa-batak.html,,yes
mg_022,UMPAMA 18,"Piltik ni hasapi do tabo tu pinggol, anggo piltik ni hata sogo do begeon","Petikan kecapi yang enak didengar, tetapi gosip tidak enak didengar",Literary,Peribahasa/Umpama,https://www.hutapea.id/2018/10/kumpulan-umpama-atau-peribahasa-batak.html,,yes
mg_023,UMPAMA 19,"Hata mamunjung hata lalaen, hata torop sabungan ni hata","Pendapat sendiri adalah pendapat yang tidak tepat, pendapat orang banyaklah yang jadi pedoman",Literary,Peribahasa/Umpama,https://www.hutapea.id/2018/10/kumpulan-umpama-atau-peribahasa-batak.html,,yes
mg_024,UMPAMA 20,Dipupusi na mate na mangolu,Orang mati merampas harta orang hidup,Literary,Peribahasa/Umpama,https://www.hutapea.id/2018/10/kumpulan-umpama-atau-peribahasa-batak.html,,yes
mg_025,UMPAMA 21,Situlluk mata ni horbo,Langsung tusuk mata kerbau,Literary,Peribahasa/Umpama,https://www.hutapea.id/2018/10/kumpulan-umpama-atau-peribahasa-batak.html,,yes
mg_026,UMPAMA 22,"Sahalak maniop sulu, sude halak marsuluhonsa","Satu orang memegang pelita, semua orang merasakan cahaya",Literary,Peribahasa/Umpama,https://www.hutapea.id/2018/10/kumpulan-umpama-atau-peribahasa-batak.html,,yes
mg_027,UMPAMA 23,Ranggas tumutung bonana,Ranting untuk membakar pohon,Literary,Peribahasa/Umpama,https://www.hutapea.id/2018/10/kumpulan-umpama-atau-peribahasa-batak.html,,yes
mg_028,UMPAMA 24,"Tumpakna do tajomna, rim ni tahi do gogona",Cita-cita bersama adalah kekuatan,Literary,Peribahasa/Umpama,https://www.hutapea.id/2018/10/kumpulan-umpama-atau-peribahasa-batak.html,,yes
mg_029,UMPAMA 25,Tigor do ransang hapit,Kayu jepitan engsel itu lurus,Literary,Peribahasa/Umpama,https://www.hutapea.id/2018/10/kumpulan-umpama-atau-peribahasa-batak.html,,yes
mg_030,UMPAMA 26,Maraprap na so magulang,Terluka orang yang tidak jatuh,Literary,Peribahasa/Umpama,https://www.hutapea.id/2018/10/kumpulan-umpama-atau-peribahasa-batak.html,,yes
mg_031,UMPAMA 27,Tu sundungna do hau marumpak,Pohon akan tumbang ke arah condongnya,Literary,Peribahasa/Umpama,https://www.hutapea.id/2018/10/kumpulan-umpama-atau-peribahasa-batak.html,,yes
mg_032,UMPAMA 28,Molo bolak mandar dang jadi ribahan,Kain sarung lebar janganlah dirobek,Literary,Peribahasa/Umpama,https://www.hutapea.id/2018/10/kumpulan-umpama-atau-peribahasa-batak.html,,yes
mg_033,UMPAMA 29,"Dang ditiptip halak ganjangna, ndang diarit balgana",Orang tidak memangkas tingginya,Literary,Peribahasa/Umpama,https://www.hutapea.id/2018/10/kumpulan-umpama-atau-peribahasa-batak.html,,yes
mg_034,UMPAMA 30,Pitu batu martindi sada do sitaon na dokdok,Tujuh batu bertindih tetapi satulah menahan paling berat,Literary,Peribahasa/Umpama,https://www.hutapea.id/2018/10/kumpulan-umpama-atau-peribahasa-batak.html,,yes
mg_035,UMPAMA 31,"Eme na masak digagat ursa, ia i namasa ba i ma niula","Padi siap panen dimakan rusa, apa yang dilakukan kebanyakan orang itulah kita lakukan",Literary,Peribahasa/Umpama,https://www.hutapea.id/2018/10/kumpulan-umpama-atau-peribahasa-batak.html,,yes
mg_036,UMPAMA 32,"Dang na taraithon tagonan ma pinonggolhon, dang na tartangishon, tagonan ma tinortorhon","Tidak dapat di kaitkankan lebih baik di patahkan, tidak tertangisi lebih baik dibawa dalam tari",Literary,Peribahasa/Umpama,https://www.hutapea.id/2018/10/kumpulan-umpama-atau-peribahasa-batak.html,,yes
mg_037,UMPAMA 33,"Sihampir gabe gambir, tandiang gabe toras. Tudia pe ahu so tampil, tudia pe so bolas","Rumput jadi bahan campuran sirih, pohon pakis jadi tua.Kemanapun aku tidak dapat tampil, kemanapun tidak terandalkan",Literary,Peribahasa/Umpama,https://www.hutapea.id/2018/10/kumpulan-umpama-atau-peribahasa-batak.html,,yes
mg_038,UMPAMA 34,"Tiptip alai sai adong masiganjangi, dosdos alai sai adong mansiboloni","Rata tapi tetap ada yang berbeda panjang, sama tetapi tetap ada yang lebih besar",Literary,Peribahasa/Umpama,https://www.hutapea.id/2018/10/kumpulan-umpama-atau-peribahasa-batak.html,,yes
mg_039,UMPAMA 35,"Songon tuhil, ia pinasak masuk, ia tinait ro","Bagaikan pahat dipukul, masuk, kalau ditarik Kembali",Literary,Peribahasa/Umpama,https://www.hutapea.id/2018/10/kumpulan-umpama-atau-peribahasa-batak.html,,yes
mg_040,UMPAMA 36,"Hotang binebe-bebe, hotang pinulos-pulos, unang hamu mandele ai godang do tudos-tudos","Rotan dipilin-pilin , janganlah bersedih karena ada banyak merasakan yang sama",Literary,Peribahasa/Umpama,https://www.hutapea.id/2018/10/kumpulan-umpama-atau-peribahasa-batak.html,,yes
mg_041,UMPAMA 37,Arga jambar juhut argaan do jambar hata,Mahal jatah daging lebih mahal jatah berbicara,Literary,Peribahasa/Umpama,https://www.hutapea.id/2018/10/kumpulan-umpama-atau-peribahasa-batak.html,,yes
mg_042,UMPAMA 38,Jolo diseat hata asa diseat raut,Lebih dulu diputus kata sebelum diputus pisau,Literary,Peribahasa/Umpama,https://www.hutapea.id/2018/10/kumpulan-umpama-atau-peribahasa-batak.html,,yes
mg_043,UMPAMA 39,Dang uasan halak di toru ni sampura,Tidak akan kehausan orang di dekat air terjun,Literary,Peribahasa/Umpama,https://www.hutapea.id/2018/10/kumpulan-umpama-atau-peribahasa-batak.html,,yes
mg_044,UMPAMA 40,Mulak-ulak songon namangusa botohon,Berulang-ulang bagaikan membersihkan tangan,Literary,Peribahasa/Umpama,https://www.hutapea.id/2018/10/kumpulan-umpama-atau-peribahasa-batak.html,,yes
mg_045,UMPAMA 41,Tedak songon indahan di balanga,Terbuka atau terpampang seperti nasi dalam kuali,Literary,Peribahasa/Umpama,https://www.hutapea.id/2018/10/kumpulan-umpama-atau-peribahasa-batak.html,,yes
mg_046,UMPAMA 42,"Marsitijur dompak langit, sai madabu do tu ampuan",Meludah ke arah langit pasti jatuhnya ke pangkuan,Literary,Peribahasa/Umpama,https://www.hutapea.id/2018/10/kumpulan-umpama-atau-peribahasa-batak.html,,yes
mg_047,UMPAMA 43,Na teal so hinallung na teleng so hinarpean,"Yang berat sebelah tidak dipikul, yang miring tidak dialasi",Literary,Peribahasa/Umpama,https://www.hutapea.id/2018/10/kumpulan-umpama-atau-peribahasa-batak.html,,yes
mg_048,UMPAMA 44,"Talu maralohon dongan, monang maralohon musuh","Kalah melawan teman, menang melawan musuh",Literary,Peribahasa/Umpama,https://www.hutapea.id/2018/10/kumpulan-umpama-atau-peribahasa-batak.html,,yes
mg_049,UMPAMA 45,"Nang pe di bagasan sunuk manuk sabungan, sai tong do martahuak","Walaupun terkurung di dalam keranjang, ayam sabung akan tetap berkokok",Literary,Peribahasa/Umpama,https://www.hutapea.id/2018/10/kumpulan-umpama-atau-peribahasa-batak.html,,yes
mg_050,UMPAMA 46,"Na tinaba ni tangke martumbur, na tinamba ni gana ripur","Yang ditebang kampak akan bertunas, yang ditebang sumpah mati tak akan berketurunan",Literary,Peribahasa/Umpama,https://www.hutapea.id/2018/10/kumpulan-umpama-atau-peribahasa-batak.html,,yes
mg_051,Doa pagi hari atau bangun tidur bahasa Batak,"Mauliate ma di Ho Tuhan, siala dipaloas ho dope au dungo di manogot ni ari on. Satongkin nai naeng mangula ulaonko ma ahu Tuhan, Ho ma na sai mandongani jala mangiring-iring langkaku. Padao parmaraan dohot akka tahi ni sibolis asa boi au marlasniroha mandalani ari na pinatupaMon. Sesa ma dosaku asa unang tarambat akka pasu-pasu na naeng lehononmu tu ahu dibagasan sadarion. Marhite-hite goar ni Tuhan Jesus martangiang au tu Ho. Amen","Terima kasih ya Tuhan, karena Engkau masih mengizinkan aku bangun di pagi hari ini. Sebentar lagi aku akan melakukan pekerjaanku ya Tuhan, Engkaulah yang senantiasa menyertai dan memimpin langkahku. Jauhkanlah marabahaya dan segala rencana si iblis agar aku bisa bersukacita menjalani hari yang telah Engkau sediakan ini. Ampunilah dosaku agar berkat-berkat yang hendak Engkau berikan kepadaku pada hari ini tidak terhalang. Melalui nama Tuhan Yesus aku berdoa kepada-Mu. Amin",Religious,Prayers,https://www.hutapea.id/2019/08/kumpulan-doa-kristen-dalam-bahasa-batak.html,,yes
mg_052,Doa malam hari atau mau tidur bahasa Batak,"Dibagasan borngin on mandok mauliate dope au tu Ho Tuhan alani asi dohot pandonganionmu manipat nasadarion boi au marlasniroha mangulahon ulaonku sahat tu bagas borngin on. Satongkin nai ale Tuhan naeng modom ma au paulak gogo, Ho ma na manjaga dohot mandongani au asa sonang modom au dipodomanku. Sesa ma nasa dosa na tinuntun manang naso tinuntun maradophon ho mamang maradophon dongan jolma. Holan mangasahon goarni Tuhan Jesus Kristus martangiang au tu Ho. Amen","Pada malam hari ini aku kembali mengucapkan terima kasih kepada-Mu ya Tuhan atas kasih dan penyertaan-Mu sepanjang hari ini aku bisa bersukacita melakukan pekerjaanku sampai larut malam ini. Sebentar lagi ya Tuhan, aku hendak tidur memulihkan tenaga, Engkaulah yang menjaga dan menyertai aku agar aku bisa tidur nyenyak di tempat tidurku. Ampunilah segala dosa yang disengaja maupun yang tidak disengaja terhadap-Mu maupun terhadap sesama manusia. Hanya dengan mengandalkan nama Tuhan Yesus Kristus aku berdoa kepada-Mu. Amin.",Religious,Prayers,https://www.hutapea.id/2019/08/kumpulan-doa-kristen-dalam-bahasa-batak.html,,yes
mg_053,Doa makan Kristen dalam bahasa Batak,Mauliate ma Tuhan di sude akka pasu-pasu na nilehonmu dibagasan sadarion. Tarlumobi ma di sipanganon siinumon na rade di jolo nami. Pasu-pasu jala parbadiai asa gabe gogo di daging dohot tondi laho mangula ulaon nami dohot mangulahon lomo ni roham. Tongtong ma Ho na mandongani hami jala mangaramoti hami. Dibagasan goar Jesus Kristis martangiang hami dohot mandok mauliate. Amen,Terima kasih ya Tuhan atas segala berkat yang telah Engkau berikan pada hari ini. Terlebih untuk makanan dan minuman yang tersedia di hadapan kami. Berkatilah dan kuduskanlah agar menjadi kekuatan bagi tubuh dan jiwa untuk melakukan pekerjaan kami dan melakukan kehendak-Mu. Kiranya Engkau senantiasa menyertai kami dan memelihara kami. Di dalam nama Yesus Kristus kami berdoa dan mengucap syukur. Amin,Religious,Prayers,https://www.hutapea.id/2019/08/kumpulan-doa-kristen-dalam-bahasa-batak.html,,yes
mg_054,Agenda HKBP - 1,"Bagian Parjolo
I. Parturena di parjamitaan jumpa ari Minggu.
Marende :
Paragenda:
Marhitehite Goar ni Debata Ama dohot Goar ni AnakNa, Tuhan Jesus Kristus dohot Goar ni Tondi Parbadia, na tumompa langit dohot tano on. Amen.
Jahaon sada ayat na tongon tu ganup Minggu manang tu ari Pesta.
(Buaton sian angka ayat-ayat na tarsurat di bagian paduahon A. Ihut tu ayat i dohonon ""Haleluya"").
Huria:
Haleluya ! Haleluya ! Haleluya !
Martangiang:
Jahaon sada tangiang na tongon tu ganup Minggu manang tu ari Pesta, buaton sian na tarsurat di bagian paduahon D.

Marende :
Paragenda: Tangihon hamu ma Patik ni Debata.
I. Ahu do Jahowa Debatam, ninna Debatanta. Ndang jadi marangkup Ahu bahenonmu Debatam.
II. Ndang jadi ganaonmu jala ndang jadi sumanonmu manang aha na di banua ginjang dohot na di banua tonga on, ro di na di bagasan aek na di toru ni tano, ianggo tung gabe sisombaon manang sioloan.
III. Ndang jadi dohonon goar ni Debata, ianggo so ture dalanna, ai hona uhum¬Na do sogot angka na marsineang di GoarNa.
IV. Ingot hamu ma pabadiahon ari Minggu i ! Di na onom ari ma ula hamu nasa siulaonmu; alai anggo ari papituhon i, ari paradianan ni Jahowa Debatam do i. Ndang jadi ho mangula anggo di na sadari i, manang anak¬mu pe manang borum manang naposom lahilahi manang naposom boruboru, ro di pinahanmu, ro di isi ni huta ni halak pe na mangebati hutam. Ai di na onom ari do ditompa Debata langit dohot tano dohot laut dohot nasa isina, dung i maradian do Ibana di ari papituhon i. Dibahen i do umbahen na dipasupasu Debata Jahowa ari paradiananNa i jala diparbadiai.
V. Ingkon pasangaponmu do natorasmu, asa martua ho jala leleng mangolu di tano na nilehon ni Jahowa Debatam di ho.
VI. Unang ho mamunu !
VII. Unang ho mangalangkup !
VIII. Unang ho manangko !
IX. Unang ho olo manghatindangkon hata na so tutu maralohon dongan jolma.
X. Ndang jadi haliangan ni roham bagas ni donganmu, ndang jadi haliangan ni roham dongan saripe ni donganmu, manang naposona baoa manang naposona boruboru manang lombuna manang hodana, manang dia pe ugasan ni donganmu.

Beha pandok ni Debata taringot tu Patik na sampulu i ?
On do: Ahu do Jahowa Debatam, ninna Debatanta. Pargogo na so hatudosan jala Parrimas, Siluluhon dosa ni ama-ama tu pinomparna, ro di sundut patoluhon, ro di sundut paopathon, pinompar ni angka na sogo roha di Ahu; alai asi do rohangKu di angka na marribu-ribu, angka na marholong ni roha di Ahu, na so mangalaosi PatikHi (Manang pamilliton sian Katechismus i singkat ni Patik ondeng).
Huria mandok:

Ale Tuhan Debata ! Sai pargogoi ma hami mangulahon na hombar tu PatikMi.
Marende :
Paragenda:
Tatopoti ma dosanta ! (Jahaon ma tangiang on manang na asing sada taringot tu panopotion di dosa na tarsurat di bagian paduahon B).
Ale Amanami na di banua ginjang, Parasi roha mida halak na dangol ! Na ro do hami pardosa tu joloM, manopoti dosanami na godang i. Na tarsolsol bagi do hami nueeng, ala jotjot hubahen hami sogo ni rohaM. Tama situtu do hona uhum hami ala ni i ! Tung lambas ni rohaM sambing do umbahen so mago hami. On pe asi ma rohaM di hami, sai unang uhumi hami; sai sesa ma dosanami sudena, ala naung use mudar ni Anak haholongan ni rohaM di dolok Golgatha. Amen.

Paragenda:
(Tabege ma hata bagabaga taringot tu hasesaan ni dosa - Ida na tarsurat di bagian paduahon C).
Marende :

Paragenda:
Tabege ma Hata ni Debata turpuk ni ari Minggu on. (Tinutup turpuk dohot hata: Martua do angka na tumangihon Hata ni Debata, jala na umpeopsa. Amen).

Marende :

Paragenda :
Tahatindangkon ma haporseaonta i, songon na hinatindangkon ni donganta sahaporseaon di sandok portibi on. Rap ma hita mandok:
Ahu porsea di Debata Jahowa, i do Ama, Pargogo na so hatudosan na tumompa langit dohot tano.
Ahu porsea di Jesus Kristus, Anak ni Debata Jahowa, na sasada i; i ma na tinubuhon ni si Maria na gabegabean sian Tondi Parbadia andorang so habubuhan; i do Tuhanta, na tumaon na bernit di panguhuman ni si Latus; na mate tarpajal do Ibana di hau pinarsilang, na tuat tu banua toru, dung ditanom, na mulak mangolu di ari patolubon, na manaek tu surgo laho hundul tu siamun ni Debata Jahowa, AmaNa i, Pargogo na so hatudosan i, disi ma Ibana, paima mulak sogot tu tano on manguhumi halak na mangolu dohot na mate.
Ahu porsea di Tondi Parbadia, jala adong sada huria na badia, Huria hatopan ni halak Kristen angka na badia, dohot di hasesaan ni dosa, dohot di Hata i, na mandok: Mulak mangolu sogot daging ni halak naung mate, dohot di hangoluan na so ra suda.

Tingting:

Marende Huria huhut papungu pelean:
Jamita:
Marende Huria:
Paragenda:
a. Tatangianghon ma peleanta:
Ale Debata, Amanami na di banua ginjang, Ho do haroroan ni saluhut silehonlehon na denggan dohot nasa ulibasa na mauliutus.
Hupasahat hami ma sian na nilehonMi tu hami, peleannami tu Ho. Sai jalo ma i gabe uap na hushus di joloM. Pasupasu ma i jala ramoti asa huparhaseang hami pelean on, patimbulhon harajaonMu di tongatonga ni HuriaM dohot di portibi on.
Buhai ma rohanami marhitehite TondiM, asa lam hutanda hami godang ni silehonlehonMi tu hami, asa lam girgir hami mandak mauliate tu Ho, marhitehite Jesus Kristus Tuhannami. A m e n .

b. Ende Pelean:
(Jahaon ma sada tangiang, na tongon tu ari Minggu manang tu ari Pesta, Ida di bagian paduahon E). Udutna'
Ale Amanami na di banua ginjang ! Sai pinarbadia ma GoarMu ! Sai ro ma harajaonMu ! Sai saut ma lomo ni rohaM di banua tonga on songon na di banua ginjang ! Lehon ma tu hami sadari on hangoluan siapari ! Sesa ma dosanami songon panesanami di dosa ni dongan na mardosa tu hami ! Unang hami togihon tu pangunjunan ! Palua ma hami sian pangago !

Endehononhon:
Ai Ho do nampuna harajaon dohot hagogoon ro di hasangapon saleleng ni lelengna. A m e n !
Paragenda:

Dipasupasu jala diramoti Tuhan Debata ma ho (hita) ! Disondangkon Tuhan Debata ma bohiNa tu ho (hita) jula asi ma rohaNa mida ho (hita)! Didompakhon Tuhan Debata ma bohiNa tu ho (hita) jala dipasaorhon ma dameNa tu tondim (tondinta be). A m e n .

Marende Huria:

II. Pandidion tu dakdanak
Marende:
Martangiang:
Ale Amanami na di banua ginjang ! Na ro do hami tu joloM mamboan angka dakdanak on. Sai asi ma rohaM, jalo ma nasida gabe anakhonMu; pasupasu jala pargogoi ma nasida mangeahi hangoluan sogot marhitehite Tuhan Jesus Kristus. Amen !
Hata Sipaingot:
Antong hamu angka dongan, na mamboan dakdanak sididion on, tangihon hamu ma Hata ni Tuhan Jesus: Laho ma hamu tu liat portibi on, ninna mandok angka siseanNa, podai hamu ma saluhut bangso, didi hamu ma nasida tu bagasan Goar ni Debata Ama dohot Anak dohot Tondi Parbadia, ajari hamu ma nasida mangaradoti saluhut na hutonahon i tu hamu. Jala ingot ma, sai dongananKu do hamu ganup ari rasirasa ro ajal ni hasiangan on. Manang ise na porsea dohot nididi dapotan hangoluan, alai na so porsea hona uhum sogot. Tangihon hamu ma dohot Hata na tarsurat di surat ni si Markus: Adong ma angka na mamboan dakdanak tu Tuhan Jesus, asa dijama; alai dipinsang angka siseanNa i ma na mamboan i. Jadi dung diida Tuhan Jesus i, sogo ma rohaNa, didok ma: Loas hamu ma angka dakdanak i ro tu Ahu, unang orai hamu nasida, ai di angka sisongon i do harajaon ni Debata. Na tutu do na hudok on tu hamu: Manang ise pe anggo so songon dakdanak ibana manjalo Harajaon ni Debata, ndang bongot ibana tusi. Dung i dihaol ma angka dakdanak i, diampehon ma tanganNa tu nasida mamasumasu nasida.
Pandita:
Hatindangkon hamu ma jolo haporsesonta i !
Ahu porsea d.u.
Antong alusi hamu ma hata na husungkunhon on:

1. Dipangido hamu nuaeng didion angka dakdanak on tu bagasan ni na hinaporseaanmuna ?
Alusna: Dipangido rohanami.
2. Beha, na olo do hamu mamodai anakhonmuna on, asa diboto jala diihuthon nasida Hata ni Debata?
Alusna: Na olo do hami.
3. Na olo do hamu marsuru nasida tu gareja dohot tu parguruan ni Huria Protestant, asa gabe ruas na mangolu nasida di Tuhan Jesus Kristus ?
Alusna: Na olo do hami.
Pandidion:
Antong tapasahat ma nasida tu Debata marhitehite pandidion na badia i:
Ale si Anu ! Hudidi ma ho tu bagasan Goar ni Debata Ama dohot tu bagasan (loar ni AnakNa Tuhan Jesus Kristus, dohot tu bagasan Goar ni Tondi Parbadia. A m e n .
Diampehon Pandita i ma tanganna tu ulunaslida huhut ma didok: Sai diramoti Debata ma ho di habobongotmon tu bagasan Harajaon ni Debata ro di saleleng ni lelengna.
Martangiang:
Ale Tuhan Debata, Amanami marhitehite Tuhan Jesus Kristus Tuhannami. Nunga hupasahat hami angka dakdanak on tu Ho, jala dijangkon Ho do nasida gabe anakhonMu marhitehite pandidion na badia i, asa masuk tu Huria ni halak Kristen nasida di tano on jala gabe panean di hangoluan na saleleng ni lelengna. Asi ma rohaM dohot di angka natoras ni dakdanak on. Sai pargogoi jala ajari ma nasida manogunogu dakdanak on tu Ho. Asa rap nasida taruli di angka arta ni harajaonMu.
Ale Amanami na di banua ginjang ! Sai pinarbadia ma Goarmu ! Sai ro ma harajaonMu ! Sai saut ma lomo ni rohaM di banua tonga on songon na di banua ginjang ! Lehon ma tu hami sadari on hangoluan siapari ! Sesa ma dosanami songon panesanami di dosa ni dongan na mardosa tu hami ! Unang hami togihon tu pangunjunan ! Palua ma hami sian pangago ! Ai Ho do nampuna harajaon dohot hagogoon ro di hasangapon saleleng ni lelengna. A m e n !

Pandita:

Dipasupasu jala diramoti Tuhan Debata ma ho ! Disondangkon Tuhan Debata ma bohiNa tu ho jala sai asi ma rohaNa mida ho ! Didompakhon Tuhan Debata ma bohiNa tu ho jala dipasaorhon ma dameNa tu tondim. A m e n.

III. Pandidion na hinipu
Paragenda:
Marhitehite Goar ni Debata Ama dohot Goar ni AnakNa Tuhan Jesus Kristus dahot Goar ni Tondi Parbadia. Amen !
Dipangido hamu nuaeng didion dakdanakmuna on tu bagasan ni na hinaporsesan ni Huria Protestan ?
Alusna: Dipangido rohanami do.
Pandidion:
Ale si Anu ! Hudidi ma ho tu bagasan Goar ni Debata Ama dohot tu bagasan Goar ni AnakNa Tuhan Jesus Kristus dohot tu bagasan Goar ni Tondi Parbadia. A m e n.
Paragenda:
Ale Tuhan Debata, Pargogo na so hatudosan, Ama ni Tuhan Jesus Kristus Tuhannami ! Asi ma rohaM di dakdanak on, sai sahat tu tanganMu ma ibana, mangolu manang mate pe. Huboto hami, jonok do Ho di lambung ni angka na manjou GoarMu jala ditangihon Ho do nasida. Dibahen i sai asi ma rohaM, sai pangolu ma dakdanak on, molo tung i na hombar tu lomo ni rohaM; alai molo tung laos na mangalap nama Ho di tondina, pamasuk ma ibana tu banua ginjang, tu hangoluan na saleleng ni lelengna, marhitehite hamatean ni AnakMu Tuhan Jesus Kristus Tuhannami. Angkup ni i, papos ma roha ni natorasna dohot roha ni angka sisolhotna tu Ho. A m e n .
Ale Amanami na di banua ginjang ! Sai pinarbadia ma GoarMu ! Sai ro ma harajaonMu ! Sai saut ma lomo ni rohaM di banua tonga on songon na di banua ginjang ! Lehon ma tu hami sadari on hangoluan siapari ! Sesa ma dosanami songon panesanami di dosa ni dongan na mardosa tu hami ! Unang hami togihon tu pangunjunan ! Palua ma hami sian pangago ! Ai Ho do nampuna Harajaon dohot hagogoon ro di hasangapon saleleng ni lelengna. A m e n .
(Molo laos hipas muse dakdanak i, diboan natorasna ma ibana tu gareja di na tardidi angka posoposo na asing).

IV. Manjangkon parguru na naeng tardidi
Marende:
Sipaingot tu angka parguru i: Hamu ale dongan ! Dipangido hamu naeng masuk tu Huria ni Tuhan Jesus Kristus gabe halak Kristen. Las do rohanami manjalo hamu. Pangidoan na denggan do pangidoanmuna i asa saor hamu tu hami, tu huria ni halak Kristen na badia i. Ia na sinangkapmuna: Naeng tandaonmuna Debata na sintong i jala naeng masuk hamu tu hangoluan sogot. Ala ni i ingotonmuna ma on:
a. Margoar ""parguru"" dope hamu nuaeng. Dung salpu manang sadia leleng, ""tardidi"" ma hamu, asa targoar ""Kristen"" jala saor dohot hami.
b. Guruhononmuna ma Patik dohot Hata ni Debata, asa diboto hamu, ma¬nang dia na jadi dohot na so jadi. Patuduhononnami ma tu hamu dalan tu hangoluan.
c. Pungka hamu ma nuaeng mangorom subang dohot pasidinghon na so jadi. Unang be mamele begu, unang be mamurai, unang be manangko, unang be mamunu, unang margabus, unang marjuji (unang marsandu), unang mangalangkup d.l.n. Molo olo hamu pasidingkon i, goaronnami ma hamu ""parguru"".
Antong, ia bulus rohamuna mangoloi dok hamu ma: Olo.
Tangiang:
Ale Tuhan Debata jela Amanami ! Na ro do dison angka dongan naeng masuk tu huriaM. Mauliate ma rohanami tu Ho ala diungkap Ho pintu hamasuhan di angka dongan on. Sai asi ma rohaM ramoti jala pasupasu ma nasida, asa sanga nasida bongot tu HuriaM na badia i. Sai ajari jala togutogu ma nasida mangihuthon Tuhan Jesus Kristus Tuhannami. A m e n .
Ale Amanami d.u.
Pasupasu:
Marende :

V. Pandidion tu na magodang
Marende:
Asi ni roha ni Tuhanta Jesus Kristus dohot holong ni roha ni Debata Ama dohot parsaoran ni Tondi Parbadia i ma mandongani hamu ! A m e n .

Hamu angka na pinarhamaol ni Debata, nunga dijangkon hamu Hata ni Debata, na pinodahon tu hamu. Tama do mandok mauliate hamu tu Debata sian nasa rohamuna ala ni sude asi dohot holong ni rohaNa tu hamu. Ai diboto hamu nuaeng, ndang pola mago be hamu ala ni dosamuna, molo porsea hamu di panghophopon ni Tuhan Jesus Kristus.
Antong timbang hamu ma di bagasan rohamuna: Na olo do hamu nuaeng manadingkon sude dosa huhut mangihuthon Hata ni Debata tu joloan on. Dung tardidi hamu annon, tanda ni parpadananmuna do i tu Debata, na olo do Ibana manesa dosamuna saluhutna jala mangalehon gogo tu hamu mangalo sibolis dohot nasa dosa: gabe partohap ma hamu di hangoluan na saleleng ni lelengna.

Tangiang:
Ale Amanami na di banua ginjang, diida Ho do angka dongan on, na naeng tardidi. Dibereng Ho do tu bagasan rohanasida jala diboto Ho do, manang na burju rohanasida manang sipaulaula. Asi ma rohaM. Sai pargogoi ma nasida, asa lam diboto nasida manggotaphon nasa roha dohot pangalaho na so ture. Ale Tuhan Jesus ! Sai sesa ma saluhut dosanasida marhitehite mudarMu, suru ma Tondi Parbadia i tu rohanasida be, asa tarhangoluhon nasida haporseaon na sintong i saleleng di tano on jala masuk sogot tu banua ginjang. A m e n .
Tangihon hamu jolo Hata ni Tuhan Jesus, na nidokNa i di na laho manaek tu banua ginjang i Ibana. Nunga sahat tu Ahu nasa huaso na di banua ginjang dohot na di tano on. Laho ma hamu, podai hamu ma saluhut bangso, didi hamu ma nasida tu bagasan Goar ni Ama, Anak dohot Tondi Parbadia. Manang ise na porsea jala tardidi dapotan hangoluan do, alai nasa na so porsea hona uhum sogot.
On pe hupamanat ma nueeng haporseaonmuna, asa dibege Huria na pungu nuaeng dison. Tangkas ma alusi hamu hata na husungkunhon on:
1. Diparhatutu roham do, pardosa ho sian hatutubum dohot sian pangalao¬sim di Patik ni Debata ?
Alusna: Diparhatutu rohangku do.
2. Beha, diarsakhon roham do sude dosa na niulam nasailaon i ?
Alusna: Diarsakhon rohangku do.
3. Na olo do ho manggotaphon sian roham nasa dosa dohot pambahenan na so ture nasailaon ?
Alusna: Na olo do ahu.
4. Diparhatutu roham do, Tuhan Jesus Kristus ro tu tano on jala matedi hau na pinarsilang, asa malua hita sian dosa dohot sian gomgoman ni sibolis i?
Alusna: Diparhatutu rohangku do.
5. Na olo do ho ringgas marsaor tu Debata, asa gabe ruas na mangolu ni Huria Kristen Protestant ho manghatindanghon haporseaonna sintong i?
Alusna: Na olo do ahu.
6. Antong hatindanghon hamuma haporseaonta i :
Ahu porsea d.u.
7. Olo do hamu didion tu bagasan ni nahinaporseaanmuna i?
Alusna: Olo.
Pandidion:
Ale si Anu ! Hudidi ma ho tu bagasan Goar ni Debata Ama dohot tu bagasan Goar ni AnakNa, Tuhan Jesus Kristus, dohot tu bagasan Goar ni Tondi Parbadia. A m e n .
Pasupasu:
Sai diramoti Debata ma ho di habobongotmon tu bagasan harajaonNa ro di saleleng ni lelengna. Amen.
Marende :
Martangiang:
Ale Tuhan Debata, Amanami na marasi roha i ! Na mandok mauliate do hami nuaeng tu Ho, ala naung dijalo Ho angka dongannami on gabe anakhonMu, marhitehite pandidion na badia i. Asi ma rohaM, sai pahot ma haporseaonnasida, asa dohot parangenasida mamuji GoarMu na badia i, asa unang mago nanggo sada sian nasida, alai asa sahat nasida sogot tu hangoluan na so ra suda marhitehite Tuhan Jesus Kristus Tuhannami.
Ale Amanami na di banua ginjang! Sai pinarbadia ma GoarMu ! Sai ro ma harajaonMu! Sai saut ma lomo ni rohaM di banua tonga on, songon na di banua ginjang! Lehon ma tu hami sadari on hangoluan siapari ! Sesa ma dosanami songon panesanami di dosa ni dongan, na mardosa tu hami ! Unang hami togihon tu pangunjunan ! Palua ma hami sian pangago ! Ai Ho do nampuna harajaon dohot hagogoon ro di hasangapon saleleng ni lelengna. Amen.
Pasupasu:
Dipasupasu jela diramoti Tuhan Debata ma ho! Disondangkon Tuhan Debata ma bohiNa tu ho, jala asi ma rohaNa mida ho! Sai didompakhon Tuhan Debata ma bohiNa tu ho jala dipasaorhon ma dameNa tu Tondim ! Amen.
Marende:
VI. Manghatindanghon haporseaon.
Marende:
Marhitehite Goar ni debata Ama, Anak dohot Tondi Parbadia. Amen. Hamu, ale natoras ni dakdanak on, diida hamu do ianakhonmuna, haholongan ni rohamuna, jongjong dison. Tama jumolo mandok mauliate hamu sadarion tu Debata ala ni sude asi ni rohaNa nasailaon, ai dipangolu do nasida rasirasa nuaeng jala sanga diboto nasida Hata ni Debata dohot dalan tu hangoluan. Alai tama do ingotonmuna sadari on angka pambahenanmuna tu ianakhonmuna on. Ai ndang dilehon Debata angka dakdanak on tu hamu, asa adong pagodanggodan-gonmuna mangula ulaon sambing, alai asa ditohu jala diajari hamu do nasida mangihuthon Hata ni Debata, ido umbahen nadilehon. Ditangianghon hamu do ganup ari ianakhonmuna on nasailaon, asa unang mago nasida? Molo dihilala hamu nuaeng hurang ni pambahenan muna taringot tu angka ianakhonmuna on, tama unduk hamu tu Debata manopoti salamuna.
Paragenda: Antong martangiang ma hita !
Ale Amanami, Ama ni nasa na targoar ama di banua ginjang dohot di tano on ! Sai tangihon ma tangiangnami on, jangkon ma angka dakdanak on gabe ianakhonMu ! Asi ma roham, lehon ma Tondi Parbadia i tu rohanasida, asa gabe siseanMu nasida ro di saleleng ni lelengna. Molo tung na hurang pambahenannami nasailaon tu nasida, sai sesa ma i, sai unang ma targasip nasida, jala unang loas mago manang ise nasida binahen ni pangalahonami i. Asi ma rohaM, sahat tu tanganMu ma nasida marhitehite AnakMu Tuhan Jesus Kristus Tuhannami. Amen.
Marende:
Hamu angka dakdanak na hinaholongan ni Debata ! Na jongjong do hamu nuaeng di jolo ni Debata, na mamereng torus tu bagasan rohamuna, dohot di jolo ni Huria on. Nunga diboto hamu lomo dohot sogo ni roha ni Debata, ndang tarbahen hamu be marsidalian sogot di ari paruhuman i. Molo ingot rohamuna di angka ari ni ngolumuna naung salpu i, tama mandok mauliate hamu tu Debata ala ni sude asi ni rohaNa. Jala molo diingot hamu angka pambahenanmuna na so ture, i ma neang dohot langgus ni rohamuna tu natorasmuna, ro di saluhut dosamuna, tama marsak be hamu sadari on marningot i. Boan hamu ma luhutna tu Tuhan Jesus, asa disesa i ala ni mudarNa, na use humophop pardosa na manopoti dosana. Alai pauba hamu ma rohamuna, huhut pungka hamu ma parange na imbaru olat ni sadari on, asa dalananmuna dalan na gogot i, na marhapatean tu hangoluan sisaleleng ni lelengna.
Antong alusi hamu ma na husungkunhon on tu hamu di jolo ni Debata dohot di jolo ni angka dongan na pungu dison.
1. Diparhatutu roham do hata ni Debata, naginuruhonmu nasailaon holan i do dalan tu hangoluani?
Alusna: Diparhatutu rohangku do!
2. Olo do ho sian nasa roham tumundalhon saluhut dosa jala olo do ho tu jooan on mangihuthon hata ni Debata ro di hasusuda ni bohalmu?
Alusna: Na olo do ahu!
3. Olo do ho manghangoluhon haporseaon na sintong i, na hinatindanghon ni Huria Kristen Protestant songon na tarsurat di Padan na Robi dohot di Padan na Imbaru?
Alusna: Na olo do ahu !
Antong, marpadan do hamu nuaeng dohot Debata na badia i di jolo ni Huria on, tung unang ose hamu, sai burju ma hamu marningot saluhutna i, asa lam hot haporseaonmuna.
Marende :
Tangiang:
Ale Amanami jala Debatanami ! Suru ma Tondi Parbadia tu rohanami be, marhitehite Tuhan Jesus Kristus. Hulehon hami ma rohanami bahen ingananMu olat ni on ro di saleleng ni lelengna. Surathon jala sahapi ma tusi sude, naung huoloi hami. Sai paujung ma ulaon na pinungkaMi di bagasan rohanami. Ramoti ma hami sasudena, unang tu hamagoan sogot manang ise sian hami on. Togu jala iringiring ma hami ganup ari, asa sahat hami tu hangoluan na so ra suda marhitehite AnakMu Tuhan Jesus Kristus Tuhannami. Amen.
Antong hatindangkon hamu ma jolo haporseaonmuna !
Ahu porsea d.u.
Marende :
Pasupasu:
Jalo hamu ma pasupasu ni Tuhan Debata Amanta i dohot AnakNa Tuhan Jesus Kristus dohot Tondi Parbadia. Sai didongani ma hamu maralohon nasa na jat, jala dipargogoi ma hamu patupahon nasa na denggan. Amen.
Marende :
Hamu angka na pinarhamaol ni Debata, nunga gabe dongan sahuria jala dongan sapanganan hamu manganhon parpadanan na badia i. Na arga situtu do hamu ditobus, unang oloi hamu be dosa dohot sibolis. Ramotan ni Debata do hamu maralohon pangago i, asal ma tongtong rohamuna tu Ibana jala togihononNa do hamu masuk tu harajaon banua ginjang i.
Paragenda: Antong martangiang ma hita!
Ale Amanami na di banua ginjang, asi ma rohaM di nasida angka napinasahat nuaeng to Ho! Sai ramoti ma nasida marhitehite Tondi Parbadia, sai pahot ma nasida di bagasan padan naung nialonasida nangkin. Sai parbadiai ma nasida di bagasan HataM, asa tarida haporseaonnasida tu joloan on marhitehite parange na denggan! Amen. Ale Amanami d.u.
Pasupasu:
Asi ni roha ni tuhan Jesus Kristus, dohot holong ni roha ni Debata Ama dohot parsaoran ni Tondi Parbadia i ma mandongani hamu! Amen.
Marende:
VII. Pabagashon
Marende:
Marhitehite Goar ni Debata Amanta dohot Goar ni Anakna Tuhan Jesus Kristus dohot Goar ni Tondi Parbadia. Amen.
Martangiang:
Ale Tuhan Debata Amanami na di banua ginjang! Ho do namangaturhon pardongan saripeon i. Diida Ho do dongannami on na marsangkap naeng marbagas. Jala na ro do nasida mangido pasupasuM. Antong sai tatap ma nasida di bagasan asi ni rohaM, pasupasu jala ramoti ma nasida marhitehite pangkaholongiM. Rajai ma nasida marhitehite Tondi Parbadia asa mamungka jala marujung di bagasan dame pardongansaripeonnasida i. Tangihon ma tangiangnami on ala ni asi dohot holong ni rohaM. Amen.

Marjamita:
Hamu ale angka na pinarhamaol ni Debata, ditahi rohamuna do nuaeng naeng marbagas (alai ndang tama halak Kristen marbagas songon sipelebegu). Antong tangihon hamu ma jolo Hata ni Debata taringot tu ruhut ni pardongansaripeon ni halak Kristen. Dung ditompa Debata jolma i, didok Ibana ma: Ndang denggan sasada baoa i punjung, hubahen ma di ibana sada boruboru pangurupi di ibana bahen angkupna. Angkup ni i didok Tuhan Jesus: Ganup na paulakhon na niolina, ia so ala ni na marmainan, na palangkuphonsa do ! Pangalangkup do nang na mambuat na sirang i ! Antong na pinadomu ni Debata, ndang jadi sirangon ni jolma.
Songon on do didok Debata tu baoa i: Hamu angka baoa, haholongi hamu ma pardihutamuna be songon Kristus, na mangkaholongi Huria i jala na mangalehon diriNa humophopsa. Unang muruk hamu dompak nasida, ingkon marroha hamu mandongani nasida, sangap bahen hamu nasida songon dongan panean di hangoluan na so ra suda.
Dung i songon on do didok Hata ni Debata tu angka boruboru: Dioloi angka parompuan ma baoana be songon pangoloina di Tuhan i ! Ai baoa i do ulu ni pardihutana songon Kristus ulu ni Huria i. Ingkon bontor, porman, toman, mardongan halambohon dohot hamenahon ni tondi parange ni boruboru i. I ma na arga di jolo ni Debata dohot di jolo ni jolma.
Antong, songon angka na marparangehon Hata ni Debata ma hamu ! Sumolukhon parasinirohaon dohot habasaron dohot haserepon ni roha ma hamu. Masipauneunean ma hamu dohot masiasiasian ! Saluhut riting ni roha, muruk, rimas, panonggahion dohot panginsahion i, dao ma sian hamu. Alai di ginjang ni saluhutna i masihaholongan ma hamu, ai i do rahutrahut ni na sun denggan. Dung i dame na sian Debata, i ma mangarajai di bagasan rohamuna. Jala saluhut na binahenmuna marhitehite hata manang pambahenan tongtong ma i marhitehite Goar ni Tuhan Jesus, asa Ibana mangarajai rohamuna dohot ulaonmuna.
Antong nunga dibege hamu Hata ni Debata taringot tu ruhut ni pardongansaripeon i.
Na manungkun ma ahu nuaeng jumolo di ho, ale pangoli si. . . Olo do ho manghajongjongkon di jolo ni Debata, na umboto saluhut, dohot di jolo ni angka dongan na pungu dison, na dipangido roham do si .... na niriritmon gabe donganmu saripe ? Olo do ho mangkaholongi ibana sian nasa roham dohot mangulahon sian nasa gogom, huhut marparangehon parange na badia rap dohot ibana; na olo do ho manganjuanju dohot hagaleonna, tung sura humurang parangena, jala na so tupa paulahonmu manang tadingkononmu ibana paima disirang hamatean hamu sogot ?

Molo naung sada roham mangoloi saluhutna i dok ma: Olo !
Na manungkun ma ahu dohot di ho, ale inang si .... niririt ni si ... on bahen donganna saripe: Na olo do ho manghajongjongkon di jolo ni Debata na umboto saluhut, dohot di jolo ni dongan na pungu dison na dipangido roham do si .... on, gabe sinondukmu ? Olo do ho mangkaholongi ibana sian nasa roham dohot marpangalaho na ture maradophon ibana dohot marparangehon parange na badia, paboa halak Kristen ho; jala na so tupa mahilolong ho manang tadingkononmu ibana, paima disirang hamatean hamu sogot ?
Molo naung sada roham mangoloi saluhutna i, dok ma: Olo !
Antong masilehonan tangan siamun ma hamu paboa hot ni padanmuna: Naposo ni Debata do ahu, na mamboan HataNa tu hamu. Marhitehite Goar ni Debata Ama, Anak dohot Tondi Parbadia do ahu mandok: Na pinadomu ni Debata ndang jadi sirangon ni jolma.
Pasupasu:
Dipasupasu jala diramoti Tuhan Debata ma hamu ! Disondangkon Tuhan Debata ma bohiNa tu hamu jala asi ma rohaNa di hamu. Didompakhon Tuhan Debata ma bohiNa tu hamu jala dipasaorhon ma dameNa tu tondimuna be. Amen.
Marende:
Martangiang:
Ale Amanami na di banua ginjang ! d.u.
Pasupasu:
Asi ni roha ni Tuhan Jesus Kristus dohot holong ni roha ni Debata Ama dohot parsaoran ni Tondi Parbadia ma mandongani hamu ! Amen.
Marende:

VIII. Patujolo ni ulaon na badia
Marende: (Ende na tongon tu panopotion ni dosa).
Asi ni roha ma di hamu dohot dame sian Debata Amanta dohot sian Tuhanta Jesus Kristus.
Martangiang:
Marjamita:
Pandita mandok:

Hamu ale dongan, na pinarhamaol ni Debata ! Tasangkap do naeng manganhon parpadanan na badia i. Ala ni i ma umbahen huapoi hamu, asa jumolo tatimbang parturena, manang na tau dohot hita manganhon. Ai didok Hata ni Debata: Ingkon jolo ditangkasi jolma i dirina, dung pe i, asa dipangan sagusagu i dohot manginum sian panginuman i. Ai molo so tau ibana, na manganhon dohot manginum uhum na mangonai tu ibana do ibana disi, dibahen na so dipandang rohana daging ni Tuhan i. Dibahen i patangkas hamu ma rohamuna be, manang na tau hamu jala manang naung jumpang di hamu roha na ture, songon na pinangido ni Tuhan Jesus sian angka na naeng marulaon na badia. Ai holan angka na unduk roha jala na manolsoli rohana ala ni pambahenanna na so ture i, jala na manopoti dosana, jala na porsea di hasesaan ni dosa, na pinatupa ni Tuhan Jesus, i do na tau manganhon. Ingot hamu ma jolo Hata ni Tuhan Jesus, na mandok: Ingkon haholonganmu Tuhan Debatam sian nasa ateatem dohot nasa hosam dohot nasa roham, i ma Patik parjolo jala na umbalga. Alai doshon i do na paduahon i: Ingkon haholonganmu do donganmu songon dirim. Molo disorminhon ho roham dohot parangem tu Patik ondeng, ndang tarbahen so parhatutuonmu, pardosa ho, ai nunga dilaosi ho Patik i di bagasan roham dohot marhite sian hatam dohot marhite sian pambahenanmu. Dibaheni unang neang roham mandonohi panganon na badia i, jala unang tois pangalahom, unang marpangansi, ai na badia do i. Ingot hamu ma: Ditanda Debata do angka na di Ibana ! Na sumurut ma sian hageduhon, na mandok: Goar ni Kristus. Unang ma lilu rohamuna, ai ndang olo Debata insahan. On pe, manang ise, na so porsea di Tuhan Jesus, jala na neang roha di panghophop ni Tuhan Jesus, jala na olo dope mangulahon dosa, unang ma didonohi na badia i, ai na gabe uhum do i tu ibana. Alai manang ise, na marsak roha ala ni dosana, jala na mangido asi ni roha tu Debata marhitehite Tuhan Jesus, jala na mangido gogo tu Tondi Parbadia, asa lam ias sian dosa, pos ma rohana, dapotsa ma hasesaan ni dosa ala ni panghophop ni Tuhan Jesus. Parpadanan na badia i ma sumahaphon i tu rohamuna.

Dibahen i patangkas hamu ma rohamuna, jala alusi hamu ma na husungkunhon on:
1. Diparhatutu roham do: halak pardosa ho sian hatutubum dohot ala ni pangalaosim di Patik ni Debata ? Molo diparhatutu roham, dok ma: Olo !
2. Diparhatutu roham do: tama uhumon ni Debata ho nuaeng dohot sogot ala ni dosam ? Molo diparhatutu roham, dok ma: Clo !
3. Na marsak do roham ala ni dosam i, jala dipangido roham, naeng malua ho nueeng sian dosam ? Molo songon i roham, dok ma: Olo !
4. Diparhatutu roham do: Naung ro Tuhan Jesus Kristus tu tano on pangoluhon pardosa; Ibana naung mate jala mulak mangolu humophop ho, mamorsan jala manesa dosam ? Molo songon i diparhatutu roham, dok ma: Olo !

5. Olo do ho manggotaphon sian roham late ni roha dohot hosom ni roha ? Angkup ni i olo do ho mardenggan dohot halak na mangarsahi ho, jala olo do ho manesa dosa ni donganmu, songon na pinangido ni roham sesaon ni Debata sude dosam ? Molo songon i roham, dok ma: Olo !
6. Olo do ho tu joloan on mangalo nasa dosa huhut mangihuthon Hata ni Debata sian nasa roham ? Molo songon i roham, dok ma: Olo !
Antong, tapaunduk ma nuaeng rohanta be jala tatopoti ma sude dosanta ! Ihuthon hamu ma tangiang on di bagasan rohamuna be !

Ale Tuhan Debata na badia jala Amanami, na maringanan di banua ginjang, jala na maringanan di lambung ni angka na bojok jala na serep marroha ! Parasi roha na sumurung do Ho ! Halak na dangol jala pardosa godang do anggo hami, ai jotjot hulaosi hami PatikMu. Tama do hona uhum hami nuaeng dohot sogot, aut sura baloshononMu tu hami hombar tu pambahenannami. Sai asi ma rohaM di hami, sai sesa ma saluhut dosanami. Paias ma rohanami na hodar binahen ni angka pangalaosionnami i. Tompa ma roha na ias jala paimbaru ma tondi na marsihohot di bagasan hami. Lehon ma Tondi Parbadia margogoihon hami, asa lam tos rohanami sian nasa dosa, jala asa lam badia parangenami. Sai lam pahot ma haporseaonnami di panghophop ni AnakMu Tuhan Jesus Kristus Tuhannami. Amen.

Antong tangihon hamu ma hata apulapul, na di Barita na Uli i: Songon on do holong ni roha ni Debata di portibi on, pola do AnakNa na sasada i dilehon, asa unang mago na porsea di Ibana, alai asa dapotan hangoluan na saleleng ni lelengna. Antong partonaan ni Kristus do ahu jala marhitehite GoarNa hupaboa hata on tu angka na porsea di Tuhan Jesus: Sai saut ma na hinaporseaanmuna, pos ma rohamuna, nunga sesa sude dosamuna jala partohap do hamu di angka asi ni roha ni Tuhan Jesus Kristus ! Antong manang ise na manghasiholi na hudok i, didok ma sian nasa rohana. Amen.
Alusna: Amen !
Ale Amanami na di banua ginjang ! d. u.
Marende:
Pasupasu:

Asi ni roha ni Tuhan Jesus Kristus dohot holong ni roha ni Debata Ama dohot parsaoran ni Tondi Parbadia i ma mandongani hamu ! Amen.

IX. Marulaon na badia rap dohot patujolona
Marende:
Pasunasu:
Dame ni Debata na sumurung sian saluhut roha, i ma mangaramoti ateatemuna dohot rohamuna marhitehite Kristus Jesus. Amen.
Martangiangma hita:
Ale Tuhan Debata Parasiroha na sumurung. Amanami na di banua ginjang! Asi rohaM, topot ma hami na pungu dison ! Andorang hupangan hami annon parpadanon na badia i, lehon ma Tondi Parbadia tu ganup hami, asa ditubuhon haporseaon na mangolu di hami, asa pos situtu rohanami di AnakMu Tuhan Jesus Kristus, na manghophop hami. Pargogoi ma hami mansoadahon dirinami, asa tarihuthon hami Tuhan Jesus Tuhannami, jala asa ditubuhon haporseaon na mangolu i. Sai taiti rohanami asa lam malungun hami tu banua ginjang, asa sai masihol hami paimaimahon haroro ni Tuhan Jesus. Amen.
Hita angka naung pinarhamaol ni Debata, itasangkap nuaeng manganhon parpadanan na badia i. Dibahen i tatimbang ma jumolo manang na tau hita marulaon na badia, asa unang hona uhum manang ise sian hita on. Ai holan na unduk roha jala na manolsoli rohana ala ni pambahenanna na so ture jala na manopoti dosana, jala na porsea di hasesaan ni dosa, na pinatupa ni Tuhan Jesus, i do na tau manganhon parpadanan na badia i. Alai angka na dohot marulaon na badia, unang be dioloi sibolis, unang be didatdati mardosa. Tung padao hamu ma rohamuna sian i, tung gotaphon hamu ma hosom dohot late ni roha. Alai paingotingot hamu ma Tuhan Jesus Kristus naung mate jala naung mulak mangolu humophop hamu, asa tau hamu manganhon parpadanan na badia i.
Dibahen i tatangkasi ma jolo rohanta be, jala alusi hamu ma sungkunsungkun on: ( Jongjong ma Huria i ).
1. Diparhatutu roham do: Halak pardosa ho sian hatutubum dohot ala ni pangalaosim di Patik ni Debata ? Molo diparhatutu roham, dok ma: Olo!
2. Na marsak do roham ala dosam i, jala dipangido roham, naeng malua ho nuaeng sian dosam ? Molo songon i roham, dok ma: Olo !
3. Diparhatutu roham do: Naung ro Tuhan Jesus Kristus tu tano on pangoluhon pardosa; Ibana naung mate dohot mulak mangolu humophop ho, mamorsan jala manesa dosam ? Molo songon i diparhatutu roham, dok ma: Olo !
4. Olo do ho manggotaphon sian roham late ni roha dohot hosom ni roha? Angkup ni i, olo do ho mardenggan dohot halak, na mangarsahi ho, jala na olo do ho manesa dosa ni donganmu, songon na pinangido ni roham sesaon ni Debata sude dosam ? Molo songon i roham, dok ma: Olo !

Antong tapaunduk be ma rohanta jala tatopoti ma sude dosanta ! Ihuthon hamu ma tangiang on di bagasan rohamuna be:
Ale Tuhan Debata, Amanami marhitehite Tuhan Jesus Kristus Tuhannami! Halak pardosa godang do hami, ai jotjot hulaosi hami PatikMu. Tama do hona uhumMu hami nuaeng dohot sogot, molo baloshononMu tu hami hombar tu pambahenannami i. Alai ala ni godang ni asi dohot holong ni rohaM dohot ala ni AnakMu Tuhan Jesus Kristus, naung nilehonMu humophop hami, ala ni i umbahen na hum hami mangido tu Ho: Asi ma rohaM di hami, sai jalo ma hami, sai sesa ma sude dosanami, jala lehon Tondi Parbadia tu hami, asa margogo hami mangalo nasa dosa dohot mangulahon na hombar tu lomo ni rohaM saleleng di tano on dope hami. Amen.
Antong hamu angka na manopoti dosamuna jala na mauas di asi ni roha ni Debata, sai sahat ma tu hamu na hinaporseaanmuna. Mangasahon Hata ni Tuhan Jesus do hudok tu hamu: Pos ma rohamuna, nunga sesa saluhut dosamuna marhitehite Goar ni Debata Ama dohot Anak dohot Tondi Parbadia. Amen.
Holan Pandita:
Ale Amanami na di banua ginjang d. u.
Marende:
O Jesus naung sineat d.u.
Antong tangihon hamu ma tona ni Tuhan Jesus laho padirihon parpadanan na badia i.
Dibuat Tuhan Jesus Kristus do sagusagu bornginna i, uju tarjehe Ibana, didok ma mauliate, dung i diponggoli ma i diparlehon ma tu angka siseanNa huhut ma didok: ""Jalo hamu ma jala pangan ma, dagingKu do i, na nilehon tu hamatean humophop hamu. Bahen hamu ma songon i bahen parningotanmuna di Ahu !"" Jala dung sun nasida mangan, dibuat ma panginuman i, didok ma mauliate, dung i didok ma tu nasida: ""Jalo hamu ma, sude hamu manginum sian i. Ia panginuman on padan na imbaru ma on marhitehite mudarHu, na niusehon humophop hamu bahen hasesaan ni dosa. Sai bahen hamu ma songon i bahen parningotanmuna di Ahu !
Antong ro ma hamu, nunga rade sude ! Ida jala dai hamu ma denggan basa ni Debata.
Marende : ( huhut manganhon parpadanan i ).
Didok Tuhanta Jesus Kristus: Jalo hamu ma on jala pangan ma ! DagingKu do i, na nilehon to hamatean humophop hamu. I ma mangaramoti jala pahothon rohamuna manghaporseai Ibana, asa di hamu hangoluan na so ra suda. Amen.
Didok Tuhan Jesus Kristus: Jalo hamu ma on jala inum hamu sian i. MudarHu do i, na niusehon humophop hamu bahen hasesaan ni dosamuna. I ma mangaramoti jala pahothon rohamuna manghaporseai Ibana asa di hamu hangoluan na so ra suda. Amen. Mulak ma hamu di bagasan dame !
Marende: ( ende pujipujian )
Tangiang:
Puji ma Tuhan Debata ale tondingku, jalA nasa rohangku di bagasan mamuji GoarNa na badia i. Puji ma Tuhan Debata, ale tondingku, jala unang tung halupahon denggan ni basaNa sudena. Ibana do manesa dosam sudena, jala Ibana pamalum angka sahitmu sudena. Ibana paluahon hosam sian hamagoan jAla dilehon tu ho denggan basa dohot asi ni roha. Parasiroha jala Pardenggan basa do Tuhan Debata, lambat tarrimas jala Parasiroha godang. Ndang dibahen tu hita na hombar tu dosanta jala ndang dibaloshon tu hita na hombar tu hajahatonta. Songon asi ni roha ni amaama tu angka anakhonna do asi ni roha ni Tuhan Debata di angka na manghabiari Ibana. Nunga tangkas dipatuduhon Debata holong ni rohaNa i tu hita di na mate Kristus, humophop hita uju pardosa dope hita. Antong nda lam malua ma hita nuAeng sian rimasNa, dung gabe parpintor hita hinorhon ni mudarNa i. Dibahen i sai pujion ni pamanganku dohot rohangku dohot nasa pambahenanku do Tuhan Debata olat ni on ro di saleleng ni lelengna. Amen.
Pasupasu:
Dipasupasu jata diramoti Tuhan Debata ma ho ! Disondangkon Tuhan Debata ma bohiNa tu ho jAla asi ma rohaNa mida ho ! Sai didompakhon Tuhan Debata ma bohiNa tu ho jala dipasaorhon ma dameNa tu tondim ! Amen.
Marende:","Bagian Pertama
I. TATA KEBAKTIAN MINGGU
NYANYlAN BERSAMA : No........
PELAYAN LITURGI :
Di dalam Nama Allah Bapak, dan Nama AnakNya Tuhan Yesus Kristus dan Nama Roh Kudus, yang menciptakan langit dan bumi. A m i n .
( Baca salah satu ayat sesuai dengan Minggu atau Pesta yang bersangkutan. Lihat pada bagian A hal 64 81).
JEMAAT MENYAMBUT : Haleluya - Haleluya - Haleluya !
D O A :
Baca salah satu doa sesuai dengan Minggu atau Pesta yang bersangkutan. Lihat pada bagian ke dua D hal 88- 105.
NYANYIAN BERSAMA : No..........
PELAYAN LITURGI :
Dengarlah Hukum Tuhan !
I. Akulah Tuhan Allahmu ! Jangan ada padamu allah lain di hadapanKu.
II. Jangan perbuat bagimu patung yang menyerupai apapun yang ada di langit, atau yang ada di bumi, atau yang ada di dalam air di bawah bumi, untuk disembah atau dituruti.
III. Jangan menyebut Nama Tuhan AllahMu dengan sembarangan sebab Tuhan akan menghukum orang yang menyianyiakan namaNya.
IV. Ingat dan kuduskanlah hari Sabat: enam hari lamanya engkau akan bekerja dan melakukan segala pekerjaanmu, tetapi hari ke tujuh adalah hari Sabat Tuhan, Allahmu maka jangan melakukan sesuatu pekerjaan, engkau atau anakmu laki-laki, atau anakmu perempuan atau hambamu laki-laki atau hambamu perempuan, atau hewanmu, atau orang asing yang berada di tempat kediamanmu. Sebab pada enam hari lamanya Tuhan menjadikan langit dan bumi laut dan segala isinya, dan Ia berhenti pada hari yang ke tujuh, itulah sebabnya Tuhan memberkati hari Sabat dan menguduskannya.

V. Hormatilah ayah dan ibumu, supaya lanjut umurmu di bumi yang diberikan Tuhan, Allahmu, kepadamu.
VI. Jangan membunuh.
VII. Jangan berzinah.
VIII. Jangan mencuri.
IX. Jangan mengucapkan saksi dusta terhadap sesamamu manusia.
X. Jangan mengingini rumah sesamamu: Jangan mengingini isterinya, atau hambanya laki-laki, atau hambanya perempuan atau lembunya atau keledainya, atau apapun yang dimiliki sesamamu.
Bagaimana Firman Tuhan tentang kesepuluh Hukum itu ?
""Aku, Tuhan, Allahmu, adalah Allah yang cemburu, yang membalaskan kesalahan Bapak kepada anakanaknya, kepada keturunannya yang ketiga dan keempat dari orang yang membenci Aku, tetapi Aku menunjukkan Kasih setia kepada beribu-ribu orang, yaitu mereka yang mengasihi Aku dan berpegang pada perintah-perintahKu"".
Jemaat menyambut :
Ya Tuhan, Allah, kuatkanlah kami melakukan yang sesuai dengan HukumMu.
( Pembacaan Hukum ini dapat diganti dengan membaca bagian tertentu dari Alkitab atau Katekhismus ).
NYANYIAN BERSAMA : No........
PELAYAN LITURGI :
Marilah kita merendahkan diri untuk mengaku dosa kita !
( Bacalah doa ini, atau salah satu doa pengakuan dosa. Lihat pada bagian kedua, B. Hal 82 - 84).
Ya Bapa Kami yang di surga, Allah yang Maha Kasih kepada kami orang hina ! Kami orang berdosa ini datang ke hadapanMu untuk mengaku dosa dosa kami. Kami menyesal, karena kami sering melakukan hal-hal yang tidak berkenan di hadapanMu, atas mana kami sepatutnya kena hokumMu. Tetapi Engkau panjang sabar, kami tidak binasa. Ya Tuhan, kasihanilah kami. Janganlah Engkau menghukum kami; hapuskanlah dosa kami, karena darah AnakMu yang telah dicurahkan di Golgata. A m i n .

PELAYAN LITURGI :
( Marilah kita mendengar janji Tuhan tentang pengampunan dosa. Bacalah salah satu ayat dari bagian kedua, C. Hal 85 - 87 ).
NYANYIAN BERSAMA : No.........
PELAYAN LITURGI :
Marilah kita mendengar Firman Tuhan yang ditetapkan untuk hari Minggu. (Pembacaan Firman ditutup dengan ucapan: ""Berbahagialah orang yang mendengar Firman Allah serta memeliharanya"". A m i n.
NYANYIAN BERSAMA : No...........
PELAYAN LITURGI :
Marilah kita bersama-sama mengaku iman kepercayaan kita, sebagaimana teman-teman seiman di seluruh dunia. Kita bersama-sama mengucapkannya:
Aku percaya kepada Allah, Bapa yang Maha Kuasa, Khalik langit dan bumi.
Aku percaya kepada Yesus Kristus, AnakNya yang tunggal Tuhan kita. Yang dikandung daripada Roh Kudus, lahir dari anak dara Maria, yang menderita sengsara di bawah pemerintahan Pontius Pilatus, disalibkan, mati dan dikuburkan, yang turun ke dalam kerajaan maut. Pada hari yang ketiga, bangkit pula dari antara orang mati. Naik ke surga, duduk di sebelah kanan Allah, Bapak yang Maha kuasa. Dari sana akan datang kelak, untuk menghakimi orang yang hidup dan yang mati
Aku percaya kepada Roh Kudus, dan adanya satu gereja yang Kudus; Persekutuan orang Kudus; Pengampunan dosa; Kebangkitan daging; dan hidup yang kekal.
A m in.

WARTA JEMAAT :
NYANYIAN BERSAMA : No...........
( Sambil mengumpulkan persembahan )
K H 0 T B A H :
NYANYIAN BERSAMA : No..........

PELAYAN LITURGI :
Marilah kita berdoa untuk menyerahkan persembahan kita kepada Tuhan:
Ya Allah, Bapa kami yang di surga. Kami mengaku bahwa Tuhan adalah sumber dari segala karunia yang melimpah dalam kehidupan kami masing-masing.
Sebahagian daripada karunia itu, kami serahkan kembali sebagai persembahan kepada Tuhan.
Terimalah dan berkatilah persembanan umatMu ini, agar dapat kami pergunakan untuk pekerjaan dan pelayanan Kerajaan Tuhan di dunia ini.
Bukalah hati kami untuk mengenal betapa banyak berkat dan karunia yang kami peroleh dari Tuhan, supaya kami senantiasa bersyukur kepadaMu di dalam Nama Yesus Kristus Tuhan kami. A m i n .

NYANYIAN PERSEMBAHAN : ...........
( langsung dinyanyikan )
Tuhan, karuniaMu, roh dan jiwaku semua. Nyawa juga hidupku, harta milikku semua. Kuserahkan padaMu, untuk selama-lamanya.

( Bacalah salah satu doa, sesuai dengan Minggu atau Pesta yang bersangkutan, lihat bagian kedua E, HaL.......)
Dilanjutkan dengan ""DOA BAPA KAMI""......
DOA BAPA KAMI :
( Hanya pelayan yang mendoakan )
Bapa kami yang di surga, dikuduskanlah namaMu, datanglah kerajaanMu, jadilah kehendakMu di bumi seperti di surga.
Berikanlah kami pada hari ini makanan kami yang secukupnya.
Dan ampunilah kami akan kesalahan kami, seperti kami juga telah mengampuni orang yang bersalah kepada kami.
Dan janganlah membawa kami ke dalam percobaan, tetapi lepaskanlah kami daripada yang jahat.
( Jemaat menyambut )
Karena Engkau punya Kerajean dan Kekuasaan dan Kemuliaan sampai selama-lamanya. A m i n .
PELAYAN LITURGI :
Pulanglah dengan sejahtera, dan terimalah berkat Tuhan:
""Tuhan memberkati engkau dan melindungi engkau,
Tuhan menyinari engkau dengan wajahNya dan memberi engkau Kasih karunia,
Tuhan menghadapkan wajahNya kepadamu dan memberi engkau damai sejahtera"".
( Jemaat menyanyikan )
A m i n - A m i n - A m i n .

II. PEMBAPTISAN ANAK-ANAK
NYANYIAN BERSAMA : No..........
D O A :
Ya Bapa kami yang di surga, kami datang membawa anak-anak ini kepadaMu. Kasihanilah dan terimalah mereka menjadi anak-anakMu. Berkati dan kuatkanlah mereka di dalam perjalanannya menuju kehidupan yang kekal di dalam nama Tuhan Yesus Kristus.
Amin.
NASIHAT DAN BIMBINGAN :
Saudara-saudara, orang tua dari anak-anak yang akan dibaptiskan hari ini, dengarkanlah firman Tuhan Yesus : ""Pergilah, jadikanlah semua bangsa muridKu, dan baptislah mereka dalam Nama Bapa dan Anak dan Roh Kudus, dan ajarlah mereka melakukan segala sesuatu yang telah Kuperintahkan kepadamu. Dan ketahuilah, Aku menyertai kamu senantiasa sampai kepada akhir jaman. Siapa yang percaya dan dibaptis, akan diselamatkan. Tetapi siapa yang tidak percaya akan dihukum"".
Dengarkanlah juga firman Tuhan Yesus seperti yang tertulis dalam Injil Markus: ""Lalu orang membawa anak-anak kecil kepada Yesus, supaya Ia menjamah mereka, akan tetapi murid-muridNya memarahi orang-orang itu. Ketika Yesus melihat hal itu, Ia marah dan berkata kepada mereka: ""Biarkan anakanak itu datang kepadaKu, jangan menghalang-halangi mereka, sebab orang-orang seperti itulah yang empunya Kerajaan Allah. Aku berkata kepadamu: Sesungguhnya barang siapa tidak menyambut Kerajean Allah seperti seorang anak kecil, ia tidak akan masuk ke dalamnya. Lalu la memeluk anakanak itu dan meletakkan tanganNya atas mereka la memberkati mereka"".
P E N D ETA :
Sekarang ikrarkanlah Iman Kepercayaun kita !
Aku percaya........dst.
Jawablah pertanyean-pertanyaan ini:
1. Apakah Saudara-saudara menghendaki agar anak-anak ini dibaptiskan ke dalam Nama Allah Bapa, Anak dan Roh Kudus ?
Jawab: Ya, saya menghendakinya.
2. Apakah Saudara-saudara bersedia membimbing anak-anak ini, agar mereka mengetahui dan melakukan firman Allah ?
Jawab: Ya, saya bersedia.
3. Apakah Saudara-saudara bersedia menyuruh anak-anak ini ke gereja dan membesarkannya dalam pengajaran Kristen Protestan, agar mereka menjadi anggota jemaat yang hidup dalam Yesus Kristus.
Jawab: Ya, saya bersedia.
P E M B A P T I S A N :
Jika demikian marilah kita menyerahkan mereka kepada Tuhan melalui pembaptisan kudus.
.............................. , aku membaptiskan engkau ke dalam Nama Allah Bapa, dan ke dalam Nama AnakNya Tuhan Yesus Kristus, dan ke dalam Nama Roh Kudus.
B E R K A T :
Tuhan memelihara engkau pada saat engkau memasuki KerajaanNya sampai selama-lamanya.
D O A :
Ya Tuhan Allah, Bapa kami dalam Yesus Kristus, Tuhan Kami !
Kami telah menyerahkan anak-anak ini kepadaMu dan Engkau telah menerima mereka menjadi anak-anakMu melalui baptisan kudus ini, agar mereka menjadi warga Jemaat Kristen di dunia ini dan menjadi pewaris kehidupan kekal. Curahkanlah kasihMu kepada orangtua mereka' Kuatkanlah mereka mendidik anak-anak ini, supaya hidup sesuai dengan kehendakMu, agar mereka bersama-sama mewarisi hidup yang kekal. A m i n .
NYANYIAN BERSAMA : No..........

III. TATA CARA PEMBAPTISAN DARURAT
PELAYAN LITURGI :
Di dalam Nama Allah Bapa, dan Nama AnakNya Tuhan Yesus Kristus dan Nama Roh Kudus. A m i n.
Apakah Saudara menghendaki supaya anak ini dibaptiskan sesuai dengan iman kepercayaan Kristen Protestan ?
Jawab: Kami menghendakinya.
PEMBAPTISAN :
................................ (Nama anak), Aku membaptiskan engkau ke dalam Nama Allah Bapa, dan ke dalam Nama AnakNya Tuhan Yesus Kristus dan ke dalam Nama Roh Kudus. A m i n .
Ya Tuhan Allah yang Mahakuasa, Bapa kami dalam Tuhan Yesus Kristus. Kasihanilah anak ini, kami serahkan dia ke dalam tanganMu hidup atau mati.
Kami tahu, Engkau selalu dekat kepada orang yang memanggil NamaMu dan Engkau mendengar mereka. Sebab itu, kasihanilah anak ini, sembuhkanlah dia.
Tetapi apabila Engkau memanggilnya, terimalah dia mewarisi hidup yang kekal demi penebusan anakMu Yesus Kristus Tuhan kami.
Berikanlah kekuatan dan keteguhan iman kepada orang tuanya dan sanak saudaranya. A m i n
Bapak kami yang di surga, dikuduskanlah namaMu, datanglah KerajaanMu, jadilah kehendakMu di bumi seperti di surga.
Berilah kami pada hari ini, makanan kami yang secukupnya dan ampunilah kami akan kesalahan kami seperti kimi juga mengampuni orang yang bersalah kepada kami, dan janganlah membawa kami ke dalam pencobaan, tetapi lepaskanlah kami dari pada yang jahat.
Karena Engkaulah yang empunya Kerajaan dan Kekuasaan dan Kemuliaan sampai selama-lamanya. A m i n .
( Apabila anak itu sehat kembali, haruslah dia dibawa untuk menerima berkat Baptisan di Gereja ! ).
IV. TATA CARA MENERIMA CALON BAPTISAN DEWASA
NYANYIAN BERSAMA : No...........
NASIHAT DAN BIMBINGAN CALON BAPTISAN:
Saudara-saudara sekalian ! Saudara telah menyatakan untuk diterima ke dalam jemaat Tuhan Yesus Kristus dan menjadi orang Kristen. Kami bergembira menyambut saudara-saudara. Keinginan ini baik agar saudara-saudara bersekutu dengan kami di dalam Jemaat orang Kristen yang kudus. Saudara-saudara ingin mengenal Tuhan Allah yang Maha besar itu dan menjadi pewaris Kehidupan yang Kekal. Untuk itu saudara-saudara harus lebih dahulu memenuhi hal-hal ini:
a. Sekarang saudara-saudara disebut calon Baptisan. Setelah beberapa lama belajar, maka saudara akan dibaptis dan menjadi orang Kristen serta bersekutu dengan kami.
b. Saudara-saudara akan mempelajari Hukum dan Firman Tuhan supaya saudara mengetahui apa yang boleh dan yang tidak. Kami akan menunjukkan kepada saudara jalan menuju kehidupan yang kekal.
c. Sejak sekarang, saudara-saudara harus berpantang dan menghindari hal-hal yang terlarang dan yang tidak baik. Tinggalkanlah kekafiran, jangan mengutuk, jangan mencuri, jangan berdusta, jangan berjudi, jangan mengisap candu, jangan berzinah dan jangan berbuat perbuatan yang sejenis dengan itu.
Jika saudara-saudara benar-benar menjauhkan semuanya itu, saudara-saudara kami terima menjadi calon Baptisan.
Apabila saudara-saudara dengan ikhlas melakukannya, jawablah dengan ""YA"".
Jawab: YA.

DOA :
Ya Tuhan Allih Bapa kami ! Saudara-saudara kami yang hadir di sini datang dan ingin masuk ke dalam Jemaat Tuhan. Kami mengucap syukur karena Tuhan berkenan menerima saudara-saudara kami ini. Kami memohon pengasihanMu, lindungi dan berkatilah mereka, agar sempat memasuki JemaatMu yang Kudus itu. Tuhan ajari dan bimbinglah mereka menjadi pengikut yang setia bagi Tuhan Yesus Kristus Tuhan kami. A m i n.
BERKAT :
NYANYIAN BERSAMA : No...........
V. TATA KEBAKTIAN PEMBAPTISAN ORANG DEWASA
NYANYIAN BERSAMA : No..........
Kasih karunia Tuhan Yesus Kristus, dan Kasih Allah, dan persekutuan Roh Kudus menyertai kamu sekalian. A m i n.
Saudara yang dikasihi Allah, saudara telah menerima Firman Allah yang telah diajarkan kepadamu. Karena itu hendaklah saudara mengucapkan syukur dan terima kasih kepada Allah yang telah mengasihi engkau. Sebab saudara sudah mengetahui bahwa engkau tidak lagi binasa disebabkan oleh dosa-dosamu, jika engkau percaya akan penyelamatan Tuhan Yesus Kristus.
Oleh sebab itu pikirkanlah dengan baik: Apakah Saudara mau meninggalkan semua dosa, lalu berjalan sesuai dengan Firman Allah pada hari-hari yang akan datang. Dan jika saudara nanti dibaptiskan, itu adalah tanda perjanjian dengan Allah, bahwa Allah mau mengampuni segala dosamu dan memberi kekuatan bagimu melawan iblis dan dosa, kemudian saudara menjadi pewaris dalam kehidupan yang selama-lamanya.
D O A :
Bapa kami yang di surga, Tuhan melihat saudara-saudara yang akan menerima Baptisan Kudus. Engkau melihat ke dalam hati mereka, apakah mereka sungguh-sungguh atau hanya berpura-pura.
Kasihanilah dan kuatkanlah mereka, agar dapat melawan segala kejahatan dan perbuatan-perbuatan yang tidak baik. Ya Tuhan Yesus ampunilah dosa saudara kami ini dengan darahMu yang Kudus, curahkanlah RohMu ke dalam hati mereka, agar sanggup hidup dalam iman yang benar selama hidup dalam dunia ini hingga memasuki kehidupan yang kekal. A m i n.

Saudara, dengarkanlah Firman Tuhan Yesus pada waktu Dia akan naik ke surga: Karena itu pergilah ! Jadikanlah semua bangsa muridKu dan baptislah mereka dalam nama Bapa, Anak dan Roh Kudus. Siapa yang percaya dan dibaptis, akan diselamatkan, tetapi, siapa yang tidak percaya akan dihukum !
Untuk ini saya menyelidiki imanmu, di hadapan jemaat yang berkumpul disini. Jawablah pertanyaan ini dengan sungguh-sungguh:
1. Apakah saudara mengaku bahwa engkau adalah orang berdosa dari sejak lahir dan oleh karena pelanggaran-pelanggaranmu terhadap Hukum Allah ?
Jika demikian, jawablah dengan: ""YA, SAYA MENGAKU""
2. Apakah saudara menyesal atas dosa yang saudara perbuat selama ini ?
Jika demikian, jawablah dengan: YA, SAYA MENYESAL""
3. Apakah saudara mau menjauhkan diri dari segala dosa dan perbuatan yang jahat ?
Jika demikian, jawablah dengan: ""YA, SAYA MAU"".
4. Apakah saudara mengaku bahwa: Tuhan Yesus Kristus menjadi manusia dan mati di salib demi keselamatan kita dari dosa dan kuasa iblis ?
Jika demikian, jawablah dengan: 'YA SAYA MENGAKU"".
5. Apakah saudara bersedia dengan rajin bersekutu dengan Allah, agar saudara menjadi anggota jemaat yang hidup di dalam Gereja Kristen Protestan untuk menyaksikan iman yang benar?
Jika demikian, jawablah dengan: ""YA, SAYA BERSEDIA""
6. Jika demikian, ikrarkanlah Pengakuan lman kita !
Aku percaya kepada Allah, Bapa Yang Mahakuasa, Khalik langit dan bumi.
Aku percaya kepada Yesus Kristus, AnakNya yang Tunggal Tuhan kita, yang dikandung daripada Roh Kudus, lahir dari anak dara Maria, yang menderita sengsara di bawah pemerintahan Pontius Pilatus, disalibkan, mati dan dikuburkan, yang turun dalam kerajaan maut. Pada hari yang ke tiga, bangkit pula dari antara orang mati, naik ke surga, duduk di sebelah kanan Allah Bapa Yang Mahakuasa, dari sana akan datang kelak untuk menghakimi orang yang hidup dan yang mati.
Aku percaya kepada Roh Kudus, satu gereja yang kudus, persekutuan orang kudus, pengampunan dosa, kebangkitan daging dan hidup yang kekal. A m i n.

7. Bersediakah saudara dibaptis ke dalam Nama Tuhan yang saudara percayai ?
Jika demikian, jawablah dengan: ""YA SAYA BERSEDIA"".
PEMBAPTISAN :
............................... , Aku membaptiskan engkau ke dalam Nama Allah Bapa, dan ke dalam Nama AnakNya, Tuhan kita Yesus Kristus, dan ke dalam Nama Roh Kudus. A m i n.
BERKAT BAPTISAN :
Tuhan memelihara engkau pada saat engkau memasuki KerajaanNya, selama-lamanya. A m i n .
D O A :
Ya Tuhan Allah Bapa kami yang Maha Pengasih ! Kami bersyukur kepadaMu hari ini, karena Engkau telah menerima saudara-saudara kami ini menjadi anak-anakMu, melalui baptisan Kudus.
Kasihanilah saudara-saudara kami ini, teguhkanlah imannya, agar perilaku mereka memuji namaMu yang Kudus, agar jangan dia (seorangpun dari antara mereka) binasa, tetapi beroleh hidup yang kekal dalam Tuhan Yesus Kristus, Tuhan kami.
A m i n .

NYANYIAN BERSAMA : No...........
Bapa kami yang ada di surga,
dikuduskanlah namaMu,
datanglah kerajaanMu,
jadilah kehendakMu di bumi seperti di surga.
Berikanlah kami pada hari ini, makanan kami yang secukupnya dan
ampunilah kami akan kesalahan kami,
seperti kami juga mengampuni orang yang bersalah kepada kami.
Dan janganlah membawa kami ke dalam pencobaan,
tetapi lepaskanlah kami daripada yang jahat.
Karena Engkaulah yang empunya Kerajaan dan Kuasa dan Kemuliaan sampai selama-lamanya. A m i n .
B E R K A T :

VI. TATA KEBAKTIAN PENEGUHAN SIDI
NYANYIAN BERSAMA : No.........
PELAYAN LITURGI :
Di dalam Nama Allah Bapa, Anak dan Roh Kudus. A m i n .
Saudara-saudara orang tua dari anak-anak yang hendak disidikan hari ini. Saudara menyaksikan anakanakmu berdiri di sini.
Sudah selayaknyalah saudara menaikkan puji syukur kepada Tuhan atas berkat karuniaNya yang dilimpahkanNya selama ini, menyertai kehidupan mereka sehingga sempat menerima Firman Allah serta mengetahui jalan kehidupan. Namun demikian hendaklah saudara mengingat dan merenungkan perlakuan saudara terhadap anak-anakmu ini; karena mereka ingin dikaruniakan Allah bukanlah untuk sekedar menemani saudara di dalam tugas dan kehidupan keluarga saja, melainkan supaya saudara membimbing dan mengajar mereka untuk mengikuti Firman Tuhan. Apakah saudara senantiasa mendoakan mereka agar jangan binasa ?
Dengan menyadari semuanya itu patutlah saudara merendahkan diri dan memohon pengampunan dosa dari Tuhan.
PELAYAN LITURGI :
Marilah kita berdoa !
Ya Bapa kami, Bapa dari segala bapa baik yang di surga maupun di dunia. Dengarlah doa kami ini, terimalah anak-anak ini menjadi anak-anakMu. Kasihanilah mereka dan curahkanlah Roh Kudus kepada mereka agar mereka menjadi murid-muridMu yang setia sampai selama-lamanya.
Ampunilah kami atas segala kelengahan kami mendidik mereka.
Janganlah biarkan mereka tersandung hingga binasa karena perlakuan kami.
Kasihanilah anak-anak ini yang kami serahkan ke padaMu dalam Yesus Kristus Tuhan kami.
A m i n.

NYANYIAN BERSAMA : No............
PELAYAN LlTURGI :
Saudara-saudara yang dikasihi Tuhan !
Kini saudara berdiri di hadapan Allah yang mengetahui segala apa yang terkandung di dalam hati saudara, dan di hadapan Jemaat ini.
Saudara telah mengetahui apa yang sesuai dan yang bertentangan dengan kehendak Allah, sehingga tak mungkin lagi engkau berdalih di hadapan pengadilan Tuhan kelak. Jikalau saudara merenungkan segala kasih karunia Tuhan yang saudara terima selama ini, patutlah saudara mengucap syukur kepadaNya.
Dan jika saudara mengingat perlakuanmu vang tidak baik selama ini yaitu; sikap yang tidak baik terhadap orang tua dan segala dosamu, seharusnyalah saudara malu dan menyesal.
Datanglah kepada Yesus agar Ia menguduskan saudara dengan darahNya, yang dicurahkan bagi orangorang berdosa yang mengaku segala dosanya. Sebab itu bertobatlah dan mulailah kehidupan yang baru sejak hari ini, agar engkau berjalan menuju kehidupan yang kekal.
Sekarang jawablah pertanyaan-pertanyaan ini di hadapan Tuhan dan JemaatNya yang berkumpul disini.
1. Apakah saudara mengaku bahwa Firman Allah yang telah saudara pelajari selama ini, adalah satusatunya jalan menuju kehidupan yang kekal ?
Jawab: YA, SAYA MENGAKU.
2. Bersediakah saudara dengan segenap hati meninggalkan segala dosa, dan bersediakah saudara seterusnya menaati Firman Allah sampai pada akhir hidupmu ?
Jawab : YA, SA YA BERSEDIA.
3. Bersediakah saudara menghayati iman kepercayaan yang benar itu yang disaksikan Jemaat Kristen Protestan, sebagaimana terdapat di dalam Perjanjian Lama dan Perjanjian Baru ?
Jawab: YA, SAYA BERSEDIA.

Jadi, Saudara-saudara berjanji dengan Tuhan Yang Maha Kudus di hadapan JemaatNya; hendaklah saudara setia menaati semuanya dan jangan mengingkarinya, agar imanmu semakin teguh.
NYANYIAN BERSAMA : No...........
D O A :
Ya Bapa dan Allah kami. Berilah kami Roh Kudus dalam Yesus Kristus. Kami mempersembahkan hidup kami bagi Tuhan untuk selama-lamanya.
Suratkan dan meteraikanlah semua yang telah kami janjikan.
Sempurnakanlah pekerjaan yang Tuhan telah mulai di dalam hati dan jiwa kami. Peliharalah kami senantiasa, agar jangan ada seorang pun dari antara kami yang binasa. Bimbing dan tuntunlah kami untuk memperoleh kehidupan yang kekal dalam diri anakMu Yesus Kristus Tuhan kami. A m i n .
Sekarang; ikrarkanlah iman kepercayaan kita !
Aku percaya ..........dst.

NYANYIAN BERSAMA : No..............

B E R K A T :
Nama, ...............................
Nats Alkitab bagi saudara, ...........................
Terimalah berkat Tuhan, Allah bapa kita dan AnakNya Tuhan Yesus Kristus dan Roh Kudus. Dialah yang menyertai saudara untuk melawan segala yang jahat dan menguatkan saudara untuk melakukan segala yang baik. A m in.
PELAYAN LITURGI :
Saudara-saudara yang dikasihi Allah, kini saudara sudah menjadi teman sesama untuk menerima Perjamuan Kudus. Kamu ditebus dengan harga yang mahal. Jangan lagi memperhambakan dirimu kepada dosa dan iblis. Tuhan menyertai saudara melawan si jahat asalkan tetap yakin dan percaya kepadaNya Dan Ia menuntun saudara untuk masuk ke dalam Kerajaan Surga.

PELAYAN LITURGI :
Marilah kita berdoa !
Bapa kami yang di surga ! Kasihanilah mereka yang kami serahkan kepadaMu. Peliharalah mereka dalam Roh Kudus. Teguhkanlah mereka di dalam janji yang telah mereka ikrarkan. Kuduskanlah mereka di dalam FirmanMu, agar iman mereka menjadi nyata melalui perbuatan-perbuatannya yang baik. A m i n .
Bapa kami yang di surga............dst.
B E R K A T :
Kasih karunia Tuhan Yesus Kristus, dan Kasih Allah, dan persekutuan Roh Kudus menyertai kamu sekalian !
NYANYIAN BERSAMA : No.................

VII. TATA KEBAKTIAN PEMBERKATAN NIKAH (PERKAWINAN)
NYANYIAN BERSAMA : No..............
Dalam Nama Allah Bapa, Anak dan Roh Kudus. A m i n .
D O A :
Ya Tuhan Allah kami yang di surga, Engkaulah yang menetapkan perkawinan itu. Engkau melihat kedua saudara kami ini, yang bermaksud melangsungkan perkawinan mereka. Mereka datang memohon berkatMu. Sertai dan berkatilah mereka dengan Kasih sayangMu. Isilah kehidupan mereka dengan Roh Kudus, agar perkawinan mereka ini senantiasa penuh damai dari permulaan hingga akhirnya. Dengarlah doa dan permohonan kami ini karena Kasih sayangMu kepada kami. A m i n.
K H O T B A H :
Saudara-saudara yang dikasihi Allah: Saudara-saudara bermaksud akan melaksanakan perkawinan (tetapi sebagai orang Kristen saudara tidak layak melangsungkannya seperti cara perkawinan orang kafir).
Sebab itu, dengarlah Firman Allah tentang dasar perkawinan orang Kristen: Setelah Allah menjadikan manusia, berfirmanlah Dia: ""Tidak baik kalau manusia itu seorang diri saja. Aku akan menjadikan penolong bagi dia, yang sepadan dengan dia"".
Selanjutnya Tuhan Yesus mengatakan: ""Barangsiapa menceraikan isterinya, kecuali karena zinah, dia berbuat zinah"". Dan barangsiapa mengambil wanita yang meninggalkan suaminya kecuali karena zinah, dia berbuat zinah juga"". Oleh sebab itu, yang telah dipersatukan oleh Allah, tidiak boleh diceraikan oleh manusia.
Demikian firman Allah kepada laki-laki: ""Hai suami, kasihilah isterimu sebagaimana Kristus telah mengasihi Jemaat telah menyerahkan diriNya baginya. ""Jangan marah kepada mereka, tetapi perlakokanlah mereka dengan penuh cinta kasih. Hormatilah mereka sebagaimana pewaris kehidupan yang kekal.
Selanjutnya demikian firman Tuhan kepada wanita : ""Hai isteri, tunduklah kepada suamimu seperti kepada Tuhan, karena suami adalah kepala bagi isteri sama seperti Kristus adalah kepala Jemaat"". Hendaklah perilaku isteri itu tulus, sopan, lemah lembut dan penuh kedamaian. Perilaku seperti itulah yang dikehendaki Tuhan dan sesama manusia. Karena itu, hendaklah kamu menjadi pelaku Firman Tuhan: Penuh cinta kasih, keramahan, dan kerendahan hati. Hendaklah kamu saling membangun dan saling mengasihi ! Jauhkanlah kegeraman, kemarahan, pertikaian dan fitnah. Tetapi yang terutama hendaklah kamu saling mengasIhi sebab kasih itulah ikatan yang paling sempurna. Dan biarlah damai yang dari pada Allah menguasai hatimu. Segala sesuatu yang kamu lakukan dengan perkatsan atau perbuatan, lakukanlah semuanya itu dalam nama Tuhan Yesus, supaya Dia yang menguasai hati dan pekerjaanmu.
Saudara telah mendengar Firman Tuhan tentang dasar perkawinan orang Kristen.
Sekarang saya bertanya kepada pengantin pria ........................... Bersediakah saudara di hadapan Allah yang Mahatau dan di hadapan Jemaat yang berkumpul di sini menyaksikan bahwa saudara menghendaki menjadi isterimu ?
Bersediakah saudara mengasihi dia dengan segenap hati dan berboat dengan segala kekuatanmu, dan bersediakah saudara bersamasama dengan dia melakukan kehidupan yang kudus ? Bersediakah saudara untuk mengerti dan menanggung kelemahannya yang ada, dan maukah saudara berjanji bawa saudara tidak akan menceraikan dia sampai kematian akan menceraikan kamu kelak ?

Apabila saudara menerima semuanya itu dengan hati yang ikhlas, jawablah dengan YA.

Jawab : YA

Kini saya bertanya kepada pengantin perempuan: .........................yang telah dipilih saudara .............................menjadi teman hidupnya.

Bersediakah saudara di hadapan Allah yang Mahatau dan di hadapan Jemaat yang berkumpul di sini menyaksikan bahwa saudara menghendaki.........................menjadi suamimu ?
Bersediakah saudara mengasihi dia dengan segenap hatimu dan berbuat dengan segala kekuatanmu, dan bersediakah saudara bersama-sama dengan dia melakukan kehidupan yang kudus ? Bersediakah saudara untuk mengerti dia, dan maukan saudara berjanji bahwa saudara tidak akan menceraikan atau meninggalkan dia sampai kematian akan menceraikan kamu kelak ? Apabila saudara menerima semuanya itu dengan hati yang ikhlas jawablah dengan Ya.

Jawab : Y A.
Sekarang saya memintakan saudara berjabatan tangan sebagai tanda perjanjian saudara.

BERKAT PERKAWINAN :
Saya adalah hamba Tuhan, yang memberitakan FirmanNya kepada saudara, Dengan Nama Allah Bapa, dan Nama AnakNya Tuhan Yesus Kristus dan Nama Roh Kudus, saya mengatakan: Yang dipersatukan oleh Tuhan tidak dapat diceraikan oleh manusia. A m i n.
( kedua mempelai berlutut )
B E R K A T :
Terimalah berkat karunia Tuhan Allah !
Tuhan memberkati engkau dan melindungi engkau,
Tuhan menyinari engkau dengan wajahNya dan memberi engkau Kasih karunia.
Tuhan menghadapkan wajahNya kepadamu dan memberi engkau damai
sejahtera. A m i n .

NYANYIAN BERSAMA : No.....................
D O A : Bapa kami yang di surga dst.
B E R K A T :
Kasih karunia Tuhan Yesus Kristus, dan Kasih Allah, dan persekutuan Roh Kudus menyertai kamu sekalian !
NYANYIAN BERSAMA : No................

VIII. TATA KEBAKTIAN PERSIAPAN PERJAMUAN KUDUS
NYANYIAN BERSAMA : No............
( Nyanyian yang sesuai dengan Pengakuan dosa )
Kasih karunia dan damai sejahtera dari Allah, Bapa kita, dan dari Tuhan kita Yesus Kristus menyertai kamu.
D O A :
K H O T B A H :
NASIHAT PERSIAPAN O
OLEH PENDETA :
Jemaat yang dikasihi Allah ! Kita bermaksud akan merayakan Perjamuan Kudus. Sehubungan dengan itu, saya mengajak saudara-saudara untuk merenungkan apakah kita layak menerima Perjamuan Kudus tersebut. Sebab Firman Allah mengatakan, ''Setiap orang, sebelum menerima Perjamuan Kudus itu hendaklah meneliti dirinya, apakah dia layak menerimanya. Sebab barangsiapa menerima Perjamuan Kudus dengan cara yang tidak layak, dia rnendatangkan hukuman untuk dirinya sendiri, sebab dengan demikian sudah menganggap enteng tubuh Kristus. karena itu periksalah dirimu masing-masing, apakah kamu telah memiliki apa yang diharapkan Tuhan Yesus. Sebab mereka yang rendah diri dan yang menyesali segala perbuatannya yang tidak baik, yang mengakui dosanya dan mereka yang meyakini keampuan dosanya, yang diberikan Tuhan Yesus, hanya merekalah yang layak menerima Perjamuan Kudus itu. Hendaklah kamu merenungkan Firman yang dikatakan Tuhan Yesus: Kasihilah Tuhan Allahmu, dengan segenap hati mu dan dengan segenap jiwamu dan dengan segenap akal budimu, itulah hukum yang pertama dan terutama. Dan hukum yang kedua yang sama dengan itu adalah: Kasihilah sesamamu manusia seperti dirimu sendiri.
Apabila engkau mencerminkan jiwa dan kelakuanmu kepada hukum tadi, maka engkau akan mengaku, bahwa engkau adalah orang berdosa, karena melanggar hukum Tuhan melalui perkataan dan perbuatan. Dengan keadaan seperti itu janganlah mendekati Perjamnan Kudus, sebab Perjamuan itu Kudus adanya. Ingatlah akan kata-kata ini: Allah mengenal miliknya, barangsiapa yang menyebut Nama Tuhan haruslah dia menjauhkan diri dari segala kejahatan. Jangan sesat, karena Allah tidak mau dihajat. Barangsiapa tidak percaya kepada Tuhan Yesus, dan tidak menerima penebusanNya, melainkan masih melakukan dosa, lebih baik dia tidak mengikuti Perjamuan kudus, sebab Perjamnan Kudus itu akan mendatangkan hukuman kepadanya. Tetapi, barangsiapa yang menyesali dosanya, dan yang rindu akan pengasIhan Allah di dalam Yesus Kristus dan yang memohon kekuatan dari Roh Kudus agar dia semakin tahir dari dosa, maka dia boleh yakin bahwa dosanya sudah diampuni karena penebusan Tuhan Yesus Kristus. Perjamuan Kudus itulah yang memeteraikannya ke dalam hatimu.
Allah di dalam Yesus Kristus dan yang memohon kekuatan dari Roh Kudus agar dia semakin tahir dari dosa, maka dia boleh yakin bahwa dosanya sudah diampuni karena penebusan Tuhan Yesus Kristus. Perjamuan Kudus itulah yang memeteraikannya ke dalam hati mu.

Marilah kita memeriksa diri kita masing-masing dan jawablah pertanyaan ini:
1. Apakah engkau mengaku bahwa engkau adalah orang berdosa sejak engkau lahir dan oleh karena pelanggaran-pelanggaran yang engkau lakukan atas Hukum Tuhan ?
Jika demikian jawablah dengan; YA !
2. Apakah engkau mengaku bahwa engkau patut kena Hukum Allah karena dosamu, baik sekarang demikian juga pada waktu mendatang ?
Jika demikian jawablah dengan: YA !
3. Apakah engkau menyesali dosamu dan engkau mengharapkan kelepasan dari padanya ?
Jika demikian jawablah dengan:YA !
4. Apakah engkau mengaku bahwa Tuhan Yesus datang ke dunia ini untuk menyelamatkan orang berdosa ? Dia telah mati karena dosamu dan bangkit kembali dari antara orang mati ?
Jika demikian, jawablah dengan: YA !

5. Maukah engkau meninggalkan kedengkian dan kebencian dan apakah engkau mau berdamai dengan orang yang berdosa kepadamu, apakah engkau mau mengampuninya seperti engkau mengharapkan Allah akan mengampuni dosamu ?
Jika demikian, jawablah dengan: YA !
6. Apakah engkau akan berusaha melawan dosa, dan menuruti Firman Tuhan dengan segenap hatimu ?
Jika demikian, jawablah dengan: YA ! 21
Marilah kita merendahkan diri dan mengakni dosa kita masing-masing. Ikutilah doa ini dalam hatimu !
Ya Tuhan Allah, Bapa yang kudus, yang berada di surga, tapi juga rela besama-sama orang yang rendah hati dan yang menyesali dosanya. Engkau adalah Tuhan yang Maha Pengasih ! Kami adalah orang yang hina dan berdosa, karena kami sering melanggar HukumMu. Jika Engkau membalaskan kepada kami segala dosa kami, maka kami akan binasa sekarang dan pada masa yang akan datang. Tuhan, kasihanilah kami. Ampunilah dosa-dosa kami. Sucikanlah hati kami yang telah cemar karena dosa dan pelanggaran-pelanggaran kami. Jadikanlah hati kami tahir, dan perbaharuilah batin kami dengan roh yang teguh. Berikanlah Roh Kudus agar kami semakin menghindari dosa dan perilaku kehidupan kami semakin kudus. Biarlah kami semakin yakin akan Penebusan AnakMu Tuhan Yesus Kristus Tuhan kami. A m i n .
Dengarlah penghiburan dari Firman Allah: Karena begitu besar kasih Allah akan dunia ini, sehingga Ia telah mengaruniakan AnakNya yang Tunggal, supaya setiap orang yang percaya kepadaNya tidak binasa, melainkan beroleh hidup yang kekal.
Selaku hamba Tuhan aku menyatakan atas NamaNya, Yakinlah: Kamu akan menerima seperti apa yang kamu percayai. Yakinlah, dosamu telah diampuni dan kamu telah menjadi pewaris atas setiap pengasihan Tuhan Yesus Kristus. Sebab itu setiap orang yang merindukan keampunan dosanya hendaklah dia menjawab dengan: Amin.
Jawabnya: A m i n !
NYANYIAN BERSAMA : No...............
B E R K A T :
Anugerah Tuhan Yesus Kristus dan Kasih Allah Bapa dan persekutuan Roh Kudus kiranya beserta dengan kamu sekalian. A m i n.
IX. TATA KEBAKTIAN PERJAMUAN KUDUS
BERSAMA DENGAN PERSIAPANNYA
NYANYIAN BERSAMA : No.............
BE R K A T :
Damai sejahtera Allah yang melampaui segala akal, akan memelihara hati dan pikiranmu dalam Kristus Yesus. A m i n.
Marilah kita berdoa :
Ya Tuhan Allah yang Mahamurah, Bapa kami yang ada di surga. Hadirlah di tengah-tengah kami. Pada waktu kami menerima PerjamuanMu yang kodus itu, berikanlah Roh Kudus kepada kami masing-masing, agar kami percaya kepada AnakMu Yesus Kristus Penebus kami. Tolonglah kami untuk menyangkal diri kami, agar kami dapat mengikuti Tuhan Yesus Kristus, dan iman kami semakin hidup dan kuat. Gerakkanlah hati kami agar selalu merindukan kedatanganMu yang keduakalinya. A m i n .
Jemaat yang dikasihi Allah, kita bermaksud untuk menerima Perjamuan Kudus. Oleh karena itu kita perlu meneliti diri kita, apakah kita layak menerima Perjamuan Kudus itu supaya tidak seorang pun dari antara kita yang kena Hukuman Allah.
Sebab mereka yang layak menerima Perjamuan Kudus itu hanyalah orang yang menyesali segala perbuatannya yang jahat, dan yang mengaku dosa-dosanya, dan yang yakin akan keampunan dosa yang dianugerahkan Tuhan Yesus Kristus. Dan mereka yang menerima Perjamuan Kudus itu, hendaknya jangan lagi melayani iblis, dan harus menghindari dosa. Jauhkanlah dirimu daripada hal-hal yang jahat, dari iri hati dan kebencian. Tetapi hendaklah kamu selalu merenungkan Tuhan Yesus Kristus yang telah mati dan bangkit kembali, supaya kamu layak menerima Perjamnan Kudus itu.
Karena itu marilah kita meneliti diri kita masing-masing, jawablah pertanyean-pertanyaan ini
( Jemaat dipersilahkan berdiri ):
1. Apakah engkau mengakui, bahwa engkau adalah orang berdosa sejak engkau lahir dan karena pelanggaran-pelanggaranmu sendiri atas Hukom Allah ?
Jika demikian, Jawablah: YA !
2. Apakah engkau menyesali dosa-dosamu dan engkau merindukan keampunannya ? Jika demikian, Jawablah dengan: YA !
3. Apakah engkau mengakui bahwa Tuhan Yesus telah datang ke dunia ini untuk menyelamatkan orang berdosa; Dia yang telah mati dan bangkit kembali untuk menanggung dan menghapuskan dosamu ?
Jika demikian, Jawablah dengan: YA !
4. Apakah engkau mau menjauhkan dirimu dari kebencian dan kedengkian ? Seterusnya, apakah engkau mau berdamai dengan orang yang menyakiti hatimu dan mau mengampuninya sebagaimana engkau mengharapkan Allah akan mengampuni dosamu ?
Jika demikian, Jawablah dengan: YA !
Sekarang, marilah kita merendahkan diri serta mengaku dosa-dosa kita. Ikutilah doa ini dalam hati !
Ya Tuhan Allah, Bapa kami dalam Tuhan Yesus Kristus ! Kami adalah orang berdosa. Kami sering melanggar hukumMu. Jika Engkau membalaskan kejahatan kami, maka kami sepantasnya menerima hukumanMu. Tetapi karena kasih setiaMu dan karena Yesus Kristus AnakMu yang telah diserahkan karena dosa kami, kami berani datang memohon kepadaMu: Kasihanilah kami, terimalah kami, ampunilah dosa-dosa kami. Berikanlah kepada kami Roh yang Kudus agar kami beroleh kekuatan melawan sijahat dan melakukan perbuatan-perboatan yang sesuai dengan kehendakMu selama hidup kami. A m i n .
Saudara-saudara yang telah menyesali dosamu dan yang rindu akan pengasihan Allah, kiranya saudara menerima sesuai dengan kepercayaanmu, berdasarkan Firman Tuhan Yesus, Aku berkata kepadamu: Yakinlah, dosamu telah diantpuni, dengan Nama Allah Bapa, Anak dan Roh Kudus. A m i n .
( Hanya Pendeta ) :
Bapa kami yang di sorga................dst.
NYANYIAN BERSAMA : No.............
Sekarang, dengarkanlah amanat penetapan Perjamuan Kudus itu. Pada malam tatkala Yesus diserahkan, Yesus mengambil roti, dan setelah mengucapkan terima kasih, Dia memecah-mecahkannya lalu memberikannya kepada murid-muridNya sambil berkata: Ambillah, dan makanlah, inilah tubuhKu yang diserahkan karena kamu. Perbuatlah seperti ini menjadi peringatan akan Aku. Dan demikianlah Dia mengambil cawan itu sesudah makan lalu mengucap syukur dan berkata kepada mereka: ""Ambillah dan minumlah. Cawan ini adalah Perjanjian Baru dalam namaKu, yang ditumpahkan untuk keampunan dosamu. Perbuatlah seperti ini menjadi peringatan akan Aku"".
Sekarang marilah, semuanya telah tersedia ! Lihat dan nikmatilah pemberian Allah.
NYANYIAN BERSAMA : No..............
( sambil menerima Perjamnan )
Tuhan Yesus Kristus berkata: Ambillah dan makanlah ! Inilah tubuhKu yang diserahkan untuk menebus engkau. Itulah yang memelihara dan meneguhkan imanmu kepadaNya agar engkau menerima kehidupan yang kekal. A m i n .
Tuhan Yesus berkata: Ambillah dan minumlah. Inilah darahKu yang ditumpahkan menjadi keampunan dosamu. Itulah yang memelihara dan meneguhkan imanmu kepadaNya, agar engkau menerima hidup yang kekal. A m i n .
Pulanglah dengan sejahtera ! ! !
NYANYIAN BERSAMA : No............
( Nyanyian puji-pujian )
D O A :
""Pujilah Tuhan, hai jiwaku ! Pujilah NamaNya yang kudus hai segenap batinku ! Pujilah Tuhan hai jiwaku, dan janganlah lupakan segala kebaikanNya. Dia yang mengampuni segala kesalahanmu, yang menyembuhkan segala penyakitmu. Dan Dia yang menebusmu dari lubang kubur, yang memahkotai engkau dengan kasih setia dan rahmat. Tuhan adalah Penyayang dan Pengasih, panjang sabar dan berlimpah anugerah kasih setia. Tidak selalu Dia menuntut, dan tidak untuk selama-lamanya Dia mendendam. Tidak dilakukanNya kepada kita setimpal dengan dosa kita, dan tidak dibalaskanNya kepada kita setimpal dengan kesalahan kita. Seperti Bapak yang sayang akan anaknya, demikianlah Tuhan sayang kepada orang-orang yang takut akan Dia"" Allah telah menyatakan kasih sayangNya kepada kita orang-orang berdosa ini yaitu tatkala Kristus mati di kayu salib. Maka terlebih lagi pada waktu ini, setelah kita dibenarkan melalui darahNya. Sebab itu, mulutku dan jiwaku dan perbUatanku akan memuji Tuhan Allah sampai selama-lamanya. A m i n.
B E R K A T :
""Tuhan memberkati engkau dan melindungi engkau, Tuhan menyinari engkau dengan wajahNya dan memberi engkau Kasih karunia, Tuhan menghadapkan wajahNya kepadamu dan memberi engkau damai sejahtera"".
A m i n .
NYANYIAN BERSAMA : No...........",Religious,Ritual Text,http://setiamengasihi.blogspot.com/2018/04/agenda-batak.html.,,yes
mg_055,Agenda HKBP - 2,"X. Parpadanan na badia
A. DI GAREJA
Marende: ( Ende na tongon tu ulaon na badia ).
Asi ni roha ma di hamu dohot dame sian Debata Amanta dohot sian Tuhan Jesus Kristus.
Martangiang : ( Pondok sian roha ).
Marjamita: (Pondokpondok, alai ndang pola marjamita, molo naung marjamita patujolo hian, alai huhut marguru tu pingkiran ni pandita i ma).
Pandita mandok: Hamu angka na hinaholongan ni Tuhan Jesus Kristus ! Naeng panganonta nuaeng parpadanan na badia i, marningot tona ni Tuhan Jesus tu angka siseanNa. Dibahen i tapatangkas jolo rohanta, manang naung jumpang di hita, songon na pinangido ni Tuhan Jesus tu hita. Na mangapuli roha ni angka na mangarsakhon dohot na manopoti dosana do, umbahen dilehon Tuhan Jesus parpadanan na badia i, asa lam togu haporseaonta tu Ibana; angkup ni i asa lam torang parningotanta di Ibana, horhonon ni panganon na badia i. Ingkon ingotonta Tuhan Jesus, naung sinuru ni Ama i tu portibi on, naung mangusung dosanta, naung manggarar utangta, asa malua hita sian saluhut jea. Tuhan Jesus do singkatta mangulahon saluhut Patik ni Debata, asa dapotan hatigoran hita. Nunga sesa dosanta, nunga mardenggan hita tu Debata. I ma na nilehonNa jala na sinahaphonNa tu rohanta, umbahen na dipatupa Tuhan Jesus parpadanan na badia i. Dibahen i ganup na manganhon sagusagu i dohot na manginum sian panginuman na sasada i, partohap do ibana di daging dohot mudar ni Tuhan Jesus, asa saor hita tu Tuhan Jesus, lapatanna: Ibana di bagasan hita jala hita di bagasan Ibana. Dibahen i tongtong ma taingot Tuhan Jesus jala tajamitahon hamamateNa, paboa naung diparhatutu rohanta: Tuhan Jesus mate ala ni dosanta jala mulak mangolu, asa dapotan hatigoran hita.
Molo dung tajalo annon apulapul dohot pasupasu sian Debata, italehon ma rohanta dohot dagingta tu Ibana, asa Ibana nampuna hita. Tongtong ma taihuthon Tuhan Jesus, itaoloi ma HataNa jala lam badia ma parangenta, paboa mauliate rohanta di Ibana. Angkup ni i lam marsada ni roha, lam masihaholongan, lam masiurupan ma hita sama hita, songon na tama di Huria ni Tuhan Jesus. Ai Tuhan Jesus do Ulunta, angka ruasNa do hita. Dilehon Tuhan Jesus do Patik tu hita, i ma patik holong ni roha, jala didok: Sian on ma botoon ni saluhut halak, hamu siseanHu: Molo masihaholongan hamu sama hamu.
Antong tapaunduk ma rohanta di jolo ni Debata.
Martangiang ma hita !

Ale Tuhan Debata, Parasi na sumurung, Amanami na di banua ginjang !
Asi rohaM, topot ma hami na pungu dison ! Andorang hupangan hami annon parpadanan na badia i, lehon ma Tondi Parbadia tu ganup hami, asa ditubuhon haporseaon na mangolu di hami, asa pos situtu rohanami di AnakMu Tuhan Jesus Kristus na humophop hami dohot manesa dosanami. Nunga dilehon Ho AnakMu Tuhan Jesus i tu hamatean, ala ni hami on. Sai lehon ma hami tu Ibana, asa saor hami dohot Ibana. Ala ni i do umbahen ro hami tuson, asa hujalo hami daging dohot mudar ni Tuhan Jesus i marhite sian panganon na badia i. Patongtong ma rohanami mangkaposi i, asa pos rohanami mangalehon dirinami tu Tuhan Jesus, ai Ibana do haporusannami, hangoluannami. Sai apuli ma rohanami na loja jala na sorat di hasiangan on, asa benget rohanami manaonnaon, nang adong haporsuhon sitaononnami ala ni Ho. Pargogoi ma hami mansoadahon dirinami, asa tarihuthon hami Tuhan Jesus Tuhannami, jala asa hubaritahon hami GoarNa na badia i. Sai taiti rohanami, asa lam malungun hami tu banua ginjang, asa sai masihol hami paimahon haroro ni Tuhan Jesus, na paubahon dagingnami, na olo mate jala na lea i, asa doshon dagingNa na sangap i dagingnami on di haheheon sogot. Amen.
Ale Amanami na di banua ginjang ! d. u.
Antong martangiang ma hamu di bagasan roha huhut tumangihon tona ni Tuhan Jesus laho padirihon parpadanan na badia i:
Dibuat Tuhan Jesus Kristus ma sagusagu borngin i, uju tarjehe Ibana didok ma mauliate, dung i diponggoli ma i, diparlehon ma i tu angka siseanNa, huhut ma didok: Jalo hamu ma, jela pangan ma, dagingKu do i, na nilehon tu hamatean humophop hamu. Bahen hamu ma songon i bahen parningotanmuna di Ahu. Jadi dung sun nasida mangan, dibuat ma panginuman i didok ma mauliate, dung i didok ma tu nasida: Jalo hamu ma, sude hamu manginum sian i. Ia panginuman on, padan na imbaru ma on marhitehite mudarHu, na niusehon humophop hamu bahen hasesaan ni dosa. Sai bahen hamu ma songon i bahen parningotanmuna di Ahu.
Antong ro ma hamu, nunga rade sude, dai jala ida hamu ma denggan basa ni Tuhan i, martua ma manang ise na marhaposan tu Ibana.
(Diendehon Huria i ma angka ende na tongon tu ulaon na badia, andorang manjalo panganon na badia i, angka dongan i).
Didok Tuhan Jesus Kristus: Jalo hamu ma on, jala pangan ma ! DagingKu do i na nilehon tu hamatean humophop hamu. I ma mangaramoti jala pahothon rohamuna marhaporseaon di Ibana, asa di hamu hangoluan na so ra suda. Amen.

Didok Tuhan Jesus Kristus: Jalo hamu ma on, jala inum sian i ! MudarHu do, i, na niusehon humophop hamu bahen hasesaan ni dosamuna. I ma mangaramoti jala pahothon rohamuna marhaporseaon di Ibana, asa di hamu hangoluan na so ra suda. Amen.
Marende:
Martangiang ma hita mamuji Debata:
Puji ma Tuhan Debata, ale tondingku, jala nasa rohangku di bagasan mamuji GoarNa na badia i. Puji ma Tuhan Debata, ale tondinku, jala sai unang halupahon denggan ni basaNa saluhutna. Ibana do manesa dosam sudena, jala Ibana pamalum angka sahitmu sudena. Ibana paluahon hosam sian hamagoan jala dilehon tu ho denggan basaNa dohot asi ni rohaNa. Parasiroha jala Pardengganbasa do Tuhan Debata, lambat tarrimas jala Parasiroha godang. Ndang dibahen tu hita na hombar tu dosanta jala ndang dibaloshon tu hita na hombar tu hajahatonta. Songon asi ni roha ni amaama tu angka anakhonna do asi ni roha ni Debata di angka na mangkabiari Ibana. Nunga tangkas dipatuduhon Debata holong ni rohaNa tu hita, di na mate i Kristus humophop hita, uju pardosa dope hita. Antong nda lam malua ma hita nuaeng sian rimasNa, dung gabe parpintor hita hinorhon ni mudarNa i ! Dibahen i, sai pujion ni pamanganku dohot rohangku do Tuhan Debata olat ni on ro di saleleng ni lelengna. Amen.
Pasupasu:
Dipasupasu jala diramoti Tuhan Debata ma hamu ! Disondangkon Tuhan Debata ma bohiNa tu hamu jala sai asi ma rohana di hamu ! Sai didompakhon Tuhan Debata ma bohiNa tu hamu jala dipasaorhon ma dameNa tu tondimuna be ! Amen.
B. HUTA
Molo adong na marsahit pasang, na mangido sipanganon na badia i, lehonon do, molo na ringgas hian ibana marulaon na badia. On ma dohonon ni Pandita disi:
Marhitehite Goar ni Debata Ama, Anak dohot Tondi Parbadia. Amen.
Martangiang ma hita:
Ale Amanami na maringanan di banua ginjang ! Na sangap, na badia, huhut Parasiroha do Ho. Asi rohaM tatap ma hami, ai na marsak jala na loja do hami ala ni dosa dohot ala ni sitaonon di tano on. Na tunduk jala na bojok do rohanami nuaeng. Sai topot ma hami na pungu dison. Pasintong ma bagabagaM tu hami, hombar tu na nidokMi, ale Tuhan Jesus, Tuhannami: Manang di dia pungu dua manang tolu marhitehite GoarHu, di tongatonganasida do Ahu. Sai topot ma tongatonganami on jala pasaor ma TondiM tu hami, ale Tuhan Jesus Kristus Tuhannami. Amen.

DOHONON MA HATA SIPAINGOT TU NA MARSAHIT MANANG JINAHA HATA SIPAINGOT ON:
Songon on didok Tuhan Jesus: Ro ma hamu tu Ahu, hamu angka na loja jala na sorat, hupasonang pe hamu. Buat hamu ma augangKu tu hamu, guruhon hamu ma sian Ahu, ai na lambok do Ahu jala na serep marroha asa dapotan paradianan hasonangan tondimuna.
Ale dongan na hinaholongan ni Tuhan Jesus: Dipangido ho nuaeng manganhon parpadanan na badia i. Dibahen i paserep ma roham, topoti ma sude dosam tu Debata jala unang pangasahon burjum, asa tau ho manganhon sipanganon na badia on. Ai na mangapul na marsak roha jula na mangalehon gogo tu na loja do, umbahen na dilehon Tuhan Jesus sipanganon na badia i. Dibahen i molo marsak roham ala ni dosam, jala dilului ho hasesaan ni dosam, pos ma roham, jumpang ho do hasesaan ni dosam i, ai dohot do ho hinophop ni Tuhan Jesus. Ingot ma godang ni na porsuk, na tinaon ni Tuhan Jesus humophop ho, ala ni holong dohot asi ni rohaNa. Asi ni roha dohot hatigoran ni Tuhan Jesus, i ma pangasahon asa tongtong tiur di ho dalan tu banua ginjang. Dibahen i andorang dipangan ho sipanganon na badia i, pasahat ma dirim tu Tuhan Jesus, asa didongani jala diramoti Ibana ho jela asa dilehon Ibana Tondi Parbadia pasonangkon roham. Antong benget ma roham manaon na hansit, saleleng di tano on dope ho, ai doshon satongkin jala saotik do i martimbangkon hasonangan sogot. Jala molo naung mauliate roham di Tuhan Jesus songon na tama, unang ho marpandelean, unang marungutungut, ai gumodang do na tinaon ni Tuhan Jesus sian na tinaonmu. Gotaphon roham sian portibi on; sesa sian roham saluhut sala ni dongan na marsala tu ho, asa disesa Debata dosam na godang i. Ia tano on paradianan jala inganan satongkin do, ndang adong na hot dison. Di banua ginjang do inganan na sonang jela na hot ro di saleleng ni lelengna.
Paunduk ma roham di jolo ni Debata jala ihuthon hata ni tangiang on di bagasan roham.
Martangiang ma hita:
Ale Tuhan Debata, Amanami na di banua ginjang ! Parasi roha godang do Ho; ditangihon Ho do anggukangguk ni na dangol marparniahapan. Diida Ho sude na masa di ahu ! Na targogot situtu do rohangku ala ni bernit ni sahit, na hutaon nuaeng. Sai asi ma roham di ahu, ale Debatangku ! Sai sesa ma sude dosangku, sai unang tulakhon ahu sian joloM. Lehon ma gogo tu ahu, asa benget ahu manaon, manang sadia leleng nari pasombuonMu ahu di tano on. Pasabam ma rohangku, ai Ho do Sipangapul; TondiM na badia i ma manogu ahu di dalan sidalananku.

Sai unang alang asi ni rohaM di ahu, ai nunga dilehon Ho AnakMu Tuhan Jesus Kristus Tuhanku, humophop ahu, nunga diporsan Ibana sude dosangku, jala Ibana do hupangasahon. Ibana do hangoluanku ! Molo tung jouonMu nama ahu, sai asi ma rohaM, pamasuk ma ahu tu hasonangan saleleng ni lelengna ala ni Tuhan Jesus Kristus Tuhanku. Amen.
Antong na tutu do, disolsoli ho roham ala ni angka pambahenanmu, na so tama, jela diparhatopot ho sude dosam, jala dipangido ho asi ni roha ni Debata manesa dosam, jala pos do roham di Tuhan Jesus, na patupahon hasesasn ni dosam
Molo songon i roham, dok ma: Olo.
Alusna: Olo !
Antong nunga disolsoli ho roham ala ni pambahenanmu, angka na so tama, jala dipangido ho asi ni roha ni Debata manesa dosam, sai sahat ma tu ho na pinangidom. Mangasahon Goar ni Tuhan Jesus do hudok hata on: Pos ma roham, nunga sesa dosam !
Ale Amanami na di banua ginjang ! d. u.
Martangiang ma ho di bagasan roha huhut tangihon tona ni Tuhan Jesus laho padirihon parpadanan na badia i:
Dibuat Tuhan Jesus Kristus ma sagusagu borngin i, uju tarjehe Ibana, didok ma mauliate, dung i diponggoli ma i, diparlehon ma tu angka siseanNa huhut ma didok: Jalo hamu ma jala pangan ma, dagingKu do i, na nilehon tu hamatean humophop hamu. Bahen hamu ma songon i bahen parningotanmuna di Ahu. Jadi dung sun nasida mangan, dibuat ma panginuman i didok ma mauliate, dung i didok ma tu nasida: Jalo hamu ma, sude hamu manginum sian i. Ia panginuman on, padan na imbaru ma on marhitehite mudarHu, na niusehon humophop hamu bahen hasesaan ni dosa. Sai bahen hamu ma songon i bahen parningotanmuna di Ahu.
Nilehon ma sipanganon na badia i tu na marsahit i.
Didok Tuhan Jesus Kristus: Jalo ma on jala pangan ma: DagingKu do i, na nilehon tu hamatean humophop ho. I ma mangaramoti jala pahothon roham marhaporseaon di Ibana, asa di ho hangoluan na so ra suda. Amen.
Didok Tuhan Jesus Kristus: Jalo ma on jala inum sian i: MudarHu do i, na niusehon humophop ho bahen hasesaan ni dosam. I ma mangaramoti jala pahothon roham marhaporseaon di Ibana, asa di ho hangoluan na so ra suda. Amen.

Antong, itadok ma mauliate tu Debata, ihuthon ma hata on di bagasan roham:
Dipuji tondingku do Ho, ale Tuhan Debata, ala dilehon Ho tu ahu arta na sumurung i na sian banua ginjang marhitehite Tuhan Jesus Kristus Tuhanku ! Dipuji tondingku do Ho, ale Tuhan Jesus, ala naung dipadomu Ho ahu tu Debata. Ndang be huhabiari hamatean, ai nunga monang ahu dibahen Ho, Sipangolu ahu. Na mangolu do Tuhan Jesus Tuhanku, ahu pe mangolu do, jala toguonNa do ahu tu hasonangan i. Asi ma rohaM di ahu, ale Debatangku ! Sai lehon Tondi Parbadia tu bagasan rohangku, asa lam togu haporseaonku, asa dibuhai rohangku manatap tu ujungna sogot, asa marpangkirimon na mangolu ahu, nang pe hutaon parsahitan. Nang pe mardalan ahu di rura nilinggoman ni hamatean, Debatangku do mandongani ahu dohot manogu ahu. Nang pe lam buruk jala tanggal daging on, paheheonNa do i songon Tuhan Jesus Tuhanku na pinaheheNa i. Dung i, dung mulak mangolu ahu, ingananku ma huta ni Debatangku ala ni Tuhan Jesus Kristus Tuhanku. Amen.
Pasupasu:
Dipasupasu jaIa diramoti Tuhan Debata ma ho ! Disondangkon Tuhan Debata ma bohiNa tu ho jala asi ma rohaNa di ho ! Sai didompakhon Tuhan Debata ma bohiNa tu ho jala dipasaorhon ma dameNa tu tondim ! Amen.

XI. Mananom na mate
A. NA MAGODANG
Marende: ( Pinillit ende na marhahonaan tu angka na mate ). Jinaha sada ayat: ( pinillit sada sian na tarsurat dison ).

Ahu do haheheon dohot hangoluan, ninna Tuhan Jesus, na mangolu do ganup na porsea di Ahu, atik pe mate ibana, jala ndang mate be ibana ro di saleleng ni lelengna. (Joh. 11, 25-26). Amen.

Manang: Nunga tarbondut hamatean tu bagasan hamonangan. Jo hamatean! Di dia do soropmi ? Jo naroko ! Di dia do hamonanganmi ? Alai dosa i do sorop ni hamatean. Dibahen i, mauliate ma rohanta tu Debata, na mangalehon hamonangan tu hita marhitehite Tuhan Jesus Kristus (1 Kor. 15, 55-57). Amen.

Martangiang: (Jinaha sada tangiang, pinillit sada sian na tarsurat dison).

Ale Tuhan Debata, Amanami na di banua ginjang ! Nunga dilehon Ho AnakMu Tuhan Jesus Kristus tu hamatean ala ni dosanami, jala dipangolu Ho do Ibana, asa dapotan hatigoran dohot hangoluan hami. Asi ma rohaM di hami. Sai ajari jala apuli ma hami, asa unang mandele hami, ala naung dijou Ho dongannami on. Patogu ma haporseaonnami jala pabenget ma rohanami mangkirim di hangoluan sogot, asa unang mangandungi hami, songon sipelebegu, na so marpangkirimon i. Sai taiti ma rohanami tu Ho, ai Ho do Sipangapul, jala Ho do haposannami. Na marsigantung tu Ho do hami sahat ro di hasusuda ni bohalnami. Amen.

Manang: Ale Tuhan Debata, Amanami na di banua ginjang ! Na so marmula, na so marujung do Ho, ai na so olo suda do angka taonMu, alai lam moru jala lam suda do bohalnami di tano on, jala hatop do hami laho salpu sian hasiangan on. Songon i nang dongannami on, naung jinouM i tu ari na so ra suda i, nunga salpu sude ngoluna di tano on, jala nunga ditinggalhon saluhut arta na olo buruk i. Sai paingot ma hami taringot tu hasusuda ni bohalnami, asa hobas hami laho masuk tu inganan na pinaradeM, jala asa unang tarsonggot hami, molo ro Ho manjou hami. Sai pahot ma haporseaonnami tu Ho, asa marhiras ni roha hami maninggalhon inganan pardangolan on. Angkup ni i apuli ma roha ni na marsak dison, i ma angka dongan ni na mate on, angka tondongna, angka alealena ro di sude angka na solhot tu ibana, asa unang mandele nasida ala ni sitaonon on. Sai taiti jala togu ma roha ni hami on tu Ho, asa lam malungun rohanami di inganan na sonang di lambungMu, ala ni AnakMu Tuhan Jesus Kristus Tuhannami. Amen.

Marjamita:

Molo so marjamita, jinaha sada turpuk sian Hata ni Debata, na marhahonaan tu angka na mate, dohot taringot tu haheheon ni daging sogot.

Marende :
Pasupasu : ( di na laho manutup batang ):

Dipasupasu Tuhan Debata ma ho laho ruar dohot laho bongot olat ni on ro di saleleng ni lelengna ! Amen.

B. DAKNANAK

Marende :

Ayat sidohonon disi: (pinillit sada sian na tarsurat dison):

Didok Tuhan Jesus: Loas hamu ma angka dakdanak i ro tu Ahu, unang orai hamu nasida, ai di angka na songon i do harajaon ni Debata. Amen.

Manang: Ai di banua ginjang do sambulonta, sian i do itapaimaima Tuhan Jesus Kristus, Sipangolu hita. Amen.

Tangiang: (pinillit sada sian na tarsurat dison):

a) Ale Tuhan Debata, Amanami na di banua ginjang ! Ho do Ama ni nasa na targoar Ama di banua ginjang dohot di tano on. Tibu do dialap Ho dakdanak on tu inganan hasonangan na di lambungMi, asa malua ibana sian pangunjunan, sian hajahaton dohot sian pardangolan na di hasiangan on. Asi ma roham, sai apuli ma angka na solhot tu ibana. Sai lehon tu nasida pangkirimon na mangolu, asa unang holan na di tano on dihirim nasida. Sai pangke ma habot ni rohanasida, asa rap nasida sogot dohot dakdanak on di hasonangan di lambungMi, ala ni AnakMu Tuhan Jesus Kristus Tuhannami. Amen.

b) Manang: Ale Tuhan Debata, Amanami na di banua ginjang ! Na denggan do sude sangkapMu dohot pambahenanMu sian nahinan ro di saleleng ni lelengna. Diida Ho do nuaeng hami dohot dongan angka na marsak roha dison, ala tibu dialap Ho dakdanak on. Sian Ho do dijalo nasida dakdanak on, dung i dibuat Ho i muse. Ala ni i rap hami nuaeng pasahathon i tu Ho, ai Ho do nampuna hami ro di sude anakhonnami. Sai apuli ma nasida saluhut, asa unang mandele jala unang mangandungi nasida songon sipelebegu. Sai pabotohon jala patorang tu nasida, na denggan do sude ujung ni pambahenanMu. Sai lehon ma haporseaon na mangolu di hami on, asa unduk jala benget hami manaon jala asa marhiras ni roha hami paimahon Tuhan Jesus Kristus Tuhannami. Amen.

c) Manang: Ale Tuhan Jesus, Anak ni Debata ! Ho do Tuhan jala aleale ni angka dakdanak. Mauliate hudok hami, ala dihophop jala dipamasuk Ho dakdanaknami tu HarajaonMu. Na pungu do hami nuaeng dison ala dialap Ho dakdanak on. Sai asi ma rohaM, apuli ma natorasna dohot angka sisolhotna, asa unang mandele nasida. Sai togu ma roha ni angka sisolhotna i, asa marhaposan tu Ho nasida. Pangke ma langka ni dakdanak on manogunogu angka sisolhotna i, asa lam malungun rohanasida tu banua ginjang. Sai sungguli haporseaonnami, asa tongtong huingot hami: Ndada na mago dakdanaknami, alai diramoti Ho do i paima pajumpang hami sogot di lambungMu. Amen.

Marjamita: (Molo so marjamita, jinaha sada turpuk sian Hata ni Debata, na marhahonaan tu angka na mate, dohot taringot tu haheheon ni daging sogot).

Marende:

Pasupasu: (di na laho manutup batang).

Dipasupasu Tuhan Debata ma ho laho ruar dohot laho bongot, olat ni on ro di saleleng ni lelengna ! Amen.

C. DI PARBANDAAN.

Dung tinantan batang i, dohonon ma:

Ale si Anu, sian tano do parmulaan ni dagingmu, mulak ma i gabe tano; alai Tuhan Debata na manompa ho, dohot Tuhan Jesus Kristus, na paluahon ho sian dosa, dohot Tondi Parbadia, na manjou ho tu hangoluan na so ra suda, i ma mangaramoti orbuk ni bangkem, paima ro ari parpudi ! Amen !

Marende :

Ayat sidohonon: (jinaha na tarsurat dison):

Martua do angka na mate marhitehite Tuhan i olat ni on. Olo, ninna Tondi i: asa maradian nasida sian angka ulaonna, ai na mangihut tu nasida do angka na niulanasida. Amen.

Manang: Ai apala Tuhan i ma na tuat sogot sian banua ginjang martoletole mardongan soara ni sintua ni surusuruan ni Debata dohot mardongan sarune ni Debata. Dung i hehe ma jumolo angka na mate, angka na marhitehite Kristus.

Martangiang:

Ale Tuhan Debata, Amanami na di banua ginjang ! Ho do Debata nampuna hami ro di sude ngolunami, sai lehon ma hiras ni roha di hami, asa marlas ni roha hami paimahon Tuhan Jesus Kristus Tuhannami. Sahat tu tanganMu ma tondinami dohot dagingnami, asa unang lilu hami di ujung ni ajalnami. Sai lehon tondiM i manogunogu hami, asa diramoti hami. Molo hubolus hami rura nilinggoman ni hamatean i. Asi ma rohaM, sai pamasuk ma hami sogot tu hasonangan na sun denggan i. Amen.

Ale Amanami na di banua ginjang ! d.u.

Marende:

Molo Pandita mananom: Asi ni roha ni Tuhanta Jesus Kristus dohot holong ni roha ni Debata Ama dohot parsaoran ni Tondi Parbadia i ma mandongani hamu! Amen.

XII. Pasahathon dongan tu uhuman Huria.

A. PANGUHU MON PARJOLO.

Hamu ale dongan, na hinaholongan ni Debata ! Diboto hamu do naung diose si Anu padan, na nioloanna tu Debata di na tardidi ibana, ai na mangulahon dosa na balga do ibana (goaron ma dosana i). Ala ni i umbahen hupasahat ibana tu uhuman Huria, ndang jadi dohot be ibana marulaon na badia, mangihuthon tona ni Tuhan Jesus Kristus na tinonahonNa i tu HuriaNa. Saleleng so dipauba ibana rohana, ndang jadi ibana dohot marulaon na badia. Na bali ma ibana dohot sian nasa tohonan na di bagasan Huria. Molo mate ibana, ndang jadi tanomon di tongatonga ni halak Kristen, ingkon tar tungkan suhi ni parbandaan do. Ndang udurhonon ni Pandita manang Guru ibana jala ndang endean ni anak sikola, jala ndang paluon giringgiring di na laho mananom. Ala ni i huapoi ma hamu saluhut, asa ditangiangkon hamu ibana, anggiat disolsoli rohana ala ni dosana i, jala dipauba rohana, jala dilului muse Tuhanta i, na marasi ni roha mida pardosa, na manolsoli rohana songon si Petrus. Ai ndang marlomo ni roha Debata mida hamagoan ni manang ise, alai dipangido rohaNa, paubaon ni pardosa rohana, asa mangolu ibana. Amen.

B. PANGUHUMON NA DOKDOK SITUTU

Hamu ale dongan, angka na pinarhamaol ni Debata ! Nunga jotjot tinaringotan tu hamu dosa dohot jat ni harohaon ni donganta si Anu, jala nunga jotjot pinaingot ibana jala tinangiangkon huhut, anggiat mulak nian rohana tu Debata, asa tanggal angka rante ni sibolis i sian tondina, gabe mangulahi rohana marparangehon na pinangido ni roha ni Debata. Alai atik pe songon i, ndang olo ibana paubahon rohana, baliksa lam dipatangkang do mandatdati manambai dosana. Atik pe pinaidaida ibana nasailaon, ndang tarjua hita be so pasahatonta ibana tu panguhumon na dokdok situtu mangIhuthon pandokhon ni Debata di bagasan HataNa, anggiat olo ibana manolsoli rohana, asa unang tubu parmaraan di hita, na sada daging, bahenon ni sada ruas na busuk, na so hadaonan i, asa unang targasip manang ise sian hita on maniru pambahenanna i jala unang marlea Goar ni Debata.

Antong ale angka dongan, na pungu do hita nuaeng dison ro di Guru dohot Sintua marhitehite Goar ni Tuhan Jesus Kristus. Marningot Hata ni Tuhan Jesus, na tinonahonNa di surat ni si Matheus bindu 18, na mandok: ""Situtu do na hudok on tu hamu, manang dia na pinahotmuna di tano on, naung hot do i nang di banua ginjang"". Pangkeonta ma huaso na pinasahatNa tu HuriaNa i. Sahat ma daging ni si Anu tu tangan ni sibolis na nioloanna i nasailaon; naung bali do ibana sian nasa parsaulian na di Huria ni Kristus, ndang be dohot ibana etongon partohap di angka ulaon na badia ro di angka pasupasu angka na pinarbagabagaNa jala na binasabasahonNa tu angka na porsea di Ibana, saleleng so olo ibana paubahon rohana. Asa ingkon songon halak sipelebegu nama ibana etongon ni rohamuna.

On pe, hamu ale angka dongan halak Kristen, unang be marparsaoran hamu tu ibana, anggiat olo maila jala anggiat olo mulak rohana tu bagasan; alai unang rajumi hamu ibana songon musu, paingot hamu ibana tagonan songon dongan na lilu.

Alai tama do manonditnondit roha ni hita on sudena marnida ibana, sai dihabiari rohanta ma Debata ! Manang ise pe hita on, ia didok rohana di bagasan na hot ibana jongjong, manatmanat ma ibana, asa unang tinggang ! Tagogo be ma pasaorhon rohanta tu roha ni Debata Ama dohot AnakNa Tuhan Jesus Kristus dohot tu dongan na porsea situtu, asa tung hot rohanta tongtong tu Tuhan i ro di ajalta be, asa maruli hita di hangoluan na so ra suda. Diida hamu ale dongan, pangalaho ni hamagoan ni donganta na hona uhum on, jolo sian na otik dipungka, gabe lam ganda di laonlaon ni ari. Matua songon i do angkal ni sibolis mangago manisia, mangela rohanasida, asa garis maradophon angka parhitean ni asi ni roha ni Debata na manogu jolma tu hasonangan nian. Asa ingkon dungo hita jumaga dirinta ro di urat ni dosa na di bagasan rohanta marningot hata ni Apostel na 'mandok: Itapeakhon ma saluhut na pasorathon hita dohot angka dosa i, na girgir mangkaliangi hita, marlojong ma hita marhitehite habengeton ni roha tu paraloan na diri di jolonta i, huhut mamereng dompak parmulaan dohot ujung ni haporseaonta i. Jaga ma rohamuna, dungo ma hamu jala martangiang, asa unang bongot hamu tu bagasan pangunjunan. Sadari on, molo dibege hamu Hata ni Tuhan i, unang papir hamu rohamu; mardongan biar dohot lomos ni roha ma ulahon hamu hangoluanmuna be. Disolsoli be ma rohana ala ni dosana, asa unang marsombusombu Debata di ibana, jala unang marsak rohanta muse mida manang ise sian hita on. Sai pasada hamu ma rohamuna marparangehon parange na hombar tu lomo ni roha ni Debata, asa tau tumpal halalas ni roha ni Tuhan Jesus hamu sogot. Antong Debata ma umpungka ulaon na denggan di bagasan hita, ro di hagiot ni rohanta, ro di ulaon saut, guru lomo ni rohaNa. Dibahen i itajou ma GoarNa na badia i huhut manopoti dosanta tu Ibana.

Martangiang ma hita:

Ale Tuhan Jahowa, Amanami na asi roha i ! Na bonar do Ho, pardosa ianggo hami. Alai husolsoli hami do rohanami ala ni i, jala diparhatopot rohanami do marnida dongannami naung hona uhum i, na tama do dohot hami on bali sian joloM ala ni godang ni dosanami, tung sura olo Ho mamaloshon tu hami na hombar tusi. Sai asi ma rohaM di hami, ale Tuhan Jahowa ala ni Tuhan Jesus Kristus Tuhannami, sai sesa ma dosanami sudena, ai marsak do rohanami ala ni i. Alai lehon ma Tondi Parbadia, asa tongtong dipaingot rohanami, asa lam dihabiari rohanami uhumMu, na madabu tu angka na tangkang marroha, jala asa lam margogo hami marparangehon parange lomo ni rohaM ! Padungo ma hami jumaga dirinami, asa unang dais tu hami dosa ni angka naung bali sian angka parsaulian di harajaonMu. Alai tahe, ndang lomo rohaM mate halak pardosa, dipauba nian rohana, asa mengolu ibana, i do na pinangido ni rohaM, asa tarbahensa mulak tu HuriaM. Antong pamalo jala paringgas ma rohanami mandabu sipaingot tu angka dongan nabali i, ja]a ajari ma hami marparangehon perange na tau tiruonnasida, anggiat manguna rohanasida mangulahi tu na denggan tu hangoluan i, sai tumpahi ma sipasingotnami tu rohana dohot tu roha ni halak nahumaliang hami, asa sumuang marlas ni roha hami mida ibana, na mangarsahi hami nasailaon, asa tarpuji dohot GoarMu marhitehite Tuhan Jesus Kristus Tuhannami, na mangajarhon tu hami mandok:

Ale Amanami na di banua ginjang ! d. u.

Pasupasu:

Dipasupasu jala diramoti Tuhan Debata ma hamu ! Disondangkon Tuhan Debata ma bohiNa tu hamu jala asi ma rohaNa di hamu ! Sai didompakhon Tuhan Debata ma bohiNa tu hamu, jala dipasaorhon ma dameNa tu tondimuna be ! Amen.

XIII. Paluahon angka na hona uhum parhuriaon

(Ia adong naung bali sian Huria naung pinareso ni Kerkeraad jaIa naung tiningtingkon di jolo ni Huria i, na tarsurat di toru ni on ma pangkeon laho manjangkon naung bali i tu Huria ).

Hamu ale angka dongan na hinaholongan ni Debata ! Jangkonon ma hamu sadari on gabe sumuang songon donganta hian. Las do roha ni Debata molo dung ditanda jolma dosana, ai didok Ibana do: Ndang lomo rohangKu mida hamatean ni parJahat i, dipauba ma nian rohana asa mangolu ibana.

Antong na manungkun ma ahu nuaeng di hamu, ale si Anu:

1. Diparhatutu hamu do dosamuna di jolo ni Debata dohot di jolo ni Huria na marpungu dison, jala na tarsolsol bagi do hamu ala ni na niulahonmuna najolo ? Molo songon i rohamuna, dok hamu ma: Olo.

2. Dipangido rohamuna nuaeng jangkonon hamu mulak tu Huria ni Kristus jala na olo do hamu tu joloan on marparangehon parange, na hombar tu Patik dohot Hata ni Debata ? Molo songon i rohamuna, dok hamu ma: Olo.

Antong mangasahon gogo ni Tuhan Jesus Kristus, na pinasahatNa tu HuriaNa i, jinangkon ma hamu sadari on sumuang tu Huria ni Kristus i, asa martohap hamu muse di Tuhan Jesus, ro di ulaon na badia, ro di sude pasupasu dohot asi ni roha ni Debata. Sai hot ma rohamuna marhaporseaon di Ibana ro di hasusuda ni bohalmuna. Sai dungo ma hamu tu joloan on maralohon angkal ni sibolis dohot roha sibuk dohot roha portibi on, asa unang talu be hamu di pangunjunan. Sai haholongi hamu ma Tuhan Jesus jala sai paingotingot hamu ma HataNa na denggan i, asa masuk hamu muse tu banua ginjang.

Tangiang:

Ale Tuhan Debata Amanami ! Mauliate ma rohanami tu Ho marhitehite AnakMu Tuhan Jesus Kristus, ala naung muba roha ni dongannami on jala mulak tu Ho. Las situtu rohanami ala ni i. Asi ma rohaM, lam panghilalahon ma godang ni holong ni rohaM tu nasida, asa lam ringgas rohanasida mangoloi HataM. Sai patongtong ma rohanasida mandalani dalan tu hangoluan. Alai patondithon ma tu roha ni hami on sude dokdok ni habalion sian joloM dohot sian tongatonga ni HuriaM, asa hot hami sude di bagasan tanganMu jala partohap di hangoluan sogot. Amen.

Ale Amanami d. u.

Pasu-pasu:

Marende:

XIV. Manjangkon Sintua

Marende:

Hamu ale angka dongan na saHuria on ! Diida hamu do nuaeng donganta na jongjong dison na itapillit bahen Sintua di tongatonganta. Naeng pangidoonnasida ma pasupasu sian Tuhanta i, asa margogo nasida mangulahon ulaonnasida.

Antong tabege ma jolo pangarimpunan ni ulaon ni Sintua.

1. Pangula ni Huria do nasida mamatamatahon dongan angka na pinasahat tu nasida dohot mangaramoti parangenasida. Molo diboto nasida, na hurang ture parange ni manang ise, ingkon pinsangonnasida i, manang paboaonnasida tu Guru dohot tu Pandita, asa dipature.

2. Mandasdas donganta tu parmingguan dohot manangkasi alana umbahen na so ro.

3. Mandasdas anakboru sikola, asa ondop ro.

4. Maningkir angka na marsahit jala paturehon na ringkot tu nasida dohot nasa na tarpatupasa, alai na rumingkot, pasingothon Hata ni Debata tu nasida dohot tumangiangkonsa.

5. Mangapuli angka na marsak, paturehon angka na dangol dohot na pogos.

6. Mangapuli angka sipelebegu, angka parugamo na asing dohot angka na lilu, asa dohot marsaulihon hangoluan na pinatupa ni Tuhan Jesus.

7. Mangurupi paturehon angka guguan dohot ulaon na ringkot tu Harajaon ni Debata.

On pe, hamu na hinaholongan, naeng tangkas botoonnami burju ni rohamuna mangaradoti ulaon hasintuaon i. Dibahen i alusi hamu ma na husungkunhon on tu hamu:

1. Na olo do hamu mamarangehon parange na tama di jolo ni Debata dohot di jolo ni jolma ?

2. Na olo do hamu manjalo ulaon hasintuaon songon na hupajojor ondeng tu hamu ?

3. Na olo do hamu mangaradoti sude sian nasa roha dohot sian nasa gogomuna hombar tu Hata ni Debata ?

Molo sada rohamuna mangoloi jala marpadanhon sudena i di jolo ni Debata dohot di jolo ni donganta on, dok hamu ma: Olo.

Antong masijalangan ma hita, paboa hot ni padanmuna i jala paboa na olo do hamu mangula ulaon ni Debata rap dohot hami.

Sai diparrohai Tuhan Debata, Ama ni Tuhanta Jesus Kristus ma hamu, marhitehite Tondi Parbadia mangkaburjuhon siulaonmuna, na pinasahat tu hamu sadari on, asa marsangap Debata di tongatonga ni HuriaNa i. Amen.

Hamu angka dongan na di Huria on jangkon hamu ma nasida di bagasan dame. Sude ma hita on manggogo tumangiangkon nasida, asa manjadi ulaonnasida i, huhut mangkorhon hasangapon ni Tuhanta.

Tangiang:
Ale Tuhan Debata Amanami na di banua ginjang ! Mauliate ma rohanami tu Ho ala ni asi ni rohaM di angka dongannami on. Sai tambai ma tu rohanasida angka silehonlehon ni tondi Parbadia, asa lam marroha jala margogo nasida mangaradoti tohonan na sahat tu nasida. Asi ma rohaM dohot di sude ruas ni HuriaM on, asa lam hot haporseaonnasida be, jala lam ture parangenasida mangihuthon Ho. Sungguli ma rohanami asa masihaholongan, unang adong sipinsangon di hami, asa lam rarat harajaonMu, jala marmulia GoarMu na badia i. Amen.

Ale Amanami na di banua ginjang ! d. u.

Pasupasu:

Marende :

XV. Pasahathon tohonan haguruon

Marende:

Ale angka dongan, na jongjong do nuaeng di jolonta angka donganta na poso na marsiajar nasailaon di Seminarie, asa gabe Guru nasida di Huria Kristen Batak Protestant. Umbahen na marpungu hita dison, ala naung monang nasida di examen nambura pinamasa i, huhut ala naeng pasahaton tu nasida sadari on tohonan haguruon i. Antong rap ma hita mangido gogo dohot pasupasu sian Tuhanta i di nasida, asa mardongan gogo na sian Debata nasida mangula ulaon na pinasahat tu nasida.

Antong tangihon hamu ma jolo poda taringot tu haguruon, na ingkon ulahononmuna:

1. Dongan ni Pandita do hamu manguluhon jala mamatamatahon ruas ni Huria na masuk tu Huria Kristen Batak Protestant. Hamu do dongan ni Pandita, laho manjamitahon Hata hangoluan na tarsurat di Padan na Robi dohot di Padan na Imbaru di tongatonga ni Huria sipasahaton tu hamu be.

2. Ala parjamita di Huria hamu, bahenonmuna ma nasa gogomuna marmahani birubiru ni Tuhanta, i ma angka ruas ni Huria na balga nang na metmet, na poso dohot na matua, na marsahit dohot na hisar, na jengkel dohot na burju. Apulanmuna ma angka na marsak, tungkolanmuna angka na mabalu dohot angka na tading maetek.

3. Laos songon i apoanmuna halak sipelebegu dohot halak Silom dohot sandok angka na asing pe na manimbil sian Hata ni Debata dohot sian HuriaNa, asa dohot nasida marsaulihon na pinatupa ni Tuhan Jesus, ojahan ni haporseaonta i.

4. Ala guru hamu di Huria Kristen Batak Protestant, pasahaton ma muse tu hamu angka dakdanak siajaranmuna/sitogutoguonmuna. Tamba ni angka parbinotoan sikola ajarhononmuna ma tu nasida nang Hata ni Debata, anggiat tartogu nasida tu panandaon di Tuhanta Jesus.

5. Asa saut angka na nidok ondeng, ingkon marparange na denggan ma hamu di jolo ni Debata nang di jolo ni jolma. Tau tiruan ma hamu di angka na pinasahat ni Debata tu hamu. Sandok hata naung pinasahat tu hamu, radoti hamu ma sian nasa rohamuna hombar tu Hata ni Debata na mamolin i.

Paboa naung sada rohamuna mangoloi saluhutna i di jolo ni HuriaNa, dok hamu ma: Na olo do ahu ! Sai didongani asi ni roha ni Debata ma ahu patupahon saluhutna i.

Marende nasida:

Mardebadeba ro tu jolo marsinggang:

Guru .... Hupasahat ma tu ho tohonan haguruon dohot parjamitaon di Huria Kristen Batak Protestant marhitehite Goar ni Debata Ama, Anak dohot Tondi Parbadia. Dipatiur, dipargogoi jala ditogutogu Tuhanta i ma hamu marhitehite Tondi Parbadia mangulahon ulaonmuna, asa gabe pangula na burju hamu, marparbuehon parbue na denggan ro di saleleng ni lelengna. Amen.

Martangiang:

Ale Tuhan Debata, Amanami na di banua ginjang ! Sasada Ho do patauhon angka naposoM na sinuruM tu angka Huria i. Ho do mangalehon huaso dohot hamaloon, asa tarida jala lam timbul ulaonMi. Ala ni i umbahen na ro hami marhitehite Tuhan Jesus Kristus Tuhannami mangido tu Ho: patiur ma roha ni angka naposoM on. Iringiring ma nasida marhitehite tanganMu na badia i. Sai pamalo ma nasida mangulahon tohonan na pinasahatMi tu nasida sadari on, asa ture ulaonnasida di bagasan HuriaM jala lam rarat harajaonMu tu liat portibi on.

Sai lehon ma TondiM na badia i mangajari dohot manogunogu nasida, asa tartogihon nasida angka donganna naung hinophop ni AnakMu marhitehite mudarNa na badia i mulak tu Ho, asa rap hami di hasonangan pasangaphon Ho di bagasan Jesus Kristus Tuhannami. Amen.

Marende Sikola:

Martangiang : Ale Amanami d. u.

Pasupasu :

Marende :","X. TATA KEBAKTIAN PERJAMUAN KUDUS
A. Dl RUMAH GEREJA.
NYANYIAN BERSAMA : No..............
( Nyanyian yang sesuai dengan Perjamnan Kudus )
Kasih karunia dan damai sejahtera dari Allah, Bapa kita, dan dari Tuhan Yesus Kristus.
D O A : ( Doa singkat )
K H O T B A H :
( Hanya singkat saja. Tetapi dalam hal sudah didahului oleh satu Kebaktian Persiapan, maka satu khotbah tidak mutlak perlu; tetapi biarpun demikian, keputusan diserahkan kepada Pendeta yang memimpin ).
BIMBINGAN PERJAMUAN :
Saudara-saudara yang dikasihi Tuhan Yesus Kristus ! Sesuai dengan pesan Tuhan Yesus kepada muridmuridNya, sekarang kita akan menerima Perjamuan Kudus. Karena itu marilah kita meneliti diri kita masing-masing, apakah kita telah siap menerimanya sebagaimana yang dikehendaki oleh Tuhan Yesus. Tuhan Yesus memberikan Perjamuan Kudus itu menjadi penghiburan bagi mereka yang menyesal akan dosanya, agar iman mereka semakin kuat; dan lagi, melalui Perjamuan Kudus tersebut diharapkan agar ingatan kita semakin segar terhadap Tuhan Yesus. Marilah kita mengenangkan Tuhan, yang telah datang ke dunia ini untuk mengangkat dosa-dosa kita dan membayar utang-utang kita, supaya kita terhindar dari kebinasaan. Tuhan Yesus telah menggantikan kita melakukan segala Hukum Taurat sehingga kita beroleh kebenaran. Dosa kita sudah diampuni, kita sudah diperdamaikan dengan Allah. Inilah yang dimeteraikan oleh Tuhan Yesus ke dalam hati kita melalui Perjamuan Kudus itu. Setiap kali kita merayakan Perjamnan Kudus, kita menerima daging dan darah Kristus, kita bersekutu dengan Dia artinya: Dia di dalam kita, dan kita di dalam Dia. Sebab itu marilah kita mengenangkan dan memberitakan kematianNya, sebagai tanda bahwa kita mengaku: Tuhan Yesus mati karena dosa kita dan telah bangkit kembali dari antara orang mati, supaya kita dibenarkan. Apabila kita menerima berkat dan penghiburan dari Allah, marilah kita menyerahkan segenap hidup kita kepadaNya, agar kita menjadi milikNya.
Marilah kita selalu mengikut Tuhan Yesus dan melakukan FirmanNya agar kehidupan kita semakin kudus, sebagai pernyataan rasa syukur kita kepadaNya. Selain daripada itu marilah kita bersatu hati, kasIh mengasihi dan saling tolong menolong satu sama lain sebagaimana yang layak dalam jemaat Tuhan Yesus. Sebab Tuhan Yesus adalah Kepala dari Jemaat, dan kita adalah anggotaNya. Tuhan Yesus memberi kepada kita Hukum Kasih, tatkala Dia berkata: Dalam hal inilah kamu akan nyata sebagai muridKu: Apabila kamu saling mengasihi. Karena itu, marilah kita merendahkan diri di hadapan Allah.

Marilah kita berdoa !
Ya Tuhan Allah, Yang Mahakasih, Bapa kami dalam surga ! Kasihanilah kami ya Allah, datanglah kepada kami yang berkumpul di sini. Sementara kami menerima Perjamnan Kudus itu berikanlah kepada kami Roh Kudus, agar iman kami kepada Tuhan Yesus Kristus, AnakMu, yang telah mati untuk menebus kami semakin diteguhkan. Engkau telah menyerahkan AnakMu, Tuhan Yesus karena kami. Berikanlah Dia kepada kami, supaya kami bersekutu dengan Dia. Untuk itulah kami datang supaya kami menerima daging dan darah Tuhan Yesus Kristus melalui Perjamuan Kudus ini. Teguhkanlah hati kami kepada Tuhan Yesus, agar kami menyerahkan segenap hidup kami kepadaNya, sebab Dia lah perlindungan dan kehidupan kami. Hiburkanlah hati kami yang sarat oleh penderitaan di dunia ini, supaya kami bertekun dalam penderitaan yang kami tanggung, karena NamaMu. Kuatkanlah kami menyangkal diri, agar kami sanggup mengikuti Tuhan Yesus Kristus dan memberitakan NamaNya yang Kudus. Gerakkanlah hati kami semakin rindu kepada hidup yang kekal serta menantikan kedatanganNya kelak untuk mengubah tubuh kami yang hina dan fana ini sama seperti tubuhNya yang kekal itu pada hari kebangkitan kelak. A m i n.
Bapa kami yang di surga.............dst.
Sekarang berdoalah sambil mengikuti amanat penetapan Perjamuan Kudus itu !
Pada malam tatkala Yesus diserahkan, Yesus mengambil roti, dan setelah mengucap syukur Dia memecah-mecahkan roti itu, lalu memberikannya kepada murid-muridNya sambil berkata: ""Ambillah dan makanlah, inilah TubuhKu yang diserahkan karena kamu. Perbuatlah seperti itu untuk menjadi peringatan akan Aku"".
Dan demikianlah Dia mengambil cawan itu, sesudah makan, lalu mengucap syukur dan berkata kepada mereka: ""Ambillah dan minumlah ! Cawan ini adalah Perjanjian Baru dalam NamaKu, yang ditumpahkan untuk keampunan dosamu. Perbuatlah seperti ini jadi peringatan akan Aku"".
Sekarang, marilah, sebab semuanya telah tersedia. Lihat dan nikmatilah pemberian Allah !
NYANYIAN BERSAMA : No. .........

( Sambil membagikan Roti dan Anggur )
Tuhan Yesus Kristus berkata: ""Ambillah dan makanlah ! Inilah TubuhKu yang diserahkan menebus engkau. itulah yang memelihara dan meneguhkan Imanmu kepadaNya supaya engkau menjadi pewaris kehidupan kekal ! A m i n .
Tuhan Yesus Kristus berkata: ""Ambillah dan minumlah ! Inilah darahKu yang ditumpahkan menjadi keampunan dosamu.
Itulah yang memelihara dan meneguhkan Imanmu kepadaNya supaya engkau mewarisi kehidupan kekal ! "" A m i n .
Pulanglah dengan sejahtera !
NYANYIAN BERSAMA : No...........
DOA PENGUCAPAN SYUKUR KEPADA ALLAH:
Pujilah Tuhan hai jiwaku ! Pujilah namaNya yang Kudus, hai segenap batinku ! Pujilah Tuhan, hai jiwaku, dan jangan melupakan segala kebaikanNya. Dia mengampuni segala kesalahanmu. Dia menyembuhkan segala penyakitmu. Dia menebus hidupmu dari lubang kubur, dan memahkotai engkau dengan kasih setia dan rahmat. Tuhan adalah penyayang dan Maha Pengasih, panjang sabar dan berlimpah kasih setia. Tidak selalu la menuntut, dan tidak untuk selama-lamanya la mendendam. Tidak dilakukanNya kepada kita setimpal dengan dosa kita, dan tidak dibalasNya kepada kita setimpal dengan kesalahan kita. Seperti Bapa sayang kepada anak-anakNya, demikian Tuhan sayang kepada orang-orang yang takut akan Dia. Allah telah menyatakan kasih sayangNya kepada kita selagi kita masih orang berdosa, yaitu dengan kematian Kristus di kayu salib, bukankah lebih-lebih sekarang, setelah kita dibenarkan melalui darahNya ? Sebab itu mulutku dan jiwaku dan perbuatanku akan memuji-muji Tuhan Allahku sampai selama-lamanya. A m i n.

B E R K A T :
Allah memberkati dan memelihara engkau ! Allah menyinari engkau dengan wajahNya dan memberi engkau Kasih karunia !
Allah menghadapkan wajahNya kepadamu dan memberi engkau damai sejahtera. A m i n .
A. Dl RUMAH ATAU Dl TEMPAT YANG LAIN
( Bagi orang yang sakit, Perjamuan Kudus dapst diberikan apabila diminta )

Dalam nama Allah Bapa, Anak dan roh ICudus. A m i n.
D O A :
Ya Bapa kami yang di surga ! Engkau adalah Allah yang Agung, Kudus dan PengasIh ! Kasihani dan lihatlah kami yang bersedih dan lelah akibat dosa dan penderituan kami di dunia ini. Kami tidak berdaya, dan hati kami remuk. Kiranya Tuhan hadir di tengahtengah kami. Genapilah janjiMu yang mengatakan: ""Sebab di mana dua atau tiga orang berkumpul dalam namaKu, di situ Aku ada di tengah-tengah mereka"". Kiranya RohMu bersama dengan kami, ya Tuhan. A m i n .
Kata-kata penghiburan:
Tuhan Yesus mengatakan: ""Marilah kepadaKu, semua yang letih lesu dan berbeban berat, Aku akan memberi kelegnan kepademu. Pikullah kuk yang Kupasang dan belejarlah padaKu, karena Aku lemah lembut clan rendah hati dan jiwamu akan mendspat ketenangan"".
Saudara yang dikasihi Tuhan Yesus. Saudara ingin menerima Perjamnan Kudus. Jika demikian, hendaklah saudara merendahkan diri dan mengaku semua dosa saudara di hudapan Allah. Janganlah memperhitungkan kebajikanmu di hadapan Allah, supaya engkau layak menerima Perjamnan Kudus itu. Sebab Tuhan Yesus memberikan Perjamuan Kudus itu menjadi penghiburan bagi orsng berduka dan kekuatan bagi orang yang lemah. Sebab itu apabila saudara menyesali dosamu dengan sungguh-sungguh dan merindukan keampunannya, yakinlah: Saudara akan menerimanya. Sebab Tuhan Yesus mati, juga untuk saudara !
Renungkanlah penderitann Tuhan Yesus untuk menebus saudara, karena kasih sayangNya yang besar itu. Kasih dan Kebenaran Tuhan Yesus yang harus menjadi peganganmu, supaya jalanmu terang menuju kehidupan kekal.
Oleh karena itu pada saet saudara menerima Perjamnan Kudus serahkanlah diri mu kepada Tuhan Yesus, supaya Dia menyertai dan memelihara engkau, dan memberi Roh Kudus kepadamu. Sebab itu tabahlah, karena penderitaan ini hanya sebentar dan tidak seberapa dibandingkan dengan kehidupan yang kekal.
Karena engkau telah menyukuri perbnatan-perboatan Allah, janganlah berputus asa, jangan bersungut-sungut, sebab kesengsaraan Tuhan Yesus Kristus jauh lebih berat daripada penderitaanmu. Tujukan dan arahkanlah kepada yang kekal; Ampuni semua orang yang bersalah kepadamu, supaya Allah mengampuni dosa-dosamu. Sebab dunia ini hanya persinggahan sementara saja, di sini tidak ada yang tetap, tujuan ki ta adalah surga yang kekal.
Marilah merendahkan diri di hadapan Allah dan ikutilah doa ini dalam hati.

Kita berdoa :
Ya Tuhan Allah, Bapa kami yang di surga ! Engkau adalah Allah yang Maha Pengasih, yang mendengar jeritan mereka yang menderita sengsara. Engkau melihat dan mengetahui penderitaanku. Hatiku sesak karena penyakit ini. Kasihanilah aku ya Tuhan Allahku ! Ampunilah segala dosa dan kesalahanku, dan janganlah jauhkan aku dari hadapanMu. Berikanlah padaku kokuatan agar aku bertekun memikul boban ini, seberapa lama lagi Engkau memperkenankan aku hidup di dunia ini. Ya Allah l'enghiburku, tabahkanlah hatiku, biarlah Roh Kudus membimbing aku dalam perjalananku. Limpahkanlah pengasihanMu kepadaku ya Allahku. Sebab AnakMu Tuhan Yesus Kristus telah mati menebus aku; Dia telah menanggung segala dosaku, Dialah andalanku, Dialah hidupku. Tetapi apabila Engkau memanggil aku, hantarlah aku masuk ke dalam kehidupan kekal, oleh karena AnakMu Tuhan Yesus Kristus, Tuhanku. A m i n.
Sungguh-surigguhkah saudara menyesali segala perbuatanmu yang tidak baik, sungguh-sungguhkah saudara mengakni dossmu ? Apakah saudara merindukan pengampunan dosamu, dan apakah saudara yakin bahwa Tuhnn Yesus telah melakukanNya untukmu ?
Jika demikinn, jawablah dengan: YA !
Jawab : YA.
Sebab saudara telah menyesali perbuatan yang tidak baik itu, dan memohon Kasih Allah untuk keampunan dosamu, kiranya Allah m~ ngabulkan permohonanmu.
Dengan nama l uhan Yesus Kristus, aku berkata kepadamu: Yakinlah, dosamu telah diampuni.
Bapa kami yang di surga...................dst.
Sekarang, berdoalah sambil mengikuti amanat penetapan Perjamuan Kudus itu !
Pada malam tatkala Yesus diserahkan, Yesus mengambil roti, dan setelah mengucap syukur Dia memecah-mecahkan roti itu, lalu memberikannya kepada murid-muridNya sambil berkata: “Ambillah dan makanlah, inilah tubuhKu yang diserahkan karena kamu. Perbuatlah seperti ini menjadi peringatan akan Aku"".
Dan demikianlah Dia mengambil cawan itu, sesudah makan, lalu mengucap syukur dan berkata kepada mereka: ""Ambillah dan minumiah ! Cawan ini adalah Perjanjian Baru dalam NamaKu, yang ditumpahkan untuk keampunan dosamu. Perbuatlah seperti ini menjadi peringatan akan Aku"".
Sekarang, marilah, sebab semuanya sudah tersedia ! Lihat dan nikmatilah pemberian Allah !
Pemberian Roti dan Anggur kepada Penderita:
Tuhan Yesus berkata : ""Ambillah dan makanlah ! Inilah tubuhKu yang diserahkan menebus engkau. Itulah yang memelihara dan meneguhkan i manmu kepadaNya supaya engkau mewarisi kehidupan kekal !"" A m i n.
Tuhan Yesus berkata: ""Ambillah dan minumiah ! Inilah darahKu yang ditumpahkan menjadi keampunan dosamu. Itulah yang memeihara dan meneguhkan imanmu kepadaNya supaya engkau mewarisi kehidupan kokal !"" A m i n.
Pulanglah dengan sejahtera !
Marilah kita mengucap syukur kepada Allah, ikutilah dalam hati:
Jiwaku memuji Engkau, ya Tuhan Allahku, karena Engkau mengaruniakan kepadaku berkat surgawi di dalam AnakMu, Tuhan Yesus Kristus, Tuhanku ! .Jiwaku memuji Engkau, Ya Tuhan Yesus, karena Engkau yang telah memperdamaikan aku dengan Allah. Aku tidak gentar lagi terhadap kuasa maut, karena Engkau telah memenangkan aku, ya Tuhan sumber kehidupanku. Tuhan Yesus Kristus hidup, maka akupun akan hidup, dan Dia akan menuntun aku, supaya bersama-sama dengan Dia di tempat yang kekal. Kasihanilah aku, ya Allahku ! Berikanlah Roh Kudus menerangi hatiku dan meneguhkan imanku, sehingga aku mengharapkan kehidupan kekal, meskipun aku menderita.
Sekalipun aku berjalan di lembah maut, Allahku akan menyertai dan menuntun aku. Biarpun aku mati, dan tubuhku binasa, Allah akan membangkitkannya, sebagaimana Dia membangkitkan Tuhan Yesus Kristus, Tuhanku. Setelah aku bangkit kembali aku akan memasuki Rumah Allahku, oleh karena Tuhan Yesus Kristus, Tuhanku.
B E R K A T :
Tuhan memberkati engkau dan melindungi engkau ;
Tuhan menyinari engkau dengan wajahNya dan memberi engkau kasih karunia;
Tuhan menghadapkan wajahNya kepadamu dan memberi engkau damai sejahtera. A m i n .

XI. TATA ACARA KEBAKTIAN PEMAKAMAN
A. ORANG DEWASA
NYANYIAN BERSAMA : No ( dipilih yang sesuai untak ini )
AYAT BACAAN : ( dipilih dari salah satu ayat berikut ini )
Yesus berkata: Akulah kebangkitan dan hidup; barang siapa percaya kepadaKu, ia akan hidup walaupun ia sudah mati dan setiap orang yang hidup dan yang percaya padaKu, tidak akan mati selama-lamanya. A m i n (Yohanes 11: 25.26).
A t a u
Maut telah ditelan dalam kemenangan. Hai maut, dimanakah kemenanganmu ? Hai maut, dimanakah sengatmu ? Sengat maut ialah dosa dan kuasa dosa ialah Hukum Taurat.
Tetapi syukur kepada Allah, yang telah memberikan kepada kita kemenangan oleh Yesus Kristus, Tuhan kita. A m i n .(1 Kor. 15:55-57)
D O A : (dipilih dan dibacakan salah satu dari doa sbb)
Tuhan Allah, Bapa kami yang di surga ! Engkau telah menyerahkan AnakMu, Tuhan Yesus Kristus ke dalam maut, karena segala dosa kami, dan Engkau telah membangkitkan Dia dari antara orang mati, agar kami memperoleh kebenaran dan hidup. Kasihanilah kami. Tuntun dan hiburkanlah kami, supaya kami tidak putus asa, walaupun saudara kami ini telah Engkau panggil. Teguhkanlah iman kami dan tabahkanlah hati kami untuk tekun mengharapkan hidup yang kekal, supaya kami tidak meratap seperti orang fasik yang tidak berpengharapan. Arahkanlah hati kami padaMu, sebab hanya Engkau penghibur dan harapan kami. KepadaMu kami berserah sampai akhir hidup kami. A m i n !
A t a u
Tuhan Allah, Bapa kami yang di surga ! Engkau yang awal dan yang akhir, tahun-tahunMu tidak berkesudahan, tetapi hidup kami kelak akan berakhir di dunia ini. Demikian juga dengan saudara kami ini, yang telah Engkau panggil kembali ke tempat yang abadi, hidupnya telah berakhir di dunia ini, dan dia telah meninggalkan semua harta milikuya yang fana. Ingatkanlah kami akan akhir hidup kami, supaya kami siap sedia untuk memasuki tempat yang telah Tuhan sediakan bagi kami, dan agar kami tidak takut dan gentar bila Engkau memanggil kami. Teguhkanlah iman kami kepadaMu, supaya kami bersukacita meninggalkan dunia yang penuh penderita¬an ini. Hiburkanlah hati saudara saudara kami yang berdukacita ini, semua teman teman saudara kami yang telah meninggal ini, kaum kerabatnya dan semua sanak saudaranya, supaya mereka tidak berputus asa. Arahkanlah hati kami kepadaMu, supaya kami semakin rindu akan tempat yang penuh kedamaian di sisiMu, oleh karena AnakMu, Yesus Kristus, Tuhan kami. A m i n !

K H O T B A H : (Bila tidak ada khotbah, dibacakan salah satu Nats dari Firman Allah yang berhubungan dengan orang yang meninggal dan tentang kebangkitan!)
NYANYIAN BERSAMA : No............
B E R K A T : (Sewaktu hendak menutup peti jenazah).
Tuhan akan menjaga keluar masukmu, dari sekarang sampai selama¬lamanya. A m i n . ( Mazmur 121:8 ).

B. ANAK ANAK
NYANYIAN BERSAMA : No..............
AYAT BACAAN : (Pilih salah satu dari ayat ayat berikut ini)
Demikianlah firman Tuhan Yesus Kristus: Biarkanlah anak anak ini datang kepadaKu, jangan menghalang halangi mereka, sebab orang-¬orang yang seperti itulah yang empunya Kerajaan Allah. A m i n . ( Markus 10: 14 ).
Karena kewarguan kita adalah di dalam surga, dan dari situ juga kita menantikan Tuhan Yesus Kristus sebagai Juruselamat. Amin. ( Filipi 3: 20 ).

D O A : (Pilih salah satu dari doa doa yang berikut ini).

Tuhan Allah Bapa kami yang di surga ! Engkau adalah Bapa dari semua bapak yang di surga dan di bumi ini. Engkau telah memang¬gil anak ini kembali di sisiMu, untuk memberi tempat yang mulia di sisiMu, supaya ia bebas dari pencobaun, dari yang jahat dan dari penderitsan di bumi ini.
Kasihanilah dan hiburkanlah keluarganya. Berikanlah pengharapan yang hidup bagi mereka supaya tidak berpengharapan akan dunia ini saja. Biarlah dukacita itu menuntun mereka untuk hidup semakin dekat kepadaMu. Teguhkanlah i man mereka dalam pengharapan, bahwa mereka akan bersamaffama dengan anak ini di sisiMu, oleh karena AnakMu, Jesus Kristus Tuhan kami. A m i n .
A t a u
Tuhan Allah Bapa kami yang di surga ! segala rencana dan perbuatan Tuhan adalah baik dan benar selama lamanya.
Engkau melihat kami bersama saudara saudara yang sedang berdukacita ini, karena Engkau telah memanggil anak ini. Tuhan yang memberi, Tuhan yang mengambil. Kini kami bersama sama menyerahkannya kepadaMu, sebab Engkaulah yang empunya kami, dan anakanak kami. Hiburkanlah mereka yang berdukacita, supaya mereka tidak berputus asa dan meratap seperti orang orang fasik. Beritakanlah dan nyatakanlah pada mereka, bahwa segala perbuatanMu adalah baik. Berilah kami iman yang hidup, supaya kami tabah dan sabar dalam penderitaan, serta bersukacita menanti kedatangan Tuhan kami, Yesus Kristus. A m i n .
A t a u
Ya Tuhan Yesus, Anak Allah Bapa ! Engkau adalah Tuhan dan sahabat anak anak. Kami ucapkan terima kasih, Engkau menebus dan mengikut sertakan anak anak kami ke dalam KerajaanMu. Kami sekarang berkumpul di samping jenazah anak ini. Hiburkanlah orang tuanya dan semua sanak saudaranya, supaya mereka tidak putus asa karena dukacita ini. Tuntunlah hati mereka supaya senantiasa berharap kepada Tuhan. Biarlah kepergian anak ini menuntun sanaksaudaranya, supaya mereka semakin rindu akan KerajaanMu. Teguhkanlah iman kami supaya tetap sadar bahwa, anak ini tidak binasa, tetapi dia tetap dalam pemeliharaan Tuhan, hingga kelak kami bersama sama di sisiMu. A m i n.

K H O T B A H : (Bila tidak ada khotbah, dibacakan salah satu Nats dari Firman Allah yang berhubungan dengan orang yang meninggal dan tentang kebangkitan).
NYANYIAN BERSAMA : No...........
B E R K A T : (Sewaktu hendak menutup peti jenazah).
Tuhan akan menjaga keluar masukmu, dari sekarang sampai selamalamanya. A m i n .
( Mazmur 121:8 ).
B. DI TEMPAT PEMAKAMAN/PEKUBURAN
(Sesudah peti jenazah diturunkan, maka diacapkan )
......................., Engkau berasal dari tanah dan kembali menjadi tanah. Tetapi Tuhan Allah yang menciptakan engkau dan Tuhan Yesus Kristus yang menyelamatkan engkau dari dosa, dan Roh Kudus yang memanggil engkau ke dalam hidup yang kekal, Dialah yang memelihara abu jenazahmu sampai akhir zaman. A m i n !

NYANYIAN BERSAMA : No............
AYAT BACAAN : (Pilih dari ayat ayat yang berikut ini).
Dan aku mendengar suara dari surga berkata: Tuliskan: Berbahagialah orang orang mati yang mati dalam Tuhan, sejak sekarang ini . ""Sungguh"" kata Roh, ""supaya mereka boleh beristirahat dari jerih lelah mereka, karena segala perbuatan mereka menyertai mereka"".
( Wahyu 14:13 ).
A t a u
Sebab pada waktu tanda diberi, yaitu pada waktu penghulu malaikat berseru dan sangkakala Allah berbunyi, maka Tuhan sendiri akan turun dari surga dan mereka yang mati dalam Yesus Kristus akan lebih dahulu bangkit. A m i n .
( I Tesalonika 4:16).
D O A :
Ya Tuhan Allah, Bapa kami yang di surga ! Engkaulah Allah empunya kami dan seluruh hidup kami. Berilah kami sukacita supaya kami bergembira menantikan kedatangan Yesus Kristus Tuhan kami. Ke dalam tanganMu kami serahkan roh dan tubuh kami, supaya kami tidalc sesat sampai akhir hidup kami. Berilah kami RohMU untuk membimbing kami dan memelihara kami pada perjalanan di jalan ke dalam kehidupan yang kekal. A m i n .
Bapa kami yang di surga, dikuduskanlah namaMu, datanglah kerajaanMu, jadilah kehendakMu di bumi seperti di surga, berikanlah kami pada hari ini makanan kami yang secukupnya, dan ampunilah kami akan kesalahan kami, seperti kami juga mengampuni orang yang bersalah kepada kami, dan janganlah membawa kami ke dalam pencobaan, tetapi lepaskanlah kami daripada yang jahat. Karena Engkaulah Yang Empunya Kerajaan dan Kekuasaan dan Kemulisan sampai selama lamanya.
A m i n .

NYANYIAN BERSAMA : No.............
(Bila Pendeta yang melayani upacara pemakaman):
Kasih karunia Tuhan Yesus Kristus,
dan Kasih Allah dan Persekutuan Roh Kudus menyertai kamu sekalian.
A m i n !
(II Korintus 1 3:1 3).

XII. TATA KEBAKTIAN BILA ADA ANGGOTA JEMAAT
YANG KENA SIASAT GEREJA
A. PENGHUKUMAN PERTAMA
Jemaat Kristus yang dikasihi Allah.
Saudara saudara mengetahui bahwa nama...................telah menging¬kari janjinya yang dia ikrarkan pada waktu dia menerima Baptisan Kudus, sebab dia melakukan dosa...............(disebutkan dosa tsb).
Oleh sebab itu aku menjatuhkan hukuman atas dia, mulai dari saat ini dia tidak boleh lagi ikut ke dalam Perjamnan Kudus, sesuai dengan pesan Tuhan Yesus Kristus kepada JemastNya. Selama dia belum bertobat, dia tidak boleh ikut dalam Perjamnan Kudus. Dia di bawah siasat Gereja, dan diberhentikan dari segala jabatannya di dalam jemeat. Jika dia meninggal, tidak boleh dikubur di tengah tengah orang Kristen, tetapi biarlah dia dikubur agak jauh dari kuburan Kristen. Pendeta dan guru jemaat tidak boleh hadir dalam acara penguburan dan anak anak sekolah tidak boleh bernyanyi di sana, serta tidak membunyikan lonceng gereja pada waktu penguburannya. Oleh sebab itu saya menasihatkan kamu untuk mendoakannya semoga dia menyesali segala dosanya, serta mau bertobat dan datang kembali mencari Tuhan, yang mengasihi orang orang berdosa, yang menyesali dosa dosanya seperti Petrus. Karena Tuhan tidak berkenan kepada kematian orang fasik, melainkan dia berkenan kepada pertobatan orang fasik itu dari kelakuannya supaya dia hidup.

B. PENGHUKUMAN YANG SANGAT BERAT
Saudara saudara yang dikasihi Allah. Saya sudah sering membicarakan dosa dan kejahatan saudara kita si (.........................) dan dia telah sering diingatkan dan didoakan untuk berbalik kepada Tuhan dan bebas dari belenggu kuasa iblis, serta kembali ke jalan yang benar sebagaimana dikehendaki oleh Tuhan. Walaupun demikian, dia tetap tidak mau bertobat, bahkan semakin mengeraskan hatinya melakukan kejahatan. Kita telah memperhatikan dia selama ini, tetapi sekarang dia harus dijatuhi hukuman yang sangat berat sesuai dengan yang difirmankan Allah, semoga dia menyesali dirinya agar kita yang ada dalam satu tubuh tidak binasa karena satu anggota yang jahat, yang tidak bisa dipulihkan dan tidak seorangpun tersesat karena perlakuannya serta tidak mencemarkan nama Allah.

Saudara saudara, kita sekarang berkumpul di sini, Guru dan Penatua, di dalam nama Tuhan Yesus Kristus. Mengingat firman Yesus Kristus yang dipesankan di dalam Injil Matius pasal 18 yang berkata :
""Aku berkata kepadamu: sesungguhnya apa yang kamu ikat di dunia ini akan terikat di surga"". Kita memperlakukan Kuasa yang diberikan kepada jemaatNya. Dengan ini (nama)................. diserahkan ke dalam kua¬sa iblis yang dia taati selama ini: Dia dikucilkan dari Jemaat Kristus, dan tidak boleh lagi ambil bagian di dalam Perjamoan Kudus serta berkat yang Tuhan telah janjikan dan diberikan bagi orang yang percaya kepadaNya, sampai dia mau bertobat. Anggaplah dia sama dengan orangorang fasik. Jemaat Kristus yang kekasih ! Janganlah lagi bergaul dengan dia, agar dia menjadi malu dan mau kembali ke jalan yang benar. Tetapi janganlah menganggap dia sebagai musuh, tetapi nasihatilah dia sebagai teman yang tersesat. Waspadalah terhadap dia dan takutlah kepada Allah ! siapapun di antara kita yang merasa bahwa dia tetap setia, hati hatilah agar jangan jatuh !
Tekunlah berserah kepada Allah dan kepada AnakNya Tuhan Yesus Kristus dan bergaul dengan sesama orang percaya agar kita tetap teguh pada dia sampai akhir hidup kita, dan memperoleh hidup yang kekal. Saudara saudara telah menyaksikan kebinasaan saudara kita yang kena hukum ini; dia mulai dari kesalahan yang kecil, dan kemudian semakin besar. Demikianlah selalu cara iblis untuk menghancurkan manusia, membuJuk kita, agar tidak menghiraukan berkat Tuhan, yang membawa manusia kepada keselamatan. Oleh sebab itu hendaklah kita waspada dan berjaga jaga terhadap akar dari segala dosa, sebagaimana dikatakan di dalam Firman Allah: ""Marilah kita menanggalkan semua beban dan dosa yang begitu merintangi kita, dan berlomba dengan tekun dalam perlombaan yang diwajibkan bagi kita, sambil melakukannya dengan mata tertuju kepada Yesus. Berjaga-jagalah dan bertekunlah di dalam doa agar kamu jangan jatuh ke dalam pencobaan"".
Saudara saudara yang kekasih !
Kamu senantiasa taat, karena itu tetaplah kerjakan keselamatanmu dengan takut dan gentar. Hendaklah masing masing menyesali dosanya agar Tuhan jangan meninggalkan engkau, serta tidak ada lagi yang mendukakan dari antara kita pada hari yang akan datang. Sehati sepikirlah berbuat sesuai dengan Firman Allah, agar menjadi mahkota bagi Kristus. Karena Allah lah yang mengerjakan di dalam kamu baik kemauan mau pun pekerjean menurut kerelaanNya. Oleh sebab itu berserulah kepada namaNya yang Kudus serta memohon pengampunan dosa.

Marilah kita berdoa !
Ya Tuhan Allah Bapa kami yang Pengasih ! Engkau adalah benar, dan kami adalah orang berdosa. Kami menyesali diri kami dan mengaku, bahwa setelah melihat akan saudara kami yang kena hukuman, kami¬pun tidak layak berdiri di hadapanMu karena dosa dosa kami, apabila Tuhan membalaskannya sesuai dengan perbuatan kami. Kasihanilah kami, ya Tuhan Allah oleh karena Tuhan Yesus Kristus Tuhan kami; ampunilah dosa kami, berikanlah kami Roh Kudus, agar kami selalu diingatkan untuk takut kepada penghukumanMu, dan semakin kuat mengerjakan pekerjaan yang baik sesuai dengan kehendakMu.
Kuatkanlah kami untuk menjaga diri, agar kami tidak terpengaruh akan dosa orang yang dikucilkan dari kerajaanMu. Tetapi Tuhan tidak mengi¬nginkan kematian orang fasik, melainkan pertobatannya, agar dia sela¬mat. Tuhan menginginkan agar dia kembali kepada JemaatMu. Oleh sebab itu berilah kemampuan bagi kami untuk menegur dan menasihati saudara yang sudah dikucilkan ini. Ajarlah kami berperangai yang baik yang da¬pat menjadi contoh bagi mereka, semoga menggugah hatinya kembali kepada keselamatanMu. Berkati nasihat kami bagi mereka dan bagi se¬mua orang di sekitar kami supaya kami dapat kembali bersukacita ber¬sama dia yang mendukakan kami selama ini dan agar namaMu terpuji dalam Tuhan Yesus Kristus Tuhan kami yang mengajar kami berdoa:
Bapa kami yang di surga, dikuduskanlah namaMu.......................dst.
B E R K A T :
Tuhan memberkati engkau dan melindungi engkau;
Tuhan menyinari engkau dengan wajahNya dan memberi engkau kasih karunia;
Tuhan menghadapkan wajahNya kepadamu dan memberi engkau damai sejahtera.
A m i n .
XIII. TATA KEBAKTIAN PENERIMAAN KEMBALI
ANGGOTA JEMAAT YANG KENA SIASAT OLEH GEREJA
(Jika ada yang dikucilkan dari jemeat dan sudah diamati oleh Majelis dan telah pernah diumumkan di depan jemast, yang tertulis di bawah inilah liturgi yang dipergunakan pada waktu penerimsan kembali kepada Jemaat).
Saudara saudara yang dikasIhi Allah !
Pada hari ini saudara akan diterima kembali menjadi anggota jemaat. Allah berkenan kepada orang orang yang mengenal dan menyesali dosanya, karena Allah berkata: ""Aku tidak berkenan kepada kematian orang fasik, melainkan Aku berkenan kepada pertobatan orang fasik itu darikelakuannya supaya ia hidup"".
Karena itu, aku bertanya kepadamu ( Nama..........................)
1. Apakah saudara mengaku dosamu di hadapan Allah dan di hadapan Jemaat yang berkumpul di sini, dan adakah saudara menyesali perbuatan yang telah saudara lakukan ?
Jika demikian, Jawablah dengan: YA.
2. Apakah saudara menghendaki untuk diterima kembali menjadi anggo¬ta Jemaat Kristus dan bersediakah saudara melakukan perbnatan sesuai dengan Hukum dan Firman Tuhan Allah ?
Jika demikian, Jawablah dengan: YA.
Berdasarkan kuasa Tuhan Yesus Kristus yang diberlakukan kepada JemaatNya, mulai hari ini, saudara diterima kembali menjadi anggota Jemaat Kristus, supaya saudara beroleh bahagian dalam Kristus, juga di dalam Perjamuan Kudus, dan selurnh berkat dan Kasih Karunia Allah. Teguhlah dalam iman kepadaNya sampai akhir hidupmu. Waspadalah terhadap tipu daya si iblis, supaya kamu jangan jatuh dalam cobaan. Kasihilah Tuhan Yesus dan tetaplah setia kepada FirmanNya yang Kudus itu, supaya kamu mewarisi hidup yang kekal.

D O A :
Ya Tuhan Allah Bapa kami ! Terima kasih padaMu dalam AnakMu Tuhan Yesus Kristus, karena saudara kami telah bertobat dan kembali kepadaMu. Kami sangat bersukacita olehnya. Ya Tuhan, nyatakanlah kasIhMu yang besar kepadanya supaya dia bertekun menaati FirmanMu. Tetapkanlah hatinya berJalan menuju kehidupan. Ingatkan dan sadarkanlah kami betapa beratnya hidup dikucilkan dari hadapanMu, dan dari hadapan jemastMu, supaya katni tetap setia kepadaMu dan menjadi pewaris yang kekal. A m i n .
Bapa kami yang di surga...................dst.

B E R K A T :
NYANYIAN BERSAMA : No..............

XIV. TATA KEBAKTIAN PENAHBISAN PENATUA
NYANYIAN BERSAMA : No.............
Jemaat Tuhan yang kekasih !
Saudara melihat bahwa, Saudara saudara kita berdiri di hadapan demaut yang terpilih menjadi Penatua. Mereka menghendaki supaya Tuhan memberkati dan menguatkan mereka dalam tugas pelayananNya. Marilah kita mendengar tugas tugas pokok pelayanan Penatua tersebut:
1. Mereka adalah pelayan jemaat untuk mengamati anggota¬ anggota jemaat yang dipercayakan kepada mereka dan meneliti perilakunya. Apabila mereka mengetahui seseorang tidak berperangai yang baik, dia harus ditegor dan diberitahukan kepada guru jemaat dan kepada Pendeta untuk dinasihati.
2. Mengajak anggota jemaat untuk datang beribadah dan meneliti alasan alasan orang orang yang tidak mengikutinya.
3. Mengajak para anak sekolah untuk rajin bersekolah.
4. Mengunjungi orang sakit dan memberi bantuan sesuai
5. dengan kemampuannya, namun yang terpenting adalah mengingatkan mereka akan Firman Allah dan mendoakannya.
6. Menghibur orang yang berdukacita, merawat orang yang susah dan orang yang miskin.
7. Membimbing penyembah berhala, orang sesat, supaya turut serta memperoleh hidup dalam Yesus Kristus.
8. Membantu pengumpulan Dana dan tugas pelayanan Kera¬jaan Allah.

Saudara saudara yang kekasih !

Kami ingin mengetahui ketulusan hati saudara untuk menekuni tugas pelayanan Penatua. Karena itu jawablah pertanyaan pertanyaan ini:

1. Bersediakah saudara memiliki cara hidup yang baik dihadapan Tuhan dan di hadapan sesama manusia ?
2. Bersediakah saudara menerima tugas pelayanan Penatua seperti yang diuraikan tadi ?
3. Bersediakah saudara memelihara dengan segenap hatimu, dan dengan segenap kekuatanmu sesuai dengan Firman Allah ?
Apabila saudara ikhlas mengaku dan berjanji di hadapan Allah dan di hadapan Jemaat, jawablah dengan: YA.
Marilah kita berjabat tangan, pertanda kesetiasn janjimu dan pertanda kesediaun saudara melakukan tugas pelayanan Allah bersama kami.
Tuhan Allah, Bapa, Tuhan kita Yesus Kristus meneguhkan hatimu di dalam Roh Kudus untuk melaksanakan tugas pelayanan yang diserahkan kepada saudara hari ini, untuk kemuliaan Allah di tengah tengah Jemaatnya.
A m i n .
Jemaat Kristus yang Kekasih !
Terimalah mereka di dalam damai. Biarkanlah kita tekun mendoakan mereka, agar pekerjaan pelayanan mereka berhasil serta menjadi kemuliaan Tuhan.
D O A :
Tuhan Allah Bapa kami yang di surga ! Terima kasih kami ucapkan kepadaMu, karena kasih sayangMu kepada saudara saudara kami ini.
Limpahkanlah karunia RohMu kepada mereka, supaya mereka bijaksana dan kuat memelihara tugas pelayan&n yang diserahkan kepada mereka. Kasihanilah juga seluruh anggota Jemaat ini supaya imannya tetap teguh, dan memiliki cara hidup yang baik meneati Tuhan. Gerakkanlah hati kami untuk saling mengasihi, agar jangan seorangpun yang tercela dan KerajaanMu semakin berkembang demi kemuliaan NamaMu yang Kudus ! A m i n .
Bapa kami yang di surga, dikuduskanlah NamaMu..............dst.
B E R K A T :
NYANYIAN BERSAMA : No..........

XV. TATA KEBAKTIAN PENAHBISAN GURU JEMAAT
NYANYIAN BERSAMA : No...............
Jemaat Tuhan yang kekasih !
Sekarang di hadapan kita berdiri saudara saudara kita yang telah menyelesaikan pelajarannya di Seminarium Theologia untuk menjadi Guru Jemaat di Jemaat Huria Kristen Batak Protestan.
Sekarang mereka akan ditahbiskan menjadi Guru Jemaat. Marilah kita memohon kekuatan dan berkat Tuhan untok menyertai mereka melaksanakan tugas pelayanan yang diserahkan kepada mereka.
Untuk itu, marilah kita mendengar pokok pokok tugas pelayanan Guru Jemaat:
1. Saudara adalah teman sekerja Pendeta untuk mengamati anggota Jemaat yang ada di dalam Huria Kristen Batak Protestan. Saudaralah teman sekerja Pendeta untuk memberitakan Firman Hidup yang tertulis di dalam Perjanjian Lama dan Perjanjian Baru di tengah tengah Jemaat yang dipercayakan kepada saudara.
2. Saudara adalah pengkhotbah di jemeat, karena itu ber¬buatlah dengan segala kekuatanmu untuk menggembalakan domba domba Tuhan, yaitu: Mereka yang dewasa dan anak anak, Pemuda dan Orang Tua, yang sakit dan yang sehat, yang jahat dan yang baik. Hiburkanlah mereka yang berdukacita dan tolonglah para janda dan yatim piatu.
3. Saudara juga harus membimbing penyembah berhala dan menasihati mereka yang belum mengenal Tuhan, serta mereka yang menjauhkan diri dari Firman Tuhan dan dari persekutuan jemastNya, supaya mereka turut serta memperoleh bahagian di dalam karya penyelamatan Tuhan Yesus Kristus yang adalah dasar iman kepercayaan kita.
4. Karena saudara adalah Guru Jemeat di Huria Kristen Batak Protestan, kepada saudara diserahkan tugas mendidik anak anak. Selain mata pelajaran sekolah, saudara harus mengajarkan Firman Tuhan supaya mereka mengenal Tuhan Yesus.
5. Agar yang diuraikan di atas terlaksana, saudara harus memiliki cara hidup yang baik di hadapan Allah dandi hadapan Jemaat. Jadilah teladan bagi Jemaat yang diserahkan Tuhan kepada saudara.

Segala nasihat yang saudara terima, peliharalah dengan segenap jiwamu sesuai dengan Firman Allah yang benar.
Apabila saudara ikhlas mengaku dan berjanji di hadapan Allah dan di hadapan JemaatNya katakanlah: ""Saya bersedia, kiranya kasih sayang Allah menyertai saya untuk melakukan segala tugas yang dipercayakan kepada saya"".
NYANYIAN BERSAMA : No.............
( Secara bergantian datang ke nepan dan berlutut )
............................... Di dalam Nama Allah Bapa, Anak dan Roh Kudus, saya menahbiskan saudara menjadi Guru Jemaat dan Pengkhotbah di Jemaat huria Kristen Batak Protestan. Tuhan menerangi dan menguatkan serta menuntun saudara di dalam Roh Kudus, melakukan tugas pelayanan, supaya menjadi pekerja yang baik dan membuahkan buah-buah yang baik sampai selamalamanya.
D O A :
Tuhan Allah Bapa kami yang di surga, Tuhan sajolah yang menyanggupkan hambamu melayani JemaatMu. Engkau adalah sumber kuasa dan hikmat supaya pekerjasnMu menjadi nyata dan nampak di dunia ini. Kami datang di dalam Tuhan Yesus Kristus memohon kepadaMu: Terangilah hati hambaMu ini. Iringlah mereka dengan tanganMu yang kudus. Berilah mereka hikmat kebijaksanean melakukan tugas pelayanan yang diserahkan kepada mereka hari ini, agar pekerjaan mereka terlaksana dengan baik di hadapanMu dan KerajaanMu semakin berkembang di dunia ini.
Berilah Roh Kudus mengajar dan menuntun mereka supaya sanggup mengajak anggota Jemaat yang telah Engkau tebus melalui darah AnakMu yang Kudus, untuk kembali kepadaMu di dalam damai sejahtera bersama-sama memuliakan Engkau di dalam Tuhan Yesus Kristus Tuhan kami. A m i n .
PADUAN SUARA :
D O A :
Bapa kami yang di surga, dikuduskanlah NamaMu.............dst !
BERKAT :
NYANYIAN BERSAMA : No.................",Religious,Ritual Text,http://setiamengasihi.blogspot.com/2018/04/agenda-batak.html.,,yes
mg_056,Agenda HKBP - 3,"XVI. Pasahathon tohonan hapanditaon

Marende:

Ale Tuhan Debata ! Tompa ma roha na ias di bagasan ahu jala lehon di ahu tondi na imbaru jala na marsihohot.

Martangiang:

Ale Tuhan Debata ! Amanami, Parasiroha na sumurung. Didokhon AnakMu do hami mangido panabi angka na burju tu Ho, sisuruonMu tu sisabion i, mamaritahon HataM tu jolma. Ala ni i umbahen na ro hami nuaeng tu joloM mangasahon Tuhan Jesus Kristus Tuhannami mangido tu Ho: Sai topot ma hami na pungu dison laho pasahathon ulaon hapanditaon tu angka dongannami on. Lehon ma Tondi Parbadia tu nasida angka naung pinabangkitMu asa malo nasida manjamitahon HataM, asa marhiras ni roha nasida mamboan Barita na Uli bahen hamuliaon di Anak haholongan ni rohaM. Ungkap jala patiur ma rohanasida, asa mian nasida di bagasan Ho, jala asa tung bulus rohanasida tongtong maniop HataM dohot mangharingkothon ulaon na pinasahatMu tu nasida. Sai tumpahi ma ulaonnasida, asa maruli upa nasida rap dohot angka na pinarmahanna di hangoluan sogot marhitehite Tuhan Jesus Kristus Tuhannami. Amen.

Hamu ale dongan ! Disuru Amanta na di banua ginjang i do AnakNa Tuhan Jesus Kristus tu tano on gabe jolma, asa tarbahen jolma manisia mananda holong ni roha ni Debata di nasida, asa marpos ni roha nasida di Ibana jala sumuang nasida tu harajaonNa, gabe masuk nasida tumean hangoluan na saleleng ni lelengna. Jadi dung sun ulaon ni Anak ni Debata di tano on, dipasahat ma tohonan tu angka anak sisean i, asa nasida paboahon dohot pasahathon naung hinamonangkonNa i tu donganna jolma. Angkup ni i didok Apostel Paulus do: Dipabangkit Tuhanta do deba gabe Apostel, deba gabe panurirang deba gabe parbarita, deba gabe parmahan, deba gabe pangajari, asa sun denggan angka na badia i tu ulaon i. Sian i ma tangkas taboto: Tuhan Jesus Kristus do mamajokhon tohonan hapanditaon.

Mangihuthon hata ondeng, sai dipabangkit Debata di tongatonga ni HuriaNa angka Pandita, mulai intap ni dung ojak Huria i di tano on ro di tingki nuaeng.

Dung i jahaon ni Ephorus dohot donganna: Bege hamu nuaeng pandok ni Debata taringot tu tohonan ni hapanditaon. Mat. 28,18-20. Joh. 21,15-17, Ulaon ni Apostel 20,17-35, 1 Tim. 3,1-7, 2 Tim. 1, 5b.

Marende:

Antong ale dongan ! Tohonan na badia do sijaloonmuna nuaeng, ai sian Tuhan Jesus do tohonan na songon i. Ala ni i hupasingothon jala hupaboa ma tu hamu parture ni pangaradotion di tohonan hapanditaon, asa tangkas diboto hamu dokdok ni tohonan i.

I. Ramotanmuna ma arta na sian Tuhan Jesus, songon na binahen ni parmahan mangaramoti na di ibana, asa unang mago. Ai peakhononmuna do sogot rujiruji taringot tu angka na pinarmahanmuna di jolo ni Tuhan i. Na gabe sitiruon do hamu di jolo ni angka na pinasahat tu hamu. Dibahen i tangkas ma hatahon hamu tu nasida Hata ni Debata, na tarsurat di angka surat na di Padan na Robi dohot di angka surat na di Padan na Imbaru. Buat hamu ma sian Hata i poda, apoapo, sipaingot, apulapul dohot hata paminsangon, hombar tu angka na masa. Songon i do dibahen angka Apostel, songon na nidok ni Apostel Petrus: Molo adong na manjamita, dihatahon ma hatana songon Hata ni Debata; molo adong manang ise na marhobas hombar ma i tu gogo na nilehon ni Debata, asa dapotan hasangapon Debata marhitehite Tuhan Jesus Kristus di na salohutna. Sialoonmuna jala sitaluhononmuna ma nasa hatahata, na marsalisi tu Hata ni Debata. Marlambok ni roha ma hamu maminsangi angka na mangalo, anggiat dilehon Debata hamubaon ni roha, asa diboto nasida hasintongan. Antong ramoti hamu ma dirimuna dohot na sapunguan i, manang tu dia hamu dipaojak Tondi Parbadia asa diparmahani hamu Huria ni Debata, na hinophopNa i marhitehite Tuhan Jesus Kristus. Ingkon baritahononmuna do hata sihaporseaan i, i ma na nilehon ni Debata padengganhon jolma tu Ibana, ai i do dalan tu hangoluan, dalan tu hamubaon ni roha dohot dalan pardamean ni jolma tu Debata. Pardengganan na songon i ma paboaonmuna tu angka na pinasahat tu hamu. Antong singkat ni Kristus i do hamu mangelekelek jala dohononmuna ma tu jolma i: Sai olo ma hamu padengganon tu Debata.

II. Songon tangkas ni pamodaionmuna di angka na olo tu hadaulaton tu Debata, ingkon songon i ma tangkas paminsangonmuna di angka na so olo tu hangoluan, asa unang adong na mago, ala so ada sipaingot, jala unang marsapata nasida tu hamu. Ingot hamu ma na tarsurat i. Ia ho ale anak ni jolma ! Nunga hupabangkit ho gabe siparmahan ni halak Israel, ingkon tangihononmu Hata na ruar sian pamanganHu. SingkatHu ma ho, palumbahon nasida. Molo hudok tu angka pardosa na tu hamatean nama ho, gabe so dipalumba ho ibana, ndang diapuli ho ibana, asa dipauba rohana, asa mangolu, na mate do tutu pardosa i ala ni dosana, alai sian tanganmu do tungguonHu mudarna. Alai molo dipalumba ho pardosa i, hape ndang dipauba rohana dohot pambahenanna, mate ma ibana tutu di bagasan dosana, alai malua do ianggo tondim.

III. Alai ndada holan ulaon ondeng na pinasahat tu Pandita. Ai di na laho manadingkon tano on Tuhan Jesus, jumolo do dipadiri ulaon na badia na dua ragam i. Na mangan parpadanan na badia do na saragam. Na saragam nari, i ma pandidion na badia, na tinonahonNa i di na laho manaek Ibana tu banua ginjang. Asa radotanmuna ma ulaon na badia na dua ragam i; songon parhobas di bagas ni Debata ma hamu mangulahonsa. Tangkas ma pamanat hamu angka dongan i, asa holan angka na tau, angka na tumanda dosana, angka na mangarsakhon pambahenanna jala na olo paubahon rohana manjonohi panganon na badia i. Ambatonmuna do angka na jungkat, angka na lomo roha di dosa, asa unang dijonohi na badia i. Ingot hamu ma: Dipasahat Tuhan Jesus do anakhinsu ni banua ginjang tu HuriaNa i, asa dipabali angka na so olo paubahon rohana, ai ninna do: Hulehon pe tu ho anakhinsu ni harajaon na di angka banua ginjang i. Nasa na niihotanmi di tano on, na tarihot do i dohot di angka banua ginjang, jala molo adong diharhari ho di tano on, harhar do i nang di angka banua ginjang. Didok Tuhan Jesus dope: Jalo hamu ma Tondi Parbadia ! Molo disesa hamu dosa ni manang ise, naung sesa ma i, molo dipahot hamu dosa ni manang ise naung hot do i.

IV. Angkup ni radot ma hamu patureturehon angka dakdanak, maniru pambahen ni Tuhan Jesus. Ai didok Tuhan Jesus sahali: Loas hamu ma angka dakdanak i ro tu Ahu, unang orai hamu nasida, ai di angka sisongon i do harajaon ni Debata. Dibahen i ajarhon hamu ma pamusatan ni Hata ni Debata (Katechismus) dohot jamita tu angka dakdanak. Podai hamu ma nasida, asa diboto hadaulaton tu Debata dohot hapantunon tu jolma. Ambat hamu ma nasa na tau mangago dakdanak, ai parmahan do hamu, songon naung nidok ni Tuhan Jesus: Parmahani ma angka anak ni birubirungKu.

V. Ramoti hamu ma saluhut pangisi ni Huria i, angka na mabalu, angka ama, ina, dolidoli dohot anakboru, maniru pambahen ni Apostel Paulus. Ai ninna do tu halak Epesus: Dibahen i jaga ma hamu, ingot hamu ma na so mansohot ahu saleleng ni tolu taon arian dohot borngin, paingothon ganup hamu huhut mariluilu. Tangiangkon hamu ma saluhut na pinasahat tu hamu, asa diramoti Tuhan Jesus nasida jala dipasupasu marhitehite Tondi Parbadia.

VI. Angkup ni i sai ture ma parangemuna, asa tau tiruan hamu di angka na pinarmahanmuna i, tiruan di hata, di pangalaho, di haporseaon dohot di holong ni roha. Ingot hamu ma na nidok ni Hata ni Debata: Ingkon unang marhaurahon Sintua i, harajaan ni sada boruboru, unang parmabuk, na marroha, na ture marparange, na las roha di tamue, pangajari, unang sisobur tuak, unang pangalinsingi, unang parpangomoan na so tama, alai ingkon partalup ni roha do, na so parbada, na so impolan di perak, na denggan mangarajai donganna sabagas, parianakhon sioloi ajar di bagasan nasa hatomanon. Ai molo adong manang ise, na so malo manggomgomi isi ni bagasna tung beha ma tarpaturesa Huria ni Debata.

VII. Ingkon ture bahenonmuna saluhut aturan ni ulaonmuna i mangihuthon patik ni indukmuna. Sahata ma hamu dohot angka dongan Pandita: Di pangalaho ni pangoloion tu Debata, unang pulikpulik marpingkiran, unang marsalisi hata dohot roha, unang masigasipan, asa saut di hamu na pinangido ni Tuhan Jesus sian AmaNa di na nidokNa i: Sai tongtong ma di GoarMu nasida na nilehonMi tu Ahu, asa sada nasida songon Hita.

Marende:

Antong nunga dibege hamu hatorangan taringot tu tohonan hapanditaon songon na pinatorang ni Hata ni Debata.

Na manungkun ma ahu nuaeng di hamu:

1. Diparhatutu roham do: Angka surat na di Padan na Robi dohot angka surat na di Padan na Imbaru, i do Hata ni Debata na patuduhon dalan tu hangoluan na so ra suda, jala na olo do ho mambolongkon saluhut poda na asing jala mangalo nasa na marsalisi tu Hata na tarsurat disi ?
Alus: ......

2. Na olo do ho mangulahon tohonan i hombar tu na hujaha nangkin, i ma taringot tu poda dohot pangalaho, jala na olo do ho marateatehon hata paminsangon na sian indukmu di tingkina ?
Alus: .....

Antong na jongjong do hamu di jolo ni Debata dohot di jolo ni Huria on. Molo naung sada situtu rohamuna manjalo tohonan hapanditaon jala molo na olo hamu mangulahonsa sian nasa rohamuna, dok hamu ma:

""Na olo do abu; Sai didongani asi ni roha ni Debata ma abu patupahon saluhutna i !""

Marende:

Ephorus mandok: Hupabangkit jala huurasi ho gabe Pandita di Huria Kristen Batak Protestant marhitehite Goar ni Debata Ama, Anak dohot Tondi Parbadia. Dipatiur, dipargogoi jala ditogutogu Tuhanta i ma ho marhitehite Tondi Parbadia mangulahon tohonan hapanditaon, asa gabe pangula na burju ho, na marparbuehon parbue na denggan ro di saleleng ni lelengna. Dipatau Debata ma ho tu angka ulaon i, mangulahon na hombar tu HataNa marhitehite Tuhan Jesus Kristus, sipasangapon i ro di saleleng ni lelengna ! Amen.

Sada pandita mandok hata:

Mandak hata Parhalado Pusat:

Marende :

Martangiang:

Ale Tuhan Debata, Amanami na di banua ginjang ! Sasada Ho do na patauhon angka naposoM, na sinuruM tu angka Huria i. Ho do mangalehon huaso dohot hamaloon, asa tarida jala lam timbul ulaonMu. Ala ni i umbahen na ro hami marhitehite Tuhan Jesus Kristus Tuhannami, mangido tu Ho: Patiur ma roha ni angka naposoM on. Iringiring ma nasida marhitehite tanganMu na badia i. Sai pamalo nasida mangulahon tohonanna na pinasahatMu tu nasida sadari on, asa ture ulaonnasida di bagasan HuriaM, jala lam rarat harajaonMu tu liat portibi on. Sai lehon TondiM na badia i mangajari dohot manogunogu nasida, asa tartogihon nasida angka donganna jolma na hinophop ni AnakMu marhitehite mudarNa na badia i, gabe mulak tu Ho asa rap hami di hasonangan pasangaphon Ho di bagasan Tuhan Jesus Kristus Tuhannami. Amen.

Ale Amanami na di banua ginjang ! Sai pinarbadia ma GoarMu ! Sai ro ma harajaonMu ! Sai saut ma lomo ni rohaM di banua tonga on songon na di banua ginjang ! Lehon ma tu hami sadari on hangoluan siapari ! Sesa ma dosanami songon panesanami di dosa ni dongan na mardosa tu hami ! Unang hami togihon tu pangunjunan ! Palua ma hami sian pangago ! Ai Ho do nampuna harajaon dohot hagogoon ro di hasangapon saleleng ni lelengna ! Amen.

Pasupasu:

Marende:

XVIl. Pasahathon Tohonan Pariamita Ina (Bibelvrouw)

Marende:

Ale angka dongan, na jongiong do nuaeng di jolonta angka donganta naung marsiajar di Sikola Bibelvrouw, asa gabe Parjamita Ina nasida di Huria Kristen Batak Protestant. Nunga marujung parsiajarannasida di tingki na salpu, jala nunga dibolus nasida tingki marsiajar praktek. Sadari on naeng pasahaton ma tu nasida Tohonan Panjamita Ina (Bibelvrouw). Antong rap ma hita mangido gogo dohot pasupasu sian Tuhanta i di nasida, asa mardongan gogo na sian Debata nasida mangula ulaon na pinasahat tu nasida.

Hamu angka na naang manjalo Tohonan Parjamita Ina (Bibelvronw) sadari on, tangihon hamu ma jolo poda taringot tu Tohonan Parjamita Ina na ingkon ulahononmuna:

1. Dongan ni Pandita do hamu manogunogu jala mamatamatahon ruas ni Huria na masuk tu Huria Kristen Batak Protestant. Hamu do dongan ni Pandita laho manjamitahon Hata hangoluan na tarsurat di Padan na Robi dohot di Padan na Imbaru di tongatonga ni Huria sipasahaton tu hamu be.

2. Ala Parjamita di Huria hamu bahenonmuna ma nasa gogomuna marmahani birubiru ni Tuhanta, i ma angka ruas ni Huria na balga nang na metmet, na poso dohot na matua, na marsahit dohot na hisar, na jengkel dohot na burju. Apulanmuna ma angka na marsak, tungkolanmuna angka na mabalu dohot angka na tading maetek.

3. Laos songon i apoanmuna halak sipelebegu dohot angka parugamo na asing pe na manimbil sian Hata ni Debata dohot sian HuriaNa, asa dohot nasida marsaulihon na pinatupa ni Tuhan Jesus, ojahan ni haporseaonta i.

4. Ala Parjamita ina hamu di Huria Kristen Batak Protestant, tumangkas pasahaton tu hamu panghobasion di tongatonga ni angka Ina, Namarbaju dohot angka Dakdanak.

5. Angkup ni parbinotoan di Hata ni Debata, siajarhonon jala sipodahononmuna tu nasida, siradotanmuna do panghobasion na ampit tu nasida.

6. Asa saut angka na nidok ondeng ingkon marparange na denggan ma hamu di jolo ni Debata nang di jolo ni jolma. Tau tiruan ma hamu di angka na pinasahat ni Debata tu hamu. Sandok hata naung pinasahat tu hamu, radoti hamu ma sian nasa rohamuna hombar tu Hata ni Debata na mamolin i.

Paboa naung sada rohamuna mangoloi saluhutna i, di jolo ni HuriaNa, dok hamu ma: ""Na olo do ahu ! Sai didongani, asi ni roha ni Debata ma ahu patupahon salubutna i !”

Marende :

Mardebadeba ro tu jolo marsinggang:

Ale .... hupasahat ma tu ho Tohonan Parjamita Ina (Bibelvrouw) di Huria Kristen Batak Protestant marhitehite Goar ni Debata Ama, Anak dohot Tondi Parbadia. Dipatiur, dipargogoi jala ditogutogu Tuhanta i ma hamu marhitehite Tondi Parbadia mangulahon ulaonmuna, asa gabe pangula na burju hamu, marparbuehon parbue na denggan ro di saleleng ni lelengna. Amen.

Martangiang:

Ale Tuhan Debata, Amanami na di banua ginjang ! Sasada Ho do patauhon angka naposoM na sinurum tu angka Huria i. Ho do mangalehon huaso dohot hamaloon, asa tarida jala lam timbul ulaonMi. Ala ni i umbahen na ro hami marhitehite Tuhan Jesus Kristus Tuhannami mangido tu Ho: Patiur ma roha ni angka naposoM on. Iringiring ma nasida marhitehite tanganMu na badia i. Sai pamalo ma nasida mangulahon Tohonan na pinasahatMu tu nasida sadari on, asa ture ulaonnasida di bagasan HuriaM jala lam rarat harajaonMu tu liat portibi on. Sai lehon ma TondiM na badia i mangarajai dohot manogunogu nasida asa tartogihon nasida angka donganna naung hinophop ni AnakMu marhitehite mudarNa na badia i mulak tu Ho, asa rap hami di hasonangan pasangaphon Ho di bagasan Jesus Kristus Tuhannami. Amen.

Martangiang: Ale Amanami d. u.

Pasupasu :

XVIII. Pasahathon Tohonan Diakones

Marende :

Ale angka dongan, na jongjong do nuaeng di jolonta angka donganta naung marsiajar di Pendidikan Diakones, asa gabe Diakones nasida di Huria Kristen Batak Protestant. Nunga marujung parsiajarannasida di tingki na salpu, jala nunga dibolus nasida tingki marsiajar praktek. Sadari on naeng pasahaton ma tu nasida tohonan Diakones.

Antong rap ma hita mangido gogo dohot pasupasu sian Tuhanta i di nasida, asa mardongan gogo na sian Debata nasida mangula ulaon na pinasahat tu nasida.

Hamu angka na naeng manjalo tohonan Diakones sadari on, tangihon hamu ma jolo poda taringot tu tohonan Diakones, na ingkon ulahononmuna:

1. Pangula ni Huria do hamu mangaradoti angka ulaon parasinirohaon di tongatonga ni Huria dohot di masyarakat.

2. Ragam do angka ulaon parasinirohaon na pinungka ni Huria, songon dalan manjamitahon asi dohot holong ni roha ni Debata:

- Pangubation dohot sumarihon angka na ringkot di na marsahit.
- Patureturehon angka na mardangol.
- Patureturehon angka na tading maetek.
- Mangurupi angka na pogos dohot angka na di bagasan hasusaan.
- Manungkoli angka na mabalu dohot angka na matua.
- Mangurupi angka na suda gogo.

3. Siapulanmuna do angka na marsak, sitoranganmuna do roha ni angka na marsitaonon, situngkolanmuna do haporseson dohot pangkirimon ni angka na naeng mandele.

4. Ulahononmuna do panogunoguon asa diboto halak manjagahon hahipason ni pamatangna, asa diboto jala diparangehon parange na denggan.

5. Manang di dia pe pajumpang hamu dohot halak na ringkot manigor urupan, hobas ma mangurupi hombar tu na tarpatupa hamu, so mamereng upa.

6. Gabe parasi ni roha ma hamu songon Amamuna Parasiroha i, asa pangula na ringgas hamu jala na hinsa.

On pe, naeng ma tangkas alusanmuna sungkunsungkun on di jolo ni Debata dohot di jolo ni Huria na pungu dison:

1. Na olo do ho mangaradoti ulaon tohonan Diakones na hujaha nangkin sian nasa roham dohot nasa gogom hombar tu na pinangido ni Hata ni Debata?

2. Na olo do ho mamarangehon parange na tama di jolo ni Debata dohot di jolo ni jolma ?

Molo naung sada rohamu mangoloi saluhutna i dok hamu ma: ""Na olo do ahu, Sai didongani asi ni roha ni Debata ma ahu patupahon saluhutna i!”

Antong, hombar tu pangoloionmuna na songon padanmuna tu Tuhanta i, pasahaton ma tu hamu Tohonan Diakones di Huria Kristen Batak Protestant.

Marende :

Mardebadeba ro tu jolo marsinggang: (diatur parjongjong ni angka donganna satohonan).

Ale..... Hupasahat ma tu ho Tohonan Diakones di Huria Kristen Batak Protestant, marhitehite Goar ni Debata Ama, Anak dohot Tondi Parbadia.

Dipatiur, dipargogoi jala ditogutogu Tuhanta i ma hamu marhitehite Tondi Parbadia mangulahon ulaonmuna, asa gabe pangula na bunju hamu, marparbuehon parbue na denggan ro di saleleng ni lelengna. Amen.

Martangiang:

Ale Tuhan Debata Amanami na di banua ginjang ! Sasada Ho do patauhon angka naposoM na sinuruM tu angka Huria i. Ho do mangalehon huaso dohot hamaloon, asa tarida jala lam timbul ulaonMi. Ala ni umbahen na ro hami marhitehite Tuhan Jesus Kristus Tuhannami mangido tu Ho, patiur ma roha ni angka naposoM on, iringiring ma nasida marhitehite tanganMu na badia i.

Sai patau ma nasida mangulahon Tohonan na pinasahatMu tu nasida sadari on, asa lam ture ulaonnasida jala asa lam torop halak mananda dohot marsaulihon Barita na Uli na sian Ho i.

Sai sungguli ma tongtong huriaM marningot angka na ringkot urupan dohot mangulahon parasinirohaon, asa lam torop marnida asi ni roha na sintong songon na niulahonMu dohot na pinodahon ni HataM, asa dipuji jala dipasangap sude GoarMu na badia i. Amen.

Marende :

Martangiang: Ale Amanami d. u.

Pasupasu :

XIX. Mangompoi gareja

Marpungu ma Huria di jolo ni gareja na imbaru i mangendehon ""Ungkap bahal na umuli"".

Dung i pasahaton ni tukang na paulihon gereja i ma anakhinsuna tu Kerkeraad jala Kerkeraad i ma pasahathon tu Ephorus, dung i dohonon ni Ephorus i ma (manang singkatna): Huungkap ma bagas on marhitehite Goar ni Debata Ama dohot Goar ni AnakNa Tuhan Jesus dohot Goar ni Tondi Parbadia. Amen. (Dung i masuk ma tu gareja Huria i).

Marende :

Dame ni Debata, na sumurung sian saluhut roha, i ma mangaramoti ateatemuna dohot rohamuna marhitehite Tuhan Jesus Kristus. Amen.
Jahaon ma: 1 Kron. 30,1-20; 1 Raja 8; 2 Kron. 5-7; Ps. 24, 86, 87, 100,122, 132; Joh. 2,13-22; 4,19, 20; 1 Kor. 3, 16,17.

Marende:

Haporseson: Rap sude mandok !

Marende:

Tangiang :

Ale Tuhan Debata, Parasiroha na sumurung ! Mauliate ma rohanami tu Ho ala ni godang ni asi ni rohaM di hami. Diurupi Ho do hami paulihon bagas on sian na mamungka pajongionghonsa sahat ro di nuaeng. Pujionnami ma Ho ro di saleleng ni lelengna, ala naung sun saluhutna i bahen inganan ni hasangaponMu dohot pamaritaan di GoarMu na badia i. Sian Ho do hujalo hami angka silehonlehonMi, umbahen na sun bagas on. Ala ni i hupasahat hami ma i tu Ho, asa Ho nampunasa. Asi ma rohaM, sai ro ma Ho tumopot bagas ingananMon. Sai parbadiai ma i. Sai patubegehon ma Hata hasintonganMi sian hajongjongan on asa adong sitiopannami laho tu hasonangan. Sai marmulia ma bahen ulaon pandidion i dison, parhitean laho bongot tu HuriaM, paboa anakhonMu hami. Sai parade ma parpadanan na badia i di langgatan on, parhitean ni silehonlehonMu na godang i di hami. Sai jalo ma ende angka na huendehon hami dison laho pasangaphon GoarMu na badia i. Sai paria ma hami ro tu bagasMon, di na hubege hami soara ni giringgiring, na manjou hami. Sai pasupasu ma sude angka na mangalehon guguan dohot na paulihon bagas on. Sai ajari ma hami paulihon nang rohanami be, asa tau hami bahen ingananMu. Sai parmahani ma hami ro di pinomparnami marnini marnono; sai lehon di hami pangula angka na burju marmahani pangisi ni Huria on.

Sai topot ma hami marhitehite Tondi Parbadia, asa lam hot haporsenonnami jala huhatindangkon hami Ho sahat ro di hamamatenami be. Sai jumpang hami ma dison Barita na Uli, i ma HataM na badia i, na paubahon, na mangapul jala na pasonangkon rohanami.

Asi ma rohaM ale Tuhan Debata ! Sai tangihon ma tangiangnami dohot tangiang ni angka dongan na ro tu bagas on. Sai pasupasu ma hami manang sadihari pe hami marpungu di bagas on. Sai pasupasu ma angka parminggu, angka parguru, angka na tardidi, angka na marulaon na badia dohot angka na pinabagas dison. Sai jalo jala pasupasu hami dohot ianakhonnami, molo huboan hami tuson angka posoposo dohot angka na manghajongjonghon haporseaonna. Sai alusi jala oloi pangidoannami, molo ro hami tu bagas on jumpa masa hagogotan, sahit manang haleon pe. Sai jalo ma hamauliateonnami, angka na huboan hami tu bagas on. Sai alusi angka partangiang na ro tu bagas on, i ma angka na lumpuon, na dangol, na mabalu, na so marama, na so marina, panangkarnangkar, na targogot, sai lehon tu nasida haluaon dohot apulapul. Sai oloi ma pangidoan ni dongan, angka na ro tu bagas on, i ma na mangido hasesaan ni dosa, na mangido gogo dohot apulapul ro di sude na hasea, na hombar tu lomo ni rohaM.

Asi ma rohaM di hami naung hinophop ni AnakMu Tuhan Jesus Kristus, Tuhannami, sai ramoti hami marhitehite TondiM i, paima sahat hami tu hasonangan na di banua ginjang. Amen.

Marende:

Jamita :

Marende: ( Papungu pelean ).

Tangiang: rap mandok: Ale Amanami d. u.

Pasupasu:

Sai dipasupasu jala diramoti Tuhan Debata ma hamu ! Disondangkon Tuhan Debata ma bohiNa tu hamu jala asi ma rohaNa mida hamu ! Didompakhon Tuhan Debata ma bohiNa tu hamu jala dipasaorhon ma dameNa tu tondimuna be ! Amen.

Marende mardongan giringgiring:

XX. Mameakkon batu ojahan ni gareja

Marende :

Paragenda:

Ari on do na jinadihon ni Jahowa, marolopolop jala marlas ni roha ma hita disi. Haleluya !

Huria:

Haleluya, EIaleluya, Haleluya !

Paragenda:

Psalm 84, manang Psalm 87, manang Psalm 122.

Marende :

Paragenda I:

Dung i tarsunggul ma si Jakop sian na modom i, jadi didok ma: inganan ni Jahowa do on hape, so pamotoanku. Jadi mabiar ma ibana, ninna ma: na songkal situtu do inganan on, ndang tarbahen so on bagas ni Debata, jala baba pintu ni langit. Dung i hehe ma si Jakop sogot manogotna i dibuat ma batu pinarhalanguluna i, jala dipajongjong bahen partinandaan, jala diusehon miak tu ginjangna. Dung i dibahen ma goar ni inganan i Beth-El ( bagas ni Debata ). Lus do goar ni huta i ianggo nasailaon. Dung i marbagabaga ma si Jakop ninna do: molo didongani jala diramoti Debata ahu di dalan na hudalani on, jala dilehon di ahu sagusagu sipanganon dohot ulos siparuloshononhon, jala marsonangsonang ahu mulak ditogihon tu bagas ni damang, sai Jahowa ma Debatangku. Jala batu na hupajongjong on bahen partinandaan, i ma gabe bagas ni Debata, jala sude na nilehonMu tu ahu parsampuluonku ma i tu Ho ( 1 Musa 28, 16-22 ).

Tangiang:

Ale Amanami jala Debatanami na maringanan di banua ginjang. Nang pe so hahaliangan langit ni langitan dohot tano on Ho, alai tong do diparsinta rohaM joroM di tano on, inganan panjouon di GoarMu na badia i. Ditangihon Ho do parhurajaon ni naposoM raja Daud ujui, i ma na boi pajongjongon ni anakna raja Salomo bagas JoroM i. Songon panangihonMu di parhurajaon ni naposoM raja Daud i, laos songon i ma tangihon eleheleknami on: sai patulus ma jongjong joroM di inganan on. Hupangido hami i di bagasan Goar ni AnakMu Tuhan Jesus Kristus Tuhannami. Amen.

Paragenda II:

Dibahen i songon on do Hata ni Tuhan Jahowa: Ida ma, Ahu paojakhon di Sion sada batu, batu na niuji, sada batu parsuhi na arga bahen ojahan na hot; manang ise na porsea di Ibana, ndang tagamon maporus (Jes. 28, 16).

Tangıang :

Ale Tuhannami Tuhan Jesus Kristus, Anak ni Ama na mangolu jala Pargogo na so hatudosan i. Ho do Sillam ni hasangapon ni Ama i dohot Suman ni hadirionNa; Ho do batu parsuhi na marpili jala na arga dohot ojahan na hot. Na mangido ma hami tu Ho: pahot ma batu parsuhi na naeng peakhononnami di bagasan GoarMu na badia i. Songon Ho mula dohot Ujung ni nasa na adong, laos Ho ma na mamulai, patorushon dohot na paujunghon ulaon on, na hupungka hami tau hasangapon dohot hamuliaon ni GoarMu na badia i. Hupasahat hami pangidoannami on tu Ho ale Tuhannami, ai Ho do Tuhan na mangolu jala na sintong, na mangarajai rap dohot Ama dohot Tondi Parbadia, ro di saleleng ni lelengna. Amen.

Paragenda III:

Asa ndada be angka paisolat manang panginsua hamu; angka dongan saharajaon raphon angka na badia do, jala dongan sabagas ni Debata. Ai dipauliuli do hamu di atas ojahan ni angka Apostel dohot Panurirang; Jesus Kristus sandiri do batu parsuhi disi. Di bagasan Ibana do martomu sandok bagas i jala lam ganda, gabe joro na badia di bagasan Tuhan i. Di bagasan Ibana do nang hamu rap dipauliuli, gabe parmianan ni Debata di bagasan Tondi i. (Epesus 2,19-22).

Tangiang:

Ale Tuhan Debata Amanami na di banua ginjang. Diparade Ho do parmianan ni hamuliaonMu na hot sian punguan ni angka na badia i. Lehon ma pangurupionMu dohot pasupasuM di na pajongjonghon bagas joroM on. Sai pauli ma nang hami songon angka batu na mangolu gabe bagas partondion jala joro na hot, parmianan ni hamuliaonMu. Hupangido hami i di bagasan Goar ni AnakMu Tuhan Jesus Kristus Tuhannami. Amen.

Marende:

( Dipeakhon paragenda I ma batu ojahan i mangihuthon na somal. Di tingki tangiang na mangihut, tongkohon ni paragenda i ma tolu hali batu ojahan i. Tanda + : panongkohon ).

Paragenda I:

Di bagasan haporseson di Tuhan Jesus Kristus pineakhon batu on gabe ojahan. Di bagasan Goar ni + Ama, + Anak, dohot + Tondi Parbadia. Anggiat ma mian tongtong dison: haporseaon na sintong, biar mida Jahowa dohot holong ni roha. Tau inganan partangiangan na pinarbadiaan ma on, laho manjou dohot mamuji Goar ni Tuhanta Tuhan Jesus Kristus, na mangolu jala na mangarajai rap dohot Ama i dohot Tondi Parbadia, ro di saleleng ni lelengna. Amen.

Marende :

Martangiang:

Ale Amanami na di banua ginjang ! Sai pinarbadia ma GoarMu ! Sai ro ma harajaonMu ! Sai saut ma lomo ni rohaM di banua tonga on, songon na di banua ginjang ! Lehon ma tu hami sadari on hangoluan siapari ! Sesa ma dosanami songon panesanami di dosa ni dongan, na mardosa tu hami ! Unang hami togihon tu pangunjunan ! Palua ma hami sian pangago ! Ai Ho do nampuna harajaon dohot hagogoon ro di hasangapon saleleng ni lelengna. Amen.

Pasupasu:

Sai dipasupasu jala diramoti Debata ma hamu. Disondangkon Debata ma bohiNa tu hamu jala asi ma rohaNa mida hamu. Didompakhon Debata ma bohiNa tu hamu jala dipasaorhon ma dameNa tu tondimuna be. Amen.","XVI. TATA KEBAKTIAN PENAHBISAN PENDETA
NYANYIAN BERSAMA : No............
Ya Tuhan Allah, jadikanlah hatiku tahir, dan perbaharuilah batinku dengan roh yang teguh !
D O A :
Tuhan Allah Bapa kami yang Maha Kasih ! AnakMu menyurnh kami untuk memohon pekerja yang baik bagiMu, untuk Engkau utus memberitakan FirmanMu kepada seluruh umat manusia. Karena itu kami datang kepadaMu, hadirlah bersama kami yang bersekutu di sini untuk menyerahkan tugas pelayanan kependetean kepada saudarasaudara kami ini. Beri Roh Kudus kepada mereka yang telah Engkau pilih agar dengan baik dan penuh gairah memberitakan Kabar Baik demi Kemuliasn AnakMu yang Engkau kasihi !
Bimbinglah dan terangilah hati mereka supaya tinggal di dalam Engkau, dan juga dengan tulus hati berpegang pada FirmanMu, serta menekuni tugas pelayanan yang diserahkan kepada mereka. Berkatilah pelayanan mereka agar mereka menerima hidup yang kekal bersama Jemaat yang digembalakan di dalam Tuhan Yesus Kristus Tuhan kami. A m i n .
Saudara-saudara yang kekasih !
Bapa di surga mengutus anakNya Tuhan Yesus Kristus ke dunia menjadi manusia supaya manusia dapat mengenal kasih Allah juga menaroh pengharapan pada Dia, serta kembali menjadi warga kerajaanNya, mewarisi hidup yang kekal selama-lamanya.
Sesudah Anak Allah menggenapi pekerjeanNya di dunia, Dia menyerahkan tugas pelayanan kepada muridmuridNya, supaya mereka memberitakan dan menyampaikan yang telah Dia menangkan kepada sesama manusia. Sebagaimana Rasul Paulus juga berkata: Tuhan memberikan baik rasul-rasul maupun nabinabi, baik pemberita-pemberita Injil, maupun gembala-gembala dan pengajar-pengajar, memperlengkapi orang-orang kudus bagi pekerjuan pelayanan. Dalam hal ini jelaslah kepada kita, bahwa Tuhan Yesus sendirilah yang menetapkan tugas jabatan kependetean. Berdasarkan kepada Firman ini Allah menetapkan para Pendeta di tengah-tengah Jemnat sejak berdirinya Gereja di dunia sampai saat ini.
(Sesudah itu Ephorus dan teman-temannya berkata): Dengarlah Firman Allah tentang tugas jabatan kependetaan:
(dari Matius 28: 18-20; Yohanes 21: 15-17; Kisah para RasulRasul 20:17-35; I Timoteus 3:1-7; II Timoteus 1: 5b).
NYANYIAN BERSAMA : No............
Saudara-saudara yang kekasih !
Tugas pelayanan yang akan saudara-saudara terima sekarang adalah tugas yang kudus, karena Tuhan Yesuslah yang menetapkan demikian. Karena itu saya mengingatkan dan memberitahukan kepada saudarasaudara tata cara pelayanan jabatan Pendeta, supaya saudara-saudara sungguh-sungguh menyedari betapa beratnya dan mulianya tugas jabatan itu.
I. Peliharalah harta yang kau terima dari Tuhan Yesus seperti yang dilakukan gembala memelihara yang dipercayakan kepadanya agar jangan tersesat. Karena kamu kelak mempertanggung jawabkan mereka yang saudara gembalakan. Saudara hendaklah menjadi teladan bagi mereka yang dipercayakan kepada saudara. Karena itu beritakanlah dengan jelas kepada mereka Firman Tuhan yang tertulis di dalam Perjanjian Lama dan Perjanjian Baru. Ambillah dari Firman itu pengajaran, nasihat, tegoran, penghiburan dan peringatan kesalahan sesuai dengan keadasn yang kamu hadapi. Karena demikianlah dilakukan para Rasul sebagai mana Rasul Petrus berkata: ""Jika ada orang yang berbicara, baiklah ia berbicara sebagai orang yang menyampaikan Firman Allah; Jika ada orang yang melayani, baiklah ia melakukannya dengan keknatan yang dianugerahkan Allah, supaya Allah dipermuliakan dalam segala sesuatu karena Yesus Kristus. Lawanlah dan taklukkanlah segala perkataun dengan Firman Allah. Dengan lemah lembut tegorlah orang yang melawan agar Allah memperbaharui hati dan mengenal kebenaran. Karena itu peliharalah diri mu dan persekutuan itu, kemana pun saudara ditetapkan oleh Roh Kudus untuk mengembalakan Jemaat Allah yang telah ditebus dalam Tuhan Yesus Kristus.
Saudara harus memberitakan Yesus Kristus yang diutus Allah untuk memperbaharui persekutuan manusia dengan Allah, karena Dialah julan kepada kehidupan, jelan kepada pertobatan dan jalan untuk kerukunan manusia dengan Allah.
Kerukunan itulah saudara beritakan kepada Jemeat yang dipercayakan kepada saudara. Maka saudara adalah utusan Kristus untuk membujuk dan mengatakan kepada manusia:
""Bersedialah dirukunkan kembali dengan Allah"".
II. Sama seperti kesungguhanmu menasihati orang-orang yang mau hidup dalam kerendahan kepada Allah, demikianlah juga kesungguhanmu menegor mereka yang tidak mau datang kepada kehidupan, supaya tidak seorangpun menjadi sesat karena tidak ada nasihat, sehingga me~ eka tidak dituntut kepadamu. Ingatlah selalu Firman yang berbunyi demikian: ""Dan engkau anak manusia, Aku menetapkan engkau menjadi penjaga bagi kaum Israel.
Bilamana engkau mendengar sesuatu Firman dari padaku, peringatkanlah mereka demi namaKu. Kalau Aku ber-Firman kepada orang jahat: Hai orang jahat engkau pasti mati ! Dan engkau tidak berkata apaapa untuk memperingatkan orang jahat itu supaya bertobat dari hidupnya, orang jahat itu akan mati dalam kesalahannya; tetapi, Aku akan menuntut pertanggungjawaban atas nyawanya dari padamu.
Tetapi jikalau engkau memperingatkan orang jahat itu supaya bertobat dari kejahatannya, tetapi dia tidak mau bertobat, ia akan mati dalam kesalahannya, tetapi engkau telah menyelamatkan nyawamu"".
III. Tetapi tidak hanya tugas pelayanan diuraikan tadi yang diserahkan kepada Pendeta. Sebab ketika Tuhan Yesus Kristus hendak meninggalkan dunia ini, Dia menetapkan dua sakramen.
Yang pertama, adalah Perjamuan Kudus. Sedang yang satu lagi adalah Baptisan Kudus, yang telah dipesankan pada saat Dia hendak naik ke surga. Karena itu Saudara harus memelihara kedua pekerjaan kudus itu dan melaksanakannya sebagai pelayanan-pelayanan di dalam rumah Allah. Teliti dan amatilah para anggota Jemaat, agar hanya mereka yang patut, mereka yang mengenal dosa-dosanya, mereka yang menyesali perbuatanperbuatannya dan mau bertobat, merekalah yang layak mengikuti Perjamuan Kudus. Tegorlah dan laranglah orang jahat yang cinta dosa tidak mendekati yang kudus itu. Ingatlah: Tuhan Yesus menyerahkan kunci Kerajaan Surga kepada Gereja agar dikocilkan mereka yang tidak mau merobah hati dan bertobat, karena dikatakan: Kepadamu akan kuberikan kunci Kerajaun Surga. Apa yang kau ikat di dunia ini akan terikat di sorga dan apa yang kau lepaskan di dunia ini akan terlepas di sorga. Dan lagi Yesus berkata: ""Terimalah Roh Kudus. Jikalau kamu mengampuni dosa orang, dosanya diampuni, dan jikalau kamu menyatakan dosa orang tetap ada, dosanya tetap ada.""
IV. Selain daripada itu tekunlah mendidik dan memelihara anakanak seperti yang dilakokan Yesus Kristus. Dia berkata: ""Biarkanlah anak-anak itu datang kepadaKu, jangan menghalanghalangi mereka, sebab orang-orang yang seperti itulah yang empunya Kerajaan Allah"". Karena itu ajarkanlah Firman Allah kepada anak-anak. Nasihatilah mereka agar tekun beribadah kepada Allah dan mengasihi sesamanya. Cegahlah segala penyesat karena saudara adalah gembala, seperti yang di Firmankan Tuhan Yesus Kristus: ""Gembalakanlah domba-dombaKu"".
V. Jaga dan peliharalah seluruh anggota Jemaat, para janda, kaum bapa kaum ibu, anak laki-laki dan anak perempuan, seperti diperbuat Rasul Paulus. Katanya: Sebab itu berjaga-jagalah dan ingatlah bahwa aku tiga tahun lamanya, siang malam dengan tiada henti-hentinya menasihati kamu masingmasing dengan mencocurkan air mata. Doakanlah semua orang yang diserahkan kepadamu, agar Tuhan Yesus menjaga dan memberkati mereka dalam Roh Kudus.

VI. Selanjutnya, milikilah cara hidup yang baik agar menjadi contoh dan teladan bagi mereka yang digembalakan; Teladan dalam perkataun, cara hidup, iman dan kasIh. Ingatlah yang dikatakan Firman Allah: Karena itu penilik Jemaat haruslah seorang yang tak bercacat, suami dari satu isteri, dapat menahan diri, bijaksana, sopan, suka memberi tompangan, cakap mengajar orang, bukan pemabuk, bukan pemarah melainkan peramah, pendamai, seorang kepala keluarga yang baik, disegani dan dihormati anak-anakuya. Jikalau seorang tidak tau mengepalai l<eluarganya sendiri, bagaimanakah ia dapat mengurus Jemeat Allah ?
VII. Demikianlah segala perbuatanmu harus saudara lakukan dengan baik sesuai dengan yang diaturkan oleh pimpinanmu. Hendaklah saudara sepakat dengan sesama Pendeta. Di dalam kepatuhan kepada Allah, janganlah berfikir sendiri-sendiri dan berselisih paham, serta saling memfitnah, agar saudara memperoleh seperti apa yang didoakan Tuhan Yesus kepada BapaNya: ""Supaya mereka semua menjadi satu, sama seperti Engkau ya Bapa, di dalam Aku dan, Aku di dalam Engkau, agar mereka juga di dalam kita, supaya dunia percaya, bahwa Engkaulah yang telah mengutus Aku"".
NYANYIAN BERSAMA : No.................
Saudara-saudara telah mendengar penjelasan tentang tugas pelayanan Pendeta seperti yang diungkapkan dalam Firman Allah.
Sekarang saya bertanya kepada saudara-saudara:
1. Apakah saudara mengaku bahwa segala yang tertulis di dalam Perjanjian Lama dan di dalam Perjanjian Baru, adalah Firman Allah yang menunjuk pada jalan Keselamatan yang kekal; dan Apakah saudara bersedia menjauhkan segala ajaran yang lain yang bertentangan dengan Firman Allah ?
Jawab: ..........................
2. Bersediakah saudara melakukan tugas pelayanan Pendeta sesuai dengan ketentuan-ketentuan yang telah diuraikan tadi, yaitu tentang ajaran dan cara hidup; apakah saudara bersedia memperhatikan segala nasihat dan teguran dari pimpinanmu pada waktunya ?
Jawab: .........................
Sekarang saudara berdiri di hadapan Allah dan di hadapan Jemaat ini. Kalau saudara sungguh-sungguh dengan segenap hatimu menerima tugas jabatan kependetaan, jawablah:
J a w a b : ""Saya mengaku, bersedia dan bersungguh-sungguh. Kiranya Kasih Allah menyertai saya untuk melaksanakannya"".

NYANYIAN BERSAMA : No..............
( Ephorus berkata ):
Di dalam Nama Allah Bapa, Anak dan Roh Kudus, saya menetapkan dan mengurapi saudara menjadi Pendeta di HOrSa Kristen Batak Protestan. Tuhan menerangi, memberi kekuatan dan meneguhkan saudara dalam Roh Kudus untuk melakukan tugas jabatan pendeta, agar saudara menjadi pelayan yang baik, membushkan buah yang baik selama-lamanya.
Allah menyanggupkan saudara dalam tugas Pendeta melakukannya sesuai dengan FirmanNya di dalam Tuhan Yesus Kristus yang dipermuliakan selama-lamanya.
SEORANG PENDETA MEMBERI SAMBUTAN:
SEORANG ANGGOTA MAJELIS PUSAT MEMBERI SAMBUTAN:
D O A :
Tuhan Allah Bapa kami yang di surga. Tuhan sajalah yang menyanggupkan hambaMu melayani JemaatMu. Engkau adalah sumber kuasa dan hikmat supaya pekerjaanMu jadi nyata dan tampak di dunia ini. Kami datang di dalam Tuhan Yesus Kristus memohon kepadaMu: Terangilah hati hambaMu ini. Iringlah mereka dengan tanganMu yang kudus. Berilah mereka hikmat kebijaksanasn melakukan tugas pelayanan yang diserahkan kepada mereka hari ini, agar pekerjaan mereka terlaksana dengan baik di hadapanMu dan KerajeanMu semakin berkembang di dunia ini.
Berilah Roh Kudus mengajar dan menuntun mereka supaya sanggup mengajak anggota Jemaat yang telah Engkau tebus melalui darah AnakMu yang Kudus, untuk kembali kepadaMu di dalam damai sejahtera, bersama-sama memuliakan Engkau di dalam Tuhan Yesus Kristus Tuhan kami.
A m in.
Bapa kami yang di surga
dikuduskanlah namaMu............dst.
B E R K A T :
NYANYIAN BERSAMA : No.................

XVII. A. TATA KEBAKTIAN PENAHBISAN PENGINJIL WANITA
NYANYIAN BERSAMA : No.................
Saudara-saudara yang dikasihi Allah !
Di hadapan kita berdiri sekarang mereka yang telah .menyelesaikan pendidikannya untuk menjadi penginjil wanita di Huria Kristen Batak Protestan.
Pendidikan mereka telah berakhir dan mereka telah mengikuti masa praktek. Hari ini, mereka akan ditahbiskan menjadi penginjil Wanita. Karena itu marilah kita memohon kekuatan dan berkat Tuhan atas mereka, agar dengan kekuatan dari Allah mereka melakukan tugas pelayanan yang dipercayakan kepada mereka.
Saudara-saudara yang hendak ditahbiskan menjadi Penginjil Wanita hari ini, dengarlah nasihat tentang tugas Penginjil Wanita yang akan saudara lakukan:
1. Saudara adalah teman sekerja Pendeta untuk membimbing dan mengamati anggota Jemaat yang ada di dalam Huria Kristen Batak Protestan. Saudara adalah teman sekerja dari Pendeta untuk memberitakan Firman Allah yang tertulis di dalam Perjanjian Lama dan di dalam Perjanjian Baru, di tengah Jemaat yang dipercayakan kepada saudara.
2. Karena saudara adalah Penginjil di dalam Jemaat, saudara harus berusaha sekuat tenagamu mengembalakan domba-domba Tuhan, yeitu para anggota Jemaet yang telah dewasa ataupun anak-anak, orang muda dan orang tua, yang sakit dan yang sehat yang jahat dan yang baik. Hiburkanlah hati orangorang yang berduka, teguhkanlah para janda dan yang yatim piatu.
3. Selain itu saudara harus membimbing penyembah berhala, juga pemeluk agama-agama lain yang menyimpang dari Firman Allah dan dari Jemaatnya, supaya mereka memperoleh bagian dalam Karya Penyelamatan Tuhan Yesus dasar kepercayaan itu.
4. Karena saudara adalah Penginjil Wanita di dalam Huria Kristen Batak Protestan, maka secara khusus diserahkan kepadamu tugas pelayanan di tengah kaum Wanita, pemudi dan anakanak.
Selain pengetahuan akan Firman Allah yang akan kamu ajarkan dan nasihatkan kepada mereka, saudara harus memelihara dan mengembangkan pelayanan yang sesuai bagi mereka.
5. Agar semua yang diuraikan tadi dapat terlaksana, milikilah cara hidup yang baik di hadapan Allah dan di hadapan Jemaat. Hendaklah saudara menjadi teladan bagi mereka yang dipercayakan Allah kepadamu. Segala nasihat yang telah disampaikan kepadamu camkanlah dengan segenap hatimu sesuai dengan Firman Allah yang benar.
Kalau saudara telah mengyakannya dengan segenap hatimu di hadapan Jemaat katakanlah: “SAYA BERSEDIA"" Kiranya Kasih Allah menyertai saya melaksanakannya"".
NYANYIAN BERSAMA : No................
( Secara bergantian datang di depan dan berlutut )
..........................Di dalam Nama Allah Bapa, Anak dan Roh Kudus, saya menahbiskan engkau menjadi Penginjil Wanita di Huria Kristen Batak Protestan. Tuhan menerangi, menguatkan, dan menuntun engkau di dalam Roh Kudus melakukan pekerjaanmu agar menjadi pelayan yang setia, yang membuahkan buah-buah yang baik selamalamanya. A m i n.
D O A :
Tuhan Allah Bapa kami yang di surga. Tuhan sajalah yang menyanggupkan hambaMu melayani jemaatMu. Engkau adalah sumber kuasa dan hikmat supaya pekerjaanMu menjadi nyata dan nampak di dunia ini. Kami datang di dalam Tuhan Yesus Kristus memohon kepadaMu: ""Terangilah hati hambaMu ini. Iringlah mereka dengan tanganMu yang Kudus. Berilah mereka hikmat kebijaksanean melakukan tugas pelayanan yang diserahkan kepada mereka hari ini, agar pekerjaan mereka terlaksana dengan baik di hadapanMu dan KerajaanMu semakin berkembang di dunia ini.
Berilah Roh Kudus mengajar dan menuntun mereka supaya sanggup mengajak anggota Jemaat yang telah Engkau tebus melalui darah AnakMu yang Kudus, untuk kembali kepadaMu di dalam damai sejahtera, bersama-sama memuliakan Engkau di dalam Tuhan Yesus
Kristus, Tuhan kami. A m i n.
D O A :
Bapa kami yang di surga,
dikuduskanlah NamaMu................dst.
B E R K A T :

XVIII.B. TATA KEBAKTIAN PENAHBISAN DIAKONES
NYANYIAN BERSAMA : No..............
Saudara-saudara yang dikasihi Tuhan !
Di hadapan kita berdiri sekarang mereka yang telah menyelesaikan pendidikan Diakones, agar mereka menjadi Diakones di Huria Kristen Batak Protestan.
Pendidikan mereka telah berakhir dan telah mengikuti masa praktek. Hari ini mereka akan ditahbiskan menjadi Diakones.
Karena itu, marilah kita memohon kekuatan dan berkat Tuhan atas mereka, agar dengan kekoatan yang dari Allah mereka melakukan tugas pelayanan yang dipercayakan kepada mereka.
Saudara-saudara yang hendak ditahbiskan menjadi Diakones pada hari ini, dengarlah nasihat tentang tugas Diakones yang akan Saudara lakukan:
1. Saudara adalah pelayan jemaat untuk mengerjakan pelayanan diakonia di tengah-tengah Jemaat dan masyarakat.
2. Pemberitaan, pengasihan Allah dilakukan oleh Jemaat dalam bentuk pelayanan diakonia yang beraneka ragam:
- Pengobatan dan pengadean kebutuhan orang sakit,
- Pemeliharaan dan perawatan orang yang sengsara,
- Pemeliharaan dan perawatan yatim piatu,
- Membantu orang miskin dan yang menderita,
- Memberi dukungan bagi para janda dan orang-orang yangtua,
- Melayani orang jompo.
3. Hendaklah kamu menghibur orang berduka, memberi semangat kepada orang yang tidak percaya, meneguhkan i man dan pengharapan mereka yang diancam keputus asaun.
4. Hendaklah kamu memberi bimbingan dalam bidang kesehatandan budi pekerti yang baik.
5. Hendaklah kamu siap setiap waktu memberi bantuan yang diperlukan tanpa mengharapkan balas jasa.
6. Hendaklah kamu murah hati, sama seperti Bapakmu murah hati supaya kamu menjadi pelayan yang baik.
Sekarang jawablah pertanyaan ini di hadapan Allah dan di hadapan Jemaat yang berkumpul di sini:
1. Bersediakah saudara melakukan tugas-tugas pelayanan Diakones seperti yang saya bacakan tadi dengan segenap jiwa dan dengan segenap kekuatanmu sesuai dengan Firman Allah ?
2. Bersediakah saudara melakukan kehidupan yang baik di hadapan Allah dan di hadapan manusia ?
Kalau saudara sungguh-sungguh dengan segenap hatimu menerima semuanya itu jawablah dengan : ""Saya bersedia, kiranya Kasih Allah menyertai saya untuk melaksanakannya"".
Sesuai dengan pengakuan saudara yang merupakan ikrarmu kepada Tuhan, saya menyerahkan jabatan Diakones di Huria Kristen Batak Protestan.

NYANYIAN BERSAMA : No............
Penahbisan ke dalam jabatan :
.................................. Di dalam Nama Allah Bapa, Anak dan Roh Kudus, saya menahbiskan saudara menjadi DIAKONES di Huria Kristen Batak Protestan. Kiranya Tuhan menerangi, memberi kekuatan dan meneguhkan saudara dalam Roh Kudus untuk melakukan tugasmu agar saudara menjadi pekerja yang baik untuk membuahkan buah yang baik sampai selama-lamanya. A m i n.

D O A :
Tuhan Allah Bapa kami yang di surga ! Tuhan sajalah yang menyanggupkan hambaMu melayani JemaatMu. Engkau adalah sumber kuasa dan hikmat supaya pekerjaanMu menjadi nyata dan nampak di dunia ini.
Kami datang di dalam Tuhan Yesus Kristus memohon kepadaMu : Terangilah hati hambaMu ini. Iringlah mereka dengan tanganMu yang kudus. Berilah mereka hikmat kebijaksanaan melakukan tugas pelayanan yang diserahkan kepada mereka hari ini, agar pekerjaan mereka terlaksana dengan baik di hadapanMu dan KerajaanMu semakin berkembang di dunia ini.
Gerakkanlah senantiasa hati anggota JemaatMu, untuk melakukan segala bentuk pelayanan yang diharapkan dari mereka, supaya cinta kasih yang benar semakin nyata dalam hidup kami, sebagaimana Engkau telah lakukan dan perintahkan, supaya NamaMu yang kudus itu terpuji dan dimuliakan. A m i n .

NYANYIAN BERSAMA : No...........
D O A : Bapa kami yang di surga,
dikuduskanlah NamaMu ............ dst.
BERKAT :

XIX. TATA KEBAKTIAN PENAHBISAN GEREJA
Semua warga Jemaat berkumpul di depan gedung Gereja baru dan bernyanyi bersama No. ........ (pilih nyanyian yang sesuai).
Kemudian Panitia Pembangunan gedung Gereja menyerahkan kunci kepada Majelis Jemaat. Lalu Majelis Jemeat menyerahkannya kepada Ephorus (atau yang mewakilinya). Sesudah menerima kunci Gereja, Ephorus berkata: ""Saya membuka pintu Gereja ini, di dalam Nama Allah, Bapa dan Nama AnakNya Tuhan Yesus Kristus dan Nama Roh Kudus. A m i n.
( Kemudian seluruh Jemaat memasuki gedung Gereja )
NYANYIAN BERSAMA : No...........
EPHORUS :
""Damai sejahtera dari Allah, yang melampaui segala akal, akan memelihara hati dan pikiran saudara dalam Kristus Yesus Tuhan kita. A m i n.
Pembacaan : I Kron. 30 :1-20 ; I Raja-raja 8:
II Kron. 5 – 7 ; Mazmur 24: 86. 87 dan
100. 122. 132.
Yoh. 2: 13-22 ; Yoh. 4: 19 - 20.

NYANYIAN BERSAMA : No..............
PENGAKUAN IMAN : (Bersama-sama mengucapkan Pengakuan Iman Rasuli).
NYANYIAN BERSAMA : No.............
D O A :
Ya Tuhan Allah Yang Maha Kasih, kami mengucapkan terima kasih kepada Tuhan karena kasih sayangMu yang begitu besar kepada kami. Engkau telah memberikan pertolonganMu kepada kami selama kami mengerjakan pembangunan Rumah Gereja ini sampai hari ini. Kami memuji Nama Tuhan karena rumah Gereja ini telah selesai dan sedia untuk Kemuliaan Tuhan dan Tempat pemberitaan NamaMu yang Kudus. Kami telah menerima pemberianMu sehingga rumah ini dapat selesai. Sekarang kami serahkan kepada Tuhan, agar Tuhan menjadi pemiliknya.
Kasihilah kami ya Tuhan, datanglah selalu berkunjung ke dalam rumah ini. Kuduskanlah rumah ini. Canangkanlah Firman Kebenaran Tuhan dari tempat ini, yang menjadi pegangan bagi kami menuju kesentosasn. Sucikanlah Baptisan Kudus di dalam rumah ini, jalan masuk ke dalam Kerajaan Tuhan, karena kami adalah anak-anak Tuhan. Hidangkanlah Perjamuan Kudus pada altar ini, sebagai saluran Berkat Tuhan bagi kami. Berkenanlah Engkau ya Tuhan menerima lagu pujian yang kami nyanyikan di sini demi Kemuliaan Nama Tuhan yang Kudus. Gerakkanlah hati kami untuk mengunjungi kebaktian di dalam rumah ini. Berkatilah mereka yang memberikan persembahan untuk pembangunan rumah ini, dan juga mereka yang telah membangunnya. Ajar dan bimbinglah kami membangun kerohanian kami masing-masing agar layak menjadi Bait Allah.
Gembalakanlah kami dan anak-anak kami turun-temurun. Berilah kami pelayan-pelayan yang baik hati untuk mengembalakan semua warga Jemeat Tuhan di sini. Datanglah dalam Roh Kudus agar iman kami kuat dan teguh untuk menyaksikan Tuhan sampai pada akhir hidup kami.
Kiranya Firman Tuhan yang Kudus yang diberitakan di dalam rumah ini akan mengubah hati kami kepada pertobatan, penghiburan dan kedamaian hati. Kasihilah kami ya Tuhan Allah. Dengarlah doa kami dan doa semua orang yang datang di rumahMu ini.
Berkatilah kami senantiasa waktu berkumpul di dalam rumah ini. Berkatilah semua yang mengikuti kebaktian Minggu dalam rumah ini, yang mengikuti pengajaran FirmanMu dan yang menerima Baptisan Kudus, yang menerima Perjamuan Kudus dan yang dinikahkan di tempat ini.
Terima dan berkatilah kami beserta anak-anak kami dan yang mengaku imannya. Dengarlah dan kabulkanlah permohonan doa kami di saat-saat terjadi kesusahan, wabah dan bala kelaparan.
Terimalah persembahan syukur yang kami bawa ke tempat ini. Dengarlah doa mereka yang datang berdoa di dalam rumah ini, seperti orang-orang lumpuh, yang hina, yang sengsara, janda, yatim piatu, orang-orang miskin dan melarat. Berilah mereka kelepasan dan penghiburan. Kabulkanlah permohonan doa saudara-saudara kami yang datang memohon pengampunan dosa, kekuatan dan keteguhan hati, penghiburan dan segala sesuatu yang berguna sesuai dengan kehendak Tuhan.
Kasihilah kami yang telah diselamatkan AnakMu Tuhan Yesus Kristus Tuhan kami, dan jagalah kami di dalam Roh Kudus sampai pada akhirnya di tempat kebahagiaan di surga. Ami n.

NYANYIAN BERSAMA : No................
K H O T B A H :
NYANYIAN BERSAMA : No.............
(sambil mengumpulkan Persembahan)
D O A :
Bersama-sama mengucapkan “DOA BAPA KAMI”
B E R K A T :
Tuhan memberkati engkau dan melindungi engkau,
Tuhan menyinari engkau dengan wajahNya dan memberi engkau kasih karunia.
Tuhan menghadapkan wajahNya kepadamu dan memberi engkau damai sejahtera.
A m i n .

XX. TATA KEBAKTIAN PELETAKAN BATU ALAS GEDUNG GEREJA
NYANYIAN BERSAMA : No. ............
PELAYAN LITURGI :

Inilah hari yang dijadikan Tuhan, marilah kita bersorak-sorak dan bersukacita karenanya. Haleluya !

JEMAAT MENYAMBUT :

Haleluya ! Haleluya ! Haleluya !

PELAYAN LITURGI :

Mazmur 84 atau Mazmur 87 atau Mazmur 122.

NYANYIAN BERSAMA : No. ...........

PELAYAN LITURGI :

""Ketika Yakub bangun dari tidurnya, berkatalah ia : 'Sesungguhnya Tuhan ada di tempat ini, dan aku tidak mengetahuinya'. Ia takut dan berkata : 'Alangkah dahsyatnya tempat ini. Ini tidak lain dari rumah Allah, ini pintu gerbang surga'. Keesokan harinya pagi-pagi, Yakub mengambil batu yang dipakainya sebagai alas kepala dan mendirikan itu menjadi tanda dan menuang minyak ke atasnya. Ia menamai tempat itu Betel, dahulu nama kota itu Lus. Lalu bernazarlah Yakub : 'Jika Allah akan menyertai dan akan melindungi aku di jalan yang kutempuh ini memberikan padaKu roti untuk dimakan dan pakaian untuk dipakai, sehingga aku selamat kembali ke rumah ayahku, maka Tuhan akan menjadi Allahku. Dan batu yang kudirikan ini sebagai tugu akan menjadi rumah Allah.
Dari segala yang Engkau berikan kepadaku akan selalu kupersembahkan sepersepuluh kepadaMu'.

(Kejadian 28:16 - 22).

DOA :

Ya Bapa dan Allah kami yang di surga ! Kendatipun langit, bahkan langit yang mengatasi segala langit dan bumi pun tidak dapat memuat Engkau, namun Engkau masih menginginkan suatu Bait di dunia ini; untuk menjadi tempat kami memanggil NamaMu yang Kudus itu. Dahulu Engkau mendengar permohonan hambaMu Raja Daud, yaitu dalam bentuk Bait Allah yang didirikan anaknya Raja Salomo. Sebagaimana Tuhan telah mengabulkan permohonan hambaMu Raja Daud, dengarlah permohonan kami. Berkenanlah Tuhan mengijinkan kami mendirikan gedung Gereja di tempat ini.
Kami memohon kepadaMu di dalam nama AnakMu Tuhan Yesus Kristus Tuhan kami. A m i n.
PELAYAN LITURGI II :

Sebab itu beginilah Firman Tuhan Allah : ""Sesungguhnya, Aku meletakkan sebagai dasar di Sion sebuah batu, batu yang teruji, sebuah batu penjuru yang mahal suatu dasar yang teguh : Siapa yang percaya, tidak akan gelisah"".
(Yesaya 28: 16).

D O A :

Ya Tuhan kami, Tuhan Yesus Kristus, Anak Allah yang hidup dan Mahakuasa ! Engkau adalah cahaya kemuliaan Allah dan Gambar Wujud Allah. Engkaulah batu yang teruji, sebuah batu penjuru yang mahal, suatu dasar yang teguh. Kami mohon kepadaMu : Teguhkanlah batu penjuru ini yang kami letakkan atas namaMu yang kudus itu. Engkau adalah yang Awal dan yang Akhir dari segala sesuatu yang ada. Engkaulah yang memulai dan menyempurnakan pekerjaan yang telah kami mulai, untuk keagungan dan kemuliaan namaMu yang Kudus. Kami sampaikan permohonan kami ini kepadaMu Tuhan yang hidup dan benar yang memerintah bersama-sama dengan Allah Bapa dan Roh Kudus, sampai selama-lamanya. A m i n.

PELAYAN LITURGI III :
Demikianlah kamu bukan lagi orang asing dan pendatang melainkan kawan sewarga dari orang-orang kudus dan anggota-anggota keluarga Allah, yang dibangun di atas dasar para rasul dan para nabi, dengan Kristus Yesus sebagai batu penjuru. Di dalam Dia tumbuh seluruh bangunan, rapih tersusun, menjadi Bait Allah yang kudus di dalam Tuhan. Di dalam Dia kamu juga turut dibangunkan menjadi tempat kediaman Allah di dalam Roh.
(Epesus 2: 19-22).

D O A :

Ya Tuhan Allah, Bapa kami yang di surga ! Kuduskanlah tempat ini yang dibangun oleh JemaatMu bagi ke-AgunganMu. Tolong dan berkatilah JemaatMu dalam pembangunan gedung Gereja ini. Pergunakanlah kami sebagai batu hidup untuk menjadi suatu rumah rohani dan Bait yang tetap, tempat kemuliaanMu. Kami memohon di dalam Nama AnakMu Tuhan Yesus Kristus, Tuhan kami.
A m i n .

NYANYIAN BERSAMA : No. ..............

(Pelayan Liturgi I meletakkan batu alas pada tempat yang sudah ditentukan.
Pada pembacaan Doa berikut, Pelayan Liturgi I mengetok batu alas itu tiga kali. Tanda + merupakan tanda saat ketokan).

PELAYAN LITURGI I :

Di dalam iman kepada Tuhan Yesus Kristus, aku letakkan batu alas ini :
Di dalam Nama + Allah Bapa + Anak dan + Roh Kudus. Semoga di tempat ini senantiasa tinggal : Iman yang benar, Kasih dan Takut akan Allah, kiranya tempat yang dikuduskan ini menjadi tempat berdoa untuk memanggil dan memuji Nama Tuhan kita, Tuhan Yesus Kristus, yang hidup dan memerintah bersama-sama dengan Allah Bapa dan Roh Kudus sampai selama-lamanya. A m i n.

NYANYIAN BERSAMA : No..............

D O A :
Bapa kami yang di surga ! Dikuduskanlah NamaMu, datanglah KerajaanMu, jadilah kehendakMu di bumi seperti di surga. Berikanlah kami pada hari ini, makanan kami yang secukupnya dan ampunilah kami akan kesalahan kami, seperti kami juga mengampuni orang yang bersalah kepada kami; dan janganlah membawa kami ke dalam pencobaan, tetapi lepaskanlah kami dari pada yang jahat.
Karena Engkaulah yang empunya Kerajaan dan Kekuasaan dan Kemuliaan sampai selama-lamanya. A m i n.

B E R K A T :
Tuhan memberkati engkau dan melindungi engkau;
Tuhan menyinari engkau dengan wajahNya dan memberi engkau kasih karunia;
Tuhan menghadapkan wajahNya kepadamu dan memberi engkau damai sejahtera.

A m i n .",Religious,Ritual Text,http://setiamengasihi.blogspot.com/2018/04/agenda-batak.html.,,yes
mg_057,Agenda HKBP - 4,"Bagian paduahon
A. Angka ayat sidahonon di ari Minggu dohot di angka ari pesta
I. ADVENTUS
A. 1. Paboa hamu ma tu boru Sion: Ida ma, nunga ro hatuaonmi ! Ida ma, ihut tu Ibana do upa silehononNa, jala pamalosonna di joloNa. ( Jes. 62, 11 ).
2. Ida ma, hatop do Ahu ro, tiop ma na di ho nuaeng, asa unang adong na mambuat tumpalmi. ( Pangungk. 3, 11 ).
3. Endehon hamu ma Debata, puji hamu ma GoarNa, palendes hamu ma dalan di Ibana, na marhureta di halongonan, Jahowa do GoarNa, jala marolopolop ma hamu di joloNa !
( Psalm 68, 5 ).
4. Marolopolop ma ho jala marlas ni roha, ale boru Sion, ai ida ma, na ro ma Ahu maringanan di tongatongam i, ninna Jahowa.
( Sakaria 2, 14 ).
B. 1. Ho do ale Jahowa, dihalungunhon rohangku. Ale Debatangku, marhaposan tu Ho do ahu, sai unang paila ahu, asa unang marsuraksurak angka musungku mida ahu. Ndang tahe tagamon tarurak manang ise sian angka na manghaposi Ho, ale Jahowa, sai pabotohon ma tu ahu angka dalanMu, jala ajarhon tu ahu angka bogasMu. ( Psalm 25, 1-4 ).
Sadari on ma ro Tuhan i manopot joroNa, beta, tasomba ma Ibana !
2. Patuginjang ma tohangmuna, hamu ale angka harbangan, patuginjang ma hamu, ale angka pintu sian narobi, asa bongot Raja ni hamuliaon! Ise ulaning Raja ni hamuliaon i ? I ma Jahowa, na gogo jala ulubalang, Jahowa ulubalang di hamusuon. Patuginjang ma tohangmuna, hamu ale angka harbangan, jala patuginjang ma hamu, ale angka pintu sian narobi, asa bongot Raja ni hamuliaon i ! Ise ulaning Ibana, Raja ni hamuliaon i ? I ma Jahowa Sebaot, Ibana do Raja ni hamulinon i.
( Psalm 24, 7-10 ).
3. Manetehi ma angka langit sian ginjang, jala diusehon angka ombun ma udan hatigoran. Buha ma tano on jala diparbuehon hatuaon dohot hatigoran. Angka langit do mamaritahon hamuliaon ni Debata, jala jadijadian ni tanganNa do pinaboa ni na ratarata ni langit i. ( Jes. 45,8; Psalm 19, 1 ).
II. PESTA HATUTUBU NI TUHAN JESUS
A. 1. Dung i gabe daging ma Hata i, jala maringanan di tongatonga ni hita on, jadi huida hami ma hasangaponNa songon hasangapon ni anak sasada na sian Ama i, gok asi ni roha dohot hatutuon. ( Joh. 1, 14 ).
2. Nunga patar hangoluan i, jala nunga huida hami jala nunga huhatindangkon hami dohot hubaritahon hami tu hamu hangoluan na saleleng ni lelengna, na di lambung ni Ama i hian jala naung patar di hami.
( Joh. 1, 2 ).
B. 1. Nunga-tubu di hita sada posoposo, dilehon tu hita sada Anak, pampe tu abaraNa do sogot harajaon, jala bahenonna GoarNa: Sipartahi halongangan, Ulubalang ni Debata Ama, saleleng ni lelengna, Raja ni hadameon. ( Jes. 9, 5 ). Endehon hamu sada ende na imbaru di Jahowa, endehon ma Jahowa, ale sandok tano on. Pajojor hamu ma di tongatonga ni angka sipelebegu hamuliaonNa i, di tongatonga ni saluhut bangso halongangan, angka na binahenNa i. Marsomba ma hamu tu Jahowa marpahean na marhadohoan, angka hitir ma hamu mar~dophon Ibana, ale isini sanduk tano on (Psalm 96,1, 3, 9 ).
2. Bangso na mardalani di bagasan haholomon marnida sada panondang na bolon. Binsar do sada panondang di angka na mangingani tano na nilinggoman ni hamatean.
(Jes. 9,1 ).
Marrongoman bangsoM ro sian lomona di ari parporanganMu; marpahean habadiaon, songon nambur sian ampuan ni andos torang ro do tu Ho paranganMu angka na umposo. ( Psalm 110, 3 ).
III. TAON NA IMBARU
A. Ahu do Alpha, Ahu do Omega, bonana dohot ujungna ninna Tuhan i, na adong dohot naung adong hian dohot na ro. Pargogo na sumurung.
( Pangungk. 1, 8 ).
B. Sai mangaranapi do matangku dompak angka dolok: Sian dia do ulaning ro panguruipon tu Ahu ? Sian Jahowa Sitompa langit dohot tano on sambing ro pangurupion ianggo tu ahu. Ndang tagamon loasonNa tarsulandit patmu, ndang tagamon nok mata ni Sijaga ho. Sai jagaon ni Jahowa do ho sian nasa parmaraan, sai jagaonNa do tondim. Sai jagaon ni Jahowa do ho laho ruar dohot laho bongot olat ni on ro di saleleng ni lelengna. ( Psalm 121, 1-3.7.8.).
IV. EPIPHANIAS
A. 1. Songon on do ninna Tuhan Jahowa: Hehe ma ho ! Marsinondang ma ho! Ai na ro ma na manondangi ho, jala hamuliaon ni Jahowa binsar di atasmu. ( Jes. 6D, 1 ).
2. Mandok mauliate ma hamu di Ama i, na mangaroro hita sian gomgoman ni haholomon, jala na paunsathon hita tu bagasan harajaon ni Anak haholongan ni rohaNa.
( Kol. 1,12.13 ).
3. Ale Jahowa huhaholongi do hajongjongan ni bagasMu dohot hasonggopan ni hamuliaonMu. ( Psalm 26, 8 ).
4. Sai pabotohononMu do tu ahu dalan hangoluan, gok do las ni roha di adopan ni bohiM, angka hasudungan ni roha do di siamunMu saleleng ni lelengna. ( Psalm 16, 16 ).
5. Debata do haporusanta dohot hagogoonta, pangurupi situtu di hagogotan, angka na mangonai tu hita. Dibahen i ndang mabiar hita, nang pe balik tano on, jala lalolalo angka dolok, laho marongrong tu tongatonga ni laut. ( Psalm 46, 2. 3).
6. Lehon ma tu Jahowa hamuliaon ni GoarNa, marsomba ma hamu tu Jahowa, mamangke pahean na marhadohoan. ( Psalm 29, 2 ).
B. 1. Puji ma Jahowa, hamu ale angka surusuruanNa. Dibege Sion do i, jadi marlas ni roha ma, marolopolop ma angka boru ni Juda, ala ni panguhumMu ale Jahowa ! Jahowa do Raja marolopolop ma tano on, marlas ni roha ma pulo angka na lan i.
(Psalm 103, 20; 97, 8; 97, 1 ).
2. Jahowa do panondangi di ahu dohot hatuaonhu, tung ise ma habiaranhu? Nang pe marhoronhoron parangan angka na manungkum ahu, ndang dihabiari rohangku. Sada do naung hupangidohon tu Jahowa, sai i do hulului: Naeng mian ahu di bagasan Joro ni Jahowa saleleng mangolu ahu paidaidahon hinadenggan ni Jahowa dohot manghalomohonsa. Haposi ma Jahowa, pagomos jala patogu roham jala parhanalom Jahowa. ( Psalm 27, 1 a. 3 b. 4. 14 ).

V. TINGKI PANAONON NI TUHAN JESUS PARJOLO
( SEPTUAGESIMA - ESTOMIHI )
A. 1. Songon on didok Tuhan Jesus: Ro ma hamu tu Ahu, hamu angka na loja jala na sorat, hupasonang pe hamu. Buat hamu ma augangKu tu hamu, guruhon hamu ma sian Ahu, ai na lambok do Ahu jala na serep marroha, asa dapotan paradianan hasonangan tondimuna.
( Mat. 11, 28, 29 ).
2. Beta ma hita manungkap marsomba, marsinggang ma hita tu adopan ni Jahowa, Sitompa hita. Ai Ibana do Debatanta, jala hita bangso pinarmahanNa jala birubiru niiringiring ni tanganNa. (Psalm 95, 6. 7).
3. Tung beha ma pamaloshu di saluhut denggan ni uhum ni Jahowa tu ahu! Surdukhononku do panginuman parhatuaon tu ginjang jala pajoujouonku do Goar ni Jahowa. ( Psalm 116, 12.13 ).
B. Sai paeleng ma pinggolMu tu ahu, hapogani paluahon ahu. Sai Ho ma gabe dolok batu partanobatoan di ahu, gabe huta na gonting laho pangoluhon ahu. Ai Ho do partanobatoanku hian dohot pangondinganku, jala ala ni goarMu sai iringiringonMu jala toguonmu ahu. Tu Ho do, ale Jahowa, ahu marhaposan, sai unang ma paurak ahu saleleng ni lelengna; sai palua ma ahu marhitehite hatigoranMu ! ( Psalm 31, 3, 4. 2). !
VI. TINGKI PANAONON NI TUHAN JESUS
A. 1. Ai dokhononNa do angka surusuruanNa taringot tu ho, asa dijaga ho di angka dalanmu sudena. Sai tangantanganonnasida do ho, asa unang tartuktuk patmu tu batu.
( Psalm 91,11.12 ).
2. Diusung Ibana do dosanta marhitehite dagingNa tu hau i, asa dung lias hita sian dosa, mangolu hita di bagasan hatigoran; marhite sian bugangNa do malum hamu. ( 1 Petr. 2, 24 ).
3. Sai manatapnatap do matangku tu Ho, na marhabangsa di banua ginjang. Ida ma, songon mata ni angka anaksomang tu tangan ni induksomangnasida, songon mata ni naposo boruboru tu tangan ni sorangannasida, songon i do mamerengi matanta tu Jahowa Debatanta paima asi rohaNa di hita. ( Psalm 123, 1. 2 ).

4. Tongon do angka sahitta diusung Ibana, jala angka pardangolanta diporsan. Ala ni pangalaosionta Ibana tartullang, binahen ni hajahatonta Ibana mabugang. Ampe tu Ibana pinsangpinsang parhitean ni hasonanganta, jala binahen ni bugangNa malum hita. ( Jes. 53, 4. 5 ).
5. Jahowa do patupahon angka pambahenan hatigoran, jala dipatingkos uhum tu sudena angka na nirupa. ( Psalm 103, 6 ).
6. (Estomihi). Ai Ibana, hapatean jala parmulaan ni nasa na adong, na tama do Ibana, di na tinogihonNa torop anak tu hasangapon padengganhon sun induk ni hangoluannasida marhitehite haporsuhon.
( Heber 2, 10 ). 56
B. 1. (Invocavit). Songon on do didok Tuhan Jahowa: Jouonna ma Ahu, jala alusanKu ma ibana, sai dongananKu do ibana jumpa hagogotan, paluaonKu do ibana jala marmulia ibana bahenonKu. Sai pamahaponKu do ibana sarimatua. Martua do na hundul di pangondingan ni Natumimbul i jala na mian di linggoman ni pargogo na so hatudosan, na mandok tu Jahowa: Haporusanku jala partanobatoanku, Debatangku, marhaporusan tu Ho do ahu. ( Psalm 19, 15.16a. 1-2 ).
2. (Reminscere). Sai ingot ma, ale Jahowa, angka denggan ni basaM dohot asi ni rohaM, ai sian narobi do angka i. Asa unang marsuraksurak angka musungku mida ahu. Ale Debatangku, marhaposan tu Ho do ahu, sai unang paila ahu. ( Psalm 25, 6, 2b 1. 2b ).
3. (Octili). Sai tong do mamerengi matangku tu Jahowa, ai Ibana do mangenet pathu sian jorgong. Sai dompakhon ma ahu, jala asi rohaM di ahu, ai puqjung jala na dangol do ahu. Ho do, ale Jahowa, dihalungunhon rohangku. Ale Deatangku marhaposan tu Ho do ahu, sai unang paila ahu. (Psalmn 25,16,1,2a).
4. (Letare). Marlas ni roha ma hamu rap dohot Jerusalem jala marolopolop mida ibana sude hamu, ale angka na holong roha di ibana ! Marlas ni roha situtu ma - rap dohot ibana sude hamu, ale angka na marsak roha mida ibana nesailaon ! Las do rohangku di angka na mandok tu ahu: beta hita manopot bagas ni Jahowa ! ( Jes. 66. 10; Psalm 122, 1 ).
5. (Judica). Lulohon ma ahu, ale Debata, jala parbadahon badangku dompak bangso na so daulat roha, sai palua ma ahu sian baoa siulahon sipaotooto dohot hajengkelon. Ai Ho do Debata haroroan ni hagogoonku. Tongos rna hatiuronMu dohot hatigoranMu, angka na manogu ahu, pataru ahu tu dolok ni habadiaonMu dohot tu ingananMu. ( Psalm 43, 1. 4a. 3 ).
6. (Palmarum). Asi ma rohaM di ahu, ale Jahowa, ai targogot do ahu, maras do rohangku dohot dagingku. Alai anggo ahu, tu Ho do ahu marhaporusan, ale Jahowa, ningku do: Ho do Debatangku. Marguru tu tangan-Mu do angka parsorionki, sai palua ma ahu sian tangan ni angka musungku dohot sian angka na mangalotongi ahu. Ale Jahowa, sai unang paurak ahu, ai Ho do na hujou, sai palua ma ahu marhitehite hatigoranMu.
( Psalm 31, 10. 15. 16. 18a. 2b ).
VIII. PARNINGOTAN DI HASASAHAT NI ULAON NA BADIA
A. Sai mangan do sogot na dangol i jala butong, ingkon mamuji Jahowa do angka na usouso di Ibana: Sai tarhilas do rohamuna salelenglelengna.
( Psalm 22, 27 ).
B. Nunga dibahen Tuhan Jahowa sada parningotan di halongangan angka na binahenNa i, pardenggan basa jala parasi roha do Ibana. Songon panghalungunhon ni ursa di angka batang aek, songon i do pangkalungunhon ni tondingku tu Ho, ale Debata. Mauas do tondingku di Debata, di Debata na mangolu i. ( Psalm 111, 4; 42, 2. 3a ).
VIII. ARI HAMAMATE NI TUHAN JESUS
A. Sintua ni malim sisongon i do tama di hita, na badia, na so jahat, na so marlindang, na so marbolat sian angka pardosa, naung gabe tumimbo sian angka banua ginjang. Na so pola ganup ari songon angka sintua ni malim i mamboan jumolo pelean taringot tu angka dosana sandiri, dung i taringot tu dosa ni natorop i, ai sahali do i diulahon, di na mamelehon diriNa Ibana. ( Heber 7, 26.27 ).
B. 1. Na gabe pangoloi do Kristus paima mate, pola tung mate tarsilang. Di dia angka soropmi, ale hamatean ? Di dia pangagoonmu, ale banua toru? ( Phil. 2, 8; Hos. 13, 14b ).
2. Sai unang mandaoduo ianggo Ho, ale Jahowa, parsigantunganku, hapogani ma mangurupi ahu. Merus do gogongku songon ngarngar, jala lohot do dilangku di langitlangit ni pamanganhu, jula tu orbuk ni na mate dipapodom Ho ahu. Ale Debatangku ! Debatangku ! Boasa tung tadingkononMu ahu ? Unang manduodeo Ho sian ahu, ai donok nama parmaraan, ai so adong sipartumpak. ( Psalm 22, 20. 16, 2a. 12 ).
IX. ARI HAHEHEON
A. 1. Unang ho mabiar, Ahu do bonana dohot ujungna. Na mangolu do, jala naung mate do Ahu najolo, jala ida ma, Ahu do na mangolu ro di saleleng ni lelengna, jala di Ahu do anakhinsu ni banua toru dohot hamatean. ( Pangungkapon 1,17b, 18 ).

2. Haleluya ! Di Tuhan Debatanta i do hatuson dohot hasangapon dohot hamuliaon dohot hagogoon. Na pahehehon Tuhan Jesus, i do na pahehehon dohot hita sogot ala ni Tuhan Jesus. ( Pangungkapon 19, lb; 2 Kor. 4,14a)
B. Nunga hehe Tuhan i, nunga tutu hehe Ibana. Ari on do na jinadihon ni Jahowa, marolopolop jala marlas ni roha ma hita disi. Batu naung binolongkon ni angka padde bagas, i ma gabe batu parsuhi. Pinamasa ni Jahowa do i, halongangan do i anggo di matanta. ( Lukas 24, 34; Psalm 118, 24. 22. 23 ).
X. TINGKI HAHEHEON
A. 1. Soara ni olopolop dohot hatuaon marsaringar di undungundung ni angka partigor. Siamun ni Jahowa do sibahen hamonangan. Timbul situtu do siamun ni Jahowa; siamun ni Jahowa do sibahen hamonangan.
( Psalm 118, 15.16 ).
2. Ida ma, Debata do hatuaonku. Ibana huhaposi, jadi ndang mabiar ahu, ai Tuhan Jahowa do hagogoonku jala pujionku do na manjadi hatuaon di ahu. ( Jes. 12, 2 ).
3. Pinuji ma Debata jala Ama ni Tuhanta Jesus Kristus, na tumubuhon hita paduahalihon sian godang ni asi ni rohaNa tu pangkirimon na mangolu marhitehite haheheon ni Tuhan Jesus Kristus sian na mate.
( 1 Petr. 1, 3a ).
4. Tung na arga situtu do asi ni rohaM, ale Debata ! Jadi marhaporusan tu linggoman ni habongMu do angka anak ni jolma. Ai di lambungMi do mual hangoluan, di bagasan hatiuronMi huida hami hatiuron.
( Psalm 36, 8, 10 ).
5. (Rogate). Songon on do didok Tuhan i: Pajoujouonmuna ma Ahu, laho martangiang tu Ahu, jala tangihononKu ma hamu. Jala luluanmuna ma Ahu laos jumpang hamu; molo tung dilului hamu Ahu sian nasa rohamune, jadi jumpang hamu ma Ahu. ( Jer. 29, 12, 13, 14a ).
B. 1. (Quasimodogeniti). Hisapan ma hamu songon posoposo na imbaru tubu i, di susu na denggan na so mangansi asa lam ganda hamu marhite sian i molo tung nunga didai hamu basar ni Tuhan i. Puji hamu ma Debata hagogoonta i, olophon hamu ma Debata ni si Jakop. (Psalm 81, 2).

2. (Miserikordias Domini). Gok asi ni roha ni Jahowa do tano on. Marhitehite Hata ni Jahowa do manjadi angka langit. Marolopolop ma hamu, ale angka partigor, mangasahon Jahowa, talup do marende angka na unjur marroha. ( Psalm 33, 5b. 6a. 1 ).
3. (Jubilate). Marolopolop tu Debata ma ho, ale sandok tano on ! Endehon hamu ma hamulison ni GoarNa marmulia bahen hamu pujipujianNa. Dok hamu mandok Debata: Tung na songkal do angka pambahenanMu ! Binahen ni hinatimbul ni gogoM ingkon marsomba tu Ho angka musuM.
( Psalm 66, 1-3 ). 59
4. (Cantate). Endehon hamu ma di Jahowa ende na imbaru, ai nunga dipambahen Ibana angka halongangan. Nunga dipabotohon Jahowa hatuaonNa, nunga dipapatar Ibana hatigoranNa di adopan ni angka sipelebegu. Nunga ditumpahi tangan siamunNa na badia i Ibana. ( Psalm 98, la. 2. lb ).
5. (Rogate). Marsoara olopolop ma hamu paboahon, patubegehon hata i, pasar hamu ma i ro di ujung ni tano on, dok hamu ma: Nunga dipalua Jahowa naposoNa si Jakop. Marolopolop tu Debata ma ho, ale sandok tano on ! Endehon hamu ma hamuliaon ni GoarNa, marmulia ma bahen hamu pujipujianNa. ( Jes. 48, 20b; Psalm 69, 1. 2 ).
XI. HANANAEK NI TUHAN JESUS
A. Songon on do didok Tuhan i: BahenonKu do sogot na monang i rap dohot Ahu hundul di habangsangKi, songon Ahu na monang i jala hundul rap dohot Damang di habangsaNa i. ( Pangk. 3, 21).
B. Nunga didok Jahowa mandok Tuhanku: Hundul ma Ho di siamunHon, paima hubahen angka musuM sidegedegean ni patMu. Marrongoman bangsoM ro sian lomona di ari parporanganMu, marpahean habadiaon; songon nambur sian ampuan ni andos torang ro do tu Ho paranganMu angka na umposo. Nunga pola maruari Jahowa, jala ndang tagamon solsolanNa rohaNa: Sai Ho do malim ro di salelenglelengna mangihuthon horong ni si Melkisedek. Sai patimbul ma diriM, ale Debata, tu atas ni langit hamuliaonMu tu sandok tano on. ( Psalm 110,1. 3. 4; 57, 6 ).
XII. EXAUDI
A. Songon on do didok Tuhan Jesus: Lehonon ni Amamuna na di banua ginjang i do Tondi Parbadia tu angka na mangidohonsa. ( Luk. 11, 13b ).
B. Sai tangihon ma soarangku, ale Jahowa, molo joujou ahu. Didok rohangku, Ho mandok: Lului hamu ma bohingKu ! Antong bohiM ma na hulului, ale Jahowa. Sai unang ma tabunihon bohiM maradophon ahu. Jahowa do panondangi di ahu dohot hatuaonhu, tung mida ise ma mabiar ahu ? Jahowa do partanobatoan ni ngolungku, tung mida ise ma ahu biahaton ?
( Psalm 27, 7. 8. 9a. 1).
A. Songon on do.........( Lukas 11,13b ).
B. Sai tangihon..........(Psalm 27, 7. 8. 9a 1 ).
Nunga tangkas huboto sangkap angka na husangkapi taringot tu hamu ninna Jahowa, sangkap hasonangan do tahe, ndada tu hamagoan, asa Ahu mangalehon tu hamu ujung ni na hinalungunhonmuna. Jadi pajoujouonmuna ma Ahu, huhut laho hamu martangiang tu Ahu, gabe tangihononKu ma hamu. (Jer. 29,11. 12).
XIII. PESTA PENTAKOSTE
A. Songon on ninna Tuhan Jahowa: LehononKu tu hamu roha na imbaru dohot tondi na imbaru tu bagasan ateatemuna, jela unsatonKu do roha batu sian dagingmuna, jala lehononKu tu hamu roha na marpangkilalaan. Jala lehononKu ma TondingKu tu bagasan ateatemuna, Ahu do mambahensa, asa marparange hamu di bagasan angka PatikHu, angka uhumHu pe radotanmuna jala patupaonmuna do. ( Hes. 36, 26.27 ).
B. Sian Sion, situan ni hinadenggan, marsinondang Debata Sai na ro do Debata, jala ndang tagamon hohom Ibana; ai songon on do didok Jahowa: UsehononKu ma aek tu angka na mauas dohot angka sunge tu na mahiang. Us~ hononKu ma tutu TondingKu tu pinomparmuna nuaeng iala pasupasungKu tu pinomparmu sogot. Jahowa do Debata, jela Ibana manondangi hita. Tambathon hamu ma angka pelean pesta i sahat ro di angka tanduk ni langgatan. ( Psalm 50, 2, 3a; Jes. 44, 3; Psalm 118, 27 ).
A. Songon on ninna Tuhan Jahowa ( Hes. 36, 26, 27 ).
B. Sian Sion, situan......( Psalm 50, 2, 3a; Jes. 44, 3; Psalm 118, 27).
Tagan so manjou dope nasida, nunga mangalusi Ahu, mangkatai dope nasida nunga manangihon Ahu. ( Jes. 65, 24 ).
Di hamu do bagabaga i dohot di angka anakhonmuna ro di saluhut na dao, manang piga na naeng jouon ni Tuhanta dope. ( Ulaon 2, 39 ).
Molo tung adong apoapo marhitehite Kristus, dohot sosososo holong ni roha - dohot parsaoran ni Tondi, nang talup dohot asi ni roha, gohi hamu ma halalas ni rohangkon: Sada ma parrohahon hemu; sada ma haholonganmuna. Saroha, sapingkiran ma hamu. ( Pilipi 2,1. 2 ).

XIV. TRINITATIS
A. Huida Tuhan i hundul di atas habangsa na timbo jala na marmulia, jala angka rambu ni paheanNa manggohi bagas joro. Jongjong di atas surusuruan Seraphim, jala masijouan ma nasida songon on: Na badia, na badia, na badia do Jahowa Sebaot, gok hamuliaonNa liat portibi on. ( Jes. 6, 1 b. 2a. 3)
A. Huida Tuhan i ....... ( Jes. 6,1 b, 2 a ).
Pinuji ma Debata, Ama ni Tuhanta Jesus Kristus, naung umpasupasuhon tu hita ragam ni pasupasu partondion sian banua ginjang, di bagasan Kristus. Ai dipillit do hita di bagasan Ibana, andorang so ojak dope tano on, asa badia hita jala so hasurahan di adopanNa i, di bagasan holong ni roha. ( Ep. 1, 3. 4 ).
Ida ma sai nolnol do mata ni Jahowa tu angka na manghabiari Ibana, angka na manghalungunhon asi ni rohaNa. Sai dihalungunhon rohanami do Jahowa. Ibana do panumpahi dohot lombulombunami. Ai mangasahon Ibana marlas ni roha do hami, marhaposan tu GoarNa na badia i do hami. Sai pasonggop ma asi ni rohaM tu hami, ale Jahowa, hombar tu panghalungunhonnami di Ho. ( Psalm 33,18, 20. 21. 22 ).
B. Pinuji ma Debata, Ama ni Tuhanta Jesus Kristus, naung umpasupasuhon tu hita ragam ni pasupasu partondion sian banua ginjang di bagasan Kristus. Dibolati do hita gabe anak tu Ibana bahen pamujian di hamuliaon ni asi ni rohaNa. Ale Jahowa, sigomgom hami, mansai sangap do GoarMu di liat portibi on. ( Ep. 1, 3, 5a. 6a; Psalm 8,10 ).

XV. TlNGKI TRINITATIS
ANGKA AYATAYAT SIPILLITON DI llNGKI TRINITATIS
A. 1. Na mamolus do anggo portibi on rap dohot na pinangido ni rohana, alai na mian ro di saleleng ni lelengna do na mangulahon lomo ni roha ni Debata. ( 1 Joh. 2,17 ).
2. Songon on ninna Tuhan Jahowa: Ianggo halak partigor i mangolu do binahen ni parsihohotna marhaporseaon; alai anggo di halak parjahat ndang adong hasonangan. ( Habak. 2, 4b; Jes. 48, 22 ).
3. Nunga tibu hian diida rohangku Jahowa, ninna Ibana do: Haholongon salelenglelengna hubahen mangkaholongi ho, dibahen i hutaiti ho marhitehite denggan basa. ( Jer. 31, 3 ).
4. Songon on do Hata ni Tuhan Jahowa: Ida ma, Ahu, apala Ahu sandiri usouso sogot di birubirungKu jala luluanKu nasida. Songon pangalului ni parmahan di punguanna ganup ari, uju di tongatonga ni birubiruna angka na mampar i ibana, suang songon i Ahu mangalului birubirungKu sogot. ( Hes. 34,1 1,1 2a ).
5. Mangasahon Debata sai hamonangan do ulahononta. Ngot ma ho, ale parhinaloan ! Tarsunggul ma ahu di buha siang ari. Pujionku ma Ho di tongatonga ni angka bangso, ale Tuhan, endehononku ma Ho di tongatonga ni angka marga ( Psalm 60, 14a; 57, 9a. 10 ).
6. Nunga dipabotohon Ibana tu ho, ale jolma, manang aha na denggan jala manang aha na niluluan ni Jahowa sian ho, i ma na mangulahon uhum sambing dohot holong ni roha di habasaon, jala marpangalaho haserepon maradophon Debatam. ( Mika 6, 8 ).
7. Songon on do Hata ni Tuhan Jesus: Martua ma angka na mauas male mida hatigoran, ai pabosuron do nasida. Martua ma angka na ias tondi, ai idaonnasida do Debata. ( Mat. 5, 6, 8 ).
8. Ai na mangolu do Hata ni Debata jala margogo mangula, jala tumajom sian sandok podang sidua baba, jala manorusi do i rasirasa disirang hosa dohot tondi, angka ringring pe dohot utok, jala panguhum do i di parrohaon dohot di pingkiran ni roha. ( Heb. 4,12 ).
9. Parangehon hamu ma na tama di Tuhan i, marguru tu sandok lomo ni rohaNa, marparbuehon parbue marhitehite saluhut ulaon na denggan. Oloi hamu ma Jahowa marhitehite las ni roha, ro be ma hamu tu joloNa marhitehite olopolop. ( Kol. 1,10; Psalm 100, 2 ).
10. Tigor do angka dalan ni Jahowa, jala halak partigor mardalan disi; alai anggo halak parjahat tarsulandit do disi. ( Hos. 14, 10 b ).
11. Dialo Debata do angka na jungkat roha, alai dilehon do asi ni rohaNa tu angka na serep marroha. ( 1 Petr. 5, 5b ).
12. Pardenggan basa do Jahowa, tau partanobatoan di ari hagogotan jala ditanda do angka na marhaposan tu Ibana. ( Nah. 1, 7 ).
13. Disuru Debata do AnakNa gabe pardengganan taringot tu dosanta. Hamu ale angka dongan, molo songon i dihaholongi Debata hita, ingkon dohot do hita masihaholongan sama hita. ( 1 Joh. 4, 10b, 11).
14. Songon on do Hata ni Tuhan Jahowa: Manang ise na mamelehon hamauliateon, i do na pasangap Ahu jala mambahen dalan, asa hupatuduhon tu ibana hatuaon ni Debata. ( Psalm 50, 23 ).

15. Tung ise ma donganku di angka banua ginjang ? Jala dungkon ni Ho, ndang adong dihalomohon rohangku di tano on. Nang pe merus sibukhu dohot rohangku, sai Debata do partanobatoan ni rohangku jala panjambaranku salelenglelengna. ( Psalm 73, 25, 26 ).
16. Dihorhon haporsuhonnami na satongkin jala na neang i do hasangapon na sumurung, na lumobi hamuliaon na salelenglelengna tu hami, hami angka na so tumailihon angka na tarida angka na tumailihon angka na so tarida; ai na martingki do anggo angka na tarida, alai na salelenglelengna do angka na so tarida. ( 2 Kor. 4,17,18 ).
17. Kristus Jesus do naung gabe hapistaran sian Debata tu hita, gabe hatigoran dohot habadiaon dohot haluaon. ( 1 Kor. 1, 30 ).
18. Pos situtu do rohangku, manang hamatean, manang hangoluan, manang angka surusuruan ni Debata, manang harajaon, manang hagogoon, manang angka na masa nuaeng, manang angka na ro sogot, ndang tarbahen i manirangi hita sian haholongon ni roha ni Debata, na marhitehite Kristus Jesus Tuhanta i. ( Rom 8: 38, 39b ).
19. Hurajumi angka sitaonon di hasiangan on, hira na soada do martimbanghon hasangapon sipapataronNa tu hita sogot. ( Rom 8,18 ).
20. Biar mida Jahowa do parmulaun ni hapistaran, maruli hamaloon ni roha na sumurung do sude angka na mangulahonsa; hot do baritaNa i ro di salelenglelengna. ( Psalm 111, 10 ).
21. Martua do halak na manaon di pangunjunan, ai dung tau sian pangunjunan i, jaloonna do tumpal hangoluan, na pinarbagabaga ni Tuhan i tu angka na holong roha di Ibana.
( Jak. 1, 12 ).
22. Ise do na jadi nangkok tu dolok ni Jahowa, jala ise do na jadi jongjong di hajongjongan ni habadiaonNa i ? Halak partangan na lidang dohot na ias roha. ( Psalm 24, 3. 4a )
23. Songon on do didok Tuhan Jesus: Ianggo poda na di Ahu, ndang Ahu nampunasa, poda ni na marsuru Ahu do i. Molo adong manang ise na mambahen lomo ni roha ni Ama i, botoon ni i do taringot tu poda i, manang na sian Debata i, manang na huhatahon i sian roharohangku sandiri. Songon na nidok ni Surat i: Angka batang aek na mangolu do mabaor sian pamatang ni na porsea di Ahu. ( Joh. 7, 16. 17. 38 ).
B. 1. Ditimbang rohanami do, ale Debata, asi ni rohaM di parsitongaan ni JoroM i. Suman tu GoarMu do baritaM, ale Debata, ro di ujung ni tano on, gok hatigoran do siamunMi. Timbul do Jahowa jala pujion situtu do di bagasan huta ni Debatanta, di atas dolok habadiaonNa i.
( Psalm 48, 10, 11, 2 ).

2. Ingkon songon i do HatangKu na ruar sian pamanganKu: Ndang mulak boti tu Ahu, ingkon bahenonna do lomo ni rohangKu, jala ingkon manjadi do umbahen na hutongos. O sude hamu, angka na mauas, ro ma hamu tu aek ! Jala hamu angka na so marhepeng, ro ma hamu manuhor dohot manganhon ! Sai ro ma hamu manuhor anggur dohot susu, unang pola marhepeng manang marpanuhor. Sai lului hamu ma Jahowa, binsan tarbahen dope jumpang Ibana, jou hamu ma Ibana binsan jonok dope Ibana. ( Jes. 55. 11, 1, 6 ).
3. Lombulombunami do Ho, ale Debata, asi ma rohaM, tatap ma bohi ni MesiasMi. Ai dumenggan do sadari di angka alamanMu, sian saribu ari na asing. Dengganna i angka ingananMi, ale Jahowa Sebaot ! Pola do maras jala maheu rohangku dibahen lungunna di angka alaman ni Jahowa. ( Psalm 84,10,11 a, 2, 3 a ).
4. Halomohon Jahowa, jadi lehononNa ma tu ho na pinangido ni roham. Pasahat ma dalanmu tu Jahowa jala haposi Ibana, asa Ibana paturehon. Pahohom ma roham maradophon Jahowa jala Ibana paimaima. Sai marhaposan tu Jahowa ma ho jala ulahon na denggan. Ai holong do roha ni Jahowa mida uhum jala ndang tagamon tadingkononNa angka na niasianNa. ( Psalm 37, 4. 5.7 a. 3 a. 28 a ).
XVI. PESTA GOTILON.
A. Saluhutna silehonlehon na denggan dohot nasa ulibasa na mauliutus, na ro sian banua ginjang do i, sian Ama ni angka hatiuron, ndang adong anggo di Ibana parsorinon manang halinu ni pangkusoron. ( Jak. 1,1 7 ).
B. Songon on do didok Tuhan Jahowa: Ndang be ulahanKu mangaragehon nasa na mangolu, songon na hubahen i. On pe saleleng adong tano on, ndang jadi mansohot saburon dohot gotilon, ari ngali dohot ari las, ari logo dohot rondo ni ari, arian dohot borngin. Na balga situtu do Ho, ale Jahowa Debatangku, marpahean hasangapon dohot hamuliaon do Ho. ( 1 Musa 8, 21 b, 22; Psalm 104,1 b).
XVII. PESTA REORMASI
A. Ndang adong na tarbahen paojakhon haojahan na asing sian naung ojak i, i ma Tuhan Jesus Kristus. ( 1 Kor. 3, 11; Rom 3, 28 ).
B. Sada batang aek ro di sungena palashon roha ni huta ni Debata, inganan na badia ni Natumimbul, Debata do di tongatongana, ndang tagamon humordit; andostorang dope nunga diurupi Debata ibana. Debata do haporusanta, dohot hagogoonta, pangurupion situtu di hagogotan, angka na mangonai tu hita. Jahowa Sebaot do donganta, Debata ni si Jakob do partanobatoanta. ( Psalm 46, 5. 6. 2.8 ).

XVIII. ANGKA MINGGU DI UJUNG NI TAON HURIA.
A. 1. Angka diboto hamu do, na mangkorhon habengeton ni roha do pangunjunan di haporsesonmuna. Alai ingkon adong do ulaon naung sun denggan di habengeton i, asa tung tang situtu jala halak sisandok hamu, angka na so hurangan di manang aha. Martua do naposo, na mangulahon sisongon i didapot tuanna di harorona i.
( Jak. 1, 3, 4; Luk. 12, 43 ).
2. Mulak ma sogot halak, angka na pinalua ni Jahowa, jala mariaia ro tu Sion; jala halalas ni roha salelenglelengna di atas ulunasida, dapotan hilas dohot las ni roha nasida, alai maporus ma anggo arsak dohot hoihoi ni roha. ( Jes. 35, 10 ).
3. Dungo ma hamu jala martangiang, asa unang hamu bongot tu pangunjunan. Managam ma hamu, dungo ma hamu jala martangiang, ai ndang diboto hamu manang andigan tingki ni i.
( Mat. 26, 41 a; Mark. 13, 33 ).
B. Hohom ma hamu maradophon Tuhan Jahowa; ai jonok nama ari ni Jahowa na bolon i, jonok nama i, jala silu situtu do i ro. Di na mulak tinogihon ni Jahowa angka na tarbuang sian Sion, doshon halak na marnipi do hita. Gok parengkelon ma ujui pamanganta jala marolopolop. Ida ma, hatop do Ahu ro, tiop ma na di ho nuaeng, asa unang adong na mambuat tumpalmi.
( Sepanya 1, 7a, 14a; Psalm 126, 1, 2a; Pangungkapon 3, 11 ).

XIX. ARI PANOPOTION DI DOSA
A. 1. Songon sintongna mangolu Ahu, ninna Tuhan Jahowa, tung na so lomo do rohangKu mida hamatean ni halak parjahat, so ingkon mida hamumulak ni parjahat i tumadingkon dalanna hian, asa mangolu ibana. ( Hes. 33, 11 ).
2. Sian pardangolan angka na bagas do ahu joujou tu Ho, ale Jahowa ! Ale Tuhan, sai tangihon ma soarangku, sai patinggil ma pinggolMu tumangi soara ni anggukhon ! Molo tung manjujur Ho, ale Jahowa di angka dosa, tung ise ma manahan, ale Tuhan ? Alai tahe marroha pamuation do Ho, asa dihabiari halak Ho. ( Psalm 130,1-4 ).

B. 1. Tangihon hamu, ale angka langit, jala bege ma ale tano on ! Ai mangkuling do Jahowa: Hupagodanggodang do angka anak jala hupatimbul, hape marbalik do nasida sian Ahu, angka tumadingkon Jahowa, angka na mangaleai na badia ni Israel, angka na sumurut tu pudi. Molo tung manjujur Ho, ale Jahowa, di angka dosa, tung ise ma manahan ale Tuhan? ( Jes. 1, 2, 4b; Psalm 130, 3 ).
2. Songon on do Hata ni Tuhan Jahowa: Sai mulak ma hamu tu Ahu sian nasa rohamuna; ndang be parupionKu bohingKu mida hamu, ai Pardengganbasa do Ahu, ninna Jahowa, ndang manjujur Ahu salelenglelengna, asal ma ditanda ho hajahatonmu, na tinundalanmu Jahowa Debatam. ( Joel 2, 12a; Jer. 3, 12b, 13a ).
XX. PARNINGOTAN DI ANGKA NA MATE
A. Songon on do Hata ni Tuhan Jesus: Na monang i do siparulosan dohot angka ulos na saksak, jala ndang sesaonKu goarna sian pustaha hangoluan, jala parhatopotonKu do goarna di jolo ni Damang dohot di jolo ni angka surusuruanNa. ( Pangungkapon 3, 5 ).
B. Songon duhutduhut do saluhut daging jala songon bungabunga ni duhutduhut i do saluhut hasangapon ni jolma. Nunga malos duhutduhut i jala nunga marurus bungabungana i, alai na hot do Hata ni Tuhan i ro di saleleng ni lelengna. Sai burju ma ho rasirasa mate, dung i lehononKu ma tu ho tumpal hangoluan. ( 1 Petr. 1, 23a, 24a; Pangungkapon 2,10b ).
B. Tangiang panopotion di dosa
1. Ale Amanami jala Debatanami na di banua ginjang. Parasiroha na sumurung mida hami ! Huparhatutu jala hutopoti hami do dosa dohot pangalaosionnami na godang i di joloM. Tatap hami marhitehite asi ni rohaM, jala sesa ma dosanami saluhutna, ala ni panghophop ni Anak haholongan ni rohaM, Tuhan Jesus Kristus, Sipangolu hami. Amen.
2. Ale Amanami jala Debatanami, na di banua ginjang, Pargogo na so hatudosan ! Pardengganbasa do Ho, jala ro di salelenglelengna do asi ni rohaM. Sai marpamuati ma rohaM di hajahatonnami, jala sai unang be ingot angka dosanami; ai jotjot do hami mardosa maradophon Ho, jala jotjot do husungguli hami rimasMu marhite sian pangalaosionnami, di hataM, Ale Tuhan Jahowa, sai unang paingotingot pangalaosionnami, unang alang asi ni rohaM, sai urupi ma hami, Ho ale Tuhan Debata hatuaonnami, palua hami, jala sesa dosanami, ala ni AnakMu, Tuhan Jesus Kristus, Tuhannami. Amen.
3. Ale Tuhan Debata, Ama ni Tuhannami Jesus Kristus, Ho do Debata pargogo na so hatudosan, sitompa nasa na adong, paruhum na tigor, na manguhumi jolma manisia ! Na ro do hami tu joloM manopoti dosanami, angka na huula hami marhite sian pangalaosionnami di PatikMu, i ma marhite sian tubutubu ni rohanami na roa i, nang sian pangkataionnami na so ture, ro di pangoloionnami di hisaphisap ni rohanami. Na tama situtu do hona uhum hami ala ni dosanami i, alai na tarsolsolbagi do hami nuaeng ala ni i. Asi ma rohaM di hami, ale Debatanami. Pardengganbasa jala Parasi roha do Ho ala ni Anak haholongan ni rohaM, Tuhan Jesus Kristus Tuhannami. Sai sesa ma dosanami saluhutna, jala suru ma Tondi Parbadia tu rohanami be, asa tarbahen hami mangoloi Ho di bagasan hatigoran dohot habadiaon, gabe sahat hami tu hangoluan na so ra suda, na pinarbagabagaM di angka na porsea di AnakMu, Tuhan Jesus Kristus, Tuhannami. Amen.
4. Ale Tuhan Debata, Amanami, Pargogo na so hatudosan, Parasiroha mida hami na dangol on ! Na ro do hami tu joloM manopoti dosanami na godang i. Di bagasan hajahaton do hami tubu jala ndang adong haporseaon di bagasan rohanami hian, saluhut do hami manimbil sian angka dalanMu. Mansai godang do pangalaosionnami di PatikMu. Alai ingot ma hami, ale Tuhan, ala ni denggan ni basaM dohot asi ni rohaM. Sai unang paingotingot angka dosa ni haposoonnami dohot pangalaosionnami; sai ingot ma hami hombar tu asi ni rohaM dohot denggan ni basaM ala ni GoarMu. Ale Tuhan Jesus, marpamuati ma rohaM di dosanami na godang i ! Amen.
5. Ale Tuhan Debata, Amanami na di banua ginjang ! Ho do na patupahon hasesaan ni dosa di hami halak na dangol on marhitehite Anak haholongan ni rohaM. Sai asi ma rohaM di hami, angka na mangarsakhon dosanami. Sai sahapi ma tu bagasan rohanami hasesaan ni dosanami i. Lehon ma tu hami TondiM na badia i, asa unang ganggu rohanami di asi ni rohaM, alai asa hot rohanami marhaporseaon laho manggotaphon nasa dosa dohot roha portibi on, asa hupasahat hami dirinami tu Ho, gabe pelean na mangolu jala na badia marhitehite Tuhan Jesus Kristus Tuhannami. Amen.
6. Ale Debatanami, na marasiroha jala na badia, Amanami, marhitehite Tuhan Jesus Kristus ! Manang piga hali hami ro tu joloM, huhilala hami, ringkot do asi ni rohaM di saluhut hami halak pardosa. Ala ni i do umbahen na hupaserep hami dirinami sadari on di joloM, jala huparhatopot hami, tung na jotjot do hami manimbil sian angka dalanMu na badia songon birubiru na lilu. Sai unang pabali hami sian joloM ala ni dosanami i, ai ndang dihalomohon rohaM hamatean ni angka pardosa, alai hamubson ni rohana do lomo ni rohaM, asa mangolu. Sesa ma saluhut hageduhonnami dohot pangalaosionnami marhitehite pangulunami na sasada i, AnakMu Tuhan Jesus Kristus. Sai pahot ma asi ni rohaM di hami marhitehite panindangion dohot hagogoon ni Tondi Parbadia asa tarapul situtu rohanami manjou Ho, asa pantun, tigor jala daulat hami marpangalaho, bahen hasangapon di GoarMu na badia i. Amen.
7. Ale Tuhan Debata, Pargogo na so hatudosan jala Amanami ! Hujou hami do GoarMu na badia i, ala na targogot hami marningot dosanami. Sai marasi ni roha ma Ho mida hami on. O Tuhan Jesus Kristus, Anak ni Debata na gabe jolma ala ni hami, na mate jala na hehe sian na mate, na manaek tu banua ginjang do Ho mangondihon hami ! Asi rohaM di hami, sai patongtong ma di hami roha hamauliateon tu Ho. O Tondi Parbadia, pangapul di na marsak roha, pamalum ma saluhut na bernit, binahen ni dosanami ! Ro ma Ho mangingani hami, asa marlas ni roha hami mangulahon lomo ni rohaM. Ho do parhitean ni nasa asi ni roha, sai unang tulak hami. Sai tangihon ma hami, Ho ale Debata, Ama, Anak dohot Tondi Parbadia ! Amen.
8. Ale Tuhan Debata, Amanami, Parasiroha na sumurung ! Na pungu do hami di joloM martangiang tu Ho; ndada mangasahon hatigorannami, na mangasahon asi ni rohaM na godang i do. Sai asi ma rohaM mida sandok bangsonami, sesa ma dosanami saluhutna. Sai sungguli ma rohanami, asa muba roha dohot pangalahonami, ala ni Tuhan Jesus Kristus Tuhannami, Sipangolu hami. Amen.
9. Ale Tuhan Debata, Pargogo na so hatudosan, Parasi roha na sumurung, Ama ni Tuhan Jesus Kristus Sipangolu hami ! Hami, halak pardosa na dangol on ro tu jolo ni habangsa habadiaonMi manopoti jala manganggukhon dosanami. Mansai jotjot huarsahi hami Ho marhitehite pingkiran dohot hata dohot pambahenannami na roa i. Ndang huhaholongi hami Ho sian nasa rohanami dohot nasa ateatenami dohot nasa tondinami dohot nasa gogonami; nang dongannami, ndang doshon dirinami hubahen hami. Dibahen i tama do rimasanMu jala uhumanMu hami tu hamatean saleleng ni lelengna i. Alai na maporus ma hami nuaeng tu asi ni rohaM na godang i mangido sian nasa rohanami hasesaan ni dosanami saluhutna. Sai urupi ma hami paubahon rohanami ala n i Tuhan Jesus Kristus. Anak haholongan ni RohaM, Sipangolu hami dohot ala ni GoarMu na badia i. Ale Tuhan, sai asi ma rohaM di hami halak na dangol on! Amen.
10. Ale Tuhan Debata, Pargogo na so hatudosan jala Ama Parasiroha ! Ndang lomo rohaM mida hamatean ni pardosa; mulak ma nian parjahat i tumadingkon dalanna, asa mangolu ibana, i do dipangido rohaM. Ala ni i umbahen hupangido hami; sai sundati ma torutoruM asa unang mangonai be tu hami. Sai sesa sude dosanami, asa mangolu hami di bagasan asi ni rohaM. Sai pargogoi ma hami, asa margogo hami, marhitehite Tuhan Jesus Kristus Tuhannami. Amen.
11. Ale Tuhan Debata, na badia jala na bonar. Parasi jala Partalup ni Roha jala na basar do Ho ! Sai marpangulahi ma rohaM mida hami. Dibahen i sai sesa ma sude dosanami ! Ndang adong na hupangasahon hami dungkon ni asi ni rohaM; hatigoran na pinatupa ni AnakMu do na hupangasahon hami tu joloM. Dibahen i pasonang jala apuli ma hami angka na hinophop ni Tuhan Jesus Kristus, Tuhannami. Amen.","Bagian Kedua
A. Ayat-ayat Pembimbing/Pembuka Pada Kebaktian
Hari Minggu Atau Pesta-pesta Gerejawi
I. A D V E N T U S
A. 1. Katakanlah kepada puteri Sion : Sesungguhnya, keselamatanmu datang; sesungguhnya, mereka yang menjadi upah jerih payahNya ada bersama-sama Dia dan mereka yang diperolehNya berjalan di hadapanNya.
(Yesaya 62 :11).
2. Aku datang segera. Peganglah apa yang ada padamu, supaya tidak seorang pun mengambil mahkotamu.
(Wahyu 3: 1 1 )
3. Bernyanyilah bagi Allah, mazmurkanlah namaNya, buatlah jalan bagi Dia yang berkenderaan melintasi awan-awan ! NamaNya ialah Tuhan; beria-rialah di hadapanNya.
(Mazmur 68: 5).
4. Bersorak-sorailah dan bersukarialah, hai putri Sion, sebab sesungguhnya Aku datang dan diam di tengah-tengahmu, demikian Firman Tuhan.
(Zakharia 2 :10).
B. 1. KepadaMu, ya Tuhan, kuangkat jiwaku; Allahku, kepadaMu aku percaya; janganlah kiranya aku mendapat malu; janganlah musuh-musuhku beria-ria atas aku. Ya, semua orang yang menantikan Engkau takkan mendapat malu; yang mendapat malu ialah mereka yang berbuat khianat dengan tidak ada alasannya. Beritahukanlah jalan-jalanMu kepadaku, ya Tuhan, tunjukkanlah itu kepadaku.
(Mazmur 25: 1-4).
2. Angkatlah kepalamu, hai pintu-pintu gerbang, dan terangkatlah kamu, hai pintu-pintu yang berabad-abad, supaya masuk Raja Kemuliaan ! ""Siapakah itu Raja Kemuliaan ?"" 'Tuhan' jaya dan perkasa, Tuhan, perkasa dalam peperangan !"" Angkatlah kepalamu, hai pintu-pintu gerbang, dan terangkatlah kamu, hai pintu-pintu yang berabad-abad, supaya masuk Raja Kemuliaan ! ""Siapakah Dia itu Raja Kemuliaan ?"" 'Tuhan' semesta alam, Dialah Raja Kemuliaan !""
(Mazmur 24: 7-10).
3. Hai langit, teteskanlah keadilan dari atas, dan baiklah awan-awan mencurahkannya ! Baiklah bumi membukakan diri dan bertunaskan keselamatan, dan baiklah ditumbuhkannya keadilan ! Akulah Tuhan yang menciptakan semuanya ini"". Langit menceritakan kemuliaan Allah, dan cakrawala memberitakan pekerjaan tanganNya.
(Yesaya 45: 8. Mazmur 19: 2).

II. PESTA KELAHIRAN TUHAN YESUS KRISTUS
A. 1. Firman itu telah menjadi manusia, dan diam di antara kita, dan kita telah melihat kemuliaanNya, yaitu kemuliaan yang diberikan kepadaNya sebagai anak Tunggal Bapa, penuh kasih karunia dan kebenaran.
(Yohanes 1 :14).
2. Hidup itu telah dinyatakan, dan kami telah melihatnya dan sekarang kami bersaksi dan memberitakan kepada kamu tentang hidup kekal, yang ada bersama-sama dengan Bapa dan yang telah dinyatakan kepada kami.
(I Yohanes 1: 2).
B. 1. Sebab seorang anak telah lahir untuk kita, seorang Putera telah diberikan untuk kita; lambang pemerintahan ada di atas bahunya, dan namanya disebut orang : Penasihat Ajaib, Allah yang Perkasa, Bapa yang kekal, Raja Damai.
(Yesaya 9: 5).
Nyanyikanlah nyanyian baru bagi Tuhan, menyanyilah bagi Tuhan, hai segenap bumi ! Ceritakanlah kemuliaanNya di antara bangsa-bangsa dan perbuatan-perbuatanNya yang ajaib di antara segala suku bangsa. Sujudlah menyembah kepada Tuhan dengan berhiaskan kekudusan, gemetarlah di hadapanNya, hai segenap bumi !
(Mazmur 96 :1.3.9).
2. Bangsa yang berjalan di dalam kegelapan telah melihat terang yang besar; mereka yang diam di negeri kekelaman, atasnya terang telah bersinar.
(Yesaya 9 :1).

Pada hari tentaramu bangsamu merelakan diri untuk maju dengan berhiaskan kekudusan; dari kandungan fajar tampil bagimu keremajaanmu seperti embun.
(Mazmur 110: 3).
III. TAHUN BARU
A. ""Aku adalah Alfa dan Omega, Firman Tuhan Allah, yang ada dan yang sudah ada dan yang akan datang, Yang Mahakuasa"".
(Wahyu 1: 8).
B. Aku melayangkan mataku ke gunung-gunung; dari manakah akan datang pertolonganku ? Pertolonganku ialah dari Tuhan, yang menjadikan langit dan bumi. Ia takkan membiarkan kakimu goyah, Penjagamu tidak akan terlelap. Tuhan akan menjaga engkau terhadap segala kecelakaan; Ia akan menjaga nyawamu. Tuhan akan menjaga keluar masukmu, dari sekarang sampai selama-lamanya.
(Mazmur 1 21: 1-3, 7.8).
IV. E P I P H A N I A S
A. 1. Bangkitlah, menjadi teranglah, sebab terangmu datang, dan kemuliaan Tuhan terbit atasmu.
(Yesaya 60 :1 ).
2. Mengucap syukur dengan sukacita kepada Bapa, yang melayakkan kamu untuk mendapat bagian dalam apa yang ditentukan untuk orang-orang kudus di dalam kerajaan terang. Ia telah melepaskan kita dari kuasa gelap, dan memindahkan kita ke dalam Kerajaan AnakNya yang kekasih.
(Kolose 1 :12. 13).
3. Tuhan aku cinta pada rumah kediamanMu dan pada tempat kemuliaanMu bersemayam.
(Mazmur 26: 8).
4. Engkau memberitahukan kepadaku jalan kehidupan; di hadapanMu ada sukacita berlimpah-limpah, di tangan kananMu ada nikmat senantiasa.
(Mazmur 16: 11).
5. Allah itu bagi kita tempat perlindungan dan kekuatan, sebagai penolong dalam kesesakan sangat terbukti. Sebab itu kita tidak akan takut, sekali pun bumi berubah, sekali pun gunung-gunung goncang di dalam laut.
(Mazmur 46: 2.3).
6. Berilah kepada Tuhan kemuliaan namaNya, sujudlah kepada Tuhan dengan berhiaskan kekudusan !
(Mazmur 29: 2).
B. 1. Pujilah Tuhan, hai Malaikat-malaikatNya, hai pahlawan-pahlawan perkasa yang melaksanakan FirmanNya dengan mendengarkan suara FirmanNya. Sion mendengarnya dan bersukacita, puteri-puteri Yehuda bersorak-sorak, oleh karena penghukumanMu, ya Tuhan. Tuhan adalah Raja. Biarlah bumi bersorak-sorak, biarlah banyak pulau sukacita !
(Mazmur 103: 20; 97: 8; 97: 1).
2. Tuhan adalah terangku dan keselamatanku, kepada siapakah aku harus takut ? Sekalipun tentara berkemah mengepung aku, tidak takut hatiku. Satu hal telah kuminta kepada Tuhan, itulah yang kuingini : diam di rumah Tuhan seumur hidupku, menyaksikan kemurahan Tuhan dan menikmati baitNya. Nantikanlah Tuhan ! Kuatkanlah dan teguhkanlah ! Ya, nantikanlah Tuhan !
(Mazmur 27: la, 3a, 4, 14).

V. MASA-MASA PENDERITAAN TUHAN YESUS
( BAGIAN PERTAMA )
SEPTUAGESIMA – ESTOMIHI
A. 1. Demikianlah kata Tuhan Yesus : Marilah kepadaKu, semua yang letih lesu dan berbeban berat, Aku akan memberi kelegaan kepadamu. Pikullah kuk yang Kupasang dan belajarlah kepadaKu, karena Aku lemah lembut dan rendah hati dan jiwamu akan mendapat ketenangan.
(Mateus 11: 28.29).
2. Masuklah, marilah kita sujud menyembah, berlutut di hadapan Tuhan yang menjadikan kita. Sebab Dialah Allah kita, dan kitalah ummat gembalaNya dan kawanan domba tuntunan tanganNya.
(Mazmur 95: 6.7).
3. Bagaimana akan kubalas kepada Tuhan segala kebajikanNya kepadaku ? Aku akan mengangkat piala keselamatan, dan akan menyerahkan nama Tuhan.
(Mazmur 116: 12.13).
B. Sendengkanlah telingamu kepadaku, bersegeralah melepaskan aku ! Jadilah bagiku gunung batu tempat perlindungan kubu pertahanan untuk menyelamatkan aku ! Sebab Engkau bukit batuku dan pertahananku, dan oleh karena namaMu engkau akan menuntun dan membimbing aku. PadaMu, Tuhan, aku berlindung, janganlah sekali-kali aku mendapat malu. luputkanlah aku oleh karena keadilanMu.
(Mazmur 31: 3.4.2).
VI. MASA PENDERITAAN TUHAN YESUS
A. 1. Sebab malaikat-malaikatNya akan diperintahkanNya kepadamu menjaga engkau di segala jalanmu. Mereka akan menatang engkau di atas tangannya, supaya kakimu jangan terantuk kepada batu.
(Mazmur 91: 11.12).
2. Ia sendiri telah memikul dosa kita di dalam tubuhNya di kayu salib, supaya kita, yang telah mati terhadap dosa, hidup untuk kebenaran. Oleh bilur-bilurNya kamu telah sembuh.
(I Petrus 2: 24).
3. KepadaMu aku melayangkan mataku, ya Engkau yang bersemayam di surga. Lihat, seperti mata para hamba laki-laki memandang kepada tangan tuannya, seperti mata hamba perempuan memandang kepada tangan nyonyanya, demikianlah mata kita memandang kepada Tuhan, Allah kita, sampai Ia mengasihani kita.
(Mazmur 123: 1.2)
4. Tetapi sesungguhnya, penyakit kitalah yang ditanggungNya, dan kesengsarean kita yang dipikulNya. Tetapi Dia tertikam oleh pemberontakan kita, Dia diremukkan oleh karena kejahatan kita; ganjaran yang mendatangkan keselamatan bagi kita ditimpakan kepadaNya, dan oleh bilurbilurNya kita menjadi sembuh.
(Yesaya 53: 4.5).
5. Tuhan menjelankan keadilan dan hukum bagi segala orang yang diperas.
(Mazmur 103: 6).
6. (ESTOMIHI) Sebab memang sesuai dengan keadaan Allah yang bagiNya dan olehNya segala sesuatu dijadikan, yaitu Allah yang membawa banyak orang kepada kemuliaan, juga menyempurnakan Yesus, yang memimpin mereka kepada keselamatan, dengan penderitasn.
(Ibrani 2 :10).
B. 1. (INVOCAVIT)_ Bila ia berseru kepadaKu, Aku akan menjawab, Aku akan menyertai dia dalam kesesakan, Aku akan meluputkannya dan memuliakannya. Dengan panjang umur akan Kukenyangkan dia. Orang yang duduk dalam lindungan Yang Mahatinggi dan bermalam dalam naungan Yang Mahakuasa akan berkata kepada Tuhan: ""Tempat perlindunganku dan kubu pertahananku, Allahku, yang kupercaya"".

(Mazmur 91 :15,16b, 1,2).
2. (REMINISCERE)_Ingatlah akan rahmatMu dan kasih setiaMu, ya Tuhan, sebab semuanya itu sudah ada sejak purbakala. Janganlah musuh-musuhku beria-ria atas aku. KepadaMu ya Tuhan, kuangkat jiwaku. Jangalah kiranya aku mendapat malu.
(Mazmur 25: 6, 2b, 1, 2a).
3. ( O C U L I )_Berpalinglah kepadaku dan kasihanilah aku, sebab aku sebatang kara dan tertindas. KepadaMu, ya Tuhan, knangkat jiwaku. Allahku kepadaMu aku percaya.
(Mazmur 25: 16, 1, 2a).
4. (LETARE)_Bersukacitalah bersama-sama Yerusalem, dan bersorak-soraklah karenanya, hai semua orang yang mencintainya ! Bergiranglah bersama-sama dia segiranggirangnya, hai semua orang yang berkabung karenanya ! Aku bersukacita, ketika dikatakan orang kepadaku: ""Mari kita pergi ke rumah Tuhan"".
(Yesaya 66: 10, Mazmur 122 :1).
5. (J U D I C A)_Berilah keadilan kepadaku, ya Allah, dan perjuangkanlah perkaraku terhadap kaum yang tidak saleh ! Luputkanlah aku dari orang penipu dan orang curang! Maka aku dapat pergi ke Mezbah Allah, menghadap Allah, yang adalah sukacitaku dan kegembireanku. Suruhlah terangMu dan kesetiaanMu datang, supaya aku dituntun dan dibawa ke gunungMu yang kodus dan ke tempat kediamanMu !
(Mazmur 43 :1, 4A, 3).
6. (PALMARUM)_Kesihanilah aku, ya Tuhan, sebab aku merasa sesak; karena sakit hati mengidaplah mataku, meranalah jiwa dan tubuhku. Tetapi kepadaMu aku percaya, ya Tuhan, aku berkata: “Engkaulah Allahku!” Masa hidupku ada dalam tanganMu, lepaskanlah aku dari tangan musuh-musuhku dan orang-orang yang mengejar aku! Tuhan janganlah biarkan aku mendapat malu, sebab aku berseru kepadaMu; luputlah aku oleh karena keadilanMu.
(Mazmur 31: 10, 15, 16, 18a, 2b).
VII. PERAYAAN PERJAMUAN KUDUS
A. Orang yang rendah hati akan makan dan kenyang, orang yang encari Tuhan akan memuji-muji Dia; biarlah hatimu hidup untuk selamanya !
(Mazmur 22: 27).
B. Perbuatan-perbuatanNya yang ajaib dijadikanNya peringatan; Tuhan itu Pengasih dan Penyayang. Seperti Rusa yang merindukan sungai yang berair, demikianlah jiwaku merindukan Engkau, ya Allah. Jiwaku haus kepada Allah, kepada Allah yang hidup.
(Mazmur 111: 4; 42: 2, 3a).
VIII. HARI WAPATNYA TUHAN YESUS
A. Sebab Imam Besar yang demikianlah yang kita perlukan: Yaitu yang saleh, tanpa salah, tanpa noda, yang terpisah dari orang yang berdosa dan lebih tinggi dari pada tingkat-tingkat surga, yang tidak seperti imam-imam besar lainnya, yang setiap hari harus mempersembahkan korban untuk dosanya sendiri dan sesudah itu barulah untuk dosa umatnya, sebab hal itu telah dilakukanNya satu kali untuk selama-lamanya, ketika Ia mempersembahkan diriNya sendiri sebagai korban.
(Ibrani 7: 26, 27).
B. Ia telah merendahkan diriNya dan taat sampai mati, bahkan sampai mati di kayu salib. Di manakah penyakit samparmu hai maut, di manakah tenaga pembinasasnmu, hai dunia orang mati ?
(Filipi 2: 8; Hosea 13: 14b).
2. Tetapi Engkau, Tuhan, janganlah jauh: Ya kekuatanku, segeralah menolong aku ! Kekuatanku kering seperti beling, lidahku melekat pada langit-langit mulutku; dan dalam debu maut kau letakkan aku. Allahku, Allahku ! Mengapa engkau meninggalkan aku ? Janganlah jauh dari padaku, sebab kesusahan telah dekat, dan tidak ada yang menolong.
(Mazmur 22: 20,16, 2a. 12).
IX. HARI KEBANGKITAN
A. 1. Jangan takut ! Aku adalah yang Awal dan yang Akhir, dan yang Hidup. Aku telah mati, namun lihatlah, Aku hidup, sampai selama-lamanya dan Aku memegang segala kunci maut dan kerajean maut.
(Wahyu 1 :1 7b, 1 8).
2. ""Halleluya ! Keselamatan dan kemuliaan dan kekuasaan adalah pada Allah kita. Ia yang telah membangkitkan Tuhan Yesus, akan membangkitkan kami juga bersamasama dengan Yesus.
(Wahyu 19: lb. II Korintus 4: 14a).
B. Sesungguhnya Tuhan telah bangkit. Inilah hari yang dijadikan Tuhan, marilah kita bersorak-sorak dan bersukacita karenanya ! Batu yang dibuang oleh tukangtukang bangunan telah menjadi batu penjuru. Hal ini terjadi dari pihak Tuhan, suatu perbuatan ajaib di mata kita.
(Lukas 24:34, Mazmur 118: 24,22,23).
X. MASA-MASA KEBANGKITAN

A. 1. Suara sorak-sorai dan kemenangan di kemah orang-orang benar: ""Tangan kanan Tuhan melakukan keperkasaan, .... !""

(Mazmur 118: 15).

2. Sungguh Allah itu keselamatanku; aku percaya dengan tidak gemetar, sebab Tuhan Allah itu kekuatanku dan mazmurku, Ia telah menjadi keselamatanku.

(Yesaya 1 2: 2).

3. Terpujilah Allah dan Bapa Tuhan kita Yesus Kristus, yang karena rahmatNya yang besar telah melahirkan kita kembali oleh kebangkitan Yesus Kristus dari antara orang mati.

(I Petrus 1: 3a).

4. Betapa berharganya kasih setiaMu, ya Allah; Anak-anak manusia berlindung dalam naungan sayapMu. Sebab padaMu ada sumber hayat di dalam terangMu kami melihat terang.

(Mazmur 36: 8,10).

5. (ROGATE) _ Dan apabila kamu berseru dan datang untuk berdoa kepadaKu, maka Aku akan mendengarkan kamu; apabila kau mencari Aku, kamu akan menemukan Aku; apabila kamu menanyakan Aku dengan segenap hati, Aku akan memberi kamu menemukan Aku.

(Yeremia 29 :12,13, 14a).

B. 1. (QUASIMOD)_Dan jadilah sama seperti bayi yang baru lahir, yang selalu ingin akan air susu yang murni dan yang rohani, supaya olehnya kamu bertumbuh dan beroleh keselamatan, jika kamu benar-benar telah mengecap kebaikan Tuhan.

(I Petrus 2: 2,3).

2. (MIS. DOM.)_Bumi penuh dengan kasih setia Tuhan. Oleh karena Firman Tuhan langit telah dijadikan. Bersorak-sorailah, hai orang-orang benar, dalam Tuhan; sebab memuji-muji itu layak bagi orang-orang jujur.

(Mazmur 33: 5b, 6a, 1).

3. (JUBILATE)_Bersorak-sorailah bagi Allah, hai seluruh bumi, mazmurkanlah kemuliasnNya, muliakanlah Dia dengan puji-pujian; Katakanlah kepada Allah: ""Betapa dahsyatnya segala pekerjeanMu; oleh sebab kekuatanMu yang besar, musuh-musuhMu tunduk menjilat kepadaMu. ""

(Mazmur 66: 1, 2, 3).

4. (CANTATE)_Nyanyikanlah nyanyian baru bagi Tuhan, sebab Ia telah melakukan perbuatan-perbuatan yang ajaib. Tuhan telah memperkenalkan keselamatan yang daripadaNya, telah menyatakan keadilanNya di depan mata bangsabangsa. Keselamatan telah dikerjakan kepadaNya oleh tangan kananNya, oleh lenganNya yang kudus.

(Mazmur 98: la, 2, lb).

5. (ROGATE)_Beritahukanlah dengan suara sorak-sorai dan Kabarkanlah hal ini; Siarkanlah itu sampai keujung bumi !
Katakanlah: ""Tuhan telah menebus Yakub, hambaNya !"" Bersorak-sorailah bagi Allah, hai seluruh bumi, mazmurkanlah kemuliasn namaNya, muliakanlah Dia dengan puji-pujian !

(Yesaya 48: 20b; Mazmur 66 :1, 2).

XI. KENAIKAN TUHAN YESUS
A. Barangsiapa menang, ia akan kududukkan bersama-sama dengan Aku di atas takhtaKu, sebagaimana Akupun telah menang dan duduk bersama-sama dengan BapaKu di atas takhtaNya.
(Wahyu 3: 21).
B. Demikianlah Firman Tuhan kepada tuanku: ""Duduklah di sebelah kananKu sampai kubnat musuh-musuhKu menjadi tumpuan kakimu"". Pada hari tentaramu bangsamu merelakan diri untuk maju dengan berhiaskan kekudusan; dari kandungan fajar tampil bagimu keremajaanmu seperti embun. Tuhan telah bersumpah, dan Ia tidak akan menyesal: ""engkau adalah iman untuk selama-lamanya, menurut Melkisedek"". Tinggikanlah diriMu mengatasi langit, ya Allah ! Biarkanlah kemuliaanMu mengatasi seluruh bumi !
(Mazmur 110: 1, 3, 4. 57: 6).

XII. E X A U D I
A. Demikianlah Firman Tuhan Yesus: ""Ia akan memberikan Roh Kudus kepada mereka yang meminta kepadaNya"".
(Lukas 11: 13b).

B. Dengarlah, Tuhan, seruan yang kusampaikan, kasIhanilah aku dan jawablah aku ! Hatiku mengikuti FirmanMu ""Carilah wajahKu"", maka wajahMu kucari, ya Tuhan. Janganlah menyembunylkan wajahMu kepadaku. Tuhan adalah terangku dan keselamatanku, kepada siapakah aku harus takut ? Tuhan adalah benteng hidupku, terhadap siapakah aku harus gemetar ?
(Mazmur 27: 7, 8, 9a, 1).

Demikianlah Firman Tuhan (Lukas 11 :13b).
Dengarlah, Tuhan, seruan (Mazmur 27: 7, 8,9a,1).
Sebab Aku ini mengetahui rancangan-rancangan apa yang ada padaKu mengenai kamu, demikianlah Firman Tuhan, yeitu rancangan damai sejahtera dan bukan rancangan kecelakaan, untuk memberikan kepadamu hari depan yang penuh harapan. dan apabila kamu berseru dan datang untuk berdoa kepadaKu, maka Aku akan mendengarkan kamu.
(Yeremia 29: 11,12).

XIII. PESTA PENTAKOSTA
Demikianlah Firman Tuhan Allah: ""Kamu akan kuberikan hati yang baru, dan roh yang baru di dalam batinmu, dan Aku akan menjauhkan dari tubuhmu hati yang keras dan Kuberikan kepadamu hati yang tast. Rohku akan Kuberikan diam di dalam batinmu dan Aku akan membuat kamu hidup menurut segala ketetapanKu dan tetap berpegang pada peraturan-praturanKu dan melakukannya.
(Yehezkiel 36: 26, 27).
Dari Sion, puncak keindahan, Allah tampil bersinar, Allah kita datang dan tidak akan berdiam diri. Demikianlah Firman Tuhan Allah: ""Sebab Aku akan mencurahkan air ke atas tanah yang haus, dan hujan lebat ke atas tempat yang kering. Aku akan mencurahkan RohKu ke atas keturunanmu, dan berkat ke atas anak cucumu.
Tuhanlah Allah, Dia menerangi kita. Ikatkanlah korban hari raya itu dengan tali, pada tanduk mezbah.
(Mazmur 50: 2, 3a, Yesaya 44: 3, Mazmur 118: 27).
Demikianlah Firman (Yehezkiel 36: 26, 27).
Dari Sion .................

(Mazmur 50: 2, 3a Yesaya 44: 3 Mazmur 118: 27).

Maka sebelum mereka memanggil, Aku sudah menjawabnya: Ketika mereka sedang berbicara, Aku sudah mendengarkannya, sebab bagi kamulah janji itu dan bagi anak-anakmu, dan bagi orang yang masih jauh, yaitu sebanyak yang akan dipanggil oleh Tuhan Allah kita. Jadi karena dalam Kristus ada nasihat, ada penghiburan Kasih, ada persekutuan Roh, ada kasih mesra dan belas kasihan, karena itu sempurnakanlah sukacitaKu dengan ini:
Hendaklah kamu sehati sepikir, dalam satu kasih, satu jiwa, satu tujuan.

(Yesaya 65: 24, Kisah Rasul-rasul 2: 39. Filipi 2: 1, 2).

XIV. TRINITATIS

A. Aku melihat Tuhan duduk di atas takhta yang tinggi dan menjulang, dan ujung jubahNya memenuhi Bait Suci. Para Serafim berdiri di sebelah atasNya, dan mereka berseru, seorang kepada seoorang, katanya: ""Kudus, kudus, kuduslah Tuhan semesta Alam, seluruh bumi penuh kemuliaanNya !.

(Yesaya 6: l b, 2a, 3).

A. Aku melihat Tuhan........................(Yesaya 6: 2a, 3)...................... Terpujilah Allah dan Bapa Tuhan kita Yesus Kristus yang dalam Kristus telah mengaruniakan kepada kita segala berkat rohani di dalam surga. Sebab di dalam Dia, Allah telah memilih kita sebelum dunia dijadikan, supaya kita kudus dan tak bercacat di hadapanNya. Sesungguhnya mata Tuhan tertuju kepada mereka yang takut akan Dia, kepada mereka yang berharap akan kasih setiaNya. Jiwa kita menanti-nantikan Tuhan. Dia lah penolong kita dan perisai kita ! Ya, karena Dia hati kita bersukacita, sebab kepada namaNya yang kudus kita percaya. Kasih setiaMu, ya Tuhan, kiranya menyertai kami, seperti kami berharap kepadaMu.

(Efesus 1 : 3.4; Mazmur 33 : 18, 20-22).

B. Terpujilah Allah dan Bapa Tuhan kita Yesus Kristus yang dalam Kristus telah mengaruniakan kepada kita segala berkat rohani di dalam surga. Dalam kasih Ia telah menentukan kita dari semula oleh Yesus Kristus untuk menjadi anak-anakNya, supaya terpujilah kasih karuniaNya yang mulia. Ya Tuhan, Tuhan kami, betapa muliaNya namaMu di seluruh bumi !

(Efesus 1: 3, 5a, 6a. Mazmur 8 :10).

XV. MASA-MASA TRINITATIS.

(Nats-nats Pilihan untuk masa Trinitatis)

A. 1. Dunia ini sedang lenyap dengan keinginannya, tetapi orang yang melakukan kehendak ALlah tetap hidup selama-lamanya.

(I Yohanes 2: 17).

2. Demikian Firman Tuhan Allah: "" ... orang yang benar itu akan hidup oleh percayanya; tetapi tidak ada damai sejahtera bagi orang orang fasik !""

(Habakuk 2: 4b. Yesaya 48: 22).

3. Dari jauh Tuhan menampakkan diri kepadanya: Aku mengasihi engkau dengan kasih yang kekal, sebab itu Aku melanjutkan kasih setiaKu kepadamu.

(Yeremia 31: 3).

4. Sebab beginilah Firman Tuhan Allah: Dengan sesungguhnya Aku sendiri akan memperhatikan dombadombaKu dan akan mencarinya. Seperti seorang gembala mencari dombanya pada waktu domba itu tercerai dari kawanan dombanya, begitulah Aku akan mencari domba-dombaKu, dan Aku akan menyelamatkan mereka dari segala tempat

(Yehezkiel 34: 11, 12a).

5. Dengan Allah akan kita lakukan perbuatan-perboatan gagah perkasa. Bangunlah hai jiwaku, bangunlah, hai gambus dan kecapi, aku mau membangunkan fajar ! Aku mau bersyukur kepadaMu di antara bangsa-bangsa, ya Tuhan, aku mau bermazmur bagiMu di antara suku-suku bangsa.

(Mazmur 60 :14a. 57: 9.10).

6. ""Hai manusia, telah diberitahukan kepadamu apa yang baik. Dan apakah yang dituntut Tuhan dari padamu: selain berlaku adil, mencintai kesetiaan, dan hidup dengan rendah hati di hadapan Allahmu?""

(Mika 6: 8).

7. Demikianlah Firman Tuhan Yesus: Berbahagialah orang yang lapar dan haus akan kebenaran, karena mereka akan dipuaskan.

Berbahagialah orang yang suci hatinya, karena mereka akan melihat Allah.

(Matius 5: 6, 8).

8. Sebab Firman Allah hidup dan kuat dan lebih tajam dari pada pedang bermata dua manapun; ia menusuk amat dalam sampai memisahkan jiwa dan roh, sendi-sendi dan sumsum; ia sanggup membedakan pertimbangan dan pikiran hati kita.

(Ibrani 4: 1 2).

9. Sehingga hidupmu layak di hadapanNya serta berkenan kepadaNya dalam segala hal, dan kamu memberi buah dalam segala pekerjaan yang baik dan bertumbuh dalam pengetahuan yang benar tentang Allah. Beribadahlah kepada l uhan dengan sukacita, datanglah ke hadapanNya dengan sorakfforai !

(Kolose 1: 10; Mazmur 100: 2).

10. Sebab jalanjalan Tuhan adalah lurus, dan orang benar menempuhnya, tetapi pemberontak tergelincir di situ.

(Hosea 1 4: 1Ob).

11. Allah menentang orang-orang yang congkak, tetapi mengasihani orang yang4`rendah hati.

(I Petrus 5: 5b).

12. Tuhan itu baik; Ia adalah tempat pengungsian pada waktu kesusahan; Ia mengenal orang-orang yang berlindung kepadaNya.

(Nahum 1: 7).

13. Allah yang telah mengasi hi kita dan yang telah mengutus AnakNya sebagai pendamaian bagi dosadosa kita. Saudara-saudaraku yang kekasih, jikalau A]lah sedemikian mengasihi kita, maka haruslah kita iuga saling mengasihi.

(I Yohanes 4: 10b, 11).

14. Demikianlah Firman Tuhan Allah; Siapa yang mempersembahkan syukur sebagai korban, ia memuliakan Aku, siapa yang jujur jalannya, keselamatan yang dari Allah akan Kuperlihatkan kepadanya.

( Mazmur 50: 23 ).

15. Siapa gerangan ada padaku di surga selain Aku ? Selain Engkau tidak ada yang kuingini di bumi. Sekalipun dagingku dan hatiku habis lenysp, gunung batuku dan bagianku tetaplah Allah selamalamanya.

(Mazmur 73: 25, 26).

16. Sebab penderitean ringan yang sekarang ini, mengerjakan bagi kami kemuliaan kekal yang melebihi segala-galanya, jauh lebih besar dari pada penderitaan kami. Sebab kami tidak memperhatikan yang kelihatan, melainkan yang tak kelihatan, karena yang kelihatan adalah sementara, sedangkan yang tak kelihatan adalah kekal.

(II Korintus 4 :17,18).

17. Tetapi oleh Dia kamu berada dalam Kristus Yesus, yang oleh Allah telah menjadikan hikmat bagi kita. Ia membenarkan dan menguduskan dan menebus kita.

(I Korintus 1: 30).

18. Sebab aku yakin, bahwa baik maut, maupun hidup, baik malaikatmalaikat, maupun pemerintahpemerintah, baik yang ada sekarang, maupun yang akan datang, tidak akan dapat memisahkan kita dari kasih Allah, yang ada dalam Kristus Yesus, Tuhan kita.

(Roma 8: 38, 39b).

19. Sebab aku yakin, bahwa penderituan zaman sekarang ini tidak dapat dibandingkan dengan kemuliaan yang akan dinyatakan kepada kita.

(Roma 8 :18).

20. Permulaan hikmat adslah takut akan Tuhan, semna orang yang melskukannya berakal budi yang baik. Puji-pujian kepadaNya tetap untuk selama-lamanya.

(Mazmur 111: 10).

21. Berbahagialah orang yang bertahan dalam pencobasn, sebab apabi18 ia sudah tahan uji, ia akan meneri ma mahkota kehidupan yang dijanjikan Allah kepada barang siapa yang mengasihi Dia.

(Yakobus 1:12).

22. Siapakah yang boleh naik ke atas gunung Tuhan ? Siapakah yang boleh berdiri di tempatNya yang kodus ?Orang yang bersih tangannya dan murni hatinya.

(Mazmur 24: 3, 4a).

23. Demikian Firman Tuhan Yesus; AjaranKu tidak berasal dari diriKu sendiri, tetapi dari Dia yang telah mengutus Aku.
Barang siaps mau melakukan kehendakNya, i8 akan tahu entah ajaranKu ini berasal dari Allah, entah Aku berkata-kata dari diriKu. Seperti yang dikatakan oleh Kitab Suci: Dari dalam hatinya akan mengalir aliran-aliran air Hidup.

(Yohanes 7:16,17, 38b).

B. 1. Kami mengingat, ya Allah, kasih setiaMu di dalam BaitMu. Seperti namaMu, ya Allah, demikianlah kemasyhuranMu sampai ke ujung bumi; tangan kananMu penuh dengan keadilan.
Besarlah Tuhan dan sangat terpuji di kota Allah kita !

(Mazmur 48: 10,11, 2).

2. Demikianlah FirmanKu yang keluar dari mulutKu: la tidak akan kembali kepadaKu dengan sia-sia, tetapi ia akan melaksanakan apa yang Kuhendaki, dan akan berhasil dalam apa yang Kusuruhkan kepadanya. Ayo, hai semua orang yang haus, marilah dan minumlah air, dan hai orang yang tidak mempunyai uang, marilah ! Terimalah gandum tanpa uang pembeli dan makanlah juga anggur dan susu tanpa bayaran ! Carilah Tuhan selama la berkenan ditemuimu, berserulah kepadaNya selama la dekat !

(Yesaya 55: 11, 1, 6).

3. Lihatlah perisai kami, ya Allah, pandanglah wajah orang yang Kau urapi ! Sebab lebih baik satu hari di pelataranMu dari pada seribu hari di tempat lain. Betapa disenangi tempat kediamanMu, ya Tuhan semesta Alam ! Jiwaku hancur karena merindukan pelataranpelataran Tuhan.

(Mazmur 84 :10, lla, 2, 3a).

4. Bergemberilah karena Tuhan; maka Ia akan memberikan kepadamu apa yang diinginkan hati mu. Serahkanlah hidupmu kepada Tuhan dan percayalah kepadaNya dan Ia akan bertindak.
Berdiam dirilah di hadapan Tuhan dan nantikanlah Dia.
Percayalah kepada Tuhan dan lakukanlah yang baik, sebab Tuhan mencintai hukum dan Ia tidak meninggalkan orang-orang yang dikasihiNya.

(Mazmur 37: 4, 5, 7a, 3a, 28a).

XVI. P E S T A P A N E N

A. Setiap pemberian yang baik dan setiap anugerah yang sempurna datangnya dari atas, diturunkan dari Bapa segala terang; padaNya tidak ada perubahan atau bayangan karena pertukaran.

(Yakobus 1 :17).

B. Berfirmanlah Tuhan Allah: Aku takkan mengutuk bumi ini lagi karena manusia, sekalipun yang ditimbulkan hatinya adalah jahat dari sejak kecilnya dan Aku takkan membinasakan lagi segala yang hidup seperti yang telah Kulakukan. Selama bumi masih ada, takkan berhenti-henti musim menabur dan menuai, dingin dan panas, kemarau dan hujan siang dan malam. Tuhan, Allahku, Engkau sangat besar ! Engkau yang berpakaian keagungan dan semarak.

(Kejadian 8: 21b, 22; Mazmur 104: 1b).

XVII. PESTA REFORMASI

A. Tidak ada seorang pun yang dapat meletakkan dasar lain dari pada dasar yang telah diletakkan, yaitu Yesus Kristus. Karena kami yakin, bahwa manusia dibenarkan karena iman, dan bukan karena ia melakukan Hukum Taurat.

(I Korintus 3: 11; Roma 3: 28).

B. Kota Allah, kediaman yang Maha tinggi, disukakan oleh aliran aliran sebuah sungai. Allah ada di dalamnya, kota itu tidak akan goncang, Allah akan menolongnya menjelang pagi. Allah itu bagi kita tempat perlindungan dan kekuatan sebagai penolong dalam kesesakan sangat terbukti. Tuhan semesta alam menyertai kita, kota benteng kita ialah Allah Yakub.

(Mazmur 46: 5, 6, 2, 8).

XVIII. MINGGU-MINGGU PENGHUJUNG TAHUN GEREJA.

A. 1. Sebab kamu tahu, bahwa ujian terhadap imanmu itu mernghasilkan ketekunan. Dan biarkanlah ketekunan itu memperoleh buah yang matang, supaya kamu menjadi sempurna dan utuh dan tak kekurangan suatu apapun.
Berbahagialah hamba, yang didapati tuannya melakukan tugasnya itu, ketika tuannya itu datang.

Yakobus 1: 3, 4; Lukas 12: 43).

2. Dan orang-orang yang dibebaskan Tuhan akan pulang dan masuk Sion dengan bersorak sorai, sedang sukacita abadi meliputi mereka; kegirangan dan sukacita akan memenuhi mereka, kedukaan dan keluh kesah akan menjauh.

(Yesaya 35: 10).

3. Berjagajagalah dan berdoalah, supaya kamu jangan jatuh kedalam pencobaan. Hati-hatilah dan berjagajagalah !
Sebab kamu tidak tahu bila manakah waktunya tiba.

(Matius 26: 41a; Markus 13: 33).

B. Berdiam dirilah di hadapan Tuhan Allah ! Sebab hari Tuhan sudah dekat. Sudah dekat hari Tuhan yang hebat itu, sudah dekat dan datang dengan cepat sekali !
Ketika Tuhan memulihkan keadean Sion, keadaan kita seperti orang-orang yang bermimpi. Pada waktu itu mulut kita penuh dengan tertawa dan lidah kita dengan sorak sorai.
Aku datang dengan segera. Peganglah apa yang ada padamu, supaya tidak seorang pun mengambil mahkotamu.

(Zepanya 1: 7a, 14a; Mazmur 126 :1, 2a; Wahyu 3 :11).

XIX. HARI PENGAKUAN DOSA

A. 1. Demi Aku yang hidup, demikian Firman Tuhan Allah, Aku tidak berkenan kepada kematian orang fasik, melainkan Aku berkenan kepada pertobatan orang fasik itu dari kelakuannya supaya ia hidup.
(Yehezkiel 33: 11a).

2. Dari jurang yang dalam aku berseru kepadaMu, ya Tuhan ! Tuhan, dengarkanlah suaraku! Biarlah telingaMu menaruh perhatian kepada suara permohonanku. Jika Engkau, ya Tuhan, mengingat-ingat kesalahan-kesalahan, Tuhan, siapakah yang dapat tahan ? Tetapi padaMu ada pengampunan, supaya Engkau ditakuti orang.

(Mazmur 130: 1 - 4).

B. 1. Dengarlah, hai langit, dan perhatikanlah, hai bumi, sebab Tuhan berfirman: ""Aku membesarkan anak-anak dan mengasuhnya tetapi mereka memberontak terhadap Aku.""

Mereka meninggalkan Tuhan, menista Yang Mahakudus, Allah Israel dan berpaling membelakangi Dia. Jika Engkau, ya Tuhan, mengingat-ingat kesalahan-kesalahan, Tuhan, siapakah yang dapat tahan?

(Yesaya 1: 2, 4b; Mazmur 130: 3).

2. ""Tetapi sekarang juga"", demikian Firman Tuhan, ""berbaliklah kepadaKu dengan segenap hatimu. MukaKu tidak akan muram terhadap kamu, sebab Aku ini murah hati, demikianlah Firman Tuhan, tidak akan murka untuk selama-lamanya. Hanya akuilah kesalahanmu, bahwa engkau telah mendurhaka terhadap Tuhan, Allahmu"".

(Yoel 2 :12a; Yeremia 3 :12b, 13a).

XX. PERINGATAN BAGI YANG TELAH MENINGGAL DUNIA

A. Barang siapa menang, ia akan dikenakan pakaian putih yang demikian, Aku tidak akan menghapus namanya dari kitab kehidupan, melainkan Aku akan mengaku namanya di hadapan BapaKu dan di hadapan para malaikatNya.

(Wahyu 3: 5).

B. Semua yang hidup adalah seperti rumput dan segala kemuliaannya seperti bunga rumput, rumput menjadi kering dan bunga gugur, tetapi Firman Tuhan tetap untuk selama-lamanya.
Hendaklah engkau setia sampai mati, dan Aku akan mengaruniakan kepadamu mahkota kehidupan.

(I Petrus 1: 24, 25a; Wahyu 2: 10b).

B. Doa Pengakuan Dosa

1. Ya Tuhan Allah Bapa kami yang di surga. Engkau Mahamurah kasihMu kekal selama-lamanya. Kami datang kehadapanMu mengaku dan memohon keampunan segala dosa dan kesalahan kami. Tataplah kami dengan berkat kasihMu serta ampunilah dosa kami di dalam penebusan AnakMu Tuhan Yesus Kristus, Juruselamat kami. A m i n .

2. Ya Bapa Tuhan kami di surga. Engkau Mahakasih dan benar. BerkatMu melimpah dan kekal selama-lamanya. Kasihanilah kami ya Tuhan. Lupakanlah segala kejahatan dan dosa kami. Kami sering berbuat dosa terhadap Engkau dan membangkitkan amarahMu karena kami sering melanggar hukumMu. Limpahkanlah kasih sayangMu kepada kami, dan berkatilah kami dengan pertolonganMu. Ya Tuhan Allah sumber kebahagiaan kami, ampunilah segala dosa dan pelanggaran kami di dalam AnakMu Tuhan Yesus Kristus Juruselamat kami. A m i n.

3. Ya Tuhan Allah Bapa Tuhan kami Yesus Kristus. Engkaulah Allah, yang Mahakuasa pencipta segala sesuatu. Engkau adalah adil menghakimi semua orang. Kami datang kehadapanMu mengaku segala dosa kami yang kami lakukan karena melanggar hukumMu, baik melalui perkataan kami yang tidak benar, maupun karena nafsu keinginan duniawi yang selalu mempengaruhi kami. Kami patut mendapat murka Tuhan, akibat dosa kami itu. Tetapi Engkau adalah Tuhan Pengasih dan Penyayang. Kasihanilah kami, ampunilah segala dosa-dosa dan kesalahan kami di dalam AnakMu Tuhan Yesus Kristus. Karuniakanlah kami Roh Kudus, agar kami setia mengikuti Engkau di dalam Kebenaran dan Kekudusan dan memperoleh hidup yang kekal yang Tuhan janjikan bagi setiap orang yang percaya kepada AnakMu Yesus Kristus Tuhan dan Juruselamat kami. A min.

4. Ya Tuhan Allah, Bapa kami yang Mahakuasa. Engkau mengasihi kami orang yang hina dan tercela ini. Kami datang kehadapanMu mengaku segala dosa dan kesalahan kami. Sejak dilahirkan kami sudah bergelimang di dalam dosa. Kami tersesat dan menyimpang dari jalan Tuhan. Kami sering melanggar HukumMu. Ya Tuhan kami, janganlah mengingat dosa dan pelanggaran kami pada masa muda, tetapi ingatlah kepada kami sesuai dengan kasih setiaMu deh karena kemurahanMu. Ya Tuhan, lapangkanlah hatiMu terhadap kami orang berdosa ini. A m i n .

5. Ya Allah Bapa kami yang di surga. Engkau mengampuni dosa kami orang yang hina dan tercela ini di dalam Anak kesayanganMu. Kasihanilah kami, orang yang berdukacita yang berdosa ini. Nyatakanlah li dalam hati dan jiwa kami ini akan keampunan segala dosa dan kesalahan kami itu.
Karuniakanlah Roh Kudus bagi kami untuk memberi kekuatan keteguhan dan ketetapan hati supaya iman kami tidak tergoyahkan. Bimbing dan ajarlah kami, ya Tuhan agar kami benar-benar dan sungguh-sungguh menyerahkan diri, hati dan jiwa kami, kepadaMu saja, sebagai korban yang hidup dan kudus, oleh sebab AnakMu, Yesus Kristus, Tuhan kami. A m i n .

6. Ya Tuhan kami yang Mahakasih dan Mahakodus, Bapa kami di dalam Yesus Kristus ! Setiap kali kami datang kehadapanMu, kami merasa bahwa kasihMu sangat kami butuhkan. Karena itu kami datang merendahkan diri hari ini kepadaMu dan mengaku bahwa kami sering seperti domba yang sesat menyimpang dari jalan yang benar, Janganlah Engkau mengucilkan kami dari hadapanMu oleh karena dosa dan pelanggaran kami, karena Engkau tidak menginginkan kematian dari orang fasik, melainkan Engkau menginginkan pertobatannya agar dia selamat. Ampunilah segala kesalahan dan pelanggaran kami dengan perantaraan Penghulu kami yang tunggal itu, AnakMu Tuhan Yesus Kristus. Tetapkanlah anugerahMu bagi kami dengan perantaraan kesaksian dan kuasa Roh Kudus, supaya kami terhibur dan datang memanggil Engkau, dan agar segala perbuatan dan kelaknan serta pikiran kami menjadi kemulisan bagi namaMu yang Kudus itu. A m i n .

7. Ya Tuhan Allah Bapa kami yang Mahakuasa. Kami berseru dan memanggil namaMu karena kami susah dan gelisah mengingat segala dosa dan kejahatan kami. Kasihanilah kami orang berdosa ini. Ya Tuhan Yesus Kristus, Engkau telah datang ke dunia menjadi manusia, mati dan bangkit kembali serta naik ke surga untuk membela dan menyelamatkan kami. Kasihani dan koatkanlah iman kami untok bersyukur kepadaMu. Ya Roh Kudus penghibur orang yang berduka. Sembuhkan segala penyakit dan penderitaan kami karena dosa. Tinggallah bersama kami agar kami senantiasa bergembira dan penah gairah melakukan kehendakMu. Engkaulah sumber pengasihan dan pengampunan, janganlah lupakan kami. Dengarlah doa permohonan kami ini ya Allah, Bapa Anak dan Roh Kudus. A m i n .

8. Ya Tuhan Bapa yang Maha Kasih. Kami berkumpul bersama-sama berdoa padaMu. Bukan karena kebenaran kami, melainkan hanyalah karena belas kasihanMu yang besar. Kasihanilah dan ampunilah segala dosa dan kesalahan kami. Bangunkanlah hati dan jiwa kami, supaya kami dapat meninggalkan segala perbuatan kami yang jahat dan kami beroleh hidup yang baru di dalam Yesus Kristus Tuhan kami. A m i n.

9. Ya Allah Bapa kami yang Mahakuasa dan Mahapengasih. Kami orang berdosa yang hina ini datang kehadapanMu yang Kudus dan Mulia mengaku dan meminta keampunan segala dosa dan kejahatan kami. Kami sering mendukakan Tuhan karena perkataan, pikiran dan perbuatan kami yang tidak benar. Kami tidak mengasihi Engkau dengan segenap hati, dengan segenap keknatan dan dengan segenap akal budi kami. Dan kami tidak mengasihi sesama manusia seperti diri kami. Kami layak kena murkaMu dan terkutuk selamalamanya. Tetapi sekarang kami datang memohon keampunan dosa kami. Tolonglah kami agar kami dapat bertobat dan meninggalkan segala kejahatan kami karena Yesus Kristus Anak Allah yang Tunggal dan karena namaMu yang kudus itu. Ya Allah kasihanilah kami orang berdosa ini. A m i n .

10. Ya Tuhan Allah Bapa kami yang Mahaknasa dan Pengasih. Engkau tidak berkenan kepada kematian orang fasik, melainkan Tuhan berkenan kepada pertobatan orang fasik dari kelaknannya ke jalan yang benar, supaya ia hidup. Oleh sebab itu, kami memohon kepadaMu jonhkanlah kami dari segala murka dan hukumMu. Ampunilah dosa dan kejahatan kami, agar kami beroleh hidup di dalam kasihMu. Karuniakanlah kami kekuatan, agar kami tetap kuat dan kokoh di dalam AnakMu Yesus Kristus Tuhan kami. A m i n.

11. Ya Tuhan Allah yang Mahakuasa dan Mahabenar, Pengasih dan Penyayang. Bermurah hatilah Engkau ya Tuhan terhadap kami. Kiranya Tuhan berkenan mengampuni segala dosa dan kejahatan kami. Tiada yang lain yang dapat menjadi pelindung dan penyelamat bagi kami selain dari kasih sayang dan pembenaranMu yang tunggal. Karena itu karuniakanlah kami ketenangan dan penghiburan di dalam pengorbanan AnakMu, Tuhan Yesus Kristus Juruselamat kami. A min.",Religious,Ritual Text,http://setiamengasihi.blogspot.com/2018/04/agenda-batak.html.,,yes
mg_058,Agenda HKBP - 5,"C. Angka bagabaga, dung salpu tangiang manopoti dosa
1. Munsat pe angka dolok, jala humuntal angka robean, alai anggo parasi ni rohangKu na so tupa munsat sian ho, jala padan ni hadameonKu na so tupa humordit, ninna Jahowa Siasii ho. (Jes. 54, 10). Hasangapon ma di Debata na di ginjang !
2. Songon sintongna mangolu Ahu, ninna Tuhan Jahowa, tung na so lomo do rohangKu mida hamatean ni parjahat, na lomo do rohangKu mida hamumulak ni parjahat i, tumadingkon dalanna, asa mangolu ibana. (Hes. 33, 11). Hasangapon ma di Debata na di ginjang !
3. Parasi roha jala pardengganbasa do Jahowa, lambat tarrimas jala Parasiroha godang. Ndang dibahen tu hita hombar tu angka dosanta, jela ndang dibaloshon tu hita hombar tu angka hajahatonta. Songon asi ni roha ni amaama mida angka anakna, asi ni roha ni Jahowa di angka na manghabiari Ibana. ( Psalm 103, 8,10,13 ). Hasangapon ma di Debata na di ginjang !
4. Songon on do panghaholongi ni Debata di portibi on, pola do AnakNa na sasada i dilehon, asa unang mago ganup na porsea di Ibana, asa hangoluan na saleleng ni lelengna di ibana. (Joh. 3, 16). Hasangapon ma di Debata na di ginjang !
5. Songon on do Hata ni Tuhan Jesus: Ro ma hamu tu Ahu, hamu angka na loja jala na sorat, hupasonang pe hamu. Buat hamu ma augangKu tu hamu, guruhon hamu ma sian Ahu, ai na lambok do Ahu jala na serep marroha, asa dapotan hasonangan tondimuna. Ai lambok do augangKu jala neang do dohot na hupaporsanhon. ( Mat. 11, 28-30 ). Hasangapon ma di Debata na di ginjang !
6. Songon on do Hata ni Tuhan Jahowa: Nunga diarsahi ho Ahu marhite sian angka dosam, jala nunga dilojai ho Ahu marhite sian angka hajahatonmu. Ahu tutu, Ahu sandiri manalesei angka pangalaosim ala ni hadirionKu, jala ndang be hupaingotingot angka dosam. ( Jes. 43, 24b, 25 ). Hasangapon ma di Debata na di ginjang !
7. Ro ma hamu tu Ahu, asa mangolu tondimuna, ninna Tuhan Jahowa. Tung sura rara dosamuna songon abit bunga dapdap, bontar do bahenonHu songon itak; nang pe rara songon abit hasumba, gabe songon hapas do muse. (Jes. 1,18). Hasangapon ma di Debata na di ginjang !
8. Songon on do Hata ni Tuhan Jahowa: Nunga pola hupasisi angka pangalaosim songon ombun, jala songon ombun manorop angka dosam. Sai mulak ma ho tu Ahu, ai Ahu do Sipalua ho. (Jes. 44, 22). Hasangapon ma di Debata na di ginjang !
9. Satongkin do hutadingkon ho, alai papungupunguonHu ma ho muse marhitehite angka asi ni roha godang ! Tagan di parpiar ni murukHu hutabunihon bohingKu satongkin maradophon ho, alai marhitehite denggan basa salelenglelengna asianHu ho, ninna Jahowa Sipalua ho. (Jes. 54, 7. 8). Hasangapon ma di Debata na di ginjang !
10. Songon on do Hata ni Jahowa: Unang ho mabiar, ai Ahu do Siluluhon ho; nunga pola hujou goarmu, Ahu nampuna ho. (Jes. 43, 1). Hasangapon ma di Debata na di ginjang !
11. Ala ni pangalaosionta do umbahen na tartullang Kristus, jala binahen ni hajahatonta do Ibana mabugang. Ampe tu Ibana pinsangpinsang parhitean ni hasonanganta, jala binahen ni bugangNa malum itahilala. (Jes. 53, 5). Hasangapon ma di Debata na di ginjang !
12. Ise be mangaluhon angka na pinillit ni Debata ? Debata do na mamintori. Ise do na mandabu uhum hamagoan ? Kristus Jesus do naung mate; alai ndada holan i, naung mulak mangolu do, jala di siamun ni Debata do Ibana mangondihon hita. (Rom 8, 33. 34). Hasangapon ma di Debata na di ginjang !
13. Adong do di hita sintua ni malim na songon i, na hundul di siamun ni habangsa ni hatongamon di banua ginjang. Dibahen i tarbahen Ibana do pangoluhon ro di ujungna angka na sandok ro tu Debata marhitehite Ibana; na mangolu do Ibana tongtong, asa diitangianghonnasida. (Heb. 8,1; 7, 25). Hasangapon ma di Debata na di ginjang !
14. Ai ndang adong imbar ni i; ai saluhut do pardosa jala hurangan maradophon hasangapon ni Debata, alai angka na gabe pintor, binahen ni basabasa marhite sian asi ni RohaNa, hinorhon ni panobusion na marhitehite Kristus Jesus i, na pinajongjong ni Debata bahen habangsa parasian marhitehite haporseaon di mudarNa. (Rom 3, 23, 24, 25a). Hasangapon ma di Debata na di ginjang !
15. Humophop hita, gabe dosa do Ibana na so tumanda dosa dibahen Debata, asa gabe hatigoran ni Debata hita, marhitehite Ibana. ( 2 Kor. 5, 21 ). Hasangapon ma di Debata na di ginjang !
16. Molo tung adong manang ise na mardosa, adong do pangondianta di Ama i, i ma Tuhan Jesus Kristus na tigor roha i. Jala Ibana do pardengganan taringot tu dosanta, alai ndada holan taringot tu dosanta, dohot do taringot tu dosa ni saluhut portibi on. ( 1 Joh. 2, lb, 2 ). Hasangapon ma di Debata na di ginjang !

D. Angka tangiang laho mamungka di angka ari pesta
I. ADVENTUS
1. Ale Tuhan Debata, Pargogo na so hatudosan, na tumompa langit dohot tano, hinorhon ni asi ni rohaM do umbahen sahat hami tu taon Huria na imbaru on. Lehon ma tu HuriaM TondiM na badia i dohot hamaloon sian Ho, asa lam rarat jala ganda harajaonMu di tongatonga ni hami on. Sai lehon ma hiras ni roha tu naposoM mangkatahon HataM, asa lam denggan HuriaM marhite sian i. Pargogoi ma hami mangoloi Ho di bagasan haporseaon na tongtong, asa manahan hami sahat ro di ujungna marhitehite AnakMu Jesus Kristus Tuhannami. Amen.
2. Ale Amanami na di banua ginjang ! Na mandok mauliate do hami tu Ho, ala dipabotohon Ho tu hami marhitehite AnakMu Tuhan Jesus Kristus, na laho salpu sogot langit dohot tano, alai na hot do anggo HataM ro di salelenglelengna. Angkup ni i, ingkon patar do sogot saluhut jolma di jolo ni habangsa paruhumanMi.
Sai asi ma rohaM di hami, pahot ma rohanami marhaporseaon di HataM marhitehite Tondi Parbadia. Padungo ma hami jala paringgas hami martangiang, asa marlas ni roha hami paimaimahon Ho, jala asa dapot hami hangoluan na so ra suda. Amen.

3. Ale Tuhan Debata, ajarhon ma tu hami aturanMu; unang tadinghon hami' Patonggor ma matanami, asa hutanda hami hatuaonnami na sian Ho i; pargogoi hami marhitehite HataM. Padao ma sian hami nasa poda na lipe, sai togihon ma hami di angka dalanMu, asa hutanda hami Ho hangoluannami manang mangolu manang mate pe hami, marhitehite Tuhannami Jesus Kristus, AnakMi. Amen.
4. Ale Amanami jala Debatanami ! Na mandok mauliate do hami tu Ho sian nasa rohanami, ala disuru Ho AnakMu, Tuhan Jesus Kristus, na paluahon hami sian dosa dohot hamatean. Hupangido hami, sai patiur jala rajai ma rohanami marhitehite Tondi Parbadia i, asa unang hu rohanami mida hametmetonNa i. Urupi hami, asa lam hutanda hami Ibana Raja naung ro i, sisombaon ni sandok jolma na di liat portibi on. Amen.
II. PESTA HATUTUBU NI TUHAN JESUS.
5. Ale Tuhan Debata, Amanami na di banua ginjang ! Mandok mauliate do hami tu Ho, ala ni godang ni asi dohot holong ni rohaM di hami; ai dibasabasahon Ho do AnakMu na sasada i tu hami na di pardangolan on, asa malua hami marhitehite Ibana sian dosa dohot sian hamatean saleleng ni lelengna. Hupangido hami tu Ho, sai sondangi ma rohanami na holom i marhitehite Tondi Parbadia i; angkup ni i sai parrohai ma hami, asa huboto hami mandok mauliate tu Ho, asa tarapul situtu rohanami di hagogotan dohot di pangunjunan marhitehite AnakMu, Tuhan Jesus Kristus Tuhannami. Amen.
6. Ale Tuhan Debata, Amanami na di banua ginjang ! Marroha Ama do Ho tu hami halak pardosa na dangol on; ala ni i dilehon Ho do AnakMu na sasada i, Tuhan Jesus Kristus, asa porsea hami jala dapotan hangoluan marhite sian Ibana. Na mangido ma hami nuaeng tu Ho, suru ma TondiM na badia i tu rohanami, asa manahan hami sahat ro di ujungna di bagasan haporseaon na sintong jala asa martua hami marhitehite AnakMu Tuhan Jesus Kristus, Tuhannami. Amen.
7. Ale Debata, Ama na di banua ginjang ! Pujipujian, hasangapon dohot hamauliateon husombahon hami tu Ho, marningot silehonlehonMi na balga i tu hami jolma na di pardangolan on, i ma AnakMu, Jesus Kristus, na sinuruM i sian banua ginjang ala ni hami. Gabe na dangol do Ibana jala na pogos, pola tubu Ibana di bara ni Betlehem, asa mamora hami. Sai rajai jala togutogu hami marhitehite TondiM, asa lam huida hami godang ni holong ni rohaM na pinapatar ni AnakMi. Amen.
8. Ale Amanami, Ama ni Jesus Kristus Tuhannami, na tubu di huta Betlehem! Sai pinuji ma GoarMu na badia i, ala naung ditingkir Ho hami bangsoM. Ditogutogu Ho do hami sian haholomon tu hatiuron jala dipadomu Ho do hami, na holang hian sian Ho, gabe saor muse dohot Ho. Gok halalas ni roha do hami ala ni i. Sai jalo ma hamauliateon ni rohanami, naung tinopotMu marhitehite AnakMi. Amen.
III. TAON NA INBARU OOHOT ARI MINGGU NA MANGIHUT TUSI
9. Ale Tuhan Debata ! Sian asi ni rohaM do umbahen sahat hami tu taon na imbaru on; Ho do na mangaramoti hami di bagasan taon na salpu i. Sai asi ma rohaM, sai unang tulak hami nuaeng, sai dongani ma hami di bagasan taon na imbaru on.
Pasupasu hami ro di angka ulaon na denggan, na huula hami marhitehite GoarMu. Alai na gumodang, pasupasuhon ma HataM na badia i tu rohanami, asa gabe na imbaru rohanami, asa tarpamasuk Ho hami tu banua ginjang di hasusuda ni bohalnami. Amen.
10. Ale Amanami na di banua ginjang ! Dibahen Ho do Anak haholongan ni rohaM tu toru ni patik, asa dipalua angka na ginomgoman ni Patik. Urupi hami, asa dohot hami dapotan haluaon i, jala asa mian hami di bagasan harajaonMu marhitehite AnakMu Tuhan Jesus Kristus, Tuhannami. Amen.
IV. EPIPHANIAS
11. Ale Tuhan Debata, Ama na marasiroha ! Hudok hami mauliate tu Ho, sian nasa rohanami, ala dijou Ho hami sian haholomon tu hatiuron, marhitehite AnakMu Tuhan Jesus Kristus. Sai dirajai TondiM na badia i ma hami asa lam ganda haporsesonnami, jala asa lam badia parangenami, unang marlindang binahen ni portibi on, asa sahat hami rap dohot angka na porsea di GoarMu tu hangoluan na so ra suda, marhitehite Anak haholongan ni rohaM, Tuhan Jesus Kristus, Tuhannami. Amen.
12. Ale Tuhan Debata, Pargogo na so hatudosan, Amanami na di banua ginjang! Dipabotohon Ho do tu angka parroha na sian purba i marhitehite bintang, naung tubu AnakMu na sasada i. Sondangi ma rohanami, asa hutanda hami haporseaon na sintong i marhitehite Ibana, asa tarbahen dahot hami mamereng hamuliaon sogot marhitehite Anak haholongan ni rohaM, Tuhan Jesus Kristus, Tuhannami. Amen.
13. Ale Tuhan Debata, Amanami na di banua ginjang ! Dipapatar Ho do diriM marhitehite HataM i, naung dohot do hami dihalomohon rohaM marhite sian panesaM i, di dosanami. Antong papatar ma diriM tu rohanami, asa hutanda hami Ho, jala asa hutangihon hami soara ni AnakMu, jala asa hujalo hami Tondi Parbadia marhitehite Anak haholongan ni rohaM, Tuhan Jesus Kristus, Tuhannami. Amen.
14. Ale Tuhan Debata, Pargogo na so hatudosan ! Na mandok mauliate do hami tu Ho, ala dipapatar Ho dohot tu angka sipelebegu AnakMu Tuhan Jesus Kristus. Sai asi rohaM, sai paian ma di hami ro di pinomparnami Barita na Uli i, jala pararat ma i tu saluhut bangso, asa binsar sondang ni hasangaponMi dohot di angka na hundul di haholomon dohot na nilinggoman ni hamatean marhitehite Anak haholongan ni rohaM, Tuhan Jesus Kristus, Tuhannami. Amen.
15. Ale Tuhan Jesus Kristus, Ho do panondang na sintong, na manondangi ganup jolma na di portibi on ! Sondangkon ma bohiM tu hami jala parbadiai ma rohanami, asa hutanda hami dalan hangoluan marhite sian i. Sai rajai ma hami, asa unang manimbil hami sian dalan na sintong i. Ale Tuhan Jahowa, patongtong ma rohanami marhaporseson tu Ho marhitehite Tondi Parbadia ! Amen.
V. TINGKI PANAONON NI TUHAN JESUS
16. Ale Tuhan Debata, Amanami na di banua ginjang ! Asi ma rohaM di hami halak na gale on. Diida Ho, na gogo do musunami, sai talu do hami dibahen ala ni hagaleonnami. Dibahen i hupangido hami tu Ho : Sai pargogoi jala pamonang ma hami maralohon musu i marhitehite panaonon ni Anak haholongan ni rohaM, Tuhan Jesus Kristus. Amen.
17. Ale Amanami na di banua ginjang ! Disuru Ho AnakMu Tuhan Jesus Kristus tu portibi on, asa disegai angka ulaon ni sibolis i. Sai padungo ma hami marhitehite TondiM na badia i, asa unang tarpedem hami di bagasan dosa, alai asa monang hami sahat ro di ujung, jala asa mardame hami saleleng di tano on, paima sahat hami tu hangoluan na so ra suda marhitehite AnakMu, Tuhan Jesus Kristus, Tuhannami. Amen.
18. Ale Tuhan Debata, Ama ni saluhut parasirohaon ! Nunga ditatap Ho hami bangsoM on, ai ndang manjua Ho mangalehon AnakMu na sasada i, Tuhan Jesus Kristus tu tangan ni pardosa, asa taononNa haleaon dohot siak ni bagi sahat ro di hau na pinarsilang. Sai tumpahi hami marhitehite asi ni rohaM, asa margogo hami jala marbenget ni roha songon anak haholongan ni rohaM i di angka sitaonon, asa marsangap GoarMu dohot AnakMu, Tuhan Jesus Kristus, dohot Tondi Parbadia marhitehite hami. Amen
19. Ale Amanami Parasi roha na sumurung, Debata ni hatuaonnami ! Huingot hami do di angka ari on panaonon dohot hamamate ni Tuhan Jesus Kristus, Tuhannami. Pahibul ma rohanami jala parbadiai mamingkiri sude na tinaonNa i. Patandahon ma tu hami dosanami, asa diarsakhon rohanami, asa hupompomi hami hisaphisap dohot sangkapsangkap ni rohanami, jala asa hupasaut hami lomo ni roha ni na manobus hami, asa martua hami marhite sian i ro di salelenglelengna. Sai patupa ma i di hami marhitehite Tuhan Jesus Kristus, Anak haholongan ni rohaM. Amen.
20. Ale Tuhan Debata, Amanami na di banua ginjang, Parasi roha na sumurung! Na mandok mauliate ma hami tu Ho sian nasa rohanami, ala dilehon Ho AnakMu na sasada i tu hamatean humophop hami, asa unang mago na porsea di Ibana, alai asa hangoluan na saleleng ni lelengna di nasida. Tatap ma hami, ale Amanami di bagasan AnakMu Jesus Kristus, na gabe habadiaon dohot hatigoran di hami. Sai sesa ma dosanami saluhut ala ni pelean na sun denggan, na pinelehonNa i humophop hami. Sai paeleng ma pinggolMu tu tangiangnami jala asi ma rohaM di hami marhitehite AnakMu, Tuhan Jesus Kristus, Tuhannami. Amen.
21. Ale Amanami na di banua ginjang, Parasiroha na sumurung di sude jolma! Ndang diolani Ho AnakMu na sasada i, dilehon Ho do Ibana humophop hami mamorsan dosanami sahat tu hau na pinarsilang i. Sai patogu ma rohanami, asa unang ganggu rohanami manghaporseai hasesasn ni dosanami, asa unang mandele hami ala ni dosanami, alai asa pos situtu rohanami di asi ni rohaM na godang i marhitehite Tuhan Jesus Kristus Tuhannami, Anak haholongan ni rohaM i. Amen.
22. Ale Tuhan Jesus, Sasada Ho do Sipangolu padomuhon jolma dohot Debata! Hupuji hami GoarMi, jala hudok hami mauliate tu Ho ala ni saluhut na binahenMi, patupahon hangoluannami. Sai dongani ma hami marhitehite asi ni rohaM, asa hupingkiri hami tongtong na tinaonMu dohot hamamateM, asa huarsakhon hami dosanami jala asa tubu di hami haporseaon na sintong, jala asa marroha haholongon hami huhut mandok mauliate tu Ho, asa olo hami mangihuthon Ho ro di hamatean. Ale Tuhan Jesus, di Ho ma tama pujipujian di tongatonga ni saluhut Huria, naung tinobusMu marhitehite mudarMu na badia i, olat ni on ro di salelenglelengna. Amen.

VI. ARI HAMAMATE NI TUHAN JESUS
23. Ale Amanami jala Debatanami ! Parasiroha na sumurung do Ho di sude jolma manisia. Nunga dilehon Ho AnakMu, Tuhan Jesus Kristus Tuhannami, manaon haleaon dohot siak ni bagi, pola mate tarsilang, asa malua hami sian gomgoman ni sibolis. Sai parrohai ma hami mamingkiri panaonon ni AnakMu, asa maruli hami marhite sian i di hasesaan ni dosa dohot di haluaon sian hamatean paduahalihon, asa dapot hami hangoluan salelenglelengna marhitehite Tuhan Jesus Kristus Tuhannami, Anak haholongan ni rohaM. Amen.
24. Ale Tuhan Jesus, na mate tarsilang do Ho humophop hami halak pardosa, ala ni holong ni rohaM na godang i di hami ! Ajari ma hami paingotingot Ho, na targantung di hau na pinarsilang humophop hami, ai Ho do haporusannami maradophon rimas ni Debata dohot panoruion ni Patik dohot panolsolion ni roha. Sai sesa jala urati ma dosa sian rohanami marhitehite TondiM na badia i, jala pargogoi ma hami maralohon roha sibuk dohot hisaphisap dohot sangkap sangkap ni rohanami laho mangihuthon Ho, na mangolu jala na manggomgomi rap dohot Ama i dohot Tondi Parbadia ro di saleleng ni lelengna. Amen
25. O Tuhan Jesus, Birubiru ni Debata, na mamorsan dosanami ! Na jongjong do hami di joloM, marningot Ho, na targantung i. Tangkas do huantusi hami habebernit ni na tinaonMu di dolok Golgatha. Tungki do hami marningot dosanami na mangkorhon hamamateM i. Asi ma rohaM, urupi ma hami, asa gabe upa ni halojaonMu hami. Amen.
VII. PESTA DOHOT TINGKI HAHEHEON
26. Ale Tuhan Jesus, Tuhannami ! Na mandok mauliate do hami tu Ho, ala ditaluhon Ho do dosa dohot hamatean marhitehite hamamateM i, ala disondangi Ho tanomannami, asa marpangkirimon na mangolu hami ala ni haheheonMi. Ndang pola be mabiar hami mida hamatean, ai Ho do ulunami, ruasMu do hami. Dipaunsat Ho do hami sian haholomon tu hatiuron, sian hamatean tu hangoluan. Antong pargogoi ma hami mamuji dohot mangoloi Ho ariari, pasangaphon Ho di bagasan haporseson na mangolu, paima sahat hami tu lambungMu. Amen.
27. Ale Tuhan Debata ! Suru ma Tondi Parbadia tu rohanami, asa tarapul situtu rohanami marhitehite haheheon ni AnakMu, Tuhan Jesus Kristus, jala asa lam ganda haporseaonnami marhitehite pangkirimon na mangolu, asa tongtong huingot hami, na hehe do hami muse sian na mate songon Tuhan Jesus Kristus, Tuhannami, naung hehe sian na mate i. Amen.
28. Ale Tuhan Debata, Parasiroha na sumurung ! Didok HataM do, ingkon manaon hami jala mate rap dohot Tuhan Jesus Kristus, asa rap hami dohot Ibana tu hasangapon. Sai parrohai ma hami, asa unduk hami tu lomo ni rohaM jala hot hami di haporseaon na ture asa tongtong mangkirim di haheheon dohot di hasangapon sogot silehononMu tu angka na porsea di Ho. Amen.
VIII. ROGATE
29. Ale Tuhan Debata, Pargogo na so hatudosan ! Holan ala ni asi ni rohaM sambing do, umbahen na tarbahen hami marpungu di joloM, marsada ni roha martangiang tu Ho. Diparbagabaga Ho do di bagasan HataM: Molo adong dua manang tolu halak marpungu marhitehite GoarMu, lehononMu do na pinangidonasida. Ale Tuhan pasaut ma bagabagaM i, tangihon ma pangidoannami, lehon ma na tau hangoluannami. Lehon ma di hami saleleng di hasiangan on parbinotoan di hasintonganMi, dohot di hangoluan salelenglelengna marhitehite AnakMu, Tuhan Jesus Kristus, Tuhar,nami. Amen.
IX. HANANAEK NI TUHAN JESUS
30. Ale Tuhan Debata, Pargogo na so hatudosan ! Sai pargogoi ma hami manghaporseai AnakMu na sasada i, Sipangolu hami, na manaek tu surgo, asa huparrohahon hami roha banua ginjang marhitehite Anak haholongan ni rohaM, Tuhan Jesus Kristus, Tuhannami. Amen.
31. Ale Tuhan Jesus Kristus, Anak ni Natumimbul i, naung manaek tu banua ginjang jala hundul tu siamun ni Debata ! Sai suru ma Tondi Parbadia tu rohanami, asa Ibana tongtong mangajari rohanami. Lehon tu hami parhalado na burju tu HataM, pargogoi ma nasida, asa tongtong diradoti nasida ulaonna jala asa marsahala nasida mangalo bisuk ni sibolis i, asa tung rarat harajaonMu di hasiangan on, paima sude musuM peak di toru ni patMu. Sai pamonang ma hami saluhutna manaluhon dosa dohot hamatean marhitehite Ho, ai Ho do na mangolu dohot na manggomgomi rap dohot Ama i dohot Tondi Parbadia. Amen.
X. EXAUDI
32. Ale Tuhan Debata, Pargogo na so hatudosan, Amanami na di banua ginjang i ! Usehon ma TondiM na badia i dohot hapistaran na sian Ho i tu saluhut HuriaM, asa lam rarat jala lam hot HataM na badia i di tongatonga ni hami on. Lehon ma hiras ni roha di naposoM manjamitahon HataM, asa lam pita jala lam ganda HuriaM na badia i. Patongtong ma huhut rohanami mangoloi Ho sahat ro di ujung di bagasan haporseaon na ture marhitehite AnakMu, Tuhan Jesus Kristus, Tuhannami. Amen.
XI. PENTAKOSTE
33. Ale Tuhan Debata, Amanami ! Ho do manondangi jala mangajari roha ni angka na porsea di HataM marhitehite Tondi Parbadia. Sai buhai ma rohanami asa ture parrohaonnami marhitehite TondiM i, asa tongtong gok dame rohanami manghalashon hagogoonNa i marhitehite Tuhan Jesus Kristus Tuhannami. Amen.
34. Ale Tuhan Jesus ! Hudok hami mauliate tu Ho sian nasa rohanami, ala dipaojak Ho HuriaM di tano on, jala ala dohot hami dijou Ho tusi. Sai suru ma Tondi Parbadia tu rohanami, asa tung huparhatopot hami Ho hangoluannsmi, asa lohot tu Ho hami marhitehite haporseaon na sintong, jala asa tongtong huhalashon hami pasangaphon GoarMu, ne tarpuji ro di saleleng ni lelengna. Amen.
XII. TRINlTATIS
35. Ale Debata Sitolu sada, Debata Ama, Anak dohot Tondi Parbadia ! Na mandok mauliate ma hami tu Ho, ala ditompa, dipalua jala diparbadiai Ho hami hinorhon ni asi dohot holong ni rohaM na godang i. Sai ramoti ma hami di bagasan parmaraan dohot pangunjunan, apuli hami uju marsak, pahehe hami uju tinggang jala togutogu hami di hasusuda ni bohaluami tu harajaonMu na di banua ginjang i, asa disi pujionnami Ho marhitehite roha dohot hata na imbaru. Amen.
XII. DUNG TRINITATIS
36. Ale Tuhan Debata Amanami ! Nunga marpungu hami dison di ari na pinarbadiaanMi. Sai buhai ma pinggol dohot rohanami, asa marlas ni roha hami manangihon hataM na badia i jala ringgas hami manimbangi dohot umpeop HataM di bagasan rohanami, asa pos rohanami martangiang tu Ho. Urupi ma hami, asa huparhaseang hami angka ariari ni ngolunami na pondok i. Sai pamasuk ma hami tu hangoluan saleleng ni lelengna. Pujionnami ma Ho disi marhitehite Tuhan Jesus Kristus Tuhannami. Amen.
37. Ale Tuhan Debata jala Amanami ! Sai urupi ma hami, asa unang mandele hami, uju ro hapogoson tu hami, jala asa unang magopo hubahen hami silehonlehonMu na denggan i, uju ro pasupasuM tu hami. Ramoti hami, asa unang marpos ni roha hami tu arta na di hasiangan on. Lehon di hami haporseaon asa dohot hami parjambar di siteanon ni angka na porsea di Ho marhitehite Tuhan Jesus Kristus, Tuhannami. Amen.
38. Ale Tuhan Debata, Pargogo na so hatudosan ! Sai lehon jala patubu ma di hami haporseaon na sintong. Tambai ma haporseaonnami ganup ari, asa lam togu. Lehon ma di hami holong ni roha na so marpangansi asa holong rohanami di Ho dohot di dongannami jolma. Lehon di hami pangkirimon na mangolu, asa rnarlas ni roha hami mambahen lomo ni rohaM i. Sai oloi ma pangidoannami ala ni AnakMu, Tuhan Jesus Kristus Tuhannami. Amen.
39. Ale Tuhan Debata, Pargogo na so hatudosan, na so marmula na so marujung! Diparbaga Ho do marhitehite AnakMu, Tuhan Jesus Kristus: LehononMu hasesaan ni dosa, hatigoran dohot hangoluan saleleng ni lelengna di hami. Asi ma rohaM, lehon ma i di hami.
Sai sungguli jala togutogu rohanami marhitehite TondiM, asa hulului hami pangurupion sian Ho, molo ro pangunjunan tu hami. Sai pahot ma rohanami, asa tung porsea hami di HataM dahot di bagabagaM, asa jumpang hami hasonangan saleleng ni lelengna marhitehite AnakMu, Tuhan Jesus Kristus, Tuhannami. Amen.
40. Ale Tuhan Debata, Parasiroha na sumurung ! Mauliate ma rohanami tu Ho, ala dijou Ho hami tu pangkirimon di hangoluan saleleng ni lelengna. Sai lehon ma TondiM tu rohanami, asa margogo hami mangalo hisaphisap ni rohanami jala asa hulului hami, angka na di banua ginjang i. Pargogoi ma hami manaluhon saluhut na naeng mangambat hami tu hasonangan. Sai paganda haporseaon, pangkirimon dohot pamompomon ni rohanami, asa monang hami ro di ujungna, laho manjalo tumpal i hami di joloM ala ni AnakMu, Tuhan Jesus Sipangolu i. Amen.
41. Ale Tuhan Debata, Amanami na di banua ginjang ! Sai lehon ma tu hami roha na togu, na badia, pingkiran na denggan dohot roha na ringgas pasauthon ulaon na denggan. Sai lehon dame tu hami asa sonang hami mangolu di bagasan pangondingiM, Sai marsigantung tu HataM ma hami maradophon saluhut musunami. Sai ramoti jala pargogoi ma hami marhitehite Tuhan Jesus Kristus Tuhannami. Amen.
42. Ale Tuhan Debata, Amanami na di banua ginjang ! Hupangido hami tu Ho, sai lehon ma tu hami Tondi ni hasintongan dohot dame, asa tangkas huboto hami nasa lomo ni rohaM, jala urupi ma hami mangulahon i sian nasa gogonami marhitehite AnakMu, Tuhan Jesus Kristus Tuhannami. Amen.
43. Ale Tuhan Debata jula Amanami ! Sai togutogu jala rajai ma rohanami marhitehite TondiM i, asa olo hami manangihon dohot manjulo HataM. Sai pahot ma HataM di bagasan rohanami, asa lam imbaru jala lam badia rohanami. Sai urupi ma, asa lam marhaposan hami tu AnakMu, Tuhan Jesus Kristus, asa jumpang hami hangoluan saleleng ni lelengna. Amen.
44. Ale Tuhan Debata, Amanami Parasiroha na sumurung ! Sai togihon ma hami tu AnakMu, asa Ibana nampuna hami. Lehon ma di hami haporseaon na sintong, asa holan Ho sambing haposannami. Unang loas HuriaM marhaposan tu angka na di hasiangan on, ai holan Ho do haposan dohot haporusan. Sai asi ma rohaM, patuduhon tu hami dalan tu hatuaon, asa jumpang hami asi ni rohaM na godang i ala ni Tuhan Jesus Kristus, Tuhannami. Amen.
45. Ale Tuhan Debata, Parasiroha jala na bonar ! Mauliate hudok hami, ala dipabinsar Ho tu hami Barita na Uli, na manondangi rohanami. Ai ala ni i umbahen hutanda hami Ho dohot lomo ni rohaM. Dipangido rohanami naeng mangulahon lomo ni rohaM hami saleleng di ngolu on, jala naeng martua hami bahenonMu. Sai parbadiai ma rohanami marhitehite TondiM, jala pargogoi ma hami mangorom hisaphisap dohot manggotaphon roha portibi on. Sai palas ma rohanami mangoloi Ho ala ni AnakMu, Tuhan Jesus Kristus, Tuhannami. Amen.
46. Ale Tuhan Debata, Pargogo na so hatudosan jala Parasiroha na sumurung! Dipangido rohaM, naeng mangolu jala martua hami sogot; nunga ragam dalanna dibahen Ho manungguli rohanami, asa hutanda hami hatuaon sogot. Dibahen i hupaserep hami ma nuaeng rohanami mangido sian Ho: Sai lehon ma TondiM na badia i tu hami, asa porsea hami di holong ni rohaM di hami. Sai hutangihon hami ma soaraM, na mangapoi hami di tingki parasirohaon nuaeng, asa sampang hami tu hangoluan, na pinaradeM i di hami marhitehite Tuhan Jesus Kristus, Tuhannami. Amen.
47. Ale Tuhan Debata, Pargogo na so hatudosan, na songkal jala na bonar ! Dialo Ho do na ginjang marroha, jala dipatimbo Ho do na serep marroha. Ala ni i hupangido hami tu Ho: Sai ramoti hami, asa unang jungkat hami, unang ginjang rohanami. Alai togutogu hami marhitehite TondiM, asa unduk, serep, tobok jala burju rohanami di adopan ni halak saluhut, ala ni AnakMu, Tuhan Jesus Kristus, Tuhannami. Amen.
48. Ale Tuhan Debata, Pargogo na so hatudosan, Amanami na di banua ginjang! Mauliate ma rohanami tu Ho, ala dilehon Ho AnakMu na sasada i tu hami jala dipalua Ho hami sian gomgoman ni sibolis. Hupangido hami tu Ho: Sai ramoti hami di bagasan HataM, asa margogo hami, jumpa masa hasusaan dahot hagogotan. Sai sesa ma dosanami dohot pangalaosionnami di HataM na badia i. Sai parbadiai ma rohanami marhitehite TondiM, jala pamasuk hami tu hangoluan sogot, asa pujionnami Ho disi ro di saleleng ni lelengna, marhitehite Tuhan Jesus Kristus Tuhannami. Amen.
49. Ale Tuhan Debata, Pargogo na so hatudosan jala Parasiroha ! Hupaserep hami rohanami di joloM jala hupangido hami tu Ho: Sai lehon asi ni rohaM manggohi rohanami, jala sondangi rohanami marhitehite TondiM, asa lam hutinggalhon hami nasa dosanami, jala hutangihon hami HataM na badia i. Sai paian ma HataM di bagasan rohanami, asa marparbue na denggan hami. Hupangido hami saluhutna i marhitehite Tuhan Jesus Kristus Tuhannami. Amen.
50. Ale Tuhan Debata, Amanami na di banua ginjang ! Hupangido hami tu Ho: Sai lehon ma TondiM na badia i tu bagasan rohanami. Sai paian di bagasan hami asi ni rohaM dohot hatigoran, na pinatupa ni AnakMu Jesus, Tuhannami. Sai ramoti hami di hamamasa ni pangunjunan. Pargogoi ma hami mangulahon lomo ni rohaM, asa lam marlas ni roha hami mida denggan ni pambahenanMu di hami, marhitehite Tuhan Jesus Kristus, Tuhannami. Amen.
51. Ale Tuhan Debata ! Asi ma rohaM di hami, ai ndang tarbahen hami mambahen manang aha, molo so Ho dongannami. Dibahen i sai lehon ma di hami roha banua ginjang, asa tau hami manimbangi dohot. mangulahon lomo ni rohaM. Sai dongani ma hami, asa mian hami di bagasan Ho dohot di bagasan HataM, marhitehite AnakMu, Tuhan Jesus Kristus, Tuhannami. Amen.
52. Ale Tuhan Debata, Pargogo na so hatudosan ! Ho do silehon apulapul tu angka na marsak roha. Ho do silehon gogo tu angka na gale. Asi ma rohaM ! Tatap ma angka na marsak roha dohot angka na hona pangunjunan. Sai tatap ma hoihoinasida, jala palua nasida sian hagogotan i, asa patar diida nasida: Ho do pangurupi, haporusan dohot pangaramoti di hagogotan marhitehite Tuhan Jesus Kristus, Tuhannami. Amen.
53. Ale Tuhan Debata ! Ho do haroroan ni dame dohot holong ni roha. Sai lehon jala pahot ma di hami roha sisongon i. Ramoti ma angka naposoM maradophon pangasungi ni sibolis, asa malua nasida sian pangunjunan dohot sian biar ni roha. Ho do tongtong haposan dohot partanobatoannami. Sai togu ma hami di dalan sidalanannami ala ni AnakMu, Tuhan Jesus Kristus, Tuhannami. Amen.
54. Ale Tuhan Debata, Pargogo na so hatudosan ! Sai lehon ma di hami haporseaon na mangolu, asa tongtong hami porsea di AnakMu, Tuhan Jesus Kristus, Tuhannami. Tompa ma roha na ias di bagasan hami, jala paimbaru rohanami jala pasintong. Sai pahot ma haporseaonnami, asa hot jala sonang rohanami marningot naung sesa dosanami, ala ni Tuhan Jesus Kristus Tuhannami. Amen.
55. Ale Tuhan Debata, Pargogo na so hatudosan ! Na badia do Ho, pardosa do ianggo hami. Alai diondingi Ho do angka na marhaposan jala na maporus tu Ho. Ala ni i ro hami tu Ho, mangasahon asi ni rohaM. Sai unang tulak hami sian joloM. Angkup ni i lehon di hami roha na girgir tumangihon HataM, asa huboto hami mangulahon lomo ni rohaM, ala ni AnakMu, Tuhan Jesus Kristus, Tuhannami. Amen.
56. Ale Tuhan Debata, Pargogo na so hatudosan jala Pardengganbasa ! Ro di saleleng ni lelengna do asi ni rohaM. Mauliate ma rohanami tu Ho, ala diramoti Ho hami sian nasailaon sahat ro di sadari on. Hupuji hami ma Ho, ala naung sahat tu hami Barita na Uli na sian AnakMu, Tuhan Jesus Kristus, na pangolu hami. Mauliate hudok hami tu Ho, ala di bagasan dame dohot hasonangan dilehon Ho HataM na badia i. Sai asi ma rohaM, urupi ma hami mangulahon na nidokMu, asa hot rohanami jala tarparangehon hami parange na badia. Sai ajari jala paimbaru ma rohanami, asa lam ias hami ro di hasusuda ni bohalnami, marhitehite Tuhan Jesus Kristus Tuhannami. Amen.
57. Ale Tuhan Debata, Pargogo na so hatudosan, Amanami saleleng ni lelengna! Asi ni rohaM do na mangaramoti hami sian nasailaon rasirasa nuaeng, jala asi ni rohaM do na mangalehon Barita na Uli i, gabe hangoluannami. Sai asi ma roham, sai buhai ma rohanami jala lehon TondiM na badia i, asa huantusi hami sude panogunoguM dohot pambahenMu na balga i. Paian ma HataM di bagasan rohanami, asa mardame jala sonang hami jala lam imbaru rohanami marhitehite AnakMu, Tuhan Jesus Kristus Tuhannami. Amen.
58. Ale Tuhan Debata, Amanami, Pardengganbasa na sumurung ! Na marpungu do hami dison, mangido tu Ho sian nasa rohanami: Sai tambai ma haporseaonnami jala pargogoi hami, asa tarulahon hami parange na denggan, songon na pinangido ni rohaM sian hami. Sai ramoti hami ro di hasusuda ni bohalnami, ala ni AnakMu, Tuhan Jesus Kristus Tuhannami. Amen.
59. Ale Tuhan Debata, na sangap jala na badia ! Diramoti jala digomgomi Ho do HuriaM marhitehite TondiM i. Dibahen i hupangido hami nuaeng tu Ho, lehon ma di hami roha pangoloion, asa marlas ni roha hami mangulahon na nidokMu songon pangoloi ni anak tu amana. Sai pararat ma harajaonMu jala sai tambai ganup ari bilangan ni angka na porsea di Ho, asa lam tarbarita GoarMu na badia i, jala dapotan hangoluan hami marhitehite Tuhan Jesus Kristus, Tuhannami. Amen.
60. Ale Tuhan Debata, Parasiroha jala Pardengganbasa na sumurung ! Tama do nian hona uhumMu hami ala ni garis ni rohanami mida HataM. Alai sai sesa ma dosanami jala salpuhon sude pambahenannami na hurang i. Sai unang unsati asi ni rohaM sian hami. Sai tambai ma pasupasuM dohot gogo na sian banua ginjang tu HuriaM, asa hupuji hami Ho, dung malua hami sian pardangolan na di hasiangan on, ala ni Tuhan Jesus Kristus, Tuhannami. Amen.
XIV. DI MINGGU JUMPA MANJALO TOHONAN HAPANDITAON
61. Ale Tuhan Debata, Amanami, Parasiroha na sumurung ! Hudok hami mauliate sian nasa rohanami tu Ho, ala godang ni silehonlehon ni TondiM tu hami HuriaM. Ho do na pajongjongkon tohonan hapanditaon di tano on manarihon HuriaM na badia i. Na marpungu do hami dison, naeng mangido tu Ho: Sai ramoti jala ajari ma sude naposoM, asa polin dibaritahon nasida Barita na Uli taringot tu AnakMu, Tuhan Jesus Kristus. Parbadiai sude naposoM, asa hasonggopan ni TondiM nasida, asa tarulahon hasida sude ulaon na nilehonMu tu nasida, jala asa lam rarat harajaonMu di tongatonganami marhitehite Tuhan Jesus Kristus, Tuhannami. Amen.
XV. TANGIANG JUMPA MASA PESTA HURIA
62. Ale Tuhan Debata, Pargogo na so hatudosan ! Ho do Raja ni angka raja, jala Tuhan ni angka tuan; ro di saleleng ni lelengna do asi ni rohaM. Na marpungu do hami dison mangido sian Ho: Sai lehon ma dame tu hami dohot tu saluhut HuriaM. Sai pasada ma roha ni angka na porsea di Ho, asa lam masitungkolan jala masihaholongan nasida, songon na pinodahon ni AnakMu Tuhan Jesus Kristus tu hami. Patongtong ma rohanami mangoloi Ho, asa lam marsangap GoarMu di tongatonganami, jela dapotan hangoluan hami, ala ni Tuhan Jesus Kristus, Tuhannami. Amen.
63. Ale Tuhan Debata, na songkal jala na badia, Amanami na di banua ginjang! Sai asi rohaM, tatap ma HuriaM. Naung jinouM, jala naung hinophopMu do hami. Dibahen i sai ramoti ma daging dohot tondinami, asa mardame jala sonang hami mangihuthon AnakMu, Tuhan Jesus Kristus, Tuhannami. Amen.
XVI. TANGIANG MANGIDO ARI NA HASEA
64. Ale Tuhan Debata, Amanami na di banua ginjang ! Ho do nampuna langit dohot tano ro di pangisina sudena. Jadijadian ni tanganMu do sude na adong jala na pinarmuduM do umbahen mangolu sude na tinompaM i. Na marpungu do hami dison mangido: Sai sesa ma dosanami dohot dosa ni angka dongannami. Sai unang baloshon tu hami angka pambahenannami na hurang i. Sai digohi asi ni rohaM ma sude na hurang di hami. Hupangido hami nuaeng sian nasa rohanami: Asi ma rohaM, sai lehon ma udan dohot las ni ari di tingkina be, na pagabe na huula hami asa jumpang hami parbue na denggan bahen panganon siganup ari. Sai lam patandahon ma tu hami godang ni denggan ni basaM, asa huboto hami mandok mauliate tu Ho dohot mamuji GoarMu na badia i marhitehite Tuhan Jesus Kristus, Tuhannami. Amen.
XVII. PESTA GOTILON
65. Ale Tuhan Debata, Amanami na di banua ginjang ! Ho do haroroan ni sude denggan basa na marragamragam i. Ala ni pasupasuM do umbahen marparbue sude na niula ni tangannami, jala diparmudu Ho do hami na tinompaM, asa unang rapar. Dibahen i marpungu hami nuaeng mandok mauliate sian nasa rohanami tu Ho. Sian tanganMu do sude hujalo hami, nasa na denggan tu dagingnami dohot tu tondinami, jala asi ni rohaM do mangaramoti hami. On pe sai jalo ma hamauliateon ni rohanami. Angkup ni i sai lehon ma TondiM tu hami, na mamuhai dohot patiurhon mata ni rohanami, asa lam huida hami sude na denggan, sude na uli na pinatongonMi tu hami, asa lam ringgas rohanami mamuji dohot pasangaphon Ho marhite Tuhan Jesus Kristus, Tuhannami. Amen.
66. Ale Tuhan Debata, Amanami ro di saleleng ni lelengna ! Mauliate ma rohanami, ala diparmudu jala diramoti jala dipasupasu Ho sude na tinompaM i marhitehite HataM. Sai suanhon ma tu rohanami HataM na badia i marhitehite Jesus Kristus Tuhannami, asa lam tau hami manjulo sude asi ni rohaM na godang i. Buhai ma mata ni rohanami, asa huida hami sude denggan ni basaM, na mangalehon di hami parbue ni na niula sian hauma dohot sian porlak, asa adong di hami hangoluan siganup ari. Dibahen i mauliate ma rohanami tu Ho, ala naung hujalo hami sudena i sian Ho. Sai urupi ma angka dongannami na di hagogotan, asa unang mate anturaparon nasida. Sai apoi ma sude halak Kristen manarihon donganna angka na targogot marningot asi ni rohaM. Sai lam tambai ma asi ni rohaM dohot pasupasuM di hami ala ni Tuhan Jesus Kristus, Tuhannami, asa lam ringgas hami pasangaphon dahot ma muji Ho. Amen.
XVIII. TANGIANG JUMPA SEGA NA NIULA
67. Ale Tuhan Debata, Amanami ! Na badia jala na bonar do Ho, Ho do haporusannami sian najolo ro di nuaeng. Diloas Ho do nuaeng hasusaan masa tu hami, jala na holsoan do hami, ala hurang denggan jala hurang godang parbue ni na huula hami martimbangkon nasailaon. Ala ni i marpungu hami nuaeng tu joloM: huundukhon hami ro tu toru ni tanganMu na gogo i. Sai sesa sude dosanami dohot dosa ni dongannami. Sai unang baloshon tu hami pambahenannami na hurang i, sai huphupi ma i sude ala ni asi ni rohaM. Ho sambing do haporusannami jala marhaposan tu Ho do hami.
Sai pasupasu ma sipanganon na otik i, asa gabe sipargogo tu dagingnami. Sai lehon di hami hangoluan siganup ari, jala palua sian hagogotan angka na hurangan i, asa hupuji hami Ho ro di saleleng ni lelengna marhitehite AnakMu Tuhan Jesus Kristus, Tuhannami. Amen.

XIX. PESTA REFORMASI
68. Ale Tuhan Debata, Amanami na di banua ginjang ! Na marpungu do hami dison mamuji Ho dohot mandok mauliate tu Ho, ala dilehon Ho tu hami Barita na Uli. Sai lehon ma Tondi Parbadia patiurhon rohanami asa pungu rohanami manjalo HataM, jala asa torang huantusi hami HataM na binaritahon tu hami. Sai ramoti ma hami asa unang hutinggalhon hami HataM, jala asa unang hualo hami saluhut parentaM. Sai lehon ma di hami roha na hohom dohot pamompomon ni roha, asa mangula HataM di bagasan hami, jala asa dipangolu HataM i hami dohot saluhut HuriaM. Sai lehon ma TondiM mandongani angka Parbarita na Uli, asa diboan dame dohot hasonangan tu HuriaM, ala ni Tuhan Jesus Kristus, Tuhannami. Amen.
69. Ale Tuhan Debata, Pargogo na so hatudosan, Amanami na di banua ginjang! Mauliate ma rohanami tu Ho, ala naung disondangi Ho hami marhitehite Barita na Uli, asa tarbahen hami mulak tu Ho. Sai sondangi jala togu ma angka dongannami, asa mulak nang nasida sian dalan haliluon tu dalan hangoluan. Sai lehon TondiM manogunogu nasida asa lam denggan jela tau tiruan parangenasida mangihuthon Tuhan Jesus Kristus Tuhannami. Amen.
70. Ale Tuhan Debata, Parasiroha na sumurung ! Ho do nampuna hami jala pangaramotiM do umbahen mian hami di harajaonMu. Asi ma rohaM, sai lului ma angka na lilu, na manirpang sian dalan na pinatuduhonMi. Sai togu jala paulak nasida tu haporseaon na sintong. Unang loas tarpedem angka pardosa di bagasan dosana, sai lehon tu nasida tingki hamubaon ni roha; sai patandahon tu nasida dosana dohot haliluonna be. Sai unang loas angka na lilu manggaori HuriaM, asa mardame jala marlas ni roha hami ro di ujung ni langkanami marhitehite Tuhan Jesus Kristus, Tuhannami. Amen.
71. Ale Tuhan Jesus Kristus, Tuhannami jala Debatanami ! Nunga ditaon Ho hamatean humophop hami, lam paias ma rohanami dohot tondinami asa marhiras ni roha hami paimahon ari haroroM. Sai sesa sude dosanami asa unang mabiar hami mida hamatean. Sai lehon pangkirimon na mangolu di hami, asa lam malungun hami tu inganan na sonang di lambungMu. Asi ma rohaM, sai pamasuk ma hami tu harajaonMu na di banua ginjang, asa dohot hami marlas ni roha rap dohot angka surusuruanMu dohot angka naung pinillitMu. Amen.
72. Ale Tuhan Debata ! Mauliate ma rohanami, ala naung diparade Ho hasonangan na sun denggan di angka na mangoloi dohot na mangkaholongi Ho. Ala ni i umbahen hupangido hami: Suan ma holong ni roha di hami, asa huhaholongi hami Ho sian nasa roha, sian nasa tondi dohot sian nasa gogonami. Asa Ho di atas ni saluhut hubahen hami. Sai papos ma rohanami, asa hugolom hami angka bagabagaM na sumurung i, na mangatasi sasude. Sai oloi ma pangidoannami ala ni Tuhan Jesus Kristus, Tuhannami. Amen.
73. Ale Tuhan Debata, Pargogo na so hatudosan jala Ama Parasiroha ! Ndang lomo rohaM mida hamatean ni pardosa: mulak ma nian parjahat i tumadingkon dalanna, asa mangolu ibana, i do dipangido rohaM. Ala ni i umbahen hupangido hami, sai sundati ma torutoruM, asa unang mangonai be tu hami. Sai sesa sude dosanami, asa mangolu hami di bagasan asi ni rohaM. Sai pargogoi ma hami asa margogo hami paubahon rohanami, marhitehite Tuhan Jesus Kristus, Tuhannami. Amen.
74. Ale Tuhan Debata, na badia jala na bonar ! Parasi jela Partalup ni roha jala na basar do Ho. Sai marpangulahi ma rohaM mida hami. Dibahen i sai sesa ma dosanami. Ndang adong na hupangasahon hami dungkon ni asi ni rohaM; hatigoran na pinatupa ni AnakMu do na hupangasahon hami tu joloM. Dibahen i pasonang jala apuli ma hami angka na hinophop ni Tuhan Jesus Kristus, Tuhannami. Amen.
XX. TANGIANG DI ARI PARNINGOTAN DI ANGKA NA MATE
75. Ale Tuhan Jesus, Tuhan ni angka na mate dohot angka na mangolu ! Ho do nampuna hami, manang mangolu manang mate pe hami. Nang pe mardalan hami di rura nilinggoman ni hamatean, ndang huhabiari hami be hamatean, ai Ho do dongannami. Ndang tartiop hamatean manang tanoman be hami, ai Ho do Tuhannami naung humophop hami, jala Ho nampuna hami. Ro hami nuaeng tu Ho mangido: Sahat tu Ho ma tondinami dohot dagingnami, asa di Ho hami manang na mangolu manang na mate pe. Sai tiop ma tangannami, urupi hami marhitehite panghophopMi, asa sahat hami tu hangoluan na so ra suda. Amen.
76. Ale Tuhan Debata, Pargogo na so hatudosan ! Ho do na manjou hami jala Ho do na papunguhon angka na pinillitMu tu HuriaM na badia i. Mauliate ma rohanami, ala na naung dipasahat Ho hami tu AnakMu, asa Ibana nampuna hami. Asi ma rohaM, sai pargogoi ma hami mangulahon na nidok ni HataM, asa domu hami dohot naung tolhas tu lambungMu. Sai patogu ma haporseaonnami sahat ro di ajalnami, asa sahat hami sogot tu halalas ni roha na sumurung, na pinaradeM di angka na mangkaholongi Ho, asa pujionnami Ho disi saleleng ni lelengna marhitehite Tuhan Jesus Kristus, Tuhannami, Amen.","C. Janji Allah Setelah Doa Pengakuan Dosa
1. Sebab biarpun gunung-gunung beranjak dan bukit-bukit bergoyang, tetapi Kasih setiaKu tidak akan beranjak dari padamu, dan perjanjian damaiKu tidak akan bergoyang, Firman Tuhan yang mengasihani engkau.
(Yesaya 54: 10).
Kemuliaan bagi Allah di tempat yang Mahatinggi !
2. Demi Aku yang hidup, demikian Firman Tuhan Allah, Aku tidak berkenan kepada kematian orang fasik, melainkan Aku berkenan kepada pertobatan orang fasik itu dari kelakuannya supaya ia hidup.
(Yehezkiel 33 :11a).
Kemuliaan bagi Allah di tempat yang Mahatinggi !
3. Tuhan adalah Penyayang dan Pengasih, panjang sabar dan berlimpah anugerah kasih setia. Tidak dilakukanNya kepada kita setimpal dengan dosa kita dan tidak dibalasNya kepada kita setimpal dengan kesalahan kita. Seperti bapa sayang kepada anak-anaknya, demikian Tuhan sayang kepada orang-orang yang takut akan Dia.
(Mazmur 103: 8.10.13).
Kemuliaan bagi Allah di tempat yang Mahatinggi !
4. Karena begitu besar kasih Allah akan dunia ini, sehingga Ia telah mengaruniakan AnakNya yang Tunggal, supaya setiap orang yang percaya kepadaNya tidak binasa, melainkan beroleh hidup yang kekal.
(Yohanes 3 :16).
Kemulisan bagi Allah di tempat yang Mahatinggi !
5. Marilah kepadaKu, semua yang letih lesu dan berbeban berat. Aku akan memberi kelegean kepadamu. Pikullah kuk yang Kupasang dan belejarlah kepadaKu, karena Aku lemah-lembut, dan rendah hati dan jiwamu akan mendapat ketenangan. Sebab kuk yang Kupasang itu enak dan bebanKu pun ringan.
(Matius 11:28 - 30).
Kemuliaan bagi Allah di tempat yang Mahatinggi !
6. Demikian Firman Tuhan: Tetapi engkau mendapati Aku dengan dosamu, engkau menyusahi Aku dengan kesalahanmu. Aku, Akulah Dia yang menghapus dosa pemberontakanmu oleh karena Aku sendiri dan Aku tidak mengingat-ingat dosamu.
(Yesaya 43: 24b. 25).
Kemuliaan bagi Allah di tempat yang Mahatinggi !
7. Sekalipun dosamu merah seperti kirmizi, akan menjadi putih seperti salju; sekalipun berwarna merah seperti kain kesumba, akan menjadi putih seperti bulu domba.
(Yesaya 1 :18).
Kemuliaan bagi Allah di tempat yang Mahatinggi !
8. Demikianlah Firman Tuhan: Aku telah menghapus segala dosa pemberontakanmu seperti kabut diterbangkan angin, dan segala dosamu seperti awan yang tertiup. Kembalilah kepadaKu, sebab Aku telah menebus engkau !
(Yesaya 44: 22).
Kemuliaan bagi Allah di tempat yang Mahatinggi !
9. Hanya sesaet lamanya Aku meninggalkan engkau, tetapi karena kasih sayang yang besar, Aku mengambil engkau kembali.
Dalam murka yang meluap Aku telah menyembunyikan wajahKu terhadap engkau sesaat lamanya, tetapi dalam kasih setia abadi Aku telah mengasihani engkau, Firman Tuhan, Penebusmu.
(Yesaya 54: 7.8).
Kemuliaan bagi Allah di tempat yang Mahatinggi !

10. Demikianlah Firman Tuhan: Janganlah takut, sebab Aku telah menebus engkau, Aku telah memanggil engkau dengan namamu, engkau ini kepunyaanKu.
(Yesaya 43: 1b).
Kemuliaan bagi Allah di tempat yang Mahatinggi !
11. Tetapi Dia tertikam oleh karena pemberontakan kita, Dia diremukkan oleh karena kejahatan kita; ganjaran yang mendatangkan keselamatan bagi kita ditimpakan kepadaNya, dan oleh bilur-bilurNya kita menjadi sembuh.
(Yesaya 53: 5).
Kemuliaan bagi Allah di tempat yang Mahatinggi !
12. Siapakah yang akan menggugat orang-orang pilihan Allah ?
Allah yang membenarkan mereka ? Siapakah yang akan menghukum mereka ? Kristus Yesus, yang telah mati ? bahkan lebih lagi: Yang telah bangkit, yang juga duduk di sebelah kanan Allah, yang malah menjadi Pembela bagi kita.
(Roma 8: 33.34).
Kemuliasn bagi Allah di tempat yang Mahatinggi !
13. Kita mempunyai Imam Besar yang demikian, yang duduk di sebelah kanan Takhta Yang Mahabesar di surga. Karena itu Ia sanggup menyelamatkan dengan sempurna semua orang yang oleh Dia datang kepada Allah. Sebab Ia hidup senantiasa untuk menjadi Pengantar mereka.
(Ibrani 8 :1; 7: 25).
Kemuliaan bagi Allah di tempat yang Mahatinggi !
14. Karena semua orang telah berbuat dosa dan telah kehilangan kemuliaan Allah, dan oleh karena kasih karunia telah dibenarkan dengan cuma-cuma karena penebusan dalam Kristus Yesus.
Kristus Yesus telah ditentukan Allah menjadi jalan perdamaian karena iman, dalam darahNya.
(Roma 3: 23.24.25a).
Kemuliaan bagi Allah di tempat yang Mahatinggi !
15. Dia yang tidak mengenal dosa telah dibuatNya menjadi dosa karena kita, supaya dalam Dia kita dibenarkan oleh Allah.
(II Korintus 5: 21).
Kemuliaan bagi Allah di tempat yang Mahatinggi !
16. Namun jika seorang berbuat dosa, kita mempunyai seorang Pengantara pada Bapa, yaitu Yesus Kristus, yang adil dan Ia adalah pendamaian untuk segala dosa kita, dan bukan untuk dosa kita saja, tetapi juga untuk dosa seluruh dunia.
(I Yohanes 2: lb. 2).
Kemuliaan bagi Allah di tempat yang Mahatinggi !

D. Doa Pembukaan Pada Hari Minggu Dan Pesta Gerejawi
I. PADA HARI MINGGU ADVENTUS
1. Ya Tuhan Allah yang Mahakuasa, Pencipta langit dan bumi. Hanya karens kasih setiaMu, ya Tuhan, kami dapat memasuki tahun Gereja yang baru ini. Berilah Roh Kudus dan Roh Hikmat kepada ~emaatMu, supaya kerajeanMu semakin berkembang di tengah-tengah kami. Berilah hambaMu semangat untuk memberitakan FirmanMu, sehinggQ jemaatMu semakin sempurna. Kuatkanlah kami mengikuti Engkau dalam iman, agar kami bertekun sampai selama-lamanya, oleh karena AnakMu Yesus Kristus, Tuhan kami. A m i n.
2. Ya Allah Bapa kami yang ada di surga ! Kami mengucapkan tertma kasih kepadaMu karena Engkau melalui AnakMu Tuhan Yesus Kristus telah mengajarkan kepada kami, bahwa langit dan bumi akan binasa, tetapi FirmanMu kekal selama-lamanya. Pada hari penghukuman kelak segala perbnatan manusia akan nyata di hadapanMu. Kasihanilah kami, tetapkanlah hati kami mempercayai FirmanMu melalui Roh Kudus.
Tolonglah kami supaya bertekun dalam doa sehingga kami senantiasa bersukacita menantikan Engkau, supaya kami beroleh kehidupan yang kekal. A m i n .
3. Ya Tuhan Allah, ajarkanlah kepada kami HukumMu. Janganlah tinggalkan kami. Bukalah mata kami supaya mengenal kebahagiasn yang dari padaMu. Kuatkanlah kami melalui FirmanMu dan jagalah kami dari setiap pengajaran sesat, agar kami mengenal bahwa Engkau adalah kehidupan kami baik hidup atau mati, karena Tuhan Yesus Kristus, AnakMu. A m i n .
4. Ya Allah Bapa kami, dengan segenap jiwa raga kami, kami mengucap syukur dan terima kasih kepadaMu, karena Engkau telah mengaruniakan AnakMu Tuhan Yesus Kristus yang telah menebus kami dari dosa dan kuasa maut. Kami memohon kepadaMu, terangilah hati kami dengan Roh Kudus agar kami mengenal Dia, Raja yang akan datang itu, yang patut disembah oleh seluruh umat manusia. A m i n.
II. PADA PESTA KELAHIRAN TUHAN YESUS
5. Ya Tuhan Allah, Bapa yang ada di surga ! Kami mengucapkan terima kasih kepadaMu karena kasih sayangMu kepada kami. Engkau memberikan AnakMu yang Tunggal itu kepada kami, untuk menyelamatkan kami dari dosa dan kematian yang selama-lamanya. Kami memohon kepada Tuhan, terangilah hati kami yang gelap ini dengan Roh Kudus. Ajarlah kami supaya kami tau mengucapkan terima kasih kepadaMu, supaya kami terhibur juga di dalam kesengsaraan dan pencobaan karena AnakMu, Tuhan Yesus Kristus, Tuhan kami. A m i n.
6. Ya Tuhan Allah Bapa yang di surga, Engkau mengasihi kami orang berdosa yang hina ini, dengan mengaruniakan AnakMu yang Tunggal itu, Tuhan Yesus Kristus, supaya kami percaya dan beroleh hidup yang kekal. Karuniakanlah Roh Kudus ke dalam hati kami, agar kami bertekun sampai akhirnya di dalam iman yang benar, sehingga kami beroleh kehidupan yang kekal, oleh karena AnakMu, Tuhan Yesus Kristus Tuhan kami. A m i n .
7. Ya Allah Bapa kami yang ada di surga ! Puji-pujian, kemuliaan dan terima kasih kami persembahkan kepadaMu, karena Engkau memberikan AnakMu, Tuhan Yesus Kristus kepada kami manusia yang hina ini. Dia menderita sengsara, lahir di kandang domba, supaya kami menjadi kaya. Ajar dan bimbinglah kami dengan RohMu supaya kami mengenal kasihMu, yang Engkau nyatakan dalam AnakMu, Tuhan Yesus Kristus. A m i n .
8. Ya Allah Bapa dari Yesus Kristus, Tuhan kami, yang telah lahir di Baitlahim. Kami puji namaMu yang kudus itu, karena Engkau telah melawat kami umatMu. Engkau telah memindahkan kami dari kegelapan ke dalam terang dan memperdamaikan kami dengan Engkau, sehingga kami dapat hidup dalam persekutuan dengan Engkau. Hati kami penuh sukacita karena kebaikanMu. Terimalah ucapan syukur kami, yang telah Engkau kunjungi, dalam diri AnakMu, Yesus Kristus Tuhan kami. A m i n .
III. PADA TAHUN BARU DAN HARI-HARI MINGGU SESUDAHNYA
9. Ya Tuhan Allah, hanya karena PengasihanMu, kami dapat masuk ke Tahun yang baru ini. Engkau yang telah memelihara kami tahun lalu. Kasihanilah kami, janganlah menolak kami tetapi sertailah kami pada tahun baru ini. Berkatilah kami dan pekerjaan yang kami kerjakan karena NamaMu. Tetapi terlebih daripada itu, berkatilah FirmanMu yang ditaburkan ke dalam hati kami, sehingga kehidupan kami diperbaharui, dan Engkau menerima kami ke dalam kehidupan kekal, pada akhir hidup kami. A m i n .
10. Ya Bapa kami yang di surga ! Engkau telah menempatkan AnakMu di bawah Hukum Taurat, agar Dia menyelamatkan semua orang yang diperhamba oleh Hukum itu. Tolonglah kami, agar kami menerima keselamatan itu, supaya kami tinggal di dalam KerajeanMu, karena AnakMu, Tuhan Yesus Kristus, Tuhan kami. A min.

IV. PADA MINGGU-MINGGU EPIPHANIAS
11. Ya Tuhan Allah Bapa yang Mahapengasih ! Kami bersyukur, karena Engkau telah memindahkan kami dari kegelapan ke dalam terang dan Kebenaran, melalui AnakMu yang Tunggal, Tuhan Yesus Kristus. Berilah Roh Kudus menuntun kami, agar iman kepercayean kami semakin teguh dan tumbuh, dan perilaku serta perbnatan kami semakin suci dan benar, sehingga kami layak masuk ke dalam kehidupan kekal, karena Tuhan Yesus Kristus, Tuhan kami. A m i n .
12. Ya Tuhan yang Mahakuasa, Bapa kami yang di surga ! Engkau memberitakan kepada orang-orang Majus dari Timur Kelahiran AnakMu yang Tunggal, Tuhan Yesus Kristus. Sinarilah hati kami, sehingga melalui Dia kami mengenal kepercayaan yang benar dan dapat memandang kemuliaan kekal yang disediakan bagi kami yang percaya kepada AnakMu, Tuhan Yesus Kristus, Tuhan kami. A m i n .
13. Ya Tuhan Allah, Bapa kami yang di surga ! Engkau telah memperkenalkan diriMu melalui FirmanMu, bahwa Engkau mengasihi kami, yaitu dengan memberi pengampunan dosa kepada kami. Perkenalkanlah DiriMu kepada kami, supaya kami mengenal Engkau, dan kami melakukan kehendakMu dengan kuasa Roh Kudus. A m i n.
14. Ya Allah yang Mahakuasa, Puji syukur kami ucapkan kepadaMu, karena Engkau telah mengutus AnakMu yang Tunggal itu kepada bangsa-bangsa kafir. Kasihanilah kami, biarlah FirmanMu yang Kudus itu tinggal di tengah-tengah kami dan keturunan kami. Luaskanlah FirmanMu ke seluruh dunia, agar sinar terang kemulinanMu bercahaya atas bangsa-bangsa yang berada di lembah kegelapan dan kuasa maut oleh karena AnakMu, Tuhan Yesus A m i n .
15. Ya Yesus Kristus ! Engkau adalah Sinar Terang Kebenaran yang menerangi seluruh umat manusia di bumi ini. Hadapkanlah wajahMu kepada kami dan sucikanlah hati dan jiwa kami, supaya kami mengenal Jalan Kehidupan itu.
Bimbinglah kami supaya jangan tersesat dari Jalan yang Benar itu. Yesus Kristus Tuhan kami. A m i n .
V. PADA MASA-MASA PENDERITAAN TUHAN YESUS
16. Ya Tuhan Allah, Bapa kami yang di surga, kasihanilah kami orang yang berdosa yang lemah ini, karena musuh kami terlalu kuat untuk kami, kami selalu dikalahkan. Sebab itu, tolonglah kami, berilah kami kekuatan mengalahkan musuh kami, karena Tuhan Yesus telah menderita untuk kami. A m i n .
17. Ya Bapa kami yang di surga ! Engkau telah mengutus AnakMu, Tuhan Yesus Kristus ke dunia ini, untuk membinasakan iblis. Sadarkanlah dan ingatlah kami dengan Roh Kudus, agar kami iangan terlena dalam dosa, tetapi kami hidup dalam damai, sampai kami masuk ke dalam kehidupan kekal, karena Yesus Kristus, Tuhan kami. A m i n .
18. Ya Tuhan Allah, Bapa yang Mahapengasih ! Engkau melihat dan mengasihi kami umatMu. Engkau tidak menunda, tetapi menyerahkan AnakMu yang Tunggal itu ke tangan orang-orang berdosa. Dia menderita aib dan nista dan akhirnya mati di kayu salib. Tolonglah kami agar kami tahan dan bertekun dalam penderitean seperti Dia, supaya NamaMu, bersama-sama dengan Tuhan Yesus Kristus dan Roh Kudus dipermuliakan. A m i n .
19. Ya Bapa kami yang Mahapengasih! Allah sumber kebahagisan kami. Pada masa-masa ini kami mengingat dan merenungkan penderitaan dan kematian Tuhan Yesus Kristus, Tuhan kami. Kuduskanlah dan pusatkanlah hati kami, agar kami sanggup merasakan semua penderitean dan kesengsaraan yang telah diderita AnakMu, Tuhan Yesus. Tunjukkanlah kepada kami dosa yang telah kami lakukan yang harus kami tinggalkan, dan tolonglah kami mengalahkan keinginankeinginan daging; kuatkan kami melakukan perboatan-perbuatan yang sesuai dengan kehendak Penebus kami, Tuhan Yesus Kristus, Tuhan kami. A m i n .
20. Ya Allah Bapa yang ada di surga ! Allah yang Mahapengasih !
Kami sampaikan puji syukur dan terima kasih kepadaMu, karena Engkau menyerahkanAnakMu yang Tunggal itu ke dalam kuasa dosa dan maut, supaya kami jangan binasa, tetapi beroleh kehidupan yang kekal. Tuhan Yesus Kristus telah menjadi Kebenaran dan Kekudusan kami, karena itu kasihanilah kami. Ampunilah kami karena korban yang kudus yang telah diserahkanNya untuk keampunan dosa kami. Dengarlah doa kami karena Tuhan Yesus Kristus, Tuhan kami. A m i n .
21. Bapa kami yang di surga ! Mahapengasih bagi umat manusia, Engkau memberikan AnakMu Yang Tunggal itu memikul semua dosa kami sampai di kayu salib. Kuatkan hati kami, supaya kami yakin akan keampunan segala dosa melalui Anak yang Engkau cintai, Tuhan Yesus Kristus, Tuhan kami. A m i n .
22. Yesus Kristus Tuhan kami ! Engkaulah hidup dan pendamaian kami dengan Allah. Kami memuji namaMu dan mengucapkan terima kasih atas karya penyelamatan Tuhan kepada kami. Sertailah kami dengan kasihMu agar kami selalu mengingat Engkau yang telah menderita dan mati untuk kami dan agar kami menyesali dosa kami. Kuatkanlah hati dan jiwa kami untuk percaya dan hidup di dalam kasih serta tahu memuji dan berterima kasih kepadaMu, dan agar kami setia mengikuti Engkau sampai mati.
Ya Tuhan Yesus, padaMu sajelah pujian di tengah jemastMu yang telah Engkau tebus dengan darahMu yang Kudus, sekarang sampai selama-lamanya. A m i n .

VI. PADA HARI KEMATIAN TUHAN YESUS
23. Ya Bapa dan Allah kami yang Mahapengasih bagi seluroh umat manusia. Engkau telah mengaruniakan AnakMu Yesus Kristus Tuhan kami menderita sengsara yang mati di kayu salib, supaya kami selamat dari kuasa iblis. Ajarlah kami mengenal segala penderitaan AnakMu, agar kami beroleh berkat pengampunan dosa dan lceselamatan dari kematian yang kedua kalinya, sehingga kami memperoleh hidup yang kekal di dalam AnakMu Yesus Kristus Tuhan dan Juru selamat kami. A m i n .
24. Ya Tuhan Yesus yang telah mati di kayu salib, hanya oleh karena kasihMu kepada orang berdosa ini. Ajarlah kami selalu mengingat Tuhan yang mati di kayu salib untuk keselamatan kami. Tuhanlah pelindung kami terhadap murka dan hukum Bapa. Ampunilah dosa kami melalui Roh Kudus, kuatkanlah kami melawan nafsu dan keinginan duniawi, agar kami dapat mengikuti Tuhan yang hidup danyang berkuasa bersama Allah Bapa dan Roh Kudussampai selamalamanya. A m i n.
25. Ya Tuhan Yesus Anak domba Allah yang menghapus dosa kami. Kami berdiri di hadapanMu mengingat Engkau yang mati dan tergantung di salib. Kami merasakan betapa beratnya sengsara dan penderitaanMu di Golgata. Kami menundukkan kepala kami mengingat segala dosa kami yang mengakibatkan kematianMu. Kasihani dan tolonglah kami, agar kami menjadi upah dari segala penderitaanMu. A m i n .
VII. PADA PESTA DAN MINGGU-MINGGU KEBANGKITAN TUHAN YESUS
26. Ya Tuhan Yesus Kristus Tuhan kami, kami mengucapkan terima kasih kepadaMu, karena Engkau telah menaklukkan dosa dan maut oleh karena kematianMu. Engkau telah menyinari kuburan kami, supaya kami berpengharapan yang hidup, karena kebangkitanMu. Kami tidak takut lagi akan maut, karena Engkaulah pemimpin kami dan kami adalah umatMu. Engkau telah memindahkan kami dari kegelapan kepada terang, dari maut kepada hidup. Oleh sebab itu berilah kekuatan bagi kami memuji Engkau di dalam iman hingga kemudian kami berada di sisiMu. A m i n .
27. Ya Allah Bapa, berikanlah Roh Kudus ke dalam hati kami, agar kami terhibur karena kebangkitan AnakMu Yesus Kristus Tuhan kami, supaya iman kami semakin kuat dan penuh pengharapan yang hidup, agar kami selalu mengingat bahwa kami bangkit dari kematian seperti Tuhan Yesus Kristus, Tuhan kami. A m i n .
28. Ya Tuhan Allah yang Mahapengasih ! FirmanMu mengatakan bahwa kami menderita dan mati bersama-sama dengan AnakMu Yesus Kristus Tuhan kami, supaya kami bersama dengan Dia di dalam kemuliaan. Ajarlah kami menuruti kehendakMu, teguh dalam iman serta penuh pengharapan akan kebangkitan dan kemuliaan yang kelak Tuhan berikan kepada orang yang percaya kepadaMu. A m i n .
VIII. PADA HARI MINGGU ROGATE
29. Ya Tuhan Allah Bapa yang Mahakuasa Hanya karena kasihMu kami sekarang dapat berkumpul dan berdoa kepadaMu. Dalam FirmanMu Engkau berjanji bahwa di mana ada dua atau tiga orang berkumpul dalam namaMu di situ Engkau ada di tengah-tengah mereka. Ya Tuhan, genapilah janjiMu, dengarlah doa permohonan kami ini. Berilah kami hidup yang layak dan pengetahuan akan kebenaranMu serta pengharapan akan hidup yang layak, di dalam AnakMu Yesus Kristus, Tuhan kami. A m i n .
IX. PADA HARI KENAIKAN TUHAN YESUS
30. Ya Tuhan Allah yang Mahakuasa ! Teguhkanlah iman kami mempercayai AnakMu yang Tunggal, Juruselamat kami yang naik ke surga supaya kami mengingat hal-hal yang surgawi di dalam Anak yang Kau cintai, Tuhan Yesus Kristus Tuhan kami. A m i n .
31. Ya Tuhan Yesus Kristus, Anak Bapa yang Mahamulia, Yang naik ke surga dan duduk di sebelah kanan Allah Bapa. Berilah kami Roh Kudus untuk mengajar kami. Berikanlah kami gembala yang setia kepada FirmanMu dan kuatkanlah mereka melakukan pekerjuannya agar kuasa melawan si jahat, supaya kerajaanMu semakin tersebar dan berkembang di dunia ini hingga seluruh musuhMu tunduk dan takluk di bawah kakiMu. Karuniakanlah kami kemenangan atas dosa dan kuasa maut, di dalam Engkau yang Hidup Tuhan dan Juruselamat kami. A m i n .
X. PADA HARI MINGGU EXAUDI
32. Ya Tuhan Allah, Bapa kami yang di surga. Karuniakanlah RohMu yang Kudus dan berilah hikmat kebijaksanaan kepada JemaatMu, supaya FirmanMu yang kudus semakin nyata dan berkembang di dalam hidup kami. Jadikanlah hati hambaMu ini dengan penuh sukacita memberitakan Injil Keselamatan itu, agar JemaatMu semakin berkembang di dalam kekudusan. Kuatkanlah hati dan jiwa kami untuk tetap setia mengikut Engkau di dalam iman dan kepercayaan yang benar, oleh karena AnakMu Yesus Kristus, Tuhan kami. A m i n .
XI. PADA HARI PESTA PENTAKOSTA
33. Ya Tuhan Allah Bapa kami ! Engkau yang mengajar dan menerangi hati orang-orang percaya melalui Roh Kudus. Bukalah mata hati kami juga dengan RohMu, agar kehidupan kami sesuai dengan kehendakMu, dan hati kami penuh damai dan sukacita, dalam Tuhan Yesus Kristus. A m i n.
34. Ya Tuhan Yesus ! Kami berterima kasih kepadaMu, karena Engkau memanggil kami masuk ke dalam Gereja yang Engkau dirikan di dunia ini. Berilah Roh Kudus ke dalam hati kami, supaya kami mengaku bahwa Engkaulah sumber hidup kami, dan supaya kami bertaut dengan Engkau melalui iman yang benar itu, dan supaya kami dengan penuh sukacita memuliakan namaMu, yang terpuji sampai selama-lamanya. A m i n .
XII. PADA HARI MINGGU
TRINITATIS
35. Ya Allah kami, Allah Bapa, Anak dan Roh Kudus ! Kami mengucapkan terima kasih padaMu, karena Tuhan menjadikan, menyelamatkan dan menguduskan kami melalui kasihMu. Jagailah kami dari mara bahaya dan pencobaan, hiburlah kami pada waktu kesusahan, bantulah kami kalau jatuh, Pimpinlah kami di akhir hidup kami agar kami masuk ke dalam kerajaanMu. Di sanalah kami memuji Tuhan dalam hati dan perkataan yang baharu. A m i n.
XIII. PADA HARI MINGGU SESUDAH
TRINITATIS
36. Tuhan Allah Bapa kami. Kami telah berhimpun di tempat ini pada hari yang Engkau kuduskan ini. Bukalah telinga dan hati kami, supaya kami dengan sukacita mendengarkan FirmanMu yang Kudus, dan agar kami memelihara dan menghayati di dalam hati kami serta penuh pengharapan berdoa kepadaMu : Ajarlah kami menghitung hari-hari kami sedemikian hingga kami beroleh hati yang bijaksana. Terimalah kami ke dalam hidup yang kekal di mana kami akan memuji Engkau, di dalam anakMu Yesus Kristus Tuhan kami. A m i n.
37. Ya Tuhan Allah, Bapa kami ! Kuatkanlah kami supaya jangan berputus asa apabila kami jatuh kedalam kemelaratan, sehingga kami tidak menyia-nyiakan berkatMu. Ajarlah kami supaya kami jangan menggantungkan pengharapan kami kepada hal-hal yang duniawi. Perlengkapilah kami dengan iman yang teguh, agar kami, bersama-sama dengan seluruh orang percaya, menjadi pewaris kehidupan kekal. Dengarlah doa kami karena AnakMu, Yesus Kristus, Tuhan kami. A m i n .
38. Ya Tuhan Allah yang Mahakuasa ! Berikanlah bagi kami iman yang benar, yang tumbuh dan kuat. Berikanlah bagi kami kasih yang setia mencintai Tuhan dan manusia. Berikanlah bagi kami pengharapan yang hidup supaya kami bersukacita melakukan kehendakMu. Dengarkanlah doa kami ini di dalam nama AnakMu, Tuhan Yesus Kristus, Tuhan kami. A m i n .
39. Ya Tuhan Allah yang Mahakuasa, yang adalah Awal dan Akhir. Tuhan telah menjanjikan di dalam AnakMu Tuhan Yesus Kristus : Bahwa Engkau berkenan mengampuni dosa dan memberi pembenaran kepada kami serta hidup yang kekal. Kasihanilah kami, dan genapilah janjiMu kepada kami. Bangunkan dan pimpinlah kami dengan RohMu supaya kami mencari pertolongan kepadaMu pada waktu kesesakan. Kuatkanlah kami supaya tetap percaya kepada Firman dan janjiMu agar memperoleh hidup yang kekal di dalam namaMu, Yesus Kristus Tuhan kami. A m i n .
40. Ya Tuhan Allah, Bapa kami yang Mahapengasih ! Kami berterima kasih kepadaMu karena Engkau memanggil kami ke dalam pengharapan yang kekal. Karuniakanlah kepada kami Roh Kudus, supaya kami kuat dalam perlawanan mengalahkan keinginan-keinginan duniawi, dan supaya kami mencari hal-hal yang ada di surga. Kuatkanlah kami mengalahkan segala kuat kuasa kegelapan yang sanggup menghalangi perjalanan kami menuju kebahagiaan yang kekal. Teguhkan iman dan pengharapan kami, dan tumbuhkanlah dalam diri kami penguasaan diri, supaya kami menang pada akhirnya, pada saat mana kami akan menerima mahkota kemuliaan, karena AnakMu Tuhan Yesus Kristus, Tuhan kami. A m i n .
41. Ya Tuhan Allah, Bapa kami yang di surga ! Berilah kepada kami hati yang kudus, pikiran yang baik dan jiwa yang sungguh melakukan pekerjaan yang baik. Berilah kami damai agar kami merasa aman dan tenteram di dalam perlindunganMu. Kiranya kami senantiasa berpegang pada FirmanMu dalam menghadapi musuh-musuh kami. Jaga dan kuatkanlah kami di dalam Yesus Kristus Tuhan kami. A m i n.
42. Ya Tuhan Allah Bapa kami yang di surga ! Berikanlah bagi kami Roh kedamaian dan kebenaran supaya kami mengerti kehendakMu, dan dengan segenap kekuatan kami dapat melakukan kedamaian dan kebenaran itu oleh karena AnakMu Tuhan Yesus Kristus Tuhan kami. A m i n.
43. Ya Tuhan Allah Bapa kami, bimbing dan kuatkanlah kami dengan RohMu agar kami mendengar dan menerima FirmanMu. Teguhkanlah FirmanMu di dalam hati kami supaya kami menjadi baru dan Kudus. Tolonglah kami agar kami semakin percaya kepada AnakMu Tuhan Yesus Kristus, dan memperoleh hidup yang kekal. A m i n.
44. Ya Tuhan Allah, Bapa kami yang Mahapengasih ! Tuntunlah kami kepada AnakMu, supaya kami menjadi milikNya. Berilah kepada kami iman dan kepercayaan yang benar, supaya kami beribadah kepadaMu saja. Janganlah biarkan jemaatMu menyandarkan pengharapannya kepada hal-hal yang duniawi karena Engkau penyelamat dan perlindungan saya. Tolonglah dan tuntunlah kami di jalan kebenaran menuju kehidupan kekal, karena kasihMu dalam AnakMu, Tuhan Yesus Kristus Tuhan kami. A m i n.
45. Ya Tuhan Allah, Pengasih dan Yang Benar ! Kami mengucapkan terima kasih kepadaMu, karena Engkau memberikan berita kesukaan untuk menerangi hati kami. Oleh karena itulah kami dapat mengenal Tuhan dan semua kehendakMu. Kami ingin melakukan kehendakMu selama hidup kami. Kuduskanlah hati kami dengan RohMu, kuatkanlah kami melawan nafsu dan keinginan duniawi. Berilah kegembiraan bagi kami untuk melaksanakan kehendakMu, oleh karena AnakMu Yesus Kristus, Tuhan kami. A m i n .
46. Ya Tuhan Allah yang Mahakuasa dan Mahapengasih. Engkau menghendaki agar kami hidup dan berbahagia. Berulangkali dan dalam pelbagai cara Tuhan berbicara kepada kami agar kami bangun dari kegelapan dan mengenal kebahagiaan yang dari Tuhan. Karena itu kami merendahkan diri dan memohon kepadaMu : Berikanlah kami Roh Kudus agar kami percaya akan kasihMu dan mendengar FirmanMu yang menjadi dasar pengharapan kami akan hidup yang kekal, yang Engkau sediakan di dalam Yesus Kristus, Tuhan kami. A m i n.
47. Ya Tuhan Allah yang Mahakuasa, Mahabenar dan Kudus ! Engkau melawan dan mencerai-beraikan orang-orang yang congkak, tetapi menginginkan orang-orang yang rendah hati, karena itu, kami memohon kepadaMu : Tolonglah kami menjauhi kesombongan, supaya kami jangan tinggi hati, tetapi bimbinglah kami dengan Roh Kudus, supaya kami rendah hati, lemah lembut, penuh cinta kasih, jujur dan sopan terhadap sesama manusia, oleh karena AnakMu Tuhan Yesus Kristus. A m i n .
48. Ya Tuhan Allah yang Mahakuasa, Bapa kami yang di surga. Kami mengucapkan terima kasih kepadaMu, karena Engkau telah mengutus AnakMu yang Tunggal itu, membebaskan kami dari kuasa ibblis, kami memohon kepadaMu : Peliharalah kami di dalam FirmanMu, agar kami kuat pada waktu kesesakan dan penderitaan. Ampunilah dosa dan pelanggaran kami terhadap FirmanMu yang Kudus. Bukalah hati kami dengan RohMu yang Kudus dan terimalah kami masuk ke dalam hidup yang kekal supaya di sana kami memuji namaMu sampai selama-lamanya, di dalam Tuhan Yesus Kristus, Tuhan kami. A m i n .
49. Ya Tuhan Allah Yang Mahakuasa dan Mahapengasih ! Kami merendahkan diri di hadapanMu dan memohon : Penuhi dan terangilah hati kami dengan RohMu, supaya kami semakin membenci dosa kami, dan mulai merindukan FirmanMu yang kudus. Biarlah FirmanMu yang Kudus tumbuh dalam hati kami, sehingga kami menghasilkan buah-buah yang baik. Kami mohon semuanya itu karena Tuhan Yesus Kristus, Tuhan kami. A mi n .
50. Ya Tuhan Allah, Bapa kami yang di surga ! Kami mohon kepadaMu : Berilah RohMu yang Kudus ke dalam hati kami dan biarlah kasih dan kebenaran yang dikerjakan oleh AnakMu Yesus, Tuhan kami, tinggal tetap di dalam hati kami. Bimbinglah kami pada masa pencobaan. Kuatkanlah kami melakukan kehendakMu dan agar kami selalu bergembira mengharap pertolonganMu di dalam Yesus Kristus, Tuhan kami. A m i n.
51. Ya Tuhan Allah ! Kasihanilah kami, karena kami tidak dapat berbuat suatu apapun kalau Tuhan tidak bersama dengan kami. Berilah hal-hal yang rohani bagi kami supaya kami dapat melakukan kehendakMu. Sertailah kami supaya kami bersama dengan Tuhan melalui FirmanMu, oleh karena AnakMu Tuhan Yesus Kristus, Tuhan kami. A m i n .

52. Ya Tuhan Allah yang Mahakuasa. Engkau adalah sumber penghiburan bagi orang yang berdukacita, dan Engkau adalah sumber kekuatan bagi yang lemah. Kasihanilah kami. Tataplah orang yang berdukacita dan yang kena pencobaan. Dengarlah jeritan mereka dan bebaskan mereka dari penderitaannya, supaya mereka melihat dan mengenal bahwa Engkau adalah pertolongan, perlindungan, dan pemelihara pada waktu penderitaan, di dalam Yesus Kristus Tuhan kami. A m i n .
53. Ya Tuhan Allah. Engkaulah sumber Kasih dan Damai. Berilah kami Kasih dan Damai yang dari Tuhan. Lindungilah hambaMu melawan tipu daya si iblis agar mereka terlepas dari pencobaan dan ketakutan. Engkaulah pengharapan dan perlindungan kami. Pimpin dan tuntunlah kami dalam perjalanan hidup kami karena AnakMu Yesus Kristus, Tuhan kami. A m i n.
54. Ya Tuhan yang Mahakuasa ! Berilah iman yang hidup bagi kami, agar kami tetap percaya pada AnakMu Tuhan Yesus Kristus, Tuhan kami. Jadikanlah hati kami tahir ya Allah dan perbaharuilah batin kami dengan Roh yang teguh, kuatkanlah iman kami supaya kami tetap bersukacita mengingat keampunan dosa kami, oleh karena AnakMu Tuhan Yesus Kristus, Tuhan kami. A m i n .
55. Ya Tuhan Allah, Bapa kami yang Mahakuasa. Engkau adalah kudus dan kami adalah orang yang berdosa. Namun, Engkau melindungi orang yang percaya dan datang berserah kepadaMu. Karena itu kami datang memohon kasihMu : Janganlah tolak kami dari hadapanMu. Berilah kami hati yang setia mendengar FirmanMu agar kami dapat melaksanakan kehendakMu di dalam Yesus Kristus, Tuhan kami. A m i n.
56. Ya Tuhan Allah yang Mahakuasa dan Mahakasih ! KasihMu adalah kekal selama-lamanya. Kami mengucapkan terima kasih kepadaMu, karena Engkau memelihara kami, dari dahulu sampai sekarang. Kami memuji Engkau karena Berita Kesukaan dari AnakMu Tuhan Yesus Kristus yang memberi hidup telah sampai kepada kami. Kami mengucapkan terima kasih kepadaMu, karena Engkau memberikan FirmanMu yang Kudus dalam damai sejahtera. Kasihanilah kami, tolong dan kuatkanlah hati kami melakukan kehendakMu supaya hati kami kuat dan kokoh serta mampu melakukan cara hidup yang Kudus. Ajar dan baharuilah hati kami, supaya semakin suci sampai akhir hidup kami, di dalam Yesus Kristus, Tuhan kami. A m i n.
57. Ya Tuhan Allah yang Mahakuasa, Bapa yang selama-lamanya. Kasih sayangMu sajalah yang menyertai kami dari mulanya sampai sekarang ini, dan hanya karena kasihMu, Engkau memberikan Khabar Kesukaan bagi kami untuk kehidupan kami. Kasihanilah kami, bukalah hati kami dan berilah Roh Kudus, supaya kami mengerti pimpinan dan bimbinganMu yang Agung itu. Tetapkanlah FirmanMu di dalam hati kami, supaya hati kami damai, senang dan baharu oleh karena AnakMu Yesus Kristus Tuhan kami. A m i n.
58. Ya Tuhan Allah, Bapa kami yang Mahapengasih ! Kami berkumpul di tempat ini memohon dari segenap hati kami : Kuatkanlah iman kami agar dapat memiliki cara hidup yang baik sesuai dengan kehendakMu. Jaga dan peliharalah kami sampai pada akhir hidup kami, oleh karena AnakMu, Yesus Kristus, Tuhan kami. A m i n.
59. Ya Tuhan Allah Yang Kudus dan mulia ! Engkau memelihara dan melindungi jemaatMu dengan RohMu yang Kudus. Kami mohonkan padaMu berilah kami hati yang taat supaya dengan penuh sukacita kami melakukan kehendakMu, seperti kesetiaan anak kepada bapaknya. Berkatilah petugas Pekabaran Injil agar setiap hari makin bertambah jumlah orang yang percaya kepadaMu dan agar namaMu makin dipermuliakan dan kami memperoleh hidup yang kekal karena Yesus Kristus, Tuhan kami. A m i n.
60. Ya Tuhan Allah, Yang Maha kasih dan Maha baik. Kami patut kena HukumMu, karena kelalaian kami terhadap FirmanMu. Ampunilah dosa kami dan jauhkanlah kekurangan kami; berkati dan kuatkanlah JemaatMu supaya kami lepas dari kesengsaraan ini. Kami memuji Engkau dalam nama AnakMu Yesus Kristus Tuhan kami. A m i n .
XIV. PADA MINGGU PENAHBISAN PENDETA
61. Ya Tuhan Allah, Bapa kami yang Mahapengasih ! Terima kasih kepadaMu dengan segenap hati kami karena Engkau telah memberikan rupa-rupa karunia kepada jemaatMu. Engkau yang menetapkan jabatan kependetann di dunia ini untuk melayani jemaatMu yang kudus itu. Kami berkumpul di tempat ini memohon kepadaMu : Bimbing dan ajarlah hamba-hambaMu supaya mereka dengan sungguh-sungguh dan dengan sukacita memberitakan Injil Kebenanaran AnakMu, Yesus Kristus, Tuhan kami. Sucikan hati mereka dengan Roh Kudus agar mereka melakukan segala pekerjaan yang Tuhan percayakan kepada mereka, agar kerajaan Tuhan semakin berkembang di tengah-tengah JemaatMu, oleh karena Yesus Kristus Tuhan kami.A m i n .
XV. PADA MINGGU PESTA GEREJA
62. Ya Tuhan Allah, Bapa Bapak kami yang Mahakuasa. Engkaulah Raja dari segala raja, dan Tuhan dari segala tuan, kasihMu adalah kekal selama-lamanya. Kami berkumpul di sini dan memohon kepadaMu : berilah kami damai sejahtera, juga bagi seluruh umatMu. Pimpinlah hati orang yang percaya padaMu agar tetap tercipta hidup yang sehati sepikir, saling tolong menolong serta saling mengasihi seperti diajarkan AnakMu Yesus Kristus Tuhan kami. Tetapkanlah hati kami menaati Engkau supaya namaMu dipermuliakan dan kami memperoleh hidup yang kekal di dalam AnakMu, Tuhan Yesus Kristus, Tuhan kami. A m i n .
63. Ya Tuhan Allah yang Mulia dan Kudus ! Bapa kami yang di surga. Limpahkanlah kasihMu kepada JemaatMu yang telah Engkau panggil menjadi milikMu. Jaga dan peliharalah tubuh dan jiwa kami supaya kami hidup dalam damai dan setia mengikut AnakMu Yesus Kristus Tuhan kami. A m i n .
XVI. PADA SAAT MEMOHON HARI YANG BAIK
64. Ya Tuhan Allah 8apa kami yang di surga ! Engkau yang Empunya langit dan bumi beserta isinya. TanganMu yang menciptakannya, dan Engkaulah yang memberikan kehidupan bagi semuanya. Kami berkumpul di sini dan memohon padaMu : Ampunilah dosa kami dan juga dosa teman kami. Janganlah membalaskan perbuatan kami yang kurang, kepada kami. Kiranya kasihMu yang mengatasi segenap kekurangan kami. Kami memohon dari segenap hati, agar Tuhan mengasihi kami; berilah hujan dan sinar matahari pada waktunya, yang menjadikan kesuburan dan menghasilkan panen yang baik untuk bekal kami sehari-hari. Kiranya Engkau menyatakan kasihMu, agar kami tahu mengucapkan terima kasih dan memuji namaMu yang Kudus di dalam Tuhan Yesus Kristus, Tuhan kami. A m i n.
XVII. PADA PESTA PANEN
65. Ya Tuhan Allah, Bapa kami yang di surga. Engkaulah sumber berkat dan karunia yang melimpah. Engkau memberkati pekerjaan tangan kami supaya kami jauh dari kelaparan. Karena itu kami berkumpul di tempat ini menyampaikan terima kasih kami kepadaMu. Dari tanganMulah kami terima segala yang baik dan yang berguna bagi tubuh dan jiwa kami, dan karena kasihMu sajalah kami dapat hidup sampai sekarang. Terimalah ucapan syukur kami. Berilah Roh Kudus kepada kami, supaya kami mengenal segala yang baik yang dari Tuhan dan kami senantiasa memuji dan memuliakan namaMu dalam Yesus Kristus, Tuhan kami. A m i n .
66. Ya Tuhan Allah, Bapa kami yang Kekal, selama-lamanya ! Kami mengucapkan terima kasih kepadaMu, karena Engkau memelihara dan memberkati seluruh ciptaanMu di dalam FirmanMu. Biarlah FirmanMu bekerja di dalam hati kami, di dalam Yesus Kristus Tuhan kami supaya kami sanggup menerima pengasihanMu yang tak terhingga itu. Bukalah hati kami mengenal semua karuniaMu yang memberi kami hasil pekerjaan di sawah dan di ladang, untuk kehidupan kami sehari-hari, karena hal itu sudah kami terima semua, kami mengucapkan terima kasih kepadaMu. Bukalah hati semua orang Kristen agar mereka mau membantu yang mengalami penderitaan. Tambahkanlah berkatMu bagi kami agar kami semakin rajin memuji Engkau di dalam nama Tuhah Yesus Kristus, Tuhan kami. A m i n.
XVIII. PADA KEGAGALAN PANEN
67. Ya Tuhan Allah, Bapa kami yang kudus dan yang Benar ! Engkaulah perlindungan kami senantiasa. Tuhan memperkenankan kesusahan atas kami dan kami bersedih karena hasil pekerjaan kami kurang baik sekarang. Karena itu kini kami berkumpul di hadapanMu; dan kami berserah di bawah naungan tanganMu yang kuat itu. Ampunilah dosa kami dan dosa teman kami; janganlah membalaskan kepada kami perbuatan kami yang kurang itu; tetapi kasihMulah yang mengatasinya. Tuhanlah Pelindung kami dan kami yakin hanya padaMu. Berkatilah hasil kerja kami yang tidak seberapa ini supaya menjadi kekuatan bagi kami. Berikanlah makanan kami setiap hari, dan tolonglah mereka yang menderita dan sengsara, agar kami memuji namaMu sampai selama-lamanya di dalam AnakMu, Tuhan Yesus Kristus, Tuhan kami. A m i n
XIX. PADA PESTA REFORMASI
68. Ya Tuhan Allah, Bapa kami yang di surga. Kami berkumpul di sini, di tempat ini memuji dan mengucap syukur kepadaMu karena Engkau telah menganugerahkan Keselamatan kepada kami. Curahkanlah Roh Kudus menerangi hati kami, supaya kami dengan segenap hati menerima dan mengerti FirmanMu. Pimpinlah kami untuk tidak meninggalkan FirmanMu, dan tidak melawan HukumMu. Berilah kami hati yang tulus dan teguh agar FirmanMu tinggal di dalam kami.
Berilah Roh Kudus menyertai Pemberita Injil agar mereka membawa damai sejahtera kepada UmatMu, di dalam Yesus Kristus, Tuhan kami. A m i n.
69. Ya Tuhan Allah yang Mahakuasa ! Bapa kami yang ada di surga. Kami mengucapkan terima kasih kepadaMu, karena Engkau menyinari kami dengan Kabar Kesukaan, supaya kami kembali kepadaMu. Terangi dan bimbinglah teman kami, supaya mereka kembali dari jalan yang sesat menuju jalan Kehidupan. Berikanlah RohMu membimbing mereka supaya mereka bertambah baik dan menjadi teladan sesuai dengan Tuhan Yesus Kristus Tuhan kami. A m i n .
70. Ya Tuhan Allah yang Mahapengasih ! Engkaulah pemilik kami dan karena kasihMu kami dapat diam di dalam KerajaanMu. Kasihanilah orang yang sesat dan tuntunlah mereka kembali kepada iman yang benar. Tuhan, jangan biarkan orang berdosa hancur di dalam dosanya, melainkan tunjukkanlah mereka jalan pertobatan, agar mereka meninggalkan segala dosa-dosa dan kejahatannya. Jangan biarkan orang jahat mengganggu JemaatMu. Jagalah kami agar hidup dalam damai dan penuh sukacita sampai akhir hidup kami, karena Yesus Kristus, Tuhan kami. A m i n .
71. Ya Yesus Kristus Tuhan kami dan Allah kami ! Engkau menyerahkan diriMu menjadi korban persembahan yang hidup, demi keselamatan kami, Sucikanlah hati, jiwa dan roh kami, supaya bersukacita menantikan kedatanganMu. Ampunilah dosa kami agar kami tidak takut kepada kuasa maut. Berilah kami pengharapan yang hidup, agar rindu kepada kehidupan yang kekal di sisiMu. Kasihanilah kami, biarlah kami masuk ke dalam kerajaanMu di surga, supaya kami bersama para Malaikat Tuhan dan mereka yang selamat bersukacita memuji kebesaran dan kemuliaanMu. A m i n.
72. Ya Tuhan Allah ! Terima kasih kami ucapkan kepadaMu karena Tuhan memberi tempat yang kekal kepada orang yang patuh dan orang yang mencintai Tuhan. Karena itu kami memohon : biarkanlah tumbuh rasa cinta kasih kami, supaya kami mencintai Tuhan dengan segenap hati dan jiwa dan kekuatan kami. Yakinkanlah kami agar kami berpegang teguh pada janjiMu. Kabulkanlah permohonan kami ini karena AnakMu Tuhan Yesus Kristus, Tuhan kami. A m i n.
73. Ya Tuhan yang Mahakuasa, Bapa kami yang penuh Kasih ! Engkau tidak mengingini kematian orang fasik; pertobatannyalah yang Engkau rindukan, supaya dia hidup. Sebab itu kami mohon kepadaMu : Kasihanilah kami, urungkanlah niatMu untuk menghukum kami. Ampunilah dosa kami supaya kami dapat hidup oleh karena kasih setiaMu. Kuatkanlah kami, supaya kami sanggup memulai satu kehidupan yang baru, karena AnakMu, Tuhan Yesus Kristus, Tuhan kami. A m i n.
74. Ya Tuhan Allah yang Mahasuci dalam kebenaran. Engkau adalah Pengasih, Pemurah dan panjang sabar. Kasihanilah dan ampunilah segala dosa dan kejahatan kami. Tidak ada sesuatu pun yang dapat kami andalkan di hadapanMu, selain dari pengasihanMu. Kebenaran yang ditetapkan oleh AnakMu sajalah yang memungkinkan kami datang kehadapanMu. Oleh sebab itu tenangkanlah dan hiburkan kami yang telah ditebus oleh Tuhan Yesus Kristus, Tuhan kami. A m i n .
XX. PADA HARI MINGGU PERINGATAN ORANG MATI
75. Ya Yesus Kristus, Tuhan dari orang yang hidup dan yang mati. Hidup atau mati kami adalah milikMu. Walaupun kami berjalan di bawah lembah kekelaman kami tidak gentar, karena Engkau menyertai kami; maut atau kuibur tidak dapat lagi menahan kami karena Engkaulah Tuhan yang menyelamatkan kami. Kini kami datang memohon kepadaMu : Kami menyerahkan roh dan tubuh kami karena hidup ataupun mati Engkaulah yang empunya kami. Tuntun dan tolonglah kami dengan pengorbananMu supaya kami memperoleh hidup yang kekal. A m i n .
76. Ya Tuhan Allah yang Mahakuasa ! Engkau telah memanggil dan mempersatukan kami di dalam JemaatMu yang kudus dengan mereka yang telah Kau panggil dari segala bangsa. Kami ucapkan terima kasih kepadaMu. karena Engkau telah memberikan kami menjadi milik Tuhan Yesus Kristus, Tuhan kami. Kasihanilah dan kuatkanlah hati kami untuk melakukan yang sesuai dengan kehendakMu, supaya kami dipersatukan dengan saudara-saudara kami yang telah menang, yang sudah berada di sisiMu.
Teguhkanlah iman kami sampai akhir hidup kami agar kami dapat masuk ke tempat yang penuh ketenangan, yaitu dalam kehidupan kekal yang Engkau siapkan bagi mereka yang mengasihi Engkau. Disitulah kami akan memuji namaMu sampai selama-lamanya, karena AnakMu, Tuhan Yesus Kristus, Tuhan kami. A m i n .",Religious,Ritual Text,http://setiamengasihi.blogspot.com/2018/04/agenda-batak.html.,,yes
mg_059,Agenda HKBP - 6,"E. ANGKA TANGIAN DUNG SUN MARJAMITA
I. DI ARI MINGGU
1. Ale Amanami na di banua ginjang ! Sai rajai ma marhitehite Tondi Parbadia saluhut Huria ni halak Kristen, asa mian di hami poda na pinodahon ni HataM. Sai patogu ma haporseaon ni angka na porsea di Ho, asa lam diboto mangihuthon HataM, jala asa lam ditanda be hangoluan na sian Ho i. (Pasupasu ma saluhut parguru, angka na naeng masuk tu harajaonMu, dohot saluhut angka na naeng manghatindangkon haporseaonna, asa tung gabe ruas na mangolu jala na margogo nasida di HuriaM i). Angkup ni i pasupasu ma HataM na jinamitahon tu saluhut sipelebegu dohot tu parugamo na asing, asa lam rarat harajaonMu jala monang, jala asa talu harajaon ni sibolis. Pasupasu ma Pamarenta rap dohot angka donganna na gumomgom hami, sai lehon ma tu nasida hapistaran na sian Ho i, asa diboto mangaturhon aturan na denggan na tau pasangaphon GoarMu. Pasupasu ma sandok Huria on dohot angka ulaon na masa disi. Pasupasu ma sasudena ama, ina, angka dolidoli dohot anakboru ro di dakdanak, angka na marsikola mangguruhon HataM. Angkup ni i sai pagabe ma saluhut na niula, jela sai padao ma nasa na tau mangago hami. (Sai unang ma sega hauma, binahen ni aek magodang manang ambolas dohot antingango manang sirara). (Asi ma rohaM, ale Tuhan Jahowa, sai lehon ma udan paremean tu haumanami hombar tu asi ni rohaM dohot denggan ni basaM ). (Asi ma rohaM di hami, sai tatap ma hami hinorhon ni denggan ni basaM, di tingki hagogotan binahen ni sahit na masa nuaeng (ngenge, beguantuk d.n.a.). Unang uhumi hami hombar tu murukMu. Asi ma rohaM di saluhut na mabalu dohot di angka dakdanak na sopot so marama so marina. Tatap ma saluhut na pogos, na marsahit ro di angka na naeng mate dohot na marsak binahen ni soro ni ari. Ho ma ale Tuhan Jahowa, amanasida dahot pangondianna, ai Ho do Sipangolu hajolmaon. Antong sai padungo ma hami sasudena, asa unang dipaotooto sibolis hami. Alai pamonang ma hami maralohon rohanami na jahat i, asa tarpabongot Ho hami tu harajaonMu na di banua ginjang i. Sai oloi ma pangidoannami, ale Tuhan Jahowa, marhitehite Tuhan Jesus Kristus, Tuhannami, na tarpuji rap dohot Ho dohot Tondi Parbadia ro di saleleng ni lelengna. Amen.
2. Ale Tuhan Debata, Pargogo na so hatudosan, Parasiroha na sumurung Amanami marhitehite Tuhan Jesus Kristus ! Na mandok mauliate do hami tu Ho sian nasa rohanami, ala diudut Ho hosanami rasirasa nuaeng, jala dijou Ho hami marhitehite Barita na Uli tu hangoluan na so ra suda. Ditumpak Ho do hami marsonangsonang mananginangi HataM na badia i. Sai pahot ma di hami ro di pinomparnami jamita na sian HataM. Angkup ni i lehon tu hami siparmahan. Tiroi ma HuriaM, ai Ho do pangondingan dohot haporusan ni angka na marsitaonon ala ni GoarMu. Lehon ma hamubaon ni roha di angka sipelebegu dohot di parugamo na asing, asa saluhut jolma tumanda Ho jala mamuji GoarMu. Pasupasu ma saluhut parguru angka na naeng masuk tu harajaonMu ( dohot saluhut angka na naeng manghatindangkon haporsenonna ), asa tung gabe ruas na mangolu nasida di HuriaM i. Tambai ma asi ni rohaM di Pamarenta na gumomgom hami, ro di saluhut donganna pangarajai. Pasupasu ma saluhut angka na martohonan di bagasan Huria on. Parbadiai ma dohot na mardongansaripe, sai parrohai ma nasida mangajari angka anakhonna, na nilehonMi tu nasida be. Pasupasu saluhut pangomoan dohot ulaon na ture. Padao ma sian hami torutoru, na tama hian mangonai tu hami, jala lehon udan dohot las ni ari di tingkina be. Apuli ma saluhut na mabalu dohot dakdanak, na sopot so marama so marina, ro di saluhut angka na marsahit, angka na pogos dohot angka na di bagasan pangunjunan; patuduhon ma tu nasida rohaM na marasi i, asa diboto nasida pasangaphon GoarMu na badia i. Urupi ganup na tarsosak, ale Sipangolu hajolmaon ! Padungo ma hami marhite sian Tondi Parbadia, asa hobas hami di hasusuda ni bohalnami. Sai pargogoi ma hami asa huhabiari hami Ho saleleng hami mangolu; ia mate hami, asa tongtong mian hami di bagasan asi ni rohaM, maradian hami di bagasan dameM, jala mulak mangolu hami ala ni hagogoonMu, laho manean na hinirim ni rohanami hian, i ma hasonangan saleleng ni lelengna, marhitehite Tuhan Jesus Kristus, Tuhannami. Amen.
II. ANGKA TANGIANG DI ARI PESTA DUNG SALPU MARJAMITA ADVENTUS
1. Ale Tuhan Debata, Amanami ro di saleleng ni lelengna ! Mauliate ma rohanami tu Ho, ala diramoti Ho hami di bagasan taon parhuriaon naung salpu i. Asi ni rohaM do na pasahathon hami tu bagasan taon na imbaru on. Huida hami di bagasan na sataon i denggan ni basaM: Buas do Ho mangalehon Barita na Uli tu hami, asa mardame jala marhasonangan rohanami. Ditambai Ho do bilangan ni angka na porsea, angka na burju mangoloi HataM. Dipargogoi Ho do angka na porsea dohot naposoM, angka na mamaritahon habalgaonMu di tongatonga ni HuriaM. Tung na so habilangan do sude denggan ni basaM na sataon i, sian minggu tu minggu, sian bulan tu bulan, sahat ro di sadari on. Dibahen i hupuji hami ma GoarMu jala hupasangap hami ma Ho. Sai gomgomi jala pasupasu ma nang HuriaM; tambai ma ganup ari torop ni angka na porsea, na marholong ni roha di Ho. Sai pararat ma harajaonMu di tano Batak on dohot di sandok pulo on. Sai ramoti HuriaM asa unang saut tahi ni parjahat na mangambati harararat ni harajaonMu. Sai unang loas HuriaM i disusai, digaori manang dileai. Ramoti ma angka na pinillitMu, paima sahat tu hangoluan. Sai ramoti ma sude naposoM, na mamaritahon Barita na Uli. Sai jou ma angka sipelebegu dohot parugamo na asing asa dohot nasida pasangaphon GoarMu. Sai ramoti jala parbadiai ma HuriaM sahat ro di haroro ni Tuhannami Jesus Kristus. Amen.
2. Ale Tuhan Debata, Amanami Parasiroha ! Hasangapon, hamuliaon dohot pujipujian ma di Ho ro di saleleng ni lelengna ! Mauliate ma rohanami di Ho ala ni asi ni RohaM dohot holong ni rohaM; ai disuru Ho do AnakMu na sasada i, asa malua na ginomgomanMu sian dosana be. Na marlas ni roha do hami nuaeng di bagasan haserepon ni roha, marningot haroro ni AnakMu dohot hapapatarNa tu liat portibi on. Ale Tuhan Jesus Kristus, Anak ni Debata na mangolu i ! Pinuji ma Ho ala ni asi ni rohaM, ala dipatutoru Ho diriM, gabe saor Ho tu hami jolma na lea, asa malua angka na pinillitMu sian dosana be. Marlas ni roha do hami nuaeng jala mauliate rohanami, marningot haroroM mangebati hami. Sai topot ma HuriaM jala pature ma i bahen ingananMu. Bongoti ma rohanami, parbadiai jala patiur ma saluhutna i, marhitehite sondang ni Barita na Uli, asa hobas hami paimahon ari haroroM na sangap i. Sai pasupasu ma na manggomgom hami, dohot saluhut raja ni halak Kristen. Sai sondangi jala pasupasu ma saluhut Pandita, Guru, Sintua, Evangelist dohot angka na paturehon na marsahit, asa margogo nasida mangaramoti HuriaM. Sai sungguli ma hami tu hamubuon ni roha na tutu. Apuli ma angka na marsak, urupi ma na targogot dohot na marsahit. Sai patiur ma langka ni na laho mate, asa torang rohana manopot hasonangan i. Sai topot ma dongannami na di haholomon, pabinsar ma Barita na Uli tu nasida, asa lam tamba angka na porsea dohot na pasangaphon Ho di ari haroroM na sangap i. Amen.

PESTA HATUTUBU NI TUHAN JESUS
Ale Tuhan Debata, Debata na tongtong, na so marmula, na so marpansohotan ! Hupuji hami ma Ho ala saut sude tahiM, naung sinangkapMu, andorang so marojahan dope hasiangan on. Ndang tarambat sibolis sangkapMu; ndang sundat tahiM na badia i dibahen dosanami, ala ni holong ni rohaM na balga na so hadodoan i. Dibahen i mauliate ma rohanami tu Ho, ala naung saut sangkapMu, i ma parsuruM di AnakMu gabe Sipalua jula Sipangolu di hami, asa malua hami sian dosa, hamatean dohot sian uhum jala mansohot hami mangulahon dosa. On pe, sai asi ma rohaM di hami, togihon ma hami tu AnakMu. Sai bahen ma hami gabe siluaM tu Ibana, asa upa ni halojaonNa hami, ala na tinaonNa na bernit i dohot hangaluton humophop hami, asa Ibana nampuna hami, jala hami nampuna Ibana. Sai sungguli ma HuriaM sadari on, asa diingot habalgaonMu dohot haroro ni AnakMu gabe jolma, laho pangoluhon hami pardosa. Sai sungguli ma angka parhalado di HuriaM, mamaritahon Barita na Uli i tu saluhut halak, naung patar hasangaponMu, jala naung jumpang dame dohot hasonangan. Sai lehon ma pintu na ungkap tu halak sipelebegu dohot tu parugamo na asing asa ro nasida mangoloi Tuhannami Jesus Kristus. Sai rajai ma saluhut raja dohot angka suruanna, asa diboto nasida naung dilehon Ho Raja, jala Tuhan na sumurung i ro di saleleng ni lelengna. Sai lehon gogo tu angka na di bagasan pangunjunan, apuli angka na marsak jala palua angka na targogot. Sai tatap jala ondingi angka na pinaburuburu ni halak ala ni GoarMu. Sai dongani jala pasupasu hami sude, angka na magodang ro di dakdanak di bagasan Tuhan Jesus Kristus, Tuhannami. Amen.
TAON NA IMBARU
Ale Tuhan Debata, na so marmula na so marpansohotan, Debata na manongtong ro di saleleng ni lelengna ! Na so olo suda do angka taonMu, jala ndang marparbolatan angka ariariM; alai jempek jala na gabur salpu do taonnami dohot ariarinami. Nunga salpu muse sada taon sian ariarinami, alai ndang salpu ianggo asi ni rohaM. Dibahen i hupuji hami Ho marhitehite Tuhan Jesus Kristus Tuhannami, ala ni godang ni asi ni rohaM na pasahat hami tu bona ni taon on. Mansai godang do denggan ni basaM hujalo hami manipat taon na salpu i, jala huingot hami do i sadari on. On pe mauliate ma rohanami tu Ho, ala dipangolu jala diramoti Ho hami; dilehon Ho sipanganon dohot paruloson di hami jala dipasupasu Ho na niula ni tangannami. Angkup ni i dilehon Ho do hasonangan tu luatnami, jala dipalua Ho do hami sian parmaraan, jala diramoti Ho do hami di hagogotan. Tongtong do dilehon Ho Barita na Uli i manondangi hami asa sanga hami paubahon rohanami. Angkup ni i dilehon Ho do apulapul tu na marsak, tu na matean, asa unang mandele nasida. Molo huingot hami sude pambahenannami di taon naung salpu i, na maila do hami nuaeng maradophon Ho, ala jotjot magopo ariarinsmi dohot asi ni rohaM hubahen hami. On pe binsan disalpuhon Ho nuaeng taon naung salpu i sian hami, salpuhon ma sude pambahenannami na hurang i, jala sesa sude dosanami. Sai huphupi ma pambahenannami na hurang i, marhitehite asi ni rohaM. Diebati Ho do hami manipat na sataon i, jala diida Ho do lan na so marparbue na denggan di tongatonganami. Sai unang jolo taba, sai pasombu ma hami mangolu, anggiat marparbue na denggan hami tu joloan on. Huparhatopot hami do sude asi ni rohaM jala di bagasan haserepon dohot unduk ni roha do hami nuseng mangido tu Ho: Sahat tu Ho ma hami on sude. Sai togutogu jala ramoti ma hami on sude. Sai togutogu jala ramoti ma hami di bona ni taon on, songon i ganup ari, asa pujionnami Ho di taon na ro on. Patuduhon ma ganup ari tu hami dalan sidalanannami dohot ulaon siulaonnami. Sai pasupasu ma hami jumpa marpungu di bagasMon, di parsikolaan, songon i dohot di bagasnami be. Sai tumpahi sude parjamita, pangajari dohot na paturehon na marsahit, songon i dohot na pinasahat tu nasida. Sai ramoti ma na manggomgomi hami. Tatap ma salohut na tarsosak, na pogos, na dangol, na so marama, na nileaan ni halak. Unang loas nasida hona rupa, alai patuduhon ma tu nasida asi ni rohaM na so mansohot i, asa rap marlas ni roha hami sogot di hasonangan di lambungMu di inganan na hot, ala ni AnakMu, Tuhan Jesus Kristus, Tuhannami. Amen.
EPIPHANIAS
Ale Tuhan Debata, Ama ni angka hatiuron, haroroan ni angka dengganbasa na mauliutus ! Mauliate rohanami tu Ho, ala dipapatar Ho holong dohot asi ni rohaM, marhite sian pangalehonMu di AnakMu, Tuhannami Jesus Kristus, gabe jolma humophop hami. Huida hami sian i godang ni holong ni rohaM; ndang na hasuhatan bidangna dohot ganjangna; ndang na tardodo bagasna jala ndang na tardungdung timbona. On pe pujionnami ma Ho, ala dipabinsar Ho Barita na Uli tu hami, asa mangolu hami di bagasan asi ni rohaM. Sai asi ma rohaM, sondangi ma hami, lehon ma TondiM patiurhon rohanami, asa torang huida hami habalgaonMu dohot panondang na sian Ho i. Sai lehon ma hami tu AnakMu, bahen upa ni halojaonNa ala na tinaonNa hangaluton humophop hami, asa mansohot hami mangulahon dosa, asa burju jala daulat hami marroha, paboa mauliate ni rohanami. Sai sungguli ma HuriaM, asa olo mangalehon rohana dohot artana be bahen silua tu AnakMu Tuhan Jesus, Tuhannami. Papatar ma Barita na Uli tu halak sipelebegu dohot parugamo na asing asa marrongoman nasida ro mandapothon Panondang naung binsar i. Sai lehon hiras ni roha tu angka Parbarita na Uli, asa hatop rarat Barita na Uli i tu ganup huta na di tano on. Sai lehon hapistaran sian Ho tu angka panggomgomi dohot tu angka raja, tu angka suruan na pinabangkitna, asa dohot nasida patiurhon dalan ni Barita na Uli. Sai paunduk ma rohanasida, asa rap hami mangoloi parenta ni AnakMu, Tuhan Jesus Kristus, Tuhannami. Amen.
PESTA HAMAMATE NI TUHAN JESUS
Ale Tuhan Debata, Amanami, na marhabangsa di atas ni saluhut ! Nunga patar huida hami holong ni rohaM na godang i. Gumodang do i sian holong ni roha ni amaama dohot inaina di anakhonna. Tung na so tartimbang do godang dohot arga ni silehonlehonMu di hami. Ai AnakMu na sasada i disuru Ho gabe jolma, manaon pardangolan, insakinsak dohot pastappastap gabe tarpajal Ibana jala tu hamatean humophop hami. Mauliate ma rohanami, ala naung sae utangnami, jala malua hami sian dosa, sian hamatean dohot sian gomgoman ni sibolis; ala ni i pujionnami ma GoarMu na badia i, ala naung dipatupa AnakMu pardomuan, pardengganannami tu Ho. Ale Tuhan Jesus Kristus, birubiru ni Debata, naung mamorsan dosanami dohot dosa ni hajolmaon ! Mauliate ma rohanami tu Ho jala pujionnami ma Ho ro di saleleng ni lelengna. Sai tatap ma HuriaM, na hinophopMu jala na pinapunguM i. Sai pahot ma di hami hasesaan ni dosa dohot dame na pinatupaM i. Sai paias jala parbadiai ma hami, asa tarboan Ho hami tu banua ginjang pasaorhon hami tu angka na badia i. Sai bunu jala parsilangkon ma jolma na buruk i dohot sangkapsangkap na roa na di bagasan hami, asa unang marlindang hami mandapothon Ama na di banua ginjang i. Hupasahat hami ma dirinami tu Ho, jala hulehon hami rohanami bahen ingananMu, ala naung dihophop Ho hami. Di Ho ma hami jala Ho di hami, sai unang loas hami sirang sian Ho; dongani ma hami jala saor ma Ho tu hami. Sai patogu ma haporseaonnami tu Ho, asa hot langkanami ro di ujung ni hamatean. Sai ramoti ma angka ruasMu na mamarltahon holong ni rohaM dohot dalan naung pinatupaM i. Antong manang mangolu manang mate pe hami, Ho do Tuhannami dohot Rajanami. Sai asi ma rohaM, ingot ma hami di hasangaponMi jala boan hami tu hasonangan ina di lambung ni Debata. Amen.
PESTA HAHEHEON NI TUHAN JESUS
Ale Tuhan Debata, Amanami jala Parasiroha ! Mauliate ma rohanami jala pujionnami Ho, ala naung ditubuhon Ho hami paduahalihon sian godang ni asi ni rohaM tu pangkirimon na mangolu marhitehite haheheon ni Tuhan Jesus Kristus sian na mate. Nunga gabe Sipalua jala Sipangolu AnakMi di hami, jala Ibana Tuhannami, Ibana Ulunami, siihuthononnami. Na marlas ni roha do hami nuaeng marningot haheheonNa i. Nunga talu sibolis, talu hamatean, talu banua toru. Ndang mabiar be hami mida hamatean dohot soropna, ai nunga monang Tuhannami. Ulubalang na gogo i. Ibana do manogihon hami sian hamatean tu haheheon sogot. Ala ni i umbahen hupangido hami: Sai asi ma rohaM, patogu ma haporseaonnami maniop Barita na Uli i, asa unang ganggu rohanami di na hubolus hami hamatean i. Sai sungguli ma rohanami dohot roha ni dongannami, asa rap hehe hami sian parrohaon na buruk i; asa tarulahon hami parange na imbaru. Sai pasupasu ma HuriaM dohot Parbarita na Uli, na mamaritahon haheheon ni Tuhannami, asa lam tarsunggul angka na pedem roha jala hehe sian dosana be. Sai papos ma rohanami manghaporseai, naung mardame jala mardomu hami tu Ho ala ni pardengganan na pinatupa ni AnakMu. Sai pasabam jala pamalum ma rohanami. Tompa ma roha na ias dohot tondi na marsihohot di bagasan hami, asa tarhajongJongkon hami, naung pintor hami ala ni hatigoran na pinatupa ni Tuhan Jesus Kristus. Sai sungguli ma pangkirimon na mangolu di hami, asa tarapul rohanami marningot angka dongannami naung jumolo nialapMi, jala asa tarapul rohanami manaon sitaonon di hasiangan on. Sai apuli ma angka na matean, na dangol, na pogos, na so marina, angka na mabalu dohot angka na malungun tu banua ginjang marhitehite haheheon ni Tuhan Jesus Kristus, Tuhannami. Amen.
PESTA HANANAEK NI TUHAN JESUS
Ale Tuhan Jesus Kristus, naung manaek tu banua ginjang, na hundul di siamun ni Debata ! Hasangapon dohot hamuliaon ma di Ho ro di saleleng ni lelengna. Na marlas ni roha do hami nuaeng ala naung monang Ho, jala dipabangkit Debata Ho gabe Raja di atas ni saluhut. Halongangan do sude dalanMu, ai dipatutoru Ho diriM tu toru ni saluhut, alai gabe tumimbo Ho sian sasude jala maruli Goar, asa lompit saluhut ulu ni tot laho marsomba tu Ho, jala ganup pamangan marhatopothon: Ho do Tuhan ! Mauliate ma rohanami tu Ho, ala naung diungkap Ho dalan tu banua ginjang, gabe Sintua ni malim Ho, na mangondihon hami tu Debata. Sai pasupasu ma HuriaM, na maringanan dope di hasiangan on, paima marpungu hami tu lambungMu. Sai pasaut ma bagabagaM tu angka suruanMu. Lehon tu nasida sahala dohot hagogoon sian banua ginjang, asa marmulia GoarMu di portibi on. Sai ajari ma angka partohonan di HuriaM, asa hombar tu lomo ni rohaM angka aturan, paminsangon dohot panogunoguon na niaturhonnasida di HuriaM. Sai gomgomi jala parentai ma HuriaM di tano Batak on, asa lam rarat jala monang HuriaM i; lehon hapistaran sian banua ginjang tu angka induknami, tu angka Pandita, Guru dohot tu angka Sintua, asa lam maraturan HuriaM di tano on. Sai pajongjong harajaonMu di bagasan rohanami, asa marhiras ni roha hami mangoloi dohot mangihuthon Ho. Pahot ma rohanami tu Ho, asa huhatindangkon hami, mangolu manang mate pe hami: Ho do Tuhannami. Sai paian ma HataM dohot dame di HuriaM, asa huingot hami: ndada hasiangan on inganannami, alai di banua ginjang di lambungMi do. Sai ramoti ma na manggomgomi hami dohot raja dohot suruan na pinabangkitna; lehon tu nasida hapistaran sian banua ginjang dohot unduk ni roha, asa dohot nasida mangoloi parentaM. Pasupasu ma saluhut parpunguan ni halak Kristen, sai Ho ma dongannasida jumpa marpungu di gareja, di parsikolaan, nang pe di bagasna be. Sai lam longkangi sian hami dosa dohot sude na pasorathon hami di hasiangan on, asa lam malungun hami, paimahon haroroM mangalap hami tu lambung ni Ama i. Amen.
PESTA HARORO NI TONDI PARBADIA
Ale Tuhan Debata, Amanami ! Na so tarasam do godang ni silehonlehonMu di hami. TondiM na badia i dilehon Ho tu hami jolma, sumonggopi hami na lea on. Na umarga i do dilehon Ho tu hami, jala gumodang do i sian portibi on dohot sian pangisina sude. On pe mauliate ma rohanami jala pujionnami ma Ho ala ni sude habalgaon dohot hamuliaonMu, naung pinapatarMu tu hami. Sai lehon ma Tondi Parbadia i tu HuriaM, angka na olo mangihuthon Tuhan Jesus Kristus, Tuhannami asa diajari, dirajai, dipatiur, diparbadiai jala dipatongtong hami mian di Barita na Uli i. Ale Tondi Parbadia ! Sai pasada ma HuriaM na pinapungupunguM i, asa masijaloan jala masihaholongan songon angka ruas ni daging ni Tuhan Jesus Kristus na badia i. Sondangi jala patiur ma hami, asa hutanda hami angka dosa na balga dohot na metmet sipasidingonnami. Sai buas ma Ho manesa dosanami, asa lam badia jala imbaru hami ganup ari, asa tarbahen hami saor di bagasan Huria na badia, na sasada i. Sai ondihon jala padomu hami tu Ama i, asa pos rohanami mandok: Amanami di bagasan Tuhan Jesus Kristus. Sai tambai silehonlehon tu Huria, asa lam ganda torop ni angka Parbarita na Uli dahot pangajari dohot parasiroha, na mamaritahon habalgaonMu di portibi on. Sai sondangi jala pasupasu sude parpunguan ni halak Kristen di gareja, di parsikolaan, nang di bagasna be, asa tau nasida saor tu parpunguan sogot. Sai sungguli angka na tarpodom, jala pargogoi angka na gale. Sai songgoti ma angka na neang dahot na tangkang marroha, asa ditinggalhon nasida hajahatonna be. Sai parrohai angka na bojok roha, jala apuli angka na marsak dohot na dangol i, asa unang diruparupa portibi on angka na mangoloi Ho. Sai tatap ma na targogot dohot na pinaburuburu ni halak ala ni haporseaon di Tuhan Jesus, sai ajari nasida maralus jala mian ma Ho di bagasan nasida. Sai ramoti ma pingkiran ni angka panggomgomi, panguhum dohot angka raja, asa tigor uhumnasida, jela asa dihabiari nasida ari paruhuman sogot. Sai patogu haporseaonnami, asa tongtong huingot hami, naung sesa dosanami, jala boanonMu hami tu hangoluan sogot. Sai sungguli pangkirimon na mangolu di hami, asa pos rohanami, nang malangke daging on, pangoluonMu do muse, asa masuk hami marnida Debata Ama marhitehite Tuhan Jesus Kristus, Tuhannami. Amen.
PESTA TRINITATIS
Ale Debatanami, Debata Ama, Anak dohot Tondi Parbadia ! Na badia, na badia, pa badia do Ho, jala gok hamuliaonMu liat portibi on. Pinuji jala pinasangap ma ho ro di saleleng ni lelengna, ala ni asi ni rohaM naung sahat tu hami dohot tu sude HuriaM. Na marlas ni roha do hami nuaeng, ala naung dipapatar jala dipatandahon Ho tu hami hadirionMu, holong ni rohaM, asi ni rohaM, lambas ni rohaM, hasesaan ni dosa, hangoluan sogot, arta silehononMu sogot ro di uhum sidabuonMu sogot. Na so habilangan do sudena i, ai na so dung niantusan ni jolma, dipatorang Ho do tu hami; na so dung niida ni jolma, dipataridahon Ho do tu hami; na so dung hinasiholan ni portibi on, diboan Ho do di hami; na so tarlehon portibi on dilehon Ho do tu hami. Ala ni i hupasahat hami ma tu Ho dagingnami, tondinami, rohanami ro di saluhut na di hami, asa patauonMu hami tu harajaonMu na di banua ginjang. Ho do manompa hami, umbahen tubu hami tu hasiangan on; sai tompa jala paimbaru ma hami, asa tubu hami paduahalihon, jala gabe partohap di hasiangan na ro sogot, di lambungMi. Na unduk jala serep do rohanami ro tu Ho mangalehon rohanami, sai bahen ma i ingananMu. Sai Ho ma mangula jala margogo di bagasan hami, sai paujung ulaon naung pinungkaM i di hami, naung sinahaphonMu GoarMu tu hami, naung tardidi hami tu bagasan GoarMu na badia i, asa hami di Ho jala Ho di hami. Sai lam tanggali roha na buruk sian hami jala solukhon roha na imbaru tu hami, asa badia parangenami, paboa naung mauliate rohanami tu Ho. Sai pargogoi ma hami, asa huparangehon hami sude na nidokMu tu hami, paboa naung tutu hami angka anakMu jala panean di hangoluan sogot. Sai paian Barita na Uli di hami, asa adong pargogonami, saleleng hubolus hami hasiangan on. Sai patogu haporsesonnami marhite Tondi Parbadia sahat ro di hamatean, asa sahat hami tu Ho, Amanami marhitehite Tuhan Jesus Kristus. Amen.
PESTA GOTILON
Ale Tuhan Debata, Amanami Pardengganbasa na sumurung ! Na ro do hami tu joloM mamboan pujipujian dohot olopolop. Mauliate rohanami ala dipasupasu Ho na huula hami, gabe jumpang hami parbue sian hauma i (sian porlak). Marlas ni roha hami nuaeng mangalehon silehonlehonnami na denggan tu Ho. Na laho pasangaphon Ho do hami, ala ni pangaramotiM di hami dohot di angka ulaon na huula hami jala malua hami dibahen Ho sian ragam ni parmaraan. Na hurang tama do hami nian manjalo asi ni rohaM na godang i, ala jotjot hulaosi hami parentaM. Sai sesa ma dosanami, jala unang jujur pambahenannami i. Sai togu ma hami marhitehite silehonlehonMi, asa lam hupauba hami roha na so hasea, jala huihuthon hami Tuhan Jesus Kristus, Tuhannami. Sai buhai ma rohanami marhitehite TondiM, asa hutanda hami godang ni silehonlehonMu tu hami asa lam girgir hami mandok mauliate. Sai urupi ma angka na pogos dohot na dangol, unang loas mate anturaparon manang ise na manghabiari Ho. Sai tatap ma na haleonon jala suru pangurupi tu nasida. Sai apoi ma angka na mora, na duma, asa dilehon tu angka na hurangan. Sai pasupasu ma HataM tu rohanami, ai I do hangoluan ni tondinami. Sai paingot hami di ujung ni langkanami, asa unang holan hangoluan di tano on hulului hami, alai togutogu ma hami, asa hupareak hami hangoluan dohot arta na so olo suda, silehononMu tu hami. Sai pasupasu na manggomgomi hami dohot panguhum, ro di angka raja, asa tigor uhumnasida jala asa diuluhonnasida parripena i tu angka ulaon na denggan. Sai paringgas hami mulaulaon, ai patikMu hian do i, asa lam moru bilangan ni angka na jungkat jala lam tu toropna parasiroha, na pasangaphon Ho. Sai boan ma hami sian rura hasusaan on tu lambungMu, marhitehite Tuhan Jesus Kristus, Tuhannami. Amen.

PESTA REFORMASI
Ale Tuhan Debata, Amanami, Parasiroha na sumurung ! Mauliate rohanami, ala dipasangap Ho GoarMu di tongatonganami, ala naung sahat tu hami Barita na Uli, na polin, na sian Tuhan Jesus Kristus, Tuhannami. Diboan Ho hami sian dalan haliluon tu dalan na tigor, sian na holom tu na tiur, sian parhatobanan ni dosa tu pangoloion di AnakMu, gabe bangsoM hami jala hami gabe anakhonMu. Hupuji hami ma Ho, ala tongtong hot jala mangula Barita na Uli i di hami. Ho do na mamillit angka naposoM, na mamboan Barita na Uli na polin i tu hami. Sai paian ma naposoM na burju, pasupasu nasida di tongatonganami, sai lehon ma apulapul dohot gogo tu nasida, asa unang mandele nasida manganjuanju halak na di HuriaM. Sai songgopi ma angka parjamita marhitehite TondiM asa marhiras ni roha nasida jala asa mabuor sian pamangannasida HataM na sintong i songon hababsor ni aek sian mual na denggan, na pasabam roha ni na loja jala na sorat. Molo adong naposoM di bagasan hagogotan, tibu urupi nasida, asa unang tarambat Barita na Uli i. Sai lehon ma tu HuriaM pinggol na tinggil, roha na sonang, asa dijalo nasida Hata hangoluan i. Unang loas roha ni sibuknami on mangalo sorop ni HataM, asa lam ias hami jala mangoloi di sude parentaM. Sai unang loas ro tu tongatonga ni HuriaM angka parpoda haliluon, manang sijubajabi, manang parsibalikmata angka na naeng mangaliluhon jolma i, mamboan tu hamagoan. Tagonan togihon nasida tu hamubaon ni roha, mangoloi Tuhan Jesus Kristus. Ala molo so olo nasida toguonMu, jala boanonMu tu hangoluan, padao ma nasida sian HuriaM, asa sonang HuriaM i mangoloi Ho. Sai patota ma HuriaM, lam ambolongkon sian nasida poda na so hasea. Sai tuturi angka partohonan di HuriaM, asa diboto nasida mangaturhon na denggan di tongatonganami. Sai ramoti ma na manggomgomi hami jala togutogu pingkirannasida, asa dohot nasida pasauthon lomo ni rohaM. Sahat tu Ho ma hami on, na magodang ro di dakdanak, na mora ro di angka na pogos, na martohonan ro di angka na torop, ro di sude angka ruas di bagasan HuriaM. Ia mangolu manang mate pe hami, sai oloannami do Ho di bagasan Tuhan Jesus Kristus, Tuhannami. Amen.

ARI PARNINGOTAN DI ANGKA NA MATE
Ale Tuhan Debata, na sian nahinan jala na mangolu ro di saleleng ni lelengna ! Huingot hami sadari on angka na mate sian hami, naung pajolohon tu lambungMu. Di Ho do anakhinsu ni banua ginjang, jala diungkap Ho do i di angka na mangasahon Tuhan Jesus Kristus. Na rungka do rohanami sadari on marningot ajalnami, dohot haheheon ni daging di ari sogot. Mauliate ma rohanami tu Ho, ala ditubuhon Ho hami tu pangkirimon na mangolu, gabe partohap hami di hangoluan na so ra suda. Ndada na mandele hami di ari parningotan on, alai na malungun do hami di sambulo ni tondinami. Nunga torop dongannami naung nialapMu; tau sipaingot do ujung ni langkanasida di hami, bahen pangkirimon mida Tuhan Jesus di ujung ni langkanami be. Sai sungguli ma rohanami mambahen tiruan na denggan di angka pinomparnami. Sai apuli ma na marsak roha dohot angka na matean, asa unang mangandungi jala mandele nasida. Sai taiti ma rohanasida mamereng dompak ginjang. Sai lehon TondiM tu hami asa tangkas dihatindangkon tu hami, naung dohot do hami anakMu jala panean di arta na di banua ginjang. Sai padao ma ganggu ni roha sian hami, asa hot haporseaonnami maniop Tuhan Jesus Sipangolu i, andorang hubolus hami rura linggoman ni hamatean i. Molo homur matanami be, ungkap ma mata ni rohanami asa tangkas niida dalan tu hasonangan i. Molo hallang dilanami, so binoto be mangkuling, pargogoi ma hami marhitehite TondiM i, asa tarjouhon hami: Ale Amang ! Sahat tu tanganMu ma tondingku ! Sai patiur hian rohanami, asa hobas langkanami jala sonang hami laho mate di bagasan Tuhan Jesus Kristus, Tuhannami. Amen.

PESTA ZENDING
1. Ale Tuhan Jesus Kristus, Tuhannami jala Debatanami ! Hamuliaon dohot pujipujian ma di Ho ro di saleleng ni lelengna. Nunga ditaon Ho na porsuk, use mudarMu humophop hami pardosa, asa tu hangoluan hami. Disuru Ho do siseanMu mamaritahon Barita na Uli tu portibi on. Ala ni i do umbahen las rohanami nuaeng, ai nunga sahat tu hami Barita i, gabe jumolo hami jumpangan martimbangkon angka bangso na asing. Sai lehon ma Tondi Parbadia tu hami, asa mangoloi hami di ajar dohot poda na sian HataM i. Sai tambai haporseaonnami jala longkangi rohanami sian portibi on, asa jolma na badia jala na imbaru hami. Diparbaga Ho do oloanMu pangidoannami. Asi ma rohaM dohot di angka sipelebegu dohot halak parugamo na asing angka na hundul di haholomon i. Sai dasdas nasida ro, asa dohot nasida marpungu tu HuriaM i. Sungguli ma roha ni halak Kristen, suru ma nasida mamaritahon Barita na Uli i, asa tau sira dohot palito nasida di portibi on. Sai pasupasu ma kongsi Zending dohot angka na paturehon i. Sai suru ma angka pangula na burju tu sigotilon na lambas i, asa dipapungu nasida na tau tu harajaonMu. Sai ramoti jala pasupasu ma angka naposoM, na paratahon harajaonMu, di tongatonga ni sipelebegu dohot parugamo na asing, lehon tu nasida gogo, benget ni roha, haporseaon dohot pamompomon ni roha, asa pir tondina manaonnaon, paimaimahon angka na olo pangoluon. Sai lehon apulapul tu angka pangula naung loja, apusi ma iluilu sian matana, sai marparbue bahen ulaonnasida, asa marolopolop nasida mamuji Ho. Sai ramoti ma angka Huria, naung pinapunguM i, indukna ro di ruasna. Padao sian nasida pangaleleon manang pangarupaon ni parjahat. Sai unang loas tarambat harararat ni Barita na Uli i; sai pademak ma angka musuna. Sai arahon ma halak na di sandok tano on, asa ria nasida ro tu HuriaM, sian utara ro di dangsina, sian habinsaran ro di hasundutan, asa domu hami sada Huria na badia, na marhatopothon: Tuhan Jesus Kristus, i do Raja dohot Tuhan, bahen hasangapon ni Debata Ama saleleng ni lelengna. Amen.
2. Ale Tuhan Debata, Amanami Parasiroha na sumurung ! Pinuji ma GoarMu na badia i, ala dilehon Ho tu hami Barita na Uli na sian Tuhannami Jesus Kristus. Mauliate ma rohanami, ala naung disondangi, dipatiur jala dipangolu Ho hami. Asi ma rohaM, sai lehon ma TondiM tu hami, asa diajari hami mangoloi dohot manghaporsesi HataM, asa jumpang hami hangoluan saleleng ni lelengna. Sai pasupasu saluhut bangso, asa olo nasida manjangkon Barita na Uli i. Ditonahon Ho do ingkon jamitahononhon Barita na Uli i tu sude jolma. Ala ni i lehon ma gogo dohot hiras ni roha tu angka na porsea, asa dibaritahon nasida Tuhan Jesus Kristus Sipangolu i, tu halak sipelebegu dohot tu parugamo na asing. Sai pasaut ma bagabagaM, lehon ma angka bangso bahen silua, silehonlehon tu Tuhan Jesus Tuhannami, asa upa ni halojaonNa hami sude, ala na tinaonNa i na porsuk humophop hami. Sai tarbarita ma harajaonMu tu liat tano on, bahen hamuliaon di GoarMu, jala bahen hangoluan di hami marhitehite AnakMu, Tuhan Jesus Kristus, Sipangolu hami. Amen.
3. Ale Tuhan Debata, Parasiroha na sumurung jala Amanami ! Hupuji hami Ho, ala dilehon Ho Barita na Uli na sian AnakMu, Tuhan Jesus Kristus i, pangoluhon hami. Sai pargogoi ma hami marhitehite TondiM, asa huoloi hami HataM. Nunga hubege hami parentaM i. Disuru Ho do hami mamaritahon Barita na Uli, asa hubaritahon hami Tuhan Jesus, Sipangolu i, tu halak sipelebegu dohot tu parugamo na asing. Sai lam patorop naposoM, pangula sisuruon tu na di haholomon i dope. Hupangido hami dope tu Ho: Pasupasu ma Kongsi Barmen i dohot sude indukna. Ramoti jala pasupasu sude na sinuru ni Kongsi Barmen tu ganup luat. Tumpahi ma angka pangula di harajaonMu na di liat portibi on. Tumpahi sude parguruan, asa lam timbul harajaonMu, ramoti ma Zending Batak i dohot sude na mangula disi. Sai apoi hami on sude, asa marlas ni roha hami pararathon harajaonMu. Sai oloi ma na hupangido hami ala ni AnakMu Tuhan Jesus Kristus, Tuhannami. Amen.","E. Doa Syafaat Setelah Khotbah
I. PADA HARI MINGGU BIASA :
1. Ya Bapa kami yang di surga ! Kuasailah seluruh jemeat Kristen dengan Roh Kudus, agar kehendakMu senantiasa dinyatakan di dalam persekutuan kami sesuai dengan FirmanMu. Kuatkanlah iman dari setiap orang percaya supaya mereka semakin mengerti dan taat kepada FirmanMu juga mereka semakin mengenal hidup yang datang dari padaMu. Berkatilah para murid yang ingin masuk ke dalam kerajaanMu, dan mereka yang akan mengucapkan kesaksian tentang imannya agar mereka menjadi anggota yang hidup dan taat di dalam jemaatMu. Berkati juga FirmanMu yang diberitakan kepada sekalian orang penyembah berhala dan orang yang disekitar kami yang belum menerima karya KeselamatanMu, agar kerajaanMu semakin berkembang dan menaklukkan kerajaan iblis. Berkatilah pemerintah dan seluruh aparatnya yang memerintah kami; anugerahilah mereka kebijaksanaan yang dari padaMu agar mereka dapat menerapkan aturan-aturan yang baik demi kemuliaan namaMu. Berkatilah jemaat ini dengan segala pekerjaannya. Demikian juga para orangtua, pemuda dan pemudi serta anak-anak yang sedang mempelajari FirmanMu. Berkatilah juga segala yang kami kerjakan dan jauhkan segala sesuatu yang menyesatkan hidup kami; sawah ladang kami kiranya tidak rusak karena banjir atau karena hujan batu dan ancaman bencana hama. Kasihanilah kami, ya Tuhan Allah, curahkanlah hujan pada waktunya di sawah ladang kami sesuai dengan kasih setiaMu. Kasihani dan sertailah kami pada saat-saat ketakutan akan pengaruh dan akibat wabah penyakit sekarang ini. Janganlah murkaMu menimpa kehidupan kami. Kasihilah para janda dan yatim piatu; tolonglah mereka yang miskin, mereka yang sakit dan mereka yang sengsara karena penderitaan yang pahit. Engkaulah, ya Tuhan Allah, Bapa dan pelindung mereka karena Engkaulah pohon kehidupan manusia. Oleh sebab itu jangan biarkan kami disesatkan oleh kuasa iblis, melainkan kuatkanlah kami melawan pikiran kami yang jahat, agar supaya kami layak untuk masuk ke dalam KerajaunMu. Kabulkanlah doa kami ini ya Allah, dalam Yesus Kristus Juruselamat kami yang dipermuliakan bersamaMu dan Roh Kudus sampai selama-lamanya.
A m i n .
2. Ya Tuhan Allah yang Mahakuasa, Mahapengasih, Bapa kami di dalam Tuhan Yesus Kristus. Kami mengucap syukur dengan segenap hati kami, karena Engkau tetap memelihara hidup kami sampai saat ini dan melalui Berita kesukaan Engkau memanggil kami ke dalam kehidupan yang kekal. BerkatMu menenteramkan hidup kami untuk mendengar FirmanMu yang kudus. Teguhkanlah FirmanMu yang kudus. Teguhkanlah FirmanMu pada hati kami dan seluruh keturunan kami. Berilah kami gembala-gembala. Bimbinglah jemaatMu karena Engkaulah benteng dan tempat perlindungan mereka yang menderita karena namaMu. Berilah pertobatan bagi penyembah berhala dan saudara-saudara yang belum mengenalMu supaya semua orang mengenal dan memuji namaMu saja. Berkatilah mereka yang ingin memasuki kerajaanMu dan mereka yang hendak mengikrarkan imannya, supaya mereka menjadi warga yang hidup di dalam jemaatMu. Limpahkanlah berkatMu bagi pemerintah dan seluruh aparatnya yang memerintah kami. Berkatilah mereka yang diurapi di dalam jemaatMu. Kuduskanlah setiap keluarga dan anugerahi mereka kebijaksanaan untuk mendidik anak-anaknya yang Engkau karuniakan kepada mereka.
Berkatilah penghasilan dan pekerjaan yang baik. Jauhkanlah hukuman dari kami walaupun sesungguhnya pantas kami terima, serta curahkan hujan dan sinar mata hari pada saatnya masing-masing; hiburkanlah para janda dan yatim piatu serta semua orang yang sakit, yang miskin dan yang di dalam pencobaan; nyatakanlah kasih setiaMu pada mereka agar mereka dapat memuliakan namaMu yang kudus. Tolonglah mereka yang tersesak, ya Tuhan, Penyelamat manusia. Sadarkanlah kami dengan Roh Kudus supaya kami siap menghadapi akhir hidup kami. Kuatkanlah kami agar tetap takut akan Tuhan selama hidup dan pada akhirnya kami, tetap tinggal di dalam anugerah kasihMu, dalam kedamaian, dan kami dibangkitkan kembali oleh kuasaMu, untuk mewarisi pengharapan iman kami yaitu kebahagiaan selama-lamanya dalam Yesus Kristus Tuhan kami. A m i n .
II. PADA PESTA – PESTA GEREJAWI :
A D V E N T U S
1. Ya Tuhan Allah, Bapa kami sampai selama-lamanya. Terima kasih dan syukur kami ucapkan kepadaMu atas pemeliharaanMu selama tahun jemaat yang baru lampau. Kasih karuniaMu menghantar kami ke dalam tahun yang baru ini. Kami merasakan anugerahMu yang melimpah. Engkau melimpahkan berita kesukaan kepada kami sehingga kami tetap di dalam kedamaian dan kebahagiaan.
Engkau menambahkan jumlah orang-orang percaya yang taat pada FirmanMu. Engkau memberikan kekuatan kepada orang-orang percaya dan hamba-hambaMu untuk memasyhurkan kebesaranMu di tengah-tengah JemaatMu. Sungguh tak terkirakan kasih setiaMu selama setahun ini; dari minggu ke minggu, dari bulan ke bulan sampai hari ini. Oleh sebab itu kami memuji dan memuliakan kebesaran namaMu. Lindungilah dan berkatilah JemaatMu senantiasa; tambahkan setiap hari jumlah orang-orang percaya yang mengasihi Engkau. Kembangkanlah kerajaanMu di tengah-tengah orang Batak dan di seluruh nusantara ini. Sertailah jemaatMu dan jangan biarkan dikuasai oleh keinginan-keinginan jahat yang menghambat penyebaran kerajaanMu. Jangan biarkan JemaatMu dikacaukan, diributi, ataupun dihina. Lindungilah mereka yang terpilih sampai saat kehidupan kekal, lindungi hamba-hambaMu yang memberitakan Berita Kesukaan. Berserulah Engkau kepada orang-orang penyembah berhala dan saudara-saudara yang belum mengenalMu, supaya mereka juga dapat memuliakan namaMu. Lindungi dan kuduskanlah JemaatMu sampai pada hari kedatangan Tuhan kami Yesus Kristus. A m i n .
2. Ya Tuhan Allah, Bapa yang Mahapengasih ! Segala hormat, kemuliaan dan segala puji bagiMu selamalamanya. Terima kasih dan syukur kami ucapkan kehadiratMu atas anugerah dan kasihMu yang mengutus AnakMu yang Tunggal, membebaskan manusia ciptaanMu dari kuasa dosa. Sekarang kami dapat bersukacita di dalam kerendahan hati karena kedatangan AnakMu yang telah dinyatakan ke seluruh dunia ini. Ya Tuhan Yesus Kristus, Anak Allah yang hidup. Terpujilah Engkau karena kasihMu, yang mau merendahkan diri dan bersama-sama dengan kami orang-orang hina, sehingga mereka yang Kau pilih dapat bebas dari kuasa dosanya. Saat ini kami bersukacita dengan puji syukur menyadari kehadiranMu di tengah-tengah kehidupan kami. Anugerahkanlah kuasaMu yang memperbaharui JemaatMu menjadi tempat kediamanMu. Masukilah hati kami, kuduskan dan sucikan dengan terang InjilMu, sehingga kami siap menyambut hari kedatanganMu yang mulia itu. Berkatilah pemerintah kami dan para pimpinan yang memerintah orang-orang Kristen. Terangi dan berkatilah para Pendeta, Guru jemaat, Penatua, Bibelvrouw, Diakones, Evangelis dan seluruh perawat orang-orang sakit, sehingga mereka dikuatkan dalam pelayanan jemaatMu. Peringatkanlah kami akan pertobatan hati yang sungguh-sungguh, berikanlah penghiburan bagi orang-orang yang berkesusahan. Tolonglah mereka yang tersesak dan menderita sakit. Terangi mereka yang berada dekat pintu maut agar hati mereka cerah menuju kebahagiaan yang dari padaMu.
Turunlah di tengah-tengah mereka yang masih berjalan dalam kegelapan dan terbitkan Injil KerajaanMu baginya, sehingga semakin bertambah-tambahlah orang-orang percaya yang memuliakan Engkau pada hari kedatanganMu yang Agung itu. A m i n .
KELAHIRAN TUHAN YESUS
Ya Tuhan Allah, Allah yang kekal, tidak ber-Awal dan tidak ber-Akhir, Kami puji Engkau atas penggenapan kehendakMu, yang direncanakan sebelum dunia ini diciptakan. Kuasa iblis tidak mampu menghalangi rencanaMu. KehendakMu yang kudus tidak terhalang oleh dosa kami. Sebab kasihMu besar dan tak terselami. Oleh karena itu kami mengucap syukur kepadaMu atas penggenapan rencanaMu dengan mengutus AnakMu yang Tunggal, Tuhan dan Juru selamat kami supaya kami dapat dibebaskan dari dosa, maut dan hukuman sehingga kami berhenti berbuat dosa. Karena itu kasihanilah kami dan bawalah kami kepada AnakMu. Jadikan kami menjadi korban persembahan bagiNya sebagai upah pengorbananNya dalam penderitaan dan kesengsarsanNya yang membebaskan kami; agar kami menjadi milikNya dan Dia meniadi milik kami.
Ingatkanlah JemeatMu pada hari ini supaya mereka menyedari kebesaranMu dan kehadiran AnakMu menjadi manusia untuk menyelamatkan kami yang berdosa. Ingatkan juga hamba-hambaMu agar memberitakan Injil KerajuanMu kepada setiap orang, bahwa kemuliaanMu telah dinyatakan dan damai sejahtera hanyalah padaMu. Bukakanlah pintu bagi orang penyembah berhala dan yang belum mengenal namaMu, agar mereka juga datang menerima Tuhan kami Yesus Kristus.
Kuasailah raja-raja dengan para pembantunya agar mereka menyadari bahwa Engkau telah mengutus seorang Raja dari segala raja dan Tuhan dari segala tuan yang kekal selama-lamanya. Berilah keknatan bagi mereka yang di dalam pencobean, penghiburan bagi yang berkesusahan dan kelepasan bagi yang tersesat. Serta lindungi mereka yang dianiaya karena namaMu. Serta berkatilah kami sekalian baik yang dewasa maupun anak-anak dalam Tuhan Yesus Kristus, Tuhan kami. A m i n .
TAHUN BARU
Ya Tuhan Allah yang tidak ber-Awal dan tidak ber-Akhir; Allah yang kekal sampai selama-lamanya. TahunMu tidak akan berakhir dan hariMu tidak terbatas, tetapi tahun dan hari-hari kami singkat dan cepat berlalu. Kini satu tahun dari hari kehidupan kami telah berlalu, tetapi kasih setiaMu tidak akan berlalu. Oleh sebab itu kami puji Engkau dalam Tuhan Yesus Kristus, Tuhan kami atas kelimpahan kasihMu yang menghantar kami memasuki permulaan tahun baru ini. BerkatMu melimpah dalam kehidupan kami sepanjang tahun yang lalu dan kami ingat semuanya itu pada hari-hari ini.
Kami mengucap syukur kepadaMu yang senantiasa menghidupi dan memelihara kami; Engkau mencukupkan kebutuhan hidup dan pekerjaan kami selalu Tuhan berkati. Demikian juga Tuhan menganugerahkan keamanan di dalam negara ini serta melepaskan kami dari marabahaya dan menyertai kami dalam kesesakan. Terang InjilMu selalu menerangi hati kami yang memungkinkan adanya pertobatan kami. Demikian juga Tuhan memberi penghiburan bagi orang yang berduka, orang yang mengalami musibah kematian, agar mereka tidak berputus asa.
Kalau kami merenungkan segala perbuatan kami selama tahun yang lampau, sepatutnya kami merasa malu di hadapanMu karena banyak hari-hari kami dan pengasihanMu menjadi sia-sia kami perbuat.
Kami memohon seperti Tuhan telah melewatkan tahun yang lampau kiranya Tuhan mengampuni kami atas segala kesalahan dan dosa kami. Hapuskanlah perbuatan kami yang tidak baik itu oleh pengasihanMu. Tuhan menyertai kami selama setahun yang lampau dan melihat bahwa banyak dari antara kami yang belum menghasilkan buah yang baik.
Kiranya janganlah terus ditebang melainkan biarkanlah kami hidup, semoga dapat berbuah yang baik pada hari mendatang ini. Kami mengaku segala kasih setiaMu dan dengan segala rendah hati kami memohon : KepadaMu sajalah kami serahkanlah diri kami. Tuntun dan lindungilah kami pada permulaan tahun ini dan setiap hari, agar kami dapat memuji-muji Engkau pada tahun yang akan mendatang.
Tunjukkan jalanMu yang patut kami jalani setiap hari dan pekerjaan yang layak kami kerjakan. Berkati kami senantiasa dalam setiap persekutuan kebaktian kami di sini, baik di sekolah mau pun di rumah masing-masing. Berkati para pelayan Tuhan, Penginjil, pengajar, mereka yang merawat orang-orang sakit dan mereka yang dipercayakan kepadanya. Lindungilah pemerintah kami. Tolonglah mereka yang tertindas, yang miskin, dan yang menderita, yatim piatu dan yang hina. Jangan biarkan mereka terlantar, melainkan tunjukkanlah keabadian kasih setiaMu kepada mereka agar kiranya kelak kami dapat bersama-sama bersukacita di hadapanMu di tempat yang kekal, karena AnakMu Tuhan Yesus Kristus, Tuhan kami. A m i n .
EPIPHANIAS
Ya Tuhan Allah, Bapa dari segala Terang, sumber dari segala anugerah yang Maha sempurna.
Kami bersyukur karena Engkau menyatakan kasih dan pengasihanMu dalam AnakMu Tuhan Yesus Kristus yang menjadi manusia, untuk menyelamatkan dan menebus kami. Kami merasakan kasihMu yang tidak dapat diukur panjang dan lebarnya, tidak terselami dalamnya dan tidak terhingga tingginya. Kami memuji namaMu atas terbitnya terang InjilMu sehingga kami dapat hidup dalam pengasihanMu. Kasihani dan terangilah hati kami di dalam Roh Kudus, agar kami dapat melihat kebesaranMu dan terang yang datang dari padaMu. Bawalah kami kepada anakMu sebagai upah penderitaan dan kesengsaraanNya yang menyelamatkan kami sehingga kami berhenti berbuat dosa, tetapi setia beribadah sebagai pertanda terima kasih kami. Ketuklah hati JemaatMu agar rela mengurbankan hati dan miliknya, sebagai kurban persembahan bagi AnakMu Tuhan Yesus, Tuhan kami.
Nyatakanlah Berita Injil kepada orang penyembah berhala dan yang belum mengenalMu agar mereka datang kepada Terang yang telah terbit itu.
Berilah hamba-hambaMu sukacita, agar Berita Kesukaan cepat tersebar ke seluruh negeri di dunia ini.
Berilah hikmad kebijaksanaan kepada Pemerintah kami dan seluruh aparatnya agar mereka turut serta melapangkan jalan Berita Injil. Kiranya kami bersama mereka tunduk dan taat kepada perintah AnakMu Tuhan Yesus, Tuhan kami. A m i n .
KEMATIAN TUHAN YESUS
Ya Tuhan Allah Bapa kami yang bertahkta di atas segalanya. KasihMu jauh lebih besar dari kasih ibu bapa kepada anak-anaknya. Anugerah kasihMu tak ternilai karena AnakMu yang Tunggal, Engkau utus menjadi manusia, menderita sengsara, dihina dan disesah hingga disalibkan, dan mati untuk kami Segala hutang dosa kami telah dihapuskan dan diselamatkan dari kuasa dosa, maut dan iblis. Sebab itu kami puji namaMu yang kudus, karena dengan kematianNya kami didamaikan dan dipersatukan dengan Allah Bapa.
Ya Tuhan Yesus Kristus, Domba Allah yang menanggung segala dosa kami dan dosa seluruh umat manusia. Terima kasih kepadaMu dan terpujilah Engkau selama-lamanya. Peliharalah JemaatMu yang Engkau tebus dan yang Engkau satukan. Teguhkan bagi kami keampunan dosa dan damai yang Engkau anugerahkan. Kuduskan kami agar dapat dipersatukan di dalam persekutuan yang Kudus di surga. Salibkan kemanusiaan kami yang lama dengan segala keinginan yang tidak baik di dalamnya, agar kami kudus menghadap Bapa di surga. Kami berserah kepadaMu dan membuka hati kami untukMu. Kami adalah milikMu dan Engkau adalah milik kami, dan jangan biarkan kami terpisah dari sisiMu, sertai dan persatukanlah Engkau dengan kami. Kuatkan iman kami kepadaMu agar tetap teguh sampai akhir hidup kami. Sertailah seluruh anggota JemaatMu yang memberitakan kasih dan jalan Kehidupan yang Engkau perbuat.
Ya Tuhan, walaupun mati ataupun hidup, Engkaulah Raja dan Tuhan kami. Kasihanilah kami, ingatlah kami di dalam KemuliaanMu dan bawalah kami ke dalam kesentosaan bersama dengan Allah di surga. A m i n .
KEBANGKITAN TUHAN YESUS
Ya Allah Tuhan kami yang Mahapengasih ! Kami berterima kasih dan memuji Engkau karena kami, Engkau lahirkan kembali ke dalam pengharapan yang hidup dengan Kebangkitan AnakMu Yesus Kristus dari antara orang mati. Dia adalah Juru Selamat dan Hidup serta Tuhan kami dan menjadi Kepala yang harus kami taati. Sekarang kami bersukacita karena kebangkitanNya. Iblis, dosa dan maut telah ditaklukkan dan kami tidak akan takut lagi menghadapinya dan segala sengatnya karena kemenangan Tuhan kami, Panglima perkasa yang menuntun kami dari kematian hingga kepada kebangkitan daging. Kami memohon, kasihani dan kuatkan iman kami agar jangan bimbang menghadapi maut. Buka hati kami dan saudara-saudara kami agar kami bersama-sama dibangkitkan kepada kehidupan Baru. Berkatilah JemaatMu dan hamba-hambaMu yang memberitakan kebangkitan Tuhan Yesus, agar semua orang sadar dan bangkit melawan dosa. Teguhkan iman kami mempercayai bahwa kami telah didamaikan kepadaMu karena Karya Keselamatan AnakMu Tuhan Yesus Kristus. Beri kesabaran dan penghiburan bagi kami. Jadikan hati yang suci dan jiwa kami yang teguh agar kami mengakui bahwa kami telah dibenarkan oleh Tuhan Yesus Kristus. Berilah kami pengharapan yang hidup agar kami terhibur mengingat saudara-saudara kami yang telah Tuhan panggil ke hadiratMu dan hati kami terhibur dalam penderitaan di dunia ini. Hiburkan juga mereka yang kemalangan, yang sengsara, yang miskin, yatim piatu, para janda dan semua orang yang merindukan Hidup kekal karena Kebangkitan Tuhan Yesus Kristus, Tuhan kami. A m i n .
KENAIKAN TUHAN YESUS
Ya, Tuhan Yesus Kristus, yang telah naik ke surga dan duduk di sebelah kanan Allah Bapa. Kekuasaan dan Kemuliaan kami persembahkan kepadaMu sampai selama-lamanya. Kami bersukacita, karena Engkau telah menang, dan Allah telah mengangkat Engkau menjadi Raja atas segala sesuatu. JalanMu penuh rahasia, karena Engkau telah merendahkan diriMu serendah-rendahNya, kemudian Engkau menjadi lebih tinggi di atas segala sesuatu dan menerima Nama yang terindah atas segala Nama, dan supaya semua orang bertekuk lutut menyembah Engkau, dan segala lidah mengaku, bahwa Yesus Kristus adalah Tuhan.
Terima kasih ya Tuhan, karena Engkau telah membuka jelan ke surga, Engkau menjadi Imam Besar bagi kami untuk selama-lamanya. Berkatilah GerejaMu selama di dunia ini, sampai nanti kami bersekutu bersama di sisiMu di surga. Ingat dan penuhilah janji yang Engkau janjikan kepada hambaMu, anugerahkanlah kepada mereka kuat kuasa dari surga, agar namaMu dipermuliakan di dunia ini. Pimpinlah semua pelayan-pelayan di GerejaMu, agar segala peraturan, siasat dan pengajaran dilakukan sesuai dengan FirmanMu. Bimbinglah GerejaMu di seluruh dunia ini, agar semakin kuat dan berkembang. Anugerahkan hikmat dari surga kepada para Pemimpin gerejaMu, ke pada para Pendeta, guru Injil dan para Penatua, agar gerejaMu hidup dalam keteraturan. Masuk dan berdiamlah di dalam hati kami mengikuti dan melakukan FirmanMu dengan sukacita. Teguhkan iman kami, agar kami sanggup menyaksikan baik kami hidup atau mati, bahwa : Engkau adalah Tuhan kami, Biarlah Firman dan damai yang dari padaMu bekerja di dalam GerejaMu, supaya anggota jemaatMu sadar bahwa bukanlah dunia ini, melainkan surga adalah tempat kita yang kekal. Lindungi dan anugerahkan kebijaksanaan kepada Pemerintah dan pemimpin Negara kami, agar mereka turut melayani Engkau. Berkatilah semua persekutuan orang Kristen, hadirlah Engkau di tengah-tengah mereka, apabila mereka berkumpul di gedung Gereja, atau di gedung sekolah atau di rumah mereka masing-masing. Bebaskan dan lepaskanlah kami dari segala dosa dan yang memberati kami, agar kami semakin rindu menantikan kedatanganMu untuk mengangkat kami ke sisiMu. A m i n.
PENCURAHAN ROH KUDUS
Ya Tuhan Allah Bapa kami. Tidak ternilai besarnya anugerahMu kepada kami, karena Roh kudus Engkau menganugerahkan kepada kami orang yang hina ini. PemberianMu melebihi dunia dengan segala isinya. Kami berterima kasih dan memuji namaMu karena kebesaran dan kemuliaan yang Engkau nyatakan kepada kami. Curahkanlah Roh Kudus kepada JemaatMu, orang-orang percaya yang setia dan taat kepada Yesus Kristus Tuhan kami, agar kami diajar, dipimpin, diterangi dan dikuduskan serta diknatkan untuk menghayati FirmanMu.
Ya Roh Kudus persatukanlah Jemaat yang Engkau pilih agar saling menerima dan saling mengasihi selaku anggota Tubuh Kristus yang Kudus. Sinari dan terangilah hati kami agar kami mengenal segala dosa dan kesalahan kami, dan agar kami setiap hari disucikan dan diperbaharui serta layak bersekutu di dalam JamaatMu yang Kudus dan Am. Tolonglah kami agar tetap menyedari bahwa kami telah diperdamaikan dengan Allah dengan penuh keyakinan kami dapat berseru : Bapa kami di dalam Tuhan Yesus Kristus.
Limpahkanlah rupa-rupa karunia kepada JemaatMu agar semakin bertambah banyak pemberita Injil, pengajar, dan yang rela mengasihi sesamanya manusia. Terangi dan berkatilah persekutuan orang Kristen di gedung Gereja, di sekolah dan di rumahnya masing-masing agar mereka sadar akan persekutuan di Surga kelak. Bangunkanlah orang yang tertidur dan berilah kekuatan kepada orang yang lemah. Sadarkanlah orang fasik dan tegar hati supaya mereka bertobat dan meninggalkan kejahatan mereka. Berilah hikmat kepada orang yang rendah hati dan hiburkanlah orang yang sengsara dan menderita agar mereka tidak dicemohkan dunia ini. Lindungi dan tinggallah bersama orang yang teraniaya karena iman kepada Kristus agar mereka tidak kuatir akan bagaimana dan apa yang harus mereka katakan. Bimbinglah Pemerintah, penguasa dan raja, agar mereka bertindak adil dan takut akan hari penghakimanMu kelak. Kuatkan iman kami agar kami selalu yakin bahwa segala dosa kami telah diampuni dan kami akan Engkau antar kepada hidup yang kekal. Teguhkanlah pengharapan yang hidup di dalam kami agar kami yakin hahwa walaupun sesudah kulit tubuh ini sangat rusak, tanpa dagingpun kami akan melihat Allah yang membangkitkan kami kembali dalam Yesus Kristus, Tuhan kami. A m i n .
PESTA TRINITATIS
Ya Tuhan, Allah Bapa, Anak dan Roh Kudus ! Kudus, Kudus, kuduslah Tuhan dan seluruh bumi penuh kemuliaanMu. Terpuji dan dimuliakanlah Engkau sampai selama-lamanya, oleh karena kami dan seluruh gerejaMu telah menerima PengasihanMu. Kini : kami penuh sukacita karena Tuhan telah memperlihatkan dan menyatakan diriMu, kasih dan pengasihanMu, kelapangan hatiMu, keampunan dosa, kehidupan yang kekal, harta surgawi serta penghukumanMu kelak. Semuanya itu tidak ternilai, karena yang tidak pernah dipahami manusia, Engkau ungkapkan kepada kami; yang belum pernah dilihat manusia, Engkau nyatakan pada kami; yang tidak pernah dirindukan manusia, Engkau anugrahkan kepada kami; yang tidak dapat diberikan dunia ini, Engkau limpahkan kepada kami. Oleh karena itu kami menyerahkan kepadaMu : Tubuh, Jiwa, Roh dan segala yang ada pada kami, agar Tuhan melayakkan kami menerima KerajaanMu di surga. Engkau yang menciptakan kami maka kami lahir ke dunia ini; tuntun dan perbaharuilah kami agar dilahirkan kembali untuk menjadi pewaris dunia yang baru kelak. Dengan segala kerendahan hati kami membuka hati kami menjadi singgasanaMu. Tuhanlah yang bekerja dan memberi kuat dalam diri kami, dan Tuhan jugalah mengakhiri pekerjaan yang telah Tuhan awali pada kami, di mana Tuhan telah memeteraikan namaMu kepada kami melalui Baptisan Kudus yang telah kami terima. Engkau adalah Tuhan dan kami milikMu.
Jauhkan dari hati kami sifat-sifat yang buruk, tetapi anugerahilah kami dengan sikap yang baru, agar perilaku kami suci sebagai pertanda bahwa kami menyukuri. Beri kami kekuatan, agar kami disanggupkan melakukan hal yang Tuhan perintahkan, pertanda kami telah menjadi AnakMu yang menjadi pewaris Hidup yang kekal. Tetapkanlah Berita Injil itu di dalam hati kami agar kami selalu dikuatkan selama berada di dunia ini. Dengan kuat Kuasa Roh Kudus teguhkan iman kami sampai kepada ajal kami sehingga sampai kepadaMu ya Bapa di dalam nama Tuhan Yesus Kristus. A m i n .
PESTA PANEN
Tuhan Allah, Bapa kami yang Mahapengasih. Kami datang kehadiratMu untuk mempersembahkan puji-pujian dan kegembiraan kami. Kami bersyukur karena Tuhan memberkati hasil kerja kami di sawah, di ladang dan di pekarangan. Kami bergembira memberikan sebahagian hasil kerja kami itu kepada Tuhan. Kami memuliakan Tuhan atas pemeliharaanMu bagi kami di dalam pekerjaan kami, serta menyelamatkan kami dari bahaya. Kami tidak layak menerima kemurahanMu yang demikian besar, karena kami sering melanggar perintahMu. Ampunilah dosa kami, dan janganlah perhitungkan perbuatan-perbuatan kami yang kurang itu. Dengan pemberian kemurahanMu yang kami terima, bimbinglah kami untuk merobah diri kami dari perbuatan-perbuatan yang kurang baik, tetapi supaya kami tetap setia menuruti Yesus Kristus Tuhan kami. Bukalah hati kami dengan RohMu, agar kami mengenal pemberianMu, supaya kami semakin sadar untuk mengucapkan terima kasih. Tolonglah orang yang miskin dan jangan biarkan orang yang tidak berdaya, jangan biarkan mati kelaparan orang yang setia menuruti Tuhan. Bantulah orang yang kena musibah dan gerakkanlah hati orang untuk membantu mereka. Gerakkanlah hati orang kaya dan orang yang berkecukupan agar mereka mau membantu orang yang kekurangan. Berkatilah FirmanMu di dalam hati kami, karena FirmanMu itulah kehidupan kami. Peringatan kami tentang akhir hidup kami supaya kami jangan hanya mementingkan kehidupan dunia ini; tetapi bimbinglah kami supaya kami menuju kehidupan dan harta yang kekal yang akan Tuhan anugerahkan kepada kami. Berkatilah pemerintah, pemimpin dan penguasa kami, supaya hukum mereka adil dan jujur dan rakyat di arahkan kepada perbuatan-perbuatan yang baik.
Berikanlah semangat bagi kami untuk bekerja, karena itu sesuai dengan hukumMu supaya jumlah orang yang jahat semakin kurang dan jumlah orang yang berbelas kasihan semakin bertambah dan mereka memuliakan namaMu. Bawalah kami dari dunia fana ini ke dalam hidup yang kekal yang Tuhan sediakan di sisiMu, karena Tuhan Yesus, Tuhan kami. A m i n .
R E F O R M A SI
Tuhan Allah, Bapa kami, yang Mahapengasih, Kami bersyukur karena Tuhan telah mempermuliakan namaMu di tengah-tengah kami, karena berita kesukaan dari Tuhan Yesus Kristus telah sampai kepada kami. Engkau telah membawa kami dari jalan yang sesat ke pada jalan yang benar, dari kegelapan ke pada terang, dari perhambaan dosa ke pada ketaatan di dalam anakMu, kami menjadi umatMu dan menjadi anak-anakMu. Kami memuji Engkau karena FirmanMu tetap danbekerja di tengah-tengah kami. Engkau yang memilih dan yang menetapkan hambaMu, memberitakan Kabar Kesukaan ke pada kami. Tinggallah bersama hambaMu yang setia, berkati mereka di tengah-tengah kami, beri penghiburan dan kekuatan agar jangan putus asa membimbing orang yang lemah dalam jemaatMu. Berilah RohMu kepada setiap pemberita Injil, agar mereka bersukacita, sehingga FirmanMu yang Kudus itu mengalir seperti mata air bersih dan sejuk yang memuaskan dahaga orang yang berlelah dan menanggung berat. Bila hambaMu di dalam kesesatan tolong mereka agar pemberitaan Berita Kesukaan jangan terhalang. Berilah pada jemaatMu pendengaran yang tajam, hati yang senang, agar mereka menghayati Firman Kehidupan itu. Jangan biarkan sifat keinginan kami menghambat kuasa FirmanMu, agar kami semakin taat dan patuh pada perintahMu. Jangan biarkan guru-guru penyesat datang ke dalam JemaatMu, orang jahil, orang murtad, yang hendak menyesatkan umatMu membawa ke pada kebinasaan. Lebih baik Tuhan mengarahkan hidup mereka kepada pertobatan, dan kembali setia kepada Yesus Kristus. Tetapi bila mereka tidak mau dipimpin oleh Tuhan ke pada kehidupan, jauhkanlah mereka dari jemaatMu, agar jemaatMu tenteram menaati Engkau. Kuduskanlah jemaatMu dan jauhkanlah ajaran-ajaran sesat dari mereka. Ajarlah pejabat-pejabat pada jemaatMu, agar mereka mampu mengatur dan menegakkan yang baik bagi jemaat. Berkatilah pemerintah, juga bimbinglah mereka agar turut melaksanakan kehendakMu. Kami semua berserah ke pada Tuhan, yang dewasa dan anak-anak, yang kaya dan yang miskin, pejabat gereja dan anggotanya, juga seluruh anggota jemaat. Dalam hidup atau mati, hanya Tuhan saja yang kami taati di dalam Tuhan Yesus Kristus Tuhan kami. A m i n.
PERINGATAN AKAN ORANG YANG TELAH MATI
Tuhan Allah Bapa yang dari kekal dan yang hidup selama-lamanya. Hari ini kami mengingat saudara-saudara kami yang sudah-sudah meninggal mendahului kami kembali ke sisiMu. Engkau yang memegang kunci pintu surga dan telah membukanya bagi orang-orang percaya kepada Tuhan Yesus Kristus. Pada hari ini hati kami tersentuh merenungkan akhir hidup kami dan hari kebangkitan kelak. Kami berterima kasih ke padaMu karena Tuhan melahirkan kami kembali ke dalam pengharapan yang hidup, sehingga kami dapat dibebaskan beroleh hidup yang kekal. Kami bukanlah berputus asa pada hari peringatan ini, tetapi makin merindukan tempat tujuan akhir hidup kami yang baka. Sudah banyak saudara-saudara dan kekasih kami yang Tuhan panggil kembali ke hadapanMu, dan akhir hidup mereka menjadi peringatan bagi kami untuk berpengharapan ke pada Tuhan Yesus pada akhir hidup kami masing-masing. Gerakkanlah hati kami agar dapat berbuat teladan yang baik bagi keturunan kami.
Berilah penghiburan bagi orang yang sesat dan orang-orang yang berdukacita agar mereka jangan hanya meratapi kesedihannya dan berputus asa. Baharuilah perhatian mereka agar melihat dan berpengharapan kepadaMu di surga. Berikan Roh Kudus kepada kami yang memberi kesaksian bahwa kami telah menjadi anak-anakMu yang menjadi pewaris KerajaanMu. Jauhkan dari kami hati yang bimbang dan ragu agar iman kami tetap berpegang teguh kepada Tuhan Yesus pohon kehidupan, dalam perjalanan keluar dari lembah kegelapan maut. Bila mata semakin kabur, bukalah mata hati kami agar dengan jelas melihat jalan ke pada kehidupan yang kekal. Bila lidah kami sudah menjadi kelu dan tidak dapat lagi berkata-kata, kuatkanlah kami dengan Roh Kudus agar kami dapat mengucapkan : Ya Bapa ke dalam tanganMu kuserahkan rohku !
Terangilah senantiasa hati kami agar selalu siap dan waspada serta tetap tenang untuk menyambut akhir dari hidup kami, di dalam Tuhan Yesus Kristus Tuhan kami. A m i n.
PESTA ZENDING
(PEKABARAN INJIL)
1. Ya Tuhan Yesus Kristus, Tuhan dan Allah kami. Engkau layak menerima kemuliaan dan puji-pujian sampai selama-lamanya. Engkau telah menderita sengsara, darahMu dicurahkan untuk kami orang yang berdosa, supaya kami hidup. Engkau telah mengutus murid-muridMu memberitakan Injil Kesukaan itu ke seluruh dunia. Karena itu kami bersukacita, sebab Injil itu telah sampai kepada kami. Utuslah Penginjil-penginjil juga ke pada bangsa-bangsa lain, yang masih belum pernah mengenal Engkau. Berikanlah Roh Kudus kepada kami agar kami menaati FirmanMu. Teguhkanlah iman kami, dan tanggalkan dari kami keinginan-keinginan duniawi, agar kami menjadi manusia baru yang telah disucikan oleh darahMu. Engkau berjanji akan mengabulkan permohonan kami. Tunjukkanlah pengasihanMu ke pada orang kafir dan ke pada mereka yang belum percaya, yang masih berada di lembah kegelapan. Ajak dan panggillah mereka masuk ke dalam GerejaMu. Gerakkanlah hati setiap orang Kristen memberitakan Injil itu, agar mereka menjadi garam dan terang di dunia ini. Berkatilah Badan-badan Pekabaran Injil dan mereka yang mendoakannya serta mengelolanya. Utuslah hamba-hambaMu yang rajin dan setia ke tempat-tempat yang masih luas yang belum mengenal Engkau, agar mereka mengumpulkan tuaianMu, yang seharusnya masuk ke dalam KerajaanMu. Pelihara dan berkatilah hambaMu yang bekerja di tengah-tengah orang kafir dan yang belum percaya kepadaMu; beri mereka kekuatan, ketabahan hati, iman yang teguh dan penyangkalan diri, agar mereka tabah menderita, menanti-nantikan pertobatan orang-orang yang merindukan keselamatan. Berikan penghiburan ke pada hamba-hambaMu yang telah bekerja di kebun anggurMu, dan hapuslah air mata mereka, berilah buah pekerjeannya, agar mereka bersukacita memuji namaMu. Pelihara dan lindungilah gerejaMu yang telah Engkau persatukan, Pelayan-pelayannya demikian juga anggota jemeatnya. Jauhkan mereka dari penganiayaan dan tipu muslihat iblis itu. Sisihkan segala yang dapat menghambat pengembangan InjilMu. Tuhan kiranya melunakkan hati mereka yang masih menentangMu. Panggil dan bawalah umat manusia dari seluruh dunia, agar mereka datang beramai-ramai ke dalam gerejaMu: mereka yang dari Utara dan dari Selatan, yang dari Timur dan dari Barat, semuanya datang menjadi satu Gereja Tuhan yang kudus, yang mengaku, bahwa : Tuhan Yesus Kristus adalah Raja dan Tuhan untuk menjadi Kemuliaan dan Kebesaran Allah untuk selama-lamanya. A m i n .
2. Ya Tuhan Allah, Bapa kami yang Mahakasih ! Terpujilah namaMu yang kudus itu, karena Engkau memberi kepada kami Berita Keselamatan yang dari Tuhan Yesus Kristus. Kami ucapkan syukur, karena Tuhan telah memberikan terangMu menerangi jalan kami menuju kehidupan. Berilah Roh Kudus mengajar kami untuk menaati FirmanMu, dan meyakinkan kami tentang kehidupan yang kekal. Bukalah pintu InjilMu ke pada bangsa-bangsa, agar mereka mau menerima Berita Keselamatan itu. Engkau mengamanatkan, bahwa Injil itu harus diberitakan ke seluruh bangsa. Karena itu kami mohon : Berilah keberanian dan kesediaan kepada setiap orang percaya, agar mereka memberitakan Tuhan Yesus Kristus Juruselamat dunia ke pada orang kafir dan orang yang belum mengenalNya. Penuhilah janjiMu, berikanlah bangsa-bangsa menjadi persembahan kami kepada Tuhan Yesus Kristus, agar kami semua menjadi upah jerih payahNya, sebab Dia telah mengalami sengsara dan penderitaan sampai mati demi penyelamatan kami. Kiranya kerajaanMu tersebar dan dimasyhurkan ke seluruh dunia ini, menjadi ke Agungan namaMu, dan menjadi kehidupan kekal bagi kami, karena AnakMu, Yesus Kristus Tuhan kami. A m in.

3. Ya Tuhan Allah yang Mahapengasih dan Bapa kami ! Kami puji Engkau, karena Engkau memberi AnakMu, Tuhan Yesus Kristus menjadi kehidupan kami. Kuatkanlah kami dengan Roh Kudus, agar kami menaati FirmanMu. Kami telah mendengar Amanat Agung itu : Engkau menyuruh kami memberitakan Injil itu, yaitu Injil Keselamatan yang dari Tuhan Yesus, ke pada bangsa-bangsa kafir dan orang-orang yang belum mengenal Engkau. Angkatlah para Pelayan yang akan bekerja di tengah-tengah bangsa yang duduk di lembah kegelapan. Kami mohon : Berkatilah Badan Pekabaran Injil Barmen, berkatilah utusan-utusan mereka yang tersebar di seluruh dunia. Berkatilah tempat-tempat pengajaran supaya kerajaanMu semakin luas. Berkatilah Departemen Zending Huria Kristen Batak Protestan dan para Penginjil yang diutusnya. Kuatkan kami supaya kami dalam sukacita bekerja menyebar luaskan kerajaanMu. Dengarlah segala yang kami mohonkan karena AnakMu, Tuhan Yesus Kristus, Tuhan kami.
A m i n .",Religious,Ritual Text,http://setiamengasihi.blogspot.com/2018/04/agenda-batak.html.,,yes
mg_060,NATUTU TU NALILU,"Tutu marsitutu, ido Ho Tuhan
Lilu marulak-ulak lilu, ima ahu Tuhan

Ate-ate namatopak, Ho do padomuhon
Pusu-pusu namagotap, Ho do namamudun
Roha marutrut alani muruk
Las ni roha maropuk alani muruk
Ria matolpang alani holang
Ho do sai panorang
Pamonang tu akka parporang
Tuhan, Ho ma gabe ondolan

Daon ni namagopu
Daon asa malum
Ido Ho Tuhan
Naholip di simalolong
Alai tu tondi sai tong manggomgom

Ido Ho Tuhan, na ro di nasa arsak
Pardongan tu parjalang naso boi dope mulak

Maporus tu Ho do sude nasa roha
Namaniak, naborat, jala nagolap
Asa palambok Tuhan, paneang Tuhan, patorang Tuhan

Maradu tu Ho do parroha natutu
Asa tadingma ngolu nasusa di sihadaoan

Dung tubu Ho Tuhan
Borngin i gabe torang
Ho do sulu namagolu
Di sandok namarroha asa unang lilu

Peak di panggagatan do nian
Ditopot holan parmahan do nian
Di bara ni pinahan do nian
Lesem hian do nian
Alai Ho ma gabe dalan hangoluan
Parmahan ni nasa jolma
Abara pangunsandean ni akka naloja
Ho ma i Tuhan

Pulik-pulik ido somal umbahen holip
Dang songoni Ho Tuhan
Sude do toguon-Mu asa unang adong nalilu
Unang adong mago jala magopu
Jala talu maralohon musu

Burik-burik ido rohakku tu Ho Tuhan
Sipata ganggu, sipata lilu

Pilit-pilit ido ngolukku Tuhan
Alai dang laho Ho
Lan gabe jumonok ro
Manumpahi simanjujung, mengebati tondikku
Asa saut ma ahu Tuhan
Marbulusan di holong-Mu
Asa lasma ahu
Torangma ahu

Tutu marsitutu, ido Ho Tuhan
Lilu marulak-ulak lilu, ima ahu Tuhan","Sungguh, Engkaulah itu Tuhan,
Sesat berulang-ulang sesat, itulah aku Tuhan.

Hati yang retak, Engkaulah yang menyatukan.
Jantung yang terputus, Engkaulah yang menyambungkannya. Jiwa yang merana karena amarah, Kegembiraan yang hancur karena amarah, Sukacita yang terbelah karena perpisahan/kerinduan, Engkaulah yang senantiasa menerangi/menjelaskan, Memberi kemenangan kepada para pejuang. Tuhan, Engkaulah yang menjadi sandaran.

Obat bagi yang remuk/hancur,
Obat supaya sembuh, Itulah Engkau Tuhan.
Yang tersembunyi dari mata,
Tetapi kepada jiwa senantiasa berkuasa/melindungi.

Itulah Engkau Tuhan, yang datang di setiap kesusahan, Pendamping bagi perantau yang belum bisa pulang.

Berlindung kepada-Mu semua perasaan/pikiran, Yang tersiksa, yang berat, dan yang gelap, Agar melunakkan Tuhan, meringankan Tuhan, menerangi Tuhan.

Menghadap kepada-Mu jiwa yang sesungguhnya, Agar tinggallah hidup yang susah di kejauhan.

Setelah Engkau lahir Tuhan, Malam itu menjadi terang. Engkaulah pelita yang menyelamatkan, Bagi semua yang berakal agar tidak tersesat.

Terbaring di palungan memang, Didatangi hanya oleh gembala memang, Di kandang ternak memang, Sungguh rendah memang, Tetapi Engkaulah yang menjadi jalan kehidupan, Gembala bagi semua manusia, Bahu sandaran bagi yang lelah.
Itulah Engkau Tuhan.

Terpisah-pisah itu biasanya yang membuat tersembunyi, Tidaklah begitu Engkau Tuhan.
Semua Kau tuntun agar tidak ada yang tersesat,
Agar tidak ada yang hilang dan remuk/hancur, Serta kalah melawan musuh.

Buruk-buruk/bernoda-noda itulah hatiku kepada-Mu Tuhan, Kadang ragu, kadang sesat.

Berliku-liku itulah hidupku Tuhan,
Tetapi Engkau tidak pergi,
Bahkan semakin mendekat datang, Memberkati kepala, mengobati jiwaku, Agar terwujud/tercapai aku Tuhan, Terbenam dalam kasih-Mu, Agar gembiralah aku, Teranglah aku.

Sungguh, Engkaulah itu Tuhan, Sesat berulang-ulang sesat, itulah aku Tuhan.",Literary,Poems,https://patuamangunsong.blogspot.com/,,yes
mg_061,PODA NI PARSINUAN,"Dang sitiop hujur hita amang
Alai parroha napiccur
Namangondolhon hatigoran
Di ruhut-ruhut ni hangoluan
Napatindangkon hasintongan
Di ganup roha namatolpangan

Hata ma on
Alai gabe arta di parjalangan
Nonang ma on
Alai gabe ulos tu nasa pamatang","Kita bukanlah pemegang tombak, Nak,
Melainkan berjiwa yang jernih/tajam (cerdik),
yang mengutamakan kebenaran dalam aturan-aturan kehidupan,
yang menegakkan keadilan/kebenaran di setiap jiwa yang terbelah/terpecah.

Ini hanyalah kata,
tetapi menjadi harta di perantauan.
Ini hanyalah benang/ucapan biasa,
tetapi menjadi ulos (pelindung/pedoman) bagi seluruh tubuh",Literary,Poems,https://patuamangunsong.blogspot.com/,,yes
mg_062,TARPAIMA,"Taripar dolok pe ho
sai tading do hodok
di nakkokan naparjolo
ido sai manjou ho
asa mulak patiurhon holom
tu tano dohot natua-tua
namangasahon nasa holong

Taripar tao pe ho
sai tading do ilu
namanetek tu galumbang
di topi ni solu
ido sai manjou ho
asa mulak
asa rap hita
mardaunpogu
di toru turpuk ni gaol
jonokhon bona ni bulu","Meskipun kau menyeberangi gunung,
tetap tertinggal keringat di tanjakan yang pertama;
itulah yang senantiasa memanggilmu agar kembali menerangi kegelapan kepada tanah dan orang tua yang mengharapkan segenap kasih sayang.

Meskipun kau menyeberangi danau,
tetap tertinggal air mata yang menetes ke gelombang di tepi perahu;
itulah yang senantiasa memanggilmu agar kembali,
agar kita bersama-sama memasak/makan daun ubi (bersama dalam kesederhanaan) di bawah rumpun pohon bambu kecil,
dekat pangkal rumpun bambu",Literary,Poems,https://patuamangunsong.blogspot.com/,,yes
mg_063,BEGEMA I INONG,"Tung so tarjou ahu be ho inong
Tung so tarhirap ahu be ho inong
Hape godang sialuhonon
Godang sipasahaton
Godang halungunon
Godang haliluon
Godang panolsolion

Tung so tarjou ahu be ho inong
Tung so tarhirap ahu be ho inong
Nion gellengmu nasaleleng on mangagohon holong
Holongmu inong
Holong nasai tiris dinasa uashu
Saganjang ngolukku
Manumpaki simanjujunghu

Bege, begema inong
Ende nalungun di tonga borngin nahohom
Bege, begema inong
Hupasahat tonakku
Hupasahat holongku
Hupasahat siukhu
Hupasahat sulang-sulanghu
Hupasahat las ni rohakku
Hupasahat lungunku
Hupasahat panolsolionku

Bege, bege, begema inong
Ende ni sulim bulu
Namangendehon hadirionku
Naung mulak sian nalilu","Sungguh, aku tak bisa lagi memanggilmu, Ibu.
Sungguh, aku tak bisa lagi membangunkanmu, Ibu.
Padahal banyak yang ingin dicurahkan,
Banyak yang ingin disampaikan,
Banyak kerinduan,
Banyak kesesatan (kekhilafan),
Banyak penyesalan.

Sungguh, aku tak bisa lagi memanggilmu, Ibu.
Sungguh, aku tak bisa lagi membangunkanmu, Ibu.
Ini anakmu yang selama ini menyia-nyiakan kasih sayang.
Kasih sayangmu, Ibu,
Kasih sayang yang senantiasa menetes di setiap kehausanku,
Sepanjang hidupku, Memberkati kepalaku (seluruh diriku).

Dengar, dengarkanlah Ibu,
Lagu sedih di tengah malam yang sunyi.
Dengar, dengarkanlah Ibu,
Aku sampaikan pesan/nasihatku,
Aku sampaikan kasih sayangku,
Aku sampaikan air minumku,
Aku sampaikan suapanku,
Aku sampaikan kegembiraanku,
Aku sampaikan kerinduanku,
Aku sampaikan penyesalanku.

Dengar, dengar, dengarkanlah Ibu
Lagu dari seruling bambu,
Yang menyanyikan keberadaanku (jati diriku),
Yang telah kembali dari kesesatan",Literary,Poems,https://patuamangunsong.blogspot.com/,,yes
mg_064,Boru Panggoaran,"Ho do borukku
tappuk ni ate atekki
ho do borukku
tappuk ni pusu pusukki

Burju burju maho
namarsikkola I
asa dapot ho
na sinitta ni rohami

Molo matua sogot ahu
ho do manarihon ahu
molo matinggang ahu inang
ho do namanogu-nogu ahu

Ai ho do borukku
boru panggoaranhi
sai sahat ma da na di rohami
ai ho do borukku
boru panggoaranhi
sai sahatma da na di rohami","Engkaulah anak perempuanku
harapan hatiku
engkaulah anak perempuanku
harapan hidupku

Bagus-baguslah kau
yang bersekolah itu
agar dapatmu
cita-cita yang kau mimpikan

Kalau nanti sudah tua aku
engkau yang memperhatikan aku
kalau nanti aku terjatuh
engkau yang menuntunku

Engkaulah anak perempuanku
anak yang membawa namaku
semoga tercapai yang kau inginkan
engkaulah anak perempuanku
anak yang membawa namaku
semoga tercapai yang kau inginkan",Literary,Poems,https://www.detik.com/sumut/budaya/d-7916588/5-lirik-lagu-batak-populer-dan-trending-di-tiktok-lengkap-dengan-maknanya,,yes
mg_065,Ringkasan Buku Kosmos-Carl Sagan,"Buku Hosmos ni Carl Sagan tudos tu sada dalan na mamboan hita mandalani tano na so hatudosan na bidang jala hahomion. Bayangkon ma, portibi holan sada orbuk do di lapangan bola molo ta pa tudos tu kosmos na tung massai balga situtu i!

Parjoloan 1: Rura Pasir ni Lautan Kosmik
Bindu 1: Rimangima songon dia metmet ni hita di tano na so hatudosan on. Tano on tudos orbuk na martitik di lapangan bola! Olo ma tutu, metmet jala serep do pangkilalaan i?
Bindu 2: Hita dipatandahon tu angka astronom na balga songon Galileo Galilei dohot Johannes Kepler.Angka panjumpaan nasida manoro angka pangaramotan jala mambungka dalan laho mangantusi tano na so hatudosan i lam denggan.
Bindu 3: Mandalani angka planet di tata surya, suang songon atmosfer, parangena, dohot satelit-na. Adong do na gabe tudoson ni hangoluan di planet na asing songon Mars!
Bindu 4: Patudoshon portibion dohot Venus dohot Mars. Dipaboa do taringot parasingan ni atmosfer, las niari, dohot aekna nadipatorang ro di ujungna. Hita pe marsiajar taringot muse fek rumah kaca dohot pangkorhonna tu planet i laho maringanan.

Parjoloan 2: Sada Soara di Fugue Kosmik
Bindu 5: Mangeahi proses evolusi ni bintang.Sian hatutubuna di nebula, sahat tu hamateanna gabe supernova. Balga situtu!
Bindu 6: Hita didongani mandalani nebula, inganan hatutubu dohot hamatean ni bintang. Hita pe marsiajar taringot pembentukan elemen-elemen na massai borat di bagasan nebula dohot parohana di panjadihon planet.
Bindu 7:Marpanandaan tu bintang neutron dohot hona-hona na holom. Gogo ni Sintak na So Hatudosan, hinsuna, dohot pangkorhonna tu parpeak dohot tingki di ullos tuntas. Adong do na gabe lubang ut-ut dohot pardalanan ni tingki!
Bindu 8: Mambahas tingki dibagasan parpeak ni kosmik. Dilatasi waktu, relativitas, dohot paradoks pardalanan ni tingki di ulloshon dohot las ni roha.

Parjoloan 3: Hatean ni Portibi .
Bindu 9: Hatorangan taringot tu panjadihon ni galaksi. Sian halo gas dohot orbuk sahat tu parpeak ni spiral dohot elips. Mambahas galaksi dohot parange ni bintang dohot gas di patorang dohot las ni roha.
Bindu 10: Mamparpanandaan tu quasar, gogo na balga di tonga-tongani galaksi. Parsalionan narara gabe sitindangi bidang ni tano on di ullos tuntas.
Bindu 11: Mangeahi teori Big Bang. Angka hatorangon sian sinondang perpeakan naparjolo kosmik, nukleosintesis Big Bang, dohot evolusi tano na so hatudosan na parjolo di ullos tuntas. Teori inflasi dohot songon dia Big Bang boi masa dipatorang.
Bindu 12: Mandalani na gabe tudosan ni paradianan ni tano na so hatudosan i. Big Crunch, Big Freeze, manang Big Rip? Hita pe marsiajar taringot pangantusion gogo na holom dohot materi na holom dohot pangkorhonna tu evolusi portibi on.

Parjoloan 4: Banua Ginjang dohot Naraka
Bindu 13: Hita didongani mangeahi turi-turian ni pardalanan ruang angkasa. Ulaon ni Sputnik, Vostok, Apollo, dohot Voyager di ullos dohot las ni roha.
Bindu 14: Manimbang parpeak ni hita di tano na so hatudosan i dohot songon dia parbinotoan kosmik i boi manguba parnidaanta tu portibi on.

Buku Kosmos i ndada holan taringot sains/parbinotoan taringot tano on, alai taringot las ni roha na naeng mamboto, mangeahi, dohot parpeanta di tano na so hatudosan i. Buku on ingkon jahaon ni ganup na naeng mandalani angka nalomang ni kosmos dohot manjumpahon alus ni angka sungkun-sungkun na balga taringot hangoluan.

Satatan metmet:
On holan ringkasan na jempek, godang dope angka na mamboan si las niroha na asing di Pustaha Kosmos (molo na di ginjang).
Unang lupa jaha buku aslina laho mangarimpas parbinotoan na lobi lengkap!","Buku Kosmos karya Carl Sagan bagaikan portal yang membawa kita menjelajahi alam semesta yang super luas dan penuh misteri. Bayangkan, Bumi cuma setitik debu di lapangan sepak bola dibandingkan dengan kosmos yang super duper besar!

Bagian 1: Pantai Samudera Kosmik

Bab 1: Membayangkan betapa kecilnya kita di alam semesta. Bumi ibarat setitik debu di lapangan sepak bola! Waw, kerasa kecil dan rendah hati gak tuh?
Bab 2: Kita diajak berkenalan dengan para astronom keren seperti Galileo Galilei dan Johannes Kepler. Penemuan mereka menantang dogma dan membuka jalan untuk memahami alam semesta dengan lebih baik.
Bab 3: Menjelajahi planet-planet di tata surya, termasuk atmosfer, fitur permukaan, dan satelitnya. Ada kemungkinan kehidupan di planet lain seperti Mars lho!
Bab 4: Membandingkan Bumi dengan Venus dan Mars. Perbedaan atmosfer, suhu, dan airnya dibahas tuntas. Kita juga belajar tentang efek rumah kaca dan pengaruhnya pada kelayakhunian planet.

Bagian 2: Satu Suara dalam Fugue Kosmik
Bab 5: Menyelami proses evolusi bintang. Dari lahirnya di nebula, hingga kematiannya sebagai supernova. Keren banget!
Bab 6: Kita diajak menjelajahi nebula, tempat lahir dan mati bintang. Kita juga belajar tentang pembentukan elemen-elemen heavier di dalam nebula dan peran mereka dalam pembentukan planet.
Bab 7: Berkenalan dengan bintang neutron dan lubang hitam. Gravitasi ekstrem, kepadatan, dan efeknya pada ruang dan waktu dibahas tuntas. Ada kemungkinan lubang cacing dan perjalanan waktu lho!
Bab 8: Membahas konsep waktu dalam konteks kosmik. Dilatasi waktu, relativitas, dan paradoks perjalanan waktu dibahas dengan seru.

Bagian 3: Keselarasan Dunia
Bab 9: Peggambaran tentang pembentukan galaksi. Dari halo gas dan debu hingga struktur spiral dan elips. Klasifikasi galaksi dan pergerakan bintang dan gas di dalamnya dibahas dengan menarik.
Bab 10: Mengenal quasar, sumber energi raksasa di pusat galaksi. Pergeseran merah sebagai bukti ekspansi alam semesta dibahas dengan detail.
Bab 11: Menyelami teori Big Bang. Bukti-bukti dari radiasi latar belakang kosmik, nukleosintesis Big Bang, dan evolusi alam semesta awal dibahas tuntas. Teori inflasi dan bagaimana Big Bang mungkin terjadi juga dijelaskan.
Bab 12: Mengeksplorasi kemungkinan nasib masa depan alam semesta. Big Crunch, Big Freeze, atau Big Rip? Kita juga belajar tentang konsep energi gelap dan materi gelap dan pengaruhnya pada evolusi alam semesta.
Bagian 4: Heaven and Hell
Bab 13: Kita diajak menelusuri sejarah penjelajahan ruang angkasa. Misi Sputnik, Vostok, Apollo, dan Voyager dibahas dengan seru.
Bab 14: Merenungkan tempat kita di alam semesta dan bagaimana pengetahuan kosmik dapat mengubah cara pandang kita terhadap dunia.

Buku Kosmos bukan hanya tentang sains, tapi juga tentang rasa ingin tahu, eksplorasi, dan tempat kita di alam semesta. Buku ini wajib dibaca bagi siapa saja yang ingin menjelajahi misteri kosmos dan menemukan jawaban atas pertanyaan-pertanyaan besar tentang kehidupan.

Catatan:

Ini hanya ringkasan singkat, masih banyak hal menarik lainnya di buku Sapiens.
Jangan lupa baca buku aslinya untuk mendapatkan pengalaman yang lebih lengkap!",Educational,Book Summary,https://medium.com/@kopriadin/ringkasan-buku-kosmos-carl-sagan-versi-bahasa-indonesia-cf796fa69ca2 ,,yes
mg_066,Ringkasan Buku Sapiens-Yuval Noah Herari (versi bahasa Indonesia),"Buku Sapiens ni Yuval Noah Harari i manjou hita mandalani pardalanan ni jolma sian tingki naung salpu sahat tu sadarion. Bayangkon ma, jolma na parjolo holan pinahan na som som, mar evolusi gabe spesies na tung massai timbul di Portibi on!

Parjoloan 1: Revolusi Kognitif
Bindu 1: Pinahan Siborgo-borgo na Marroha: Didongani hita marnida songon dia do Homo sapiens i marpeak sian primata na asing. Sai lam timbul do utokutokna dohot gogo ni parnidaanna, na tung marasing do i sian pinahan.
Bindu 2: Revolusi Kognitif: Hira-hira 70.000 taon naung salpu, masa do Revolusi Kognitif na manguba parngoluon ni jolma i. Godang do angka na mambahen revolusi on masa, songon parsalisian ni ari dohot parsalisian ni ulaon pardongan-dongan.
Bindu 3: Api: Revolusi Mamarsan: Panjumpaan di api i targoar do manguba tung massai balga evolusi ni jolma i, nang sian parange (biologis) nang sian pardongan-dongan (sosial). Mangaloppa sipanganon i gabe lam mura jala lam margogo, lam tu timbulna dohot utokutok i.
Bindu 4: Satahi: Revolusi Hata: Nangkok do gogo ni hata i tung massai ringkot di parpeak ni adat dohot peradaban ni jolma i. Marhite hata, boi do jolma i marsiajar parbinotoan, marsiurupan, jala targoar do marningot angka na so boi idaon.

Parjoloan 2: Revolusi Marsiulaon Tano
Bindu 5: Revolusi Marsiulaon Tano: Hira-hira 10.000 taon naung salpu, jolma i maruba sian marburu-papunguhon tu marsiulaon tano. Revolusi on manguba godang, sian bilangan ni jolma, parngoluan, sahat tu uhum pardonganan.
Bindu 6: Angka Suansuanan dohot Pinahan na Manjinakkon Jolma: Domestikasi suansuanan dohot pinahan targoar do manguba parale-aleon ni jolma i dohot alam. Adong do pangkorhon na denggan dohot na so denggan!
Bindu 7: Roda: Revolusi Pardalanan: Panjumpaan di roda i mar revolusi tu pardalanan dohot parbinotoan. Harajaon-harajaon pe boi do marbalga hatop jala infrastruktur lam tu timbulna.
Bindu 8: Hepeng: Sistem Haporseaon na Saluhutna: Hepeng, gabe sistem haporseaon na saluhutna, targoar do adong sejarah na ganjang! Hepeng manguba parulaon ni jolma i marbinotoan dohot marsiurupan gabe lobi kompleks.

Parjoloan 3: Hasadaon ni Bangso Manisia
Bindu 9: Hasadaon ni Bangso Manisia: Jolma i di ujungna gabe spesies na mangarajai di portibion. Godang do angka na mambahen on masa, songon parbinotoan, imperialisme, dohot panjumpaan na imbaru.
Bindu 10: Podang, Kuman, dohot Baja: Faktor geografis dohot parsalisian ni ari, ndada bangso manang budaya, na maroha di parpeak ni peradaban ni jolma i na mardongan. Podang, kuman, dohot baja targoar do adong pangkorhon na balga!
Bindu 11: Harajaon dohot Agama: Harajaon dohot agama i marsiolian do mardongan solhot. Harajaon i ringkot stabilitas dohot ekspansi, alai agama i mangalehon lapatan dohot parsaripeon. Parale-aleon nasida boi do denggan (mambahen gereja, pansarian ni agama) manang na so denggan (parporangan salib, reformasi Protestan).

Panghorhon dohot Catatan
Buku Sapiens i ndada holan taringot sejarah, alai taringot songon dia do jolma i marningot, marparange, dohot marsiolian. Buku on ingkon jahaon ni ganup na naeng mangantusi asal-usul dohot ari sogot ni bangso manisia.

Sipasingot: On holan ringkasan na jempek, godang dope angka na marsomba na asing di buku Sapiens. Unang lupa jaha buku aslina laho mangarimpas parbinotoan na lobi lengkap!","Buku Sapiens karya Yuval Noah Harari mengajak kita menjelajahi perjalanan manusia dari masa lalu hingga sekarang. Bayangkan, manusia yang dulunya cuma hewan biasa, berevolusi menjadi spesies paling top di Bumi!

Bagian 1: Revolusi Kognitif

Bab 1: Binatang Buas Berakal: Kita diajak ngeliat gimana Homo sapiens berkembang dari primata lain. Otak dan kemampuan berpikirnya makin canggih, beda banget sama hewan.
Bab 2: Revolusi Kognitif: Sekitar 70.000 tahun lalu, terjadi Revolusi Kognitif yang mengubah cara hidup manusia. Ada banyak faktor yang bikin revolusi ini terjadi, kayak perubahan iklim dan sosial.
Bab 3: Api: Revolusi Memasak: Penemuan api ternyata ngubah banget evolusi manusia, baik secara biologis maupun sosial. Masak makanan jadi lebih mudah dan bergizi, otak pun makin berkembang.
Bab 4: Gosip: Revolusi Bahasa: Bahasa punya peran super penting dalam perkembangan budaya dan peradaban manusia. Dengan bahasa, manusia bisa berbagi pengetahuan, kerjasama, dan bahkan mikir abstrak.

Bagian 2: Revolusi Pertanian
Bab 5: Revolusi Pertanian: Sekitar 10.000 tahun lalu, manusia beralih dari berburu-mengumpulkan ke bertani. Revolusi ini ngubah banyak hal, mulai dari jumlah manusia, gaya hidup, sampai struktur sosial.
Bab 6: Tanaman dan Ternak Menjinakkan Manusia: Domestikasi tanaman dan hewan ternyata mengubah hubungan manusia dengan alam. Ada dampak positif dan negatifnya lho!
Bab 7: Roda: Revolusi Transportasi: Penemuan roda merevolusi transportasi dan perdagangan. Kerajaan-kerajaan pun bisa berkembang pesat dan infrastruktur makin canggih.
Bab 8: Uang: Sistem Kepercayaan Universal: Uang, sebagai sistem kepercayaan universal, ternyata punya sejarah panjang lho! Uang ngubah cara manusia berdagang dan kerjasama jadi lebih kompleks.

Bagian 3: Penyatuan Umat Manusia
Bab 9: Penyatuan Umat Manusia: Manusia akhirnya menjadi spesies dominan di planet ini. Ada banyak faktor yang bikin hal ini terjadi, kayak perdagangan, imperialisme, dan penemuan baru.
Bab 10: Senjata, Kuman, dan Baja: Faktor geografis dan iklim, bukan ras atau budaya, yang berperan dalam perkembangan peradaban manusia yang berbeda. Senjata, kuman, dan baja ternyata punya pengaruh besar lho!
Bab 11: Kerajaan dan Agama: Kerajaan dan agama saling terkait erat. Kerajaan butuh stabilitas dan ekspansi, sedangkan agama menawarkan makna dan komunitas. Hubungan mereka bisa positif (membangun gereja, penyebaran agama) atau negatif (perang salib, reformasi Protestan).
Buku Sapiens bukan hanya tentang sejarah, tapi juga tentang bagaimana manusia berpikir, berperilaku, dan berinteraksi dengan satu sama lain. Buku ini wajib dibaca bagi siapa saja yang ingin memahami asal-usul dan masa depan umat manusia.

Catatan:
Ini hanya ringkasan singkat, masih banyak hal menarik lainnya di buku Sapiens.
Jangan lupa baca buku aslinya untuk mendapatkan pengalaman yang lebih lengkap!",Educational,Book Summary,https://medium.com/@kopriadin/ringkasan-buku-sapiens-yuval-noah-herari-000cb692de8b ,,yes
mg_067,Ringkasan — Psychology of Money,"Buku on tung massai direkomendasihon ni dosen na mangajar Mini MBA di Binus. Parjolo, hujaha ma satongkin versi terjemahan-na di Gramedia. Alai boasa ma hatana i hurang marsomba? Sai husungkun-sungkun ma, alani panurirangon i do na hurang pas manang tutu do isi ni buku i holan hatahata rompang songon godang ni buku na somal? Alai, dung direkomendasihon sahalak dosen di bidang na sarupa, tontu ma gabe marasing. Hutuhor buku versi English-na marhite online.
Dung sahat buku i tu hita. Kesan parjolo i ma, gaya panuraton ni buku on tung massai tarsunggul do jala mihal. Alai bindu panjahana i taringot ekonomi dohot parhepengon. Balga dohot hantusal-na pe pas do, ndang hantusan jala ndang hapisasan. Marhite hata na asing, very well designed.

Saluhutna Marroha
Buku on mamungka dohot mambahas boasa ma godang jolma na marroha hape nasida mambuat uhum parhepengon na gabe tabortabo jala na so boi antusan ni jolma na asing. Aha do na mambahen nasida songon i? Targoar do fenomena i dibina panghorhon na parjolo ni situasi ekonomi tingki nasida balga. Alani aha na hataon tabortabo ni sahalak jolma dihatahon som som ni jolma na asing.
Boasa ma adong dope jolma na mamboli karcis lotere? Alana halaki pogos. Hapogoson i mambahen nasida porsea ndang dapotan nasida hasangapon na dihalashon ni halak parruas na tonga manang na di ginjangna. Di nasida, angka jolma na boi mamboli jabu sandiri... i ma angka jolma na mangolu di parnipion. Jala naeng patulushon nipi i nasida marhite lotere.

Pasu-pasu dohot Marsitaon
Bill Gates boi gabe pengusaha software na monang alana marpasu-pasu ibana boi marsingkola di singkola na mora. Jala singkola i marpasu-pasu do boi adong sahalak guru na mamajuhon pangalompaon ni komputer (di tingki i komputer tung massai balga jala arga situtu) asa adong dalan ni ianakkon na tu komputer jala ture di ari sogot. Jadi boi do hataonta, Bill Gates boi samora sadarion alana ibana marpasu-pasu.
Alai, molo mambahas hoki i targoar do hita ingkon mambahas sibolaon, i ma marsitaon. Di tingki di singkola na sarupa, adong do dua ale-ale ni Bill Gates. Goarna i ma Kent Evans dohot Paul Allen. Dung balga nasida, dipajongjong Bill dohot Paul ma Microsoft rap. Dung i aha ma na masa tu Kent? Ingkon gabe sahalak founder Microsoft do ibana hape Kent marsitao. Kent monding tingki manaik dolok.
Marhite i, boi do sipunihonta, panghulaan sandiri i ndada faktor panentu. Adong do faktor na asing na manontuhon hasusorna, i ma faktor hoki dohot apes. Jala alani i, unang ma gabe tudos manilai monang ni hepeng ni sahalak jolma manang diri sandiri alana faktor panentu i ndada panghulaan nasida sandiri alai adong do unsur Pasu-pasu dohot Marsitaon. Targoar pe, Robert Shiller, na monang Nobel Ekonomi, mandok hoki i tutu do maroha di hasusor na ujung.

Roha na Tuk
Godang do jolma naung massai mora hape tarpajak di bagasan i. Nasida ndang boi manunda jala sai naeng lobi dope. Pangidoan na sai naeng lobi on godang do na mambahen nasida gabe tullang tu hamagoan songon ditutup alana tarboto mangalaon uhum holan laho pamahahon haingotanna laho mandapot na lobi dope.

Hagagatan ni Bunga na Mangebang
Warren Buffet boi samora sadarion ndada alana ibana investor na mangalehon hasusor na timbul situtu marsiolian. Alai, alana hot do ibana marinvestasi sian na poso jala mangkorhon hasusor na tuk. Jala hasusor na tarsongon i mandapot pangapulan sian compounding interest manang bunga na mangebang. Songon umpama, otik-otik gabe rura.

Gabe Mora manang Mangarajai Hatiuron
Godang do jolma na boi gabe mora dohot mura, hape talu nasida manjaga hangoluan asa sai mora.Asa, pusat ni rohatta ingkon unang ma eahi investasi na mangalehon pandapatan na sasadia na tung timbul, hape ndang tolap hita maniop resikona molo marsitaon.Eahii investasi na mangalehon pandapatan na tuk na ringkot boi do hita mangatur resiko asa ndang be hancur hita molo marsitaon.

Marujung di Tails jala Monang
Di parbinotoan statistik probabilitas adong do goarna Tails. Istilah on marujuk tu hagabean ni parsidungon na marujung tu sibolaon na massai dao sian kurva panirang. Alai, di pangulahian ni investasi, hadirna situasi tail on bohado mambahen hita gabe mora dohot hatop. Di dunia startup adong do sipaingot, laho monang ingkon patimbulonmu do bilangan ni hataluonmu. Ingkon jangkonon hita do fenomena tails on na jotjot masa di dunia bisnis, investasi dohot parhepengon. Marhite i, nangpe jotjot do hita talu alai di tingki na sada masa do hita tails jala mandapot hasusor na massai balga. Di dunia perfilman Indonesia, adong do hata na hot, “Som som do parmonang i talu parjolo"".

Haleon-aleon Mamillit
Manginganan hepeng na massai godang ndada tujuan na parjolo.Alana hasusor na timbul situtu i ma tingki boi do hita mangalehon-alehon manghabishon tingki. Amerika Serikat i ma huta na massai mora di sejarah ni portibi, hape otik do pangisina na las roha. Targoar do ndang las roha nasida songon di taon 1950-an tingki hatiuron nasida massai dao di toru ni sadarion.Pangkorhon i ma, ditukar nasida do haleon-aleon nasida manghabishon tingki holan laho mandapot hatiuron na lobi balga dope.

Sai Manabun ma
Mambahen hatiuron ndang adong hubunganna dohot balgana pandapotan alai sadia balgana hepeng na ditabungmu. Godang dope na asing na disurat di bagasan bukuna i hape hupas ma sahat tu on.","Buku ini sangat direkomendasikan oleh dosen pengajar Mini MBA di Binus. Sebelumnya, saya sempat baca-baca sekilas versi terjemahannya di Gramedia. Tapi kok bahasanya kurang menarik. Saya sempat bertanya-tanya, karena penerjemahannya yang kurang pas atau memang isi bukunya yang cuma omong kosong seperti banyak buku pada umumnya. Namun, setelah direkomendasikan oleh seorang dosen di bidang yang sama tentu jadi lain cerita. Saya langsung membeli buku versi englishnya lewat online.
Begitu buku saya terima. Kesan pertama adalah, gaya penulisan buku ini sangat renyah dan ringan. Padahal topik pembahasannya tentang ekonomi dan keuangan. Ukuran dan ketebalannya pun cukup, tidak ketebalan dan tidak ketipisan. Dengan kata lain, very well designed.

Semuanya Waras
Buku ini memulai dengan membahas mengapa banyak orang waras namun mereka mengambil keputusan keuangan yang terlihat gila dan tidak dapat dimengerti orang lain. Apa yang menyebabkan mereka begitu? Ternyata fenomena tersebut disebabkan oleh latar belakang situasi ekonomi ketika mereka tumbuh dewasa. Jadi apa yang dianggap gila oleh seseorang dianggap biasa saja oleh orang lainnya.
Mengapa masih ada orang yang membeli karcis lotere? Karena mereka miskin. Kemiskinan tersebut membuat mereka yakin mereka tidak akan dapat menikmati kemewahan yang dinikmati oleh masyarakat kelas menengah atau di atasnya. Bagi mereka, orang-orang yang bisa membeli rumah sendiri, bisa menyekolahkan anaknya sampai perguruan tinggi, membeli mobil baru, mempunyai asuransi kesehatan, rumahnya di cluster yang aman adalah orang-orang yang hidup di alam mimpi. Dan mereka ingin mencapai impian itu lewat lotere.

Hoki dan Apes
Bill Gates bisa menjadi pengusaha software yang sukses karena dia hoki bisa bersekolah di sebuah sekolah kaya. Dan sekolah tersebut hoki bisa punya seorang guru yang memperjuangkan pembelian komputer (waktu itu komputer sangat besar dan sangat mahal) supaya anak didiknya punya akses ke komputer dan siap untuk masa depan. Jadi kita bisa bilang, Bill Gates bisa sekaya sekarang karena dia hoki.
Namun, membicarakan hoki berarti kita harus membicarakan sisi sebelahnya, yaitu apes. Sewaktu di sekolah yang sama, Bill Gates punya dua teman. Namanya Kent Evans dan Paul Allen. Ketika dewasa Bill dan Paul mendirikan Microsoft bersama. Lalu apa yang terjadi dengan Kent? Seharusnya Kent bisa menjadi salah satu founder Microsoft namun Kent mengalami nasib apes. Kent tewas ketika naik gunung.
Dengan begitu, kita bisa simpulkan, usaha individu bukan faktor penentu. Ada faktor lain yang menentukan hasil akhirnya, yaitu faktor hoki dan apes. Dan karena itu, janganlah terlalu kejam menilai kesuksesan finansial seseorang atau pun diri sendiri karena faktor penentu bukanlah usaha mereka sendiri tapi ada unsur hoki dan apes. Bahkan, Robert Shiller, pemenang Nobel Ekonomi mengatakan hoki memang berperan dalam hasil akhir.

Merasa Cukup
Banyak orang yang sudah super duper kaya namun mereka terjebak di dalamnya. Mereka tidak dapat berhenti dan selalu ingin lebih. Mereka belum mengenal rasa cukup. Keinginan untuk selalu lebih ini banyak yang membuat mereka terjerumus dalam kehancuran seperti dipenjara karena terbukti melanggar hukum demi memuaskan kerakusannya untuk mendapatkan yang lebih lagi.

Keajaiban Bunga Berbunga
Warren Buffet bisa sekaya sekarang bukan karena dia adalah investor yang memberikan hasil tertinggi berturut-turut. Namun, karena beliau konsisten berinvestasi sejak muda dan menghasilkan hasil yang cukup. Dan hasil secukupnya tersebut mendapat percepatan dari compounding interest atau bunga berbunga. Seperti pribahasa, dikit-dikit menjadi bukit.

Menjadi Kaya vs Menjaga Tetap Kaya
Banyak orang yang bisa menjadi kaya dengan mudah namun mereka gagal untuk mempertahankan keadaan untuk tetap kaya. Sehingga, fokus kita haruslah jangan kejar investasi yang menawarkan pendapatan sesaat yang sangat tinggi namun kita tidak mampu menghadapi resikonya jika apes. Kejarlah investasi yang menawarkan pendapatan secukupnya yang penting kita bisa mengatur resiko sehingga kita tidak hancur kalau apes.

Berakhir di Tails Dan Menang
Dalam ilmu statistik probabilitas ada namanya istilah Tails. Istilah ini mengacu kepada kemungkinan percobaan berakhir ke sisi terjauh dari kurva distribusi. Namun, dalam berinvestasi, justru munculnya situasi tail ini malah bisa membuat kita kaya mendadak. Dalam dunia startup ada semboyan, to be successful you have to increase your failure rate.
Kita harus menerima fenomena tails ini akan sering terjadi dalam dunia bisnis , investasi dan keuangan. Dengan begitu, walaupun kita mungkin sering gagal namun pada satu waktu kita akan mengalami tails dan mendapatkan hasil yang sangat besar. Dalam dunia perfilman Indonesia, ada adagium, “Biasa jagoan mah kalah dulu baru menang”.

Kebebasan Memilih
Memiliki uang yang sangat banyak bukanlah tujuan utama. Karena hasil akhir paling tinggi adalah ketika kita bisa memiiliki kebebasan untuk menghabiskan waktu. Amerika Serikat adalah negara terkaya dalam sejarah dunia namun rata-rata penduduknya sedikit sekali yang bahagia. Bahkan tidak sebahagia di tahun 1950-an ketika kekayaan mereka jauh di bawah sekarang. Penyebabnya adalah mereka menukar kebebasan mereka untuk menghabiskan waktu demi mendapatkan kekayaan yang lebih besar lagi.

Teruslah Menabung
Membangun kekayaan tidak ada hubungannya dengan besarnya pendapatan tapi berapa besar uang yang anda tabung.
Masih banyak lagi yang ditulis di dalam bukunya namun saya cukupkan sampai di sini.",Educational,Book Summary,https://irwansyah.medium.com/ringkasan-psychology-of-money-7b0ce140374d ,,yes
mg_068,Review Buku “Kota Cerdas Berkelanjutan”Kota Cerdas Berkelanjutan,"Goar ni Buku: Huta na Pantas Marparbinotoan jala na Hot
Panurat: Nirwono Joga, dohot donganna (dkk)
Penerbit: PT. Gramedia Pustaka Utama
Taon: 2017

Buku Huta na Pantas Marparbinotoan na sinurat ni Nirwono Joga dohot dongan na, i ma buku na mambahas taringot tudosan na ringkot di bagasan na pajongjong huta na pantas marparbinotoan jala na hot, i ma sian na marparange, pangaturon ni inganan, pangaloion, dohot pangangkatahon. Huta gabe pusat ni ulaon ni bangso nang pamarentahan ingkon patujolohon nilai-nilai na denggan tu parngoluon tano, denggan tu parngoluon pardangingan, dohot na hot. Pangallanggaran ni huta na pantas marparbinotoan jala na hot i, ingkon manimbangon godang ragam ni parsiajaran, sian parsiajaran parngoluon pardangingan, parsiajaran parngoluon tano, parsiajaran parngoluon inganan, dohot parsiajaran parngoluon parhepengon. Andorang so diulahon dope pangallanggaran ni huta na pantas marparbinotoan jala na hot i, ingkon tontuon jolo angka parsoalan na jotjot masa di huta bolon.
Di bagasan buku on, dipatorangon adong onom parsoalan, i ma parsatongkinan ni parngoluon pardangingan dohot parpangarantoan, parsoalan pangaturon ni inganan, parngoluon tano ekologis ni huta bolon, ruji-ruji ni ulaon ni huta, paraloan ni huta dohot luat, dohot ulaon na ringkot dohot inganan parbagasan. Molo naeng mangulahon pangallanggaran na hot, ingkon marpangunsandean tu Sustainable Development Goals (SDGs) na gabe padan rap laho patontu tano na dumenggan. Parangean di pangallanggaran ni huta diulahon rap di holang-holang ni pamarentah dohot natorop laho masisalpuan di na marparangehon angka haputusan. Tujuan ni panurat na manurat buku on i ma, laho mangalehon taringot tu tudosan na ringkot di pangallanggaran ni huta dohot parange laho mangulahon pangallanggaran ni huta na pantas marparbinotoan jala na hot. Pangalehonon ni inganan laho mandokkon hata tu natorop dohot dongan sapunguan di na marparangehon ulaon i, gabe ulaon na sinurung di tikki pangallanggaran dohot panoranghon huta na hot.

Pajongjongon huta ingkon mangihuthon parbinsaran ni tingki dohot na manggampanghon ulaon ni natorop songon panghulaan aplikasi. I ma gabe patuduhon huta na pantas marparbinotoan na mangondolhon parripe ni teknologi songon ulaon di panoranghon ni huta.
Pardalanan-dalanan i ma gabe ugas dohot parbinotoan ni huta laho mandapot sumber ni hepeng. Ugasan dohot arta na tading sian tingki naung salpu i, boi gabe nilai ni parngoluon pardangingan di luat i. Di sisian na asing, i boi gabe pardalanan-dalanan na marpangunsandean tu pangangkatahonon ni parhepengon di humaliang ni i. Pangallanggaran ni huta na pantas marparbinotoan jala na hot i ingkon manimbangon artian sian sude inganan na adong. Di bagasan buku on, dipatontu parange laho mangangkatahon artian ni luat na boi gabe na sinurung di huta i. Songon tudosan ulaon na pajongjong huta pulo na manimbangon parngoluon tano dohot hiras tu mara. Parangean green city ingkon dibahen sian hulu sahat tu hilir asa marlinting parngoluon tano i jala unang gabe dibahen mara. Songon tudosan pangaturon ni pangusehonon dohot pangaloion ni uran na so suman i, boi gabe parsoalan molo nunga godang jolma na maringanan di huta i. Dungi, angka na masa taringot hasosakan, pangalaon, dohot polusi boi gabe sahit ni huta. Patik ni pangallanggaran ni huta na rata-rata jala na hot i, ingkon manimbangon parbinsaran ni huta na boi masa di tingki na naeng ro di luat i. Panarion pangallanggaran ingkon marnida parsiajaran parngoluon pardangingan di luat i laho mangarimpun parngoluon pardangingan na imbang.

Buku on balga situtu di na mangulas pangallanggaran ni huta asa hot. Pangaturon ni inganan gabe na ringkot situtu didongani pangaloion ni parngoluon tano dohot pangaturon ni natorop asa boi masisalpuan dohot pamarentah. Tung massai tangkas dipangke gabe sitiruon pni pamarentah dohot natorop di pangallanggaran ni luat, dumenggan ma muse di tingki saonari Indonesia na marparangehon pangallanggaran ni bona ni huta na imbaru. Diparsinta parangean ni haputusan di ari sogo mamungka sian Rencana Tatanan Ingangan dohot Wilayah (RTRW) sahat tu Rencana Detail Tatanan Ingangan (RDTR) boi ma mangondolhon parsiajaran parngoluon tano, parngoluon pardangingan, parhepengon, dohot parpulikuan asa tujuan ni pangallanggaran ni luat i boi hombar dohot Sustainable Development Goals (SDGs).","Judul buku : Kota Cerdas Berkelanjutan

Penulis : Nirwono Joga, dkk

Penerbit : PT. Gramedia Pustaka Utama

Tahun : 2017

Buku Kota Cerdas Berkelanjutan karya Nirwono Joga dan kawan-kawan merupakan buku yang membahas mengenai isu strategis dalam membangun perkotaan yang cerdas berkelanjutan mulai dari perencanaan, penataan ruang, pengelolaan, dan pengembangan. Kota sebagai pusat kegiatan masyarakat maupun pemerintahan perlu mengedepankan nilai-nilai ramah lingkungan, ramah sosial, dan keberlanjutan. Pembangunan kota cerdas berkelanjutan perlu mempertimbangkan berbagai aspek mulai dari aspek sosial budaya, aspek lingkungan, aspek tata ruang, dan aspek ekonomi. Sebelum melakukan pembangunan kota cerdas berkelanjutan, perlu mengidentifikasi permasalahan yang kerap terjadi di perkotaan. Dalam buku ini dijelaskan terdapat enam permasalahan, diantaranya kohesi sosial demografis, permasalahan tata ruang, lingkungan ekologis perkotaan, kerangka kerja perkotaan, kesenjangan desa-kota, dan pelayanan dasar serta pemukiman. Untuk melakukan pembangunan berkelanjutan perlu mengacu pada Sustainable Development Goals(SDGs) yang menjadi kesepakatan bersama untuk mewujudkan bumi yang lebih baik. Perencanaan dalam pembangunan perkotaan dilaksanakan secara terpadu antara pemerintah dan publik untuk saling berpartisipasi dalam penyusunan kebijakan. Tujuan penulis menulis buku ini adalah untuk memberikan informasi mengenai isu strategis pembangunan kota dan tata cara untuk melakukan pembangunan kota cerdas berkelanjutan. Penyediaan ruang aspirasi untuk masyarakat maupun komunitas dalam penyusunan strategi akan menjadi solutif kerjasama saat pelaksanaan pembangunan maupun penyelenggaraan kota berkelanjutan. Pembangunan kota perlu mengikuti perkembangan zaman dengan mempermudah layanan publik seperti penggunaan aplikasi. Hal ini menjadi indikasi smart city yang melibatkan peran teknologi sebagai sarana penyelenggaraan perkotaan. Pariwisata merupakan aset dan investasi kota dalam memperoleh sumber pendapatan. Pusaka dan benda peninggalan zaman dulu dapat menjadi sebuah nilai jatidiri bagi kebudayaan setempat. Disisi lain, hal tersebut dapat berpotensi menjadi pariwisata yang berkorelasi dengan peningkatan ekonomi sekitar.

Pembangunan kota cerdas berkelanjutan perlu mempertimbangkan potensi dari tiap kawasan. Dalam buku ini menyediakan tata cara mengembangkan potensi wilayah yang dapat menjadi primadona suatu kota. Sebagai contoh strategi membangun kota kepulauan yang memperhatikan faktor lingkungan dan tanggap bencana. Perencanaan green city perlu didesain mulai dari hulu hingga hilir agar ketahanan lingkungan terjaga dan tidak menimbulkan bencana. Sebagai contoh penataan sanitasi dan pengelolaan sampah yang kacau dapat menjadi persoalan ketika suatu kota telah dihuni banyak masyarakat. Selain itu, problema kemacetan, kriminalitas, dan polusi dapat menjadi urban ills. Prinsip pembangunan kota hijau berkelanjutan perlu mempertimbangkan dinamika perkotaan yang mungkin terjadi di masa mendatang pada suatu wilayah. Perencanaan pembangunan perlu melihat aspek karakteristik wilayah setempat untuk menjaga keseimbangan sosial budaya.

Buku ini sangat kompleks dalam membahas pembangunan perkotaan agar keberlanjutan. Penataan ruang menjadi hal penting diiringi pengelolaan lingkungan dan pengorganisasian masyarakatnya agar dapat bersinergi dengan pemerintah. Sangat cocok digunakan sebagai acuan pemerintah maupun masyarakat dalam pembangunan wilayah, terlebih lagi saat ini Indonesia sedang merencanakan pembangunan ibukota baru. Diharapkan penyusunan kebijakan kedepan mulai dari Rencana Tata Ruang dan Wilayah (RTRW) hingga Rencana Detail Tata Ruang(RDTR) dapat mengakomodasi aspek lingkungan, sosial budaya, ekonomi, dan politik sehingga tujuan pembangunan suatu wilayah dapat sesuai dengan Sustainable Development Goals(SDGs).

Reviewer: Fachrurizal Mahendra S. (Mahasiswa S1 Pembangunan Sosial dan Kesejahteraan 2020)",Educational,Book Summary,https://pembangunansosial.fisipol.ugm.ac.id/review-buku-kota-cerdas-berkelanjutan/ ,,yes
mg_069,Review Buku “Jangan Membuat Masalah Kecil Jadi Masalah Besar”,"Goar ni Buku : Unang Bahen Parsoalan na Metmet Gabe Parsoalan na Balga
Panurat : Richard Carlson
Panabur : PT Gramedia Pustaka Utama
Hata na Taringot : “Marsihaholongan ma dohot na so tupa hatorangan ni roha.”

Buku “Unang Bahen Parsoalan na Metmet Gabe Parsoalan na Balga” sinurathon ni Richard Carlson i ma terjemahan sian buku aslina na margoar “Don’t Sweat to Small Stuff”. Secara garis bolon, buku on mangalehon gombaran taringot tu parangeonta marnida angka parsoalan na taadopi. Buku na papintor diri on pe manorangkon taringot tu parangeonta laho mangalului parnidaan na imbaru di na marnida parsoalan, na paojakhon parhataion na denggan, dohot na pajongjong pangaloion diri marhite pengalaman ni sandiri.

Marhite hata na gampang, buku on patuduhon parange laho pajongjong parngoluon partondion dohot parbinotoan taringot tu holong ni roha na ringkot di jolma na mangadopi parsoalan, asa boi mambuat parange na dumenggan dohot manguba somal naung leleng na mangalo gabe somal na imbaru na boi “mangalului parnidaan na asing”. Marhite parnidaan na denggan, tapasina-sina ma marsihaholongan dohot dirinta, lobi peduli tu ngolunta, dohot fokus tu parsoalan na taadopi di tingki saonari. Hagogoan na manguasai diri sandiri i muse, mangurupi rohanta gabe lobi sonang.

Godang sian angka parpeak ni buku on na pamanuhon roha angka na majaha taringot tu na toktong na so ingkon dipahinsa laho paubahon, songon tudosan dongan saripe. Paubahon sada na so ringkot diuba i, holan manambai dohot patolhas parsoalan. Adong pigapiga parsoalan na toktong na diurupi si Richard Carlson, na gabe siboto roha dohot pasonang roha pe, na tama situtu laho diulas lobi leleng. Songon tudosan, adong pigapiga jolma na marpanagaman na boi paubahon sada par peak asa dos dohot na diparsinta nasida. Panagaman i gabe parsoalan ma di nasida ai diujungna ro ma hagaleon, hansit ni roha na balga, holso ni roha, elat, parbadaan, sahat tu na sega parale-aleon. Alani i, marhite buku on, dipangido si Richard Carlson do na laho mangurupi angka na majaha dohot na marungutungut di bagasan parsoalan asa mananda na so saluhut boi diubah songon na taparsinta ai holan gabe patambaon parsoalan na taadopi gabe lobi maol dohot balga.","Judul Buku : Jangan Membuat Masalah Kecil Jadi Masalah Besar
Penulis : Richard Carlson
Penerbit : PT Gramedia Pustaka Utama
Quotes : “Berdamailah dengan ketidaksempurnaan.”

Sinopsis

“Jangan Membuat Masalah Kecil Jadi Masalah Besar” karya Richard Carlson merupakan terjemahan dari buku aslinya yang berjudul “Don’t Sweat to Small Stuff”. Secara garis besar, buku ini memberikan suatu gambaran mengenai cara kita memandang permasalahan yang dihadapi. Buku self improvement ini juga menjelaskan mengenai cara kita untuk mencari perspektif atau sudut pandang baru dalam memandang suatu permasalahan, membentuk komunikasi yang efektif, dan membangun manajemen diri berdasarkan pengalaman pribadi.

Dengan bahasa yang sederhana, buku ini menyajikan cara untuk membangun spiritual dan emotional quotient yang dibutuhkan oleh orang yang sedang menghadapi masalah agar mampu mengambil sikap yang lebih baik dan mengubah kebiasaan lama yang “reaktif” menjadi kebiasaan baru yang mampu “mencari perspektif lain”. Dengan perspektif yang positif, kita akan belajar untuk berdamai dengan diri sendiri, lebih peduli dengan hidup kita, dan fokus pada masalah yang dihadapi di masa kini. Kemampuan mengontrol diri tersebut kemudian membantu batin kita menjadi lebih tenang.

Beberapa bagian dalam buku ini banyak menyadarkan para pembaca mengenai realitas yang tidak perlu dipaksakan untuk diubah, misalnya pasangan. Mengubah sesuatu yang sebenarnya tidak perlu diubah hanya akan menambah bahkan memperpanjang masalah. Setidaknya ada beberapa kasus nyata yang ditangani oleh Richard Carlson, yang juga berprofesi sebagai psikoterapis dan motivator, yang menarik untuk dibahas lebih lanjut. Misalnya ada beberapa orang yang menaruh harapan dapat mengubah suatu kondisi agar sesuai dengan yang mereka harapkan. Harapan tersebut akan menjadi masalah bagi orang-orang tersebut sebab akan berujung pada kekecewaan, depresi, stress, kebencian, konflik, sampai rusaknya sebuah relasi. Oleh sebab itu, melalui buku ini, Richard Carlson berusaha menolong para pembaca yang sedang bergumul dengan sebuah masalah untuk sadar bahwa tidak semua hal dapat diubah seperti apa yang kita mau karena hanya akan mengakibatkan permasalahan yang dihadapi menjadi lebih sulit dan bertambah besar.",Educational,Book Summary,https://pembangunansosial.fisipol.ugm.ac.id/review-buku-jangan-membuat-masalah-kecil-jadi-masalah-besar/ ,,yes
mg_070,Review Buku “Ikigai: The Japanese Secret to a Long and Happy Life”,"Goar : Ikigai: Rahasia ni Jepang Laho Mangolu na Leleng jala Sonang
Taon : 2017
Panurat : Héctor García dohot Francesc Miralles
Panabur : Penguin Books
Hata na Taringot : “Lamo i maralo situtu dohot hatorangan ni ngolu. Songon hata ni natua-tua, ‘Marlas ma ho na lampolampo, asa sahat ho na dao.’ Molo nunga tapasuda na haporluon i, ngolu dohot tingki i mandapot artian na imbaru.”

Gombaran Bolon:
Adong do tikina ro godang ragam ni sungkunsungkun taringot tu artian dohot lumban ni ngolunta sadarion. Aha i laho mangolu na leleng satoropna manang na laho mandapot saluhut na taparsinta? Dung i, boasa adong pigapiga jolma na mamboto aha na naeng ulahonon nasida, alai di sisian na asing adong pigapiga jolma na holan mangolu di bagasan hapultahan? I ma gabe ulaon na ringkot ni Ikigai, sada konsep na mangondolhon lumban na boi mangurupi hita mangalului lumban dohot artian ni ngolunta sadarion. Konsep Ikigai i mansai susa do, alai natorop di Jepang mangartihon Ikigai gampang na songon ‘sada lumban boasa hita hehe di manogot’ manang ‘sada lumban laho mangolu’

Hombar tu natorop ni Jepang, saluhut jolma do mar Ikigai di bagasan dirina be. Ikigai i marongsong do na dao di bagasan dirinta, gabe adong pigapiga jolma na holan marhite tingki na satongkin laho manjumpanghon i, jala adong pigapiga jolma na mamangke tingki na leleng laho manjumpanghon Ikigai-na. Dung jumpang Ikigai di bagasan diri, dapotonta ma panghori laho mangolu dohot leleng nang sonang, asa boi hita mangolu na sun ringkot. Buku Ikigai: The Japanese Secret to a Long and Happy Life i manorangkon taringot tu pigapiga lumban na ringkot dohot somal na diulahon ni jolma Jepang laho mangolu sonang jala leleng umur, songon dia nasida mangan, songon dia nasida marulaon, dohot songon dia nasida paojakhon parsatongkinan ni dongan sapunguan. Godang do isi ni buku holan marsitutu tu parngoluan ni pangisisi Okinawa, sada Pulo di Jepang na tarbarita margoar pulo halelengan ni umur alana angka jolma na nunga marumur saratus taon i ndada holan mangolu leleng, alai mangolu do nasida dohot sonang jala dao sian sahit. Nunga diulahon nasida Ikigai i marhite ratusan taon, sian pinompar sahat tu pinompar. Alani i, boi ma nasida mangolu na leleng dohot sonang.","Judul : Ikigai: The Japanese Secret to a Long and Happy Life

Tahun : 2017

Penulis : Héctor García and Francesc Miralles

Penerbit : Penguin Books

Quotes : “Being in a hurry is inversely proportional to quality of life. As the old saying goes, ‘Walk slowly and you’ll go far.’ When we leave urgency behind, life and time take on new meaning”

Sinopsis:

Terkadang muncul berbagai pertanyaan mengenai sebenarnya apa makna dan tujuan dari hidup kita selama ini. Apakah itu untuk hidup selama mungkin atau untuk menggapai semua keinginan kita? Lalu mengapa beberapa orang tahu apa yang ingin mereka lakukan, tetapi di sisi lain beberapa orang hanya hidup dalam kebingungan? Itulah peran penting dari Ikigai, suatu konsep yang memuat alasan untuk dapat membantu kita menemukan tujuan dan makna dari hidup kita selama ini. Konsep Ikigai sesungguhnya cukup abstrak namun masyarakat Jepang mengartikan Ikigai secara sederhana sebagai ‘suatu alasan mengapa kita bangun di pagi hari’ atau ‘suatu alasan untuk hidup’.

Menurut masyarakat Jepang, semua orang memiliki Ikigai dalam diri masing-masing. Ikigai kita tersembunyi jauh di dalam diri kita sehingga beberapa orang butuh waktu singkat untuk menemukannya dan beberapa orang lain butuh waktu yang lama untuk menemukan Ikigai-nya. Dengan ditemukannya Ikigai dalam diri maka kita akan menemukan motivasi untuk menjalani hidup lebih lama dan bahagia sehingga kita dapat live to the fullest.

Buku Ikigai: The Japanese Secret to a Long and Happy Life menjelaskan mengenai beberapa faktor kunci dan kebiasan apa saja yang dilakukan orang Jepang untuk hidup bahagia dan berumur panjang, seperti bagaimana mereka makan, bagaimana mereka beraktivitas, dan bagaimana mereka membina kolaborasi komunitas. Sebagian besar isi buku akan berfokus kepada kehidupan penduduk Okinawa, sebuah Pulau di Jepang yang terkenal dengan julukan pulau awet muda karena para centenarian tidak hanya hidup lebih lama namun mereka hidup dengan bahagia dan lebih jarang menderita penyakit. Mereka telah mempraktikkan Ikigai selama ratusan tahun secara turun temurun. Alhasil dengan pola hidup tersebut mereka dapat hidup lebih lama dan bahagia.",Educational,Book Summary,https://pembangunansosial.fisipol.ugm.ac.id/review-buku-judul-ikigai-the-japanese-secret-to-a-long-and-happy-life/ ,,yes
mg_071,Review Buku “The Things You Can See Only When You Slow Down”,"Goar : Angka Na Tarida Molo Ditingki Marsalampu Ho
Taon Haruar : 2018
Panurat : Haemin Sunim
Panabur : Penguin Books
Hata na Taringot : Molo gabe elat roham marnida ngolu ni sasahalak, ingot ma pizza na di bagasan iklan. I dohot dohot tarida lobi denggan sian na toktongna.

Portibi on marhusor mansai hatop, alai ndang berarti ingkon songon i hita. Marhite buku on, guru meditasi Zen Haemin Sunim manjou hita laho pamanuhon roha, molo nunga marsalampu, hita, portibi on pe marsalampu ma rap dohot hita. Buku na sinurat ni Haemin Sunim, na gabe biksu dohot mantan dosen di perguruan tinggi liberal arts di Massachusetts, i, marisihon pigapiga esai na jempek dohot hata na uli sian godang tokoh dohot surat na badia na boi gabe panimbangan ni ngolu. Bab na parjolo taringot tu “Rest” i do na pinillit gabe pamungkaan ni buku on. Hata na jempek ni Haemin Sunim na sinurat laho mangalusi sungkunsungkun di media sosialna i, mangalusi tu holso ni roha ni jolma na nunga gabe parpeak ni ngolu na imbaru. Rap ma hita mangalului dalan na sahat tu na imbang dohot hasonangan ni tondi di tongatonga ni godang tuntutan ni ngolu siganup ari, marhite angka na gampang, songon maradian dohot na paojakhon parsatongkinan na denggan di holang-holang ni jolma.

Buku on marisihon ualu bab na manggombarhon ualu parpeak, songon parsatongkinan, holong, sahat tu partondion. Buku on marisihon panogunogu tu haginjatan dohot hasonangan na tarida di bagasan ualu bab i. Haemin pe mangondolhon ringkotna paojakhon parsatongkinan na lobi bagas dohot dongan jolma dohot na marholong ni roha tu diri sandiri. Alani i, hata na pinangido na laho disampaikan i balga situtu. Haemin di na manurat tubu-tubu ni roha i ndang tompu mangalehon poda na gampang manang panogunogu na langsung songon buku pature diri na asing. Langka ni hata na dipatupa i, manghori angka namajaha laho marpanimbangon. Marsalampu jala dijalo ni roha i ma panagaman ni panurat molo naeng dijaha buku on. Angka namajaha i gabe sonang ma marnida gombaran na gok rupa na patontu hasonangan.","Judul : The Things You Can See Only When You Slow Down

Tahun Terbit : 2018

Penulis : Haemin Sunim

Penerbit : Penguin Books

Quotes : If you envy someone’s life, remember the pizza in the ad. It always looks better than it is.

Sinopsis :

Dunia bergerak dengan cepat, tetapi tidak berarti kita juga harus begitu. Melalui buku ini, guru meditasi Zen Haemin Sunim mengajak kita untuk menyadari bahwa ketika melambatkan diri, dunia juga akan melambat bersama kita. Buku yang ditulis Haemin Sunim yang merupakan seorang biksu dan mantan dosen di perguruan tinggi liberal arts di Massachusetts ini memuat beberapa esai pendek dan kata mutiara dari berbagai tokoh dan kitab suci yang dapat menjadi refleksi hidup. Bab pertama mengenai “Rest” dipilih untuk menjadi pembuka buku ini. Pesan-pesan singkat Haemin Sunim yang ditulis untuk menjawab pertanyaan di media sosialnya menyasar kepada kekhawatiran manusia yang sudah menjadi bagian dalam kehidupan modern. Bersama-sama kita akan mencari jalan menuju keseimbangan dan kedamaian batin di tengah berbagai tuntutan hidup sehari-hari lewat hal-hal sederhana, seperti beristirahat dan membangun hubungan baik antar manusia.

Buku ini berisi delapan bab yang menggambarkan delapan bidang, seperti hubungan, cinta, hingga kerohanian. Buku ini memuat petunjuk menuju kesejahteraan dan kebahagiaan yang termanifestasikan ke dalam delapan bab. Haemin juga menekankan pentingnya menjalin hubungan yang lebih dalam dengan orang lain dan berbelas kasih terhadap diri sendiri. Oleh karenanya, pesan yang coba disampaikan sangat mendalam.

Haemin dalam menuliskan gagasan tidak secara tersurat memberikan tips atau instruksi langsung seperti buku self improvement lainnya. Rangkaian kalimat yang disajikan mendorong pembaca untuk berkontemplasi. Pelan-pelan dan diresapi adalah harapan penulis ketika ingin membaca buku ini. Pembaca akan dimanjakan dengan visual penuh warna yang menenangkan.",Educational,Book Summary,https://pembangunansosial.fisipol.ugm.ac.id/review-buku-the-things-you-can-see-only-when-you-slow-down/ ,,yes
mg_072,Sinopsis Novel Sang Alkemis,"Barita ni Sang Alkemis i dipungka ma di tikki si Santiago, sada anak ni parmahan, na marpangkirimon laho patupahon nipi na, i ma manjumpanghon arta na marongsong na so tupa suda sahat tu pitu sundut. Lobi pos ma rohana dungo dibege ramalan ni parnamburi i. Lobi pos ma rohana dungo dibege namburi ni parnamburi i. Jempek Turiturian, laho mangalului nipi na, diparsuar ma saluhut pinahan parmahananna i. Di tikki nunga dipungka pardalananna, ditopot ma si Melchizedek, sada baoa na nunga matua na mangalehon godang poda taringot tu ngolu. Andorang so marsirang dope nasida nadua, dilehon si Melchizedek ma dua batu pangurupion na margoar Urim dohot Tumim laho manjaha angka pertanda. Dung i dipodahon ma tu si Santiago asa unang tupa mansadi marpinipi dohot asa tongtong mangihuthon angka pertanda. Dungkon pajumpang dohot baoa na matua i, diparjumpangkon si Santiago ma pardalananna dohot roha na gok. Tompu ma pajumpang ibana dohot sada nampuna lapau teh na naeng gale alana so adong sipanuhor na ro tusi. Nangpe songon i, nampuna lapau teh i marroha na denggan do. Dilehon ma sagalas teh na dumenggan tu si Santiago asa boi maradian satongkin. Di tikki marnida gelas pangalehonon i, tompu ma dapot bisuk si Santiago. Di pudian, marhite hagogoan manjaha gorat ni ibana, dipodahon si Santiago ma tu nampuna lapau teh i asa paubaon panginuman na somal dohot panginuman batu na tiur na godang dijejerhon do jolo ni lapau na. Di bagasan tingki na satongkin, ratusan panuhor ma na ro patorop lapau teh ni baoa i. Godang ma hepeng na didapot si Santiago sian ulaon i. Alai, alana so puas dope rohana, ditinggalhon ma si partigatiga teh i jala dipatorus pardalananna.
Lao sian pajumpang dohot partigatiga teh i, pajumpang do si Santiago dohot baoa sian Inggris na mangaranto laho manjumpanghon Sang Alkemis na diparsinta boi mamalumhon godang ragam ni sahit dohot sada borua na margoar Fatima. Marhite pajumpangna dohot baoa Inggris i, di paingot muse si Santiago taringot tu marsitutu dohot manghaporseai nipi. Di sisian na i, marhite si Fatima, marsiajar si Santiago taringot tu holong na toktong na pasohot rohana. Anak ni parmahan i torus ma laho mardalan-dalan holan asa jumpang dohot arta na marongsong i. Di tongatonga ni dalan, pajumpang ma ibana dohot jolma na leleng dilului baoa Inggris i, i ma Sang Alkemis. Parhataion nasida nadua balga jala na manghori roha. Didokkon Sang Alkemis i, holan sada do na gabe pangambati laho mancapai sininta ni roha, i ma biar ni roha di na gale. Di tikki naeng sahat si Santiago tu lumban na, tompu ma diambati sada punguan parjahat. Di tongatonga ni parpeak na maol i, diingot si Santiago ma pardalanan na dohot saluhut poda na binoan ni angka doli-doli na pistar. Dungkon diboto ringkasan ni parpeak ni buku i, tapamanat ma panguasan ni turiturian Sang Alkemis.","Kisah Sang Alkemis dimulai ketika Santiago, seorang anak gembala, berniat untuk mewujudkan mimpinya, yakni menemukan harta terpendam yang tidak akan habis sampai tujuh turunan. Ia semakin yakin setelah mendengar ramalan si peramal.

Singkat cerita, untuk mengejar impiannya, ia menjual seluruh hewan gembalaannya. Ketika sudah memulai perjalanannya, ia berjumpa dengan Melchizedek, seorang lelaki paruh baya yang memberikannya banyak nasihat perihal kehidupan.
Sebelum keduanya berpisah, Melchizedek memberikan dua buah batu penolong bernama Urim dan Tumim untuk membaca tanda-tanda. Ia pun berpesan kepada Santiago untuk tidak pernah berhenti bermimpi dan selalu mengikuti pertanda.

Usai bertemu dengan si lelaki tua, Santiago kembali melanjutkan perjalanannya dengan hati penuh. Tiba-tiba, ia bertemu dengan seorang pemilik kedai teh yang hampir bangkrut karena tidak ada pembeli yang mampir ke kedainya.

Kendati demikian, si pemilik kedai teh mempunyai hati yang baik. Ia memberikan segelas teh terbaik untuk Santiago supaya si pengelana bisa bersantai sejenak. Saat melihat gelas penyajian, Santiago langsung mendapat ilham.

Pada akhirnya, dengan kemampuan membaca pertanda yang dimilikinya, Santiago menyarankan si pemilik kedai teh untuk mengganti gelas sajian yang biasa dengan gelas kristal yang banyak dijejerkan di depan kedainya.

Dalam waktu singkat, ratusan pembeli langsung meramaikan kedai teh orang tersebut. Santiago pun mendapatkan banyak uang dari bisnis itu. Akan tetapi, karena belum puas, ia meninggalkan si penjual teh dan melanjutkan perjalanannya.

Selain bertemu dengan penjual teh, Santiago juga berpapasan dengan laki-laki asal Inggris yang mengembara untuk menemukan Sang Alkemis yang dipercaya mampu menyembuhkan berbagai penyakit dan seorang perempuan bernama Fatima.

Melalui pertemuannya dengan si laki-laki Inggris, Santiago kembali diingatkan perihal kegigihan dan mempercayai mimpi. Sementara itu, melalui Fatima, Santiago belajar soal cinta sejati yang menghangatkan hatinya.

Anak gembala itu kembali melanjutkan petualangannya untuk menemukan harta terpendam. Di tengah jalan, ia bertemu dengan sosok yang selama ini dicari oleh si lelaki Inggris, yakni Sang Alkemis.

Percakapan keduanya berlangsung intens dan inspiratif. Sang Alkemis mengatakan bahwa satu-satunya hal yang menjadi penghalang dalam mencapai cita-cita adalah rasa takut akan kegagalan.

Ketika Santiago hampir mencapai tujuannya, tiba-tiba saja ia dihadang oleh sekelompok perompak. Di tengah kondisi terjepit seperti itu, Santiago mengingat perjalanannya dan semua pesan yang disampaikan oleh para orang bijak.

Setelah mengetahui sinopsisnya, mari tengok review novel Sang Alkemis.",Educational,Book Summary,https://www.telkomsel.com/jelajah/jelajah-lifestyle/sinopsis-dan-review-novel-sang-alkemis-karya-paulo-coelho#section-Sinopsis%20Novel%20Sang%20Alkemis ,,yes
mg_073,Analisis Literasi Artifical Intelligence Mahasiswa Pada Perguruan Tinggi,"Panangkasion on martujuan laho manangkasion hagogoan ni parsiajar Fakultas Ilmu Komputer dohot Ilmu Informasi (JTIK) Universitas Negeri Makassar (UNM) di bidang Parbinotoan na Binagunan. Marhite paruhalan na masaliputan dohot panggombaran ni panangkasion marhite hitungan, dipahombar ma data marhite sungkun-sungkun na sinurat na marisihon angka parpeak songon hatorangan di ulu ni poda ni AI, hagogoan manggunahon aplikasi AI, dohot pamotoan taringot tu parsoalan parange di panggunahon ni AI. Hombar tu panangkasioin, godang do parsiajar JTIK UNM marhatorangan na denggan taringot tu AI di ulaon siganup ari, alai ingkon dipapintor dope sian parange. Parbinotoan on boi mangurupi universitas marparangehon AI na dumenggan, na mangurupi parsiajaran AI na gogo dohot na manghori parsiajar laho mangulahon panangkasion taringot tu AI. Panangkasion on pe mangalehon parbinotoan taringot tu parbinsaran ni AI di bagasan sains dohot na marsada-sada tu hatorangan AI di universitas dohot natorop. Alani i, panangkasion on mangalehon panangkasion na lobi leleng taringot tu panghori ni parbinotoan taringot AI tu dalan ni ulaon ni siswa dungkon tamat, paraloan parbinotoan AI di sandok inganan parsiajaran, dohot na manontu pangambati dohot parsatongkinan ni kompetensi AI dohot longolongo taringot tu AI. Na marguna gabe ulu ni pardalanan ni proyek panangkasion na taringot tu i di kampus.","Penelitian ini bertujuan untuk menganalisis kemampuan mahasiswa Fakultas Ilmu Komputer dan Ilmu Informasi (JTIK) Universitas Negeri Makassar (UNM) pada bidang kecerdasan buatan (AI). Dengan menggunakan pendekatan lintas disiplin dan desain penelitian kuantitatif, data dikumpulkan melalui kuesioner yang mencakup aspek-aspek seperti pemahaman konsep dasar AI, kemampuan menggunakan aplikasi AI, dan kesadaran akan masalah etika dalam penggunaan AI. Berdasarkan survei, mayoritas mahasiswa JTIK UNM memiliki pemahaman yang baik tentang AI dan dapat menggunakan aplikasi AI dalam aktivitas sehari-hari, namun masih perlu perbaikan dari segi etika. Wawasan ini dapat membantu universitas merancang program AI yang lebih baik, mendukung pendidikan AI yang efektif, dan memotivasi mahasiswa untuk melakukan penelitian terkait AI. Studi ini juga memberikan wawasan mengenai perkembangan AI dalam sains dan berkontribusi terhadap
pemahaman AI di universitas dan masyarakat. Oleh karena itu, penelitian ini memberikan analisis lebih lanjut mengenai dampak kompetensi AI terhadap prospek karir siswa setelah lulus, perbandingan kompetensi AI di seluruh institusi pendidikan, dan identifikasi hambatan serta hubungan antara kompetensi AI dan minat terhadap AI. Berguna sebagai titik awal. Proyek penelitian terkait di kampus.",Educational,Abstract,https://pdfs.semanticscholar.org/6d9d/4e0b5ad15b52bc97f9b05a564afe2f6f6c73.pdf ,,yes
mg_074,Implementasi Teknologi Artificial Intelligence (AI) dalam Bidang Pendidikan.,"Parbinotoan na Binagunan i ma hata sian Industrial Society 4.0 dohot Society 5.0. I ma sada program komputer, parsiajaran ni mesin, parhorasan na toltol dohot parhorasan na lambok. Parbinotoan na Binagunan on manggunahon sada ilmu sian parhorasan na toltol dohot parhorasan na lambok na marhitehon paruhalan sian pature-turehon na dibalikkon sian pola neokognitron na marulaon di utokutok ni jolma. Produk ni Industri 4.0 on godang do digunahon di parbinsaran dohot aplikasi siganup ari di ragam ni bidang, tarlumobi di parsiajaran. Lumban ni panangkasion on i ma laho patonggorhon ulaon ni AI di parsiajaran, jala metode na digunahon i ma metode panangkasion marhite sifat. Di bagasan portibi ni parsiajaran, Parbinotoan na Binagunan i digunahon laho manghombarhon parsiajaran tu dirina be ni ganup parsinghola. Parsusunon AI on mangurupi laho mambahen gombaran parsiajaran ni ganup parsinghola, jala mangalehon dalan asa parsiajaran i dipahombar dohot hagogoan, parange marsiajar, dohot pangalaman ni ganup parsinghola. Hagunaon ni teknologi AI di parpeak ni parsiajaran mangurupi angka guru di godang ragam ni ulaon tarlumobi di bidang pangaturion songon manontuhon balga ni nilai di ujungna hombar tu panontuhon ni nilai, na manjadihon parsiajaran na lobi tompu, dohot na mangurupi ulaon ni guru dohot parsinghola di ulaon marsiajar dohot mangajar.","Artificial Intelligence (AI) adalah istilah dari Industrial Society 4.0 dan Society 5.0. yang merupakan sebuah ""program komputer, pembelajaran mesin, perangkat keras dan perangkat lunak"". Artificial Intelligence ini menggunakan sebuah ilmu dari perangkat keras dan perangkat lunak yang terinspirasi oleh rekayasa terbalik dari pola neokognitron yang bekerja di otak manusia. Produk Industri 4.0 ini banyak digunakan dalam pengembangan dan aplikasi sehari-hari di berbagai bidang, termasuk pendidikan. Tujuan dari penelitian ini adalah untuk memperjelas peran AI dalam pendidikan, dan metode yang digunakan adalah metode penelitian kualitatif. Dalam dunia pendidikan, kecerdasan
buatan digunakan untuk mempersonalisasi pembelajaran setiap siswa. Sistem AI ini membantu membuat profil pembelajaran untuk setiap siswa, memungkinkan materi pembelajaran disesuaikan dengan kemampuan, gaya belajar, dan pengalaman setiap siswa. Implementasi teknologi AI di bidang pendidikan mempermudah para pendidik dalam berbagai urusan terutama dalam bidang administratif seperti menentukan nilai akhir berdasarkan bobot dan penilaian, menciptakan pembelajaran yang lebih aktif, serta mempermudah tugas guru dan siswa dalam kegiatan belajar dan mengajar.",Educational,Abstract,https://e-journal.iain-palangkaraya.ac.id/index.php/mipa/article/view/4022  ,,yes
mg_075,Metafora cinta dalam bahasa Batak Toba,"Panangkasion on laho manggombarhon panggarisan ni hata sipaingot na hombar taringot tu holong ni roha di hata Batak Toba. Sura-sura na dipargunahon i ma sura na sinurat dohot hata na somal. Sura-sura na sinurat dapot sian ragam ni suhut songon ende-ende, buku turi-turian dohot hata ni ende, jala hata na somal dapot marhite sungkun-sungkun dohot angka na mangalehon barita. Dalan na digunahon laho pahombarhon sura-sura i ma dalan mananginangi dohot dalan marhata. Hapistaran na dipargunahon laho mangalehon barita i ma dalan mananginangi dohot marhusip . Hapistaran mangamanati rap marhata i didongani dohot mambegei dohot manurat. Dalan marhusip i dipargunahon do nang laho mangalului parbinotoan na di dok. Dalan marhata pe dipake do laho mangalului barita taringot tu pangalaman holong ni roha ni angka namabotosa. Dung i hata i dipahombar ma hombar tu parbagiananna. Angka hata i dipareso marhite dalan mangompashon lahomandumpanghon partalian natarida di angka siboto barita dohot na manghori roha di linggoman ni na situjuon. Parbinotoan ni Hata Sipaingot na Hombar digunahon laho mambahen ulu ni poda hata na manggombarhon taringot tu holong ni roha. Na ro sian panangkasion i patuduhon adong ma sampulu sada parbagianan, i ma parbagianan holong ni roha gabe hasadaon di bagasan inganan na mar ranting ni parbagianan holong ni roha gabe api; parbagianan holong ni roha gabe parbue na mar ranting ni parbagianan holong ni roha songonsuansuanan, holong ni roha gabe na tinigatiga na arga, holong ni roha gabe bagunan, holong ni roha gabe parrohahon na marongsong, holong ni roha gabe ubat, dohot holong ni roha gabe sipanganon; panggarisan holong ni roha gabe pardalanan; panggarisan holong ni roha gabe gogo na mar ranting ni parbagianan holong ni roha gabe gogo ni pamatang, holong ni roha gabe gogo na ro sian jadian na ojak, dohot holong ni roha gabe gogo ni tondi; panggarisan holong ni roha gabe hasadaon na mar mar ranting ni parbagianan holong ni roha gabe tali; panggarisan holong ni roha gabe pinahan na rimsak; panggarisan holong ni roha gabe na marsitaonon; panggarisan holong ni roha gabe parporangan; panggarisan holong ni roha gabe api; dohot panggarisan holong ni roha gabe haholsomon. Panggarisan holong ni roha gabe parbue i ma panggarisan hata sipaingot na godang situtu digunahon di hata Batak Toba, dohot na mar ranting parbagianon na torop.","Penelitian ini bertujuan untuk mendeskripsikan kategorisasi metafora konseptual cinta dalam bahasa Batak Toba. Data yang digunakan adalah data tulis dan data lisan. Data tulis diperoleh dari berbagai sumber seperti puisi, novel dan lirik lagu, sedangkan data lisan diperoleh melalui wawancara dengan informan. Metode yang digunakan untuk mengumpulkan data adalah metode simak dan metode cakap. Teknik yang digunakan adalah teknik lanjutan yaitu teknik libat cakap. Teknik simak libat cakap didukung dengan teknik rekam dan teknik catat. Metode cakap juga digunakan untuk mengumpulkan data lisan. Metode cakap digunakan untuk menggali informasi tentang pengalaman cinta informan. Selanjutnya data dikumpulkan berdasarkan kategorisasinya. Data dianalisis menggunakan metode padan untuk membandingkan peristiwa konkret pada ranah sumber dan peristiwa emosi pada ranah sasaran. Teori Metafora Konseptual digunakan untuk mengkonseptualisasikan ekspresi metaforis cinta. Hasil penelitian menunjukkan bahwa terdapat sebelas kategori, yaitu kategori cinta sebagai entitas dalam wadah memiliki subkategori cinta sebagai api; kategori cinta sebagai benda memiliki subkategori cinta sebagai tanaman, cinta sebagai komoditas berharga, cinta sebagai bangunan, cinta sebagai objek tersembunyi, cinta sebagai obat, dan cinta sebagai makanan; kategori cinta sebagai perjalanan; kategori cinta sebagai daya memiliki subkategori cinta sebagai daya fisik, cinta sebagai daya alami, dan cinta sebagai daya psikologis; kategori cinta sebagai kesatuan memiliki subkategori cinta sebagai tali; kategori cinta sebagai binatang buas; kategori cinta sebagai korban; kategori cinta sebagai perang; kategori cinta sebagai api; dan kategori cinta sebagai keinginan. Kategori cinta sebagai benda merupakan kategori metafora cinta yang paling banyak digunakan dalam bahasa Batak Toba, sekaligus juga memiliki subkategori terbanyak.",Educational,Abstract,doi.org/10.26555/jg.v6i2.10839?sid=semanticscholar ,,yes
mg_076,ANALISIS PENERJEMAHAN SEJARAH DAN BUDAYA DALAM BUKU PELAJARAN BAHASA DAN SASTRA BATAK TOBA,"Panangkasion on mambahas taringot tu pargombaran ni angka hata-hata taringot tu tikkian naung salpu dohot parange ni bangso na dapot di buku parsiajaran. Angka buku parsiajaran, tarlumobi buku muatan lokal, diparangehon laho mangalehon barita taringot tu hata dohot luat na disi. Asa, angka buku on ndang holan marsitutu tu sada hagogoan sambing, alai adong do parsoalan songon parange ni bangso, parsaoran, politik dohot na asing. Panangkasion on marsitutu tu buku parsiajaran Hata dohot Turiturian Batak Toba. Lumban ni panangkasion on i ma laho manangkasion angka hata taringot tu sejarah dohot budaya na dapot di buku parsiajaran Hata dohot Sastra Batak Toba dohot manggombarhon angka na pinillit ni hata na dipake di na mangalehon hata angka hata sejarah dohot budaya na dapot. Dalan na dipargunahon di panangkasion on i ma manggombarhon marhite sifat, i ma marhite data na parjolo i ma marhite dalan pahombaron data na marhite mamanat surat-surat, manungkun angka namaboto barita dohot panangkasion ni surat na taringot tu i. Barita na digunahon i ma pitu barita na marhata Batak na adong di buku muatan lokal Parsiajaran Hata dohot Sastra Batak Toba 3 edisi 1 taon 2011. Pitu barita i dilehon hata sian hata Batak Toba tu hata Indonesia marhite kamus hata Batak, panangkasion ni surat dohot siboto barita. Panangkasion on manggunahon teori ni ulu ni poda pangalehonon hata parange ni bangso sian Newmark (1988) dohot ulu ni tahi pangalehonon hata sian Baker. Sian na ro ni panangkasion dapot ma panggarisan parpeak, adat ni huta, parange gabe panggarisan na balga situtu ro marombalom 23 (dua puluh tolu) hata, dung i, panggarisan budaya sosial marombalom 9 (sia) hata, panggarisan ekologi marombalom 7 (pitu) hata, dohot panggarisan budaya na tompu marombalom 6 (onom) hata. Ulu ni tahi na godang situtu digunahon i ma paarubahan hata, hata na hombar na lobi somal, tambahan barita dohot patongtonghon hata.
Hata na Ringkot: Tikki naung salpu, Parange ni Bangso, Pargombaran/Pangalehon Hata, Hata Luat, Batak Toba","Penelitian ini membahas mengenai penerjemahan istilah-istilah sejarah dan budaya yang ditemukan pada buku pelajaran. Buku-buku pelajaran, khususnya buku muatan lokal dirancang untuk memberikan informasi terkait bahasa dan daerah setempat. Sehingga, buku-buku ini tidak hanya berfokus pada satu keahlian saja, namun terdapat topik-topik seperti budaya, sosial, politik dan lain-lain. Penelitian ini berfokus buku pelajaran Bahasa dan Sastra Batak Toba. Adapun tujuan dari penelitian ini adalah untuk menganalisis istilah-istilah sejarah dan budaya yang ditemukan dalam buku pelajaran Bahasa dan Sastra Batak Toba dan mendeskripsikan pilihan-pilihan kata yang digunakan dalam menerjemahkan istilah-istilah sejarah dan budaya yang ditemukan. Metode yang digunakan dalam penelitian ini merupakan deskriptif kualitatif yaitu dengan menggunakan data primer yaitu dengan teknik pengumpulan data yang dilakukan dengan mengkaji dokumen, wawancara narasumber dan penelusuran pustaka terkait. Data yang digunakan adalah tujuh cerita berbahasa batak yang terdapat dalam buku muatan lokal Pelajaran Bahasa dan Sastra Batak Toba 3 edisi 1 tahun 2011. Tujuh cerita tersebut diterjemahkan dari bahasa Batak Toba ke Bahasa Indonesia dengan menggunakan kamus bahasa batak, penelusuran pustaka dan narasumber. Penelitian ini menggunakan teori konsep penerjemahan budaya oleh Newmark (1988) dan strategi penerjemahan oleh Baker (1992). Dari hasil analisis ditemukan bahwa kategori organisasi,adat istiadat, aktivitas sebagai kategori yang paling dominan muncul sebanyak 23 ungkapan, lalu, kategori budaya sosial sebanyak 9 ungkapan, kategori ekologi sebanyak 7 ungkapan, dan Kategori budaya material sebanyak 6 ungkapan. Strategi yang paling banyak digunakan adalah parafrase, padanan istilah yang lebih umum, tambahan informasi dan mempertahankan istilah.
Kata Kunci: Sejarah, Budaya, Penerjemahan, Bahasa Daerah, Batak Toba",Educational,Abstract,https://www.semanticscholar.org/paper/ANALISIS-PENERJEMAHAN-SEJARAH-DAN-BUDAYA-DALAM-BUKU-Simamora-Kumala/577f48e0f18281ec309a53869e3cb3a03c5a0578 ,,yes
mg_077,"Peran Usaha Mikro, Kecil Dan Menengah (UMKM) Dalam Pengembangan Ekonomi Indonesia","Ulaon panulingkian on marlapatan laho mananda parange ni Usaha Mikro, metmet, dohot Menengah (UMKM) di bagasan pahehehon parhepengon ni Indonesia, jala laho mananda gogo na adong dohot pangambat na ro tu UMKM. Mardongan angka na salpu ringkot ni parange ni UMKM di bagasan hata parhepengon ni Indonesia. Dalan panulingkian na dipangke ima sulingkian pustaka. Na ro sian panulingkian patuduhon ia UMKM maringanan parange na balga di bagasan pajongjong parhepengon ni Indonesia, alai tongtong mangadopi parsoalan songon dalan na hurang tu parhepengon, hurang ni namangatusi laho manogu, dohot pangambat di bagasan panjualan dohot panjebar ni sigadison. Hagogoon sian panulingkian on manat ringkotna mamikkiri patik na tigor laho manogu hatubuan dohot hagogoon ni UMKM asa boi maringanan parange na umele di bagasan manggorgarhon parhepengon ni Indonesia marbilang dohot na manjangkon.","Penelitian ini bertujuan untuk mengidentifikasi peran Usaha Mikro, Kecil, dan Menengah (UMKM) dalam pengembangan ekonomi Indonesia serta menganalisis potensi dan hambatan yang dihadapi oleh UMKM. Dengan latar belakang pentingnya peran UMKM dalam perekonomian Indonesia. Metode penelitian yang digunakan adalah kajian pustaka. Hasil penelitian menunjukkan bahwa UMKM memiliki peran yang signifikan dalam pembangunan ekonomi Indonesia, namun masih menghadapi tantangan seperti akses terbatas terhadap modal, kurangnya infrastruktur pendukung, dan kendala dalam pemasaran dan distribusi produk. Kesimpulan dari penelitian ini menekankan pentingnya merumuskan kebijakan yang tepat untuk mendukung pertumbuhan dan daya saing UMKM agar dapat berperan lebih efektif dalam menggerakkan ekonomi Indonesia secara inklusif dan berkelanjutan.",Educational,Abstract,https://journal.utnd.ac.id/index.php/jmdb/article/view/1147 ,,yes
mg_078,Dampak Ekonomi Digital Terhadap Pertumbuhan Ekonomi di Indonesia,"Hatoropan ni parhehe ni parbinotoan dohot Panggabean tu rupa Digital nunga mamboan parhepongon digital na tardapot sian hatoropan ni parhehe ni parbungaan dohot transaksi parjualan na marharoroan sian parbinotoan sonari. Parhepengon digital maringanan gogo na balga laho manogu hatubuan ni parhepengon. Ulaon panulingkian on marlapatan laho manulingkian dampak ni parhepengon digital tu hatubuan ni parhepengon di Indonesia. Panulingkian on diulahon marhite dalan na marhite kualitatif dohot dalan manggombarhon. Dalan ni panulingkian dapot sian Badan Pusat Statistik (BPS). Na ro sian panulingkian patuduhon ia parhepengon digital maringanan ahas nauli tu hatubuan ni parhepengon di Indonesia. On tarida sian manginsopna arga ni panjualanan parhepengon digital dohot manginsopna parbagianan ni parhepengon digital tu PDB ni Indonesia. Alai, parhepengon digital tongtong maringanan potensi laho mamboan dampak na roru tu hatubuan ni parhepengon. Laho pabalgaon ahas na uli ni parhepengon digital tu hatubuan ni ekonomi, pamarentah ingkon mangulahon ragam hata na sinurathon.","Pesatnya perkembangan teknologi dan digitalisasi telah menghadirkan ekonomi digital yang ditandai dengan tingginya perkembangan bisnis dan transaksi perdagangan berbasis teknologi. Ekonomi digital memiliki potensi yang besar untuk mendorong pertumbuhan ekonomi. Penelitian ini bertujuan untuk mengkaji dampak ekonomi digital terhadap pertumbuhan ekonomi di Indonesia. Penelitian ini dilakukan dengan menggunakan metode kualitatif dengan pendekatan deskriptif. Data penelitian diperoleh dari Badan Pusat Statistik (BPS). Hasil penelitian menunjukkan bahwa ekonomi digital memiliki dampak positif terhadap pertumbuhan ekonomi di Indonesia. Hal ini terlihat dari meningkatnya nilai transaksi ekonomi digital dan meningkatnya kontribusi ekonomi digital terhadap PDB Indonesia. Namun, ekonomi digital juga memiliki potensi untuk menimbulkan dampak negatif terhadap pertumbuhan ekonomi, Untuk memaksimalkan dampak positif ekonomi digital terhadap pertumbuhan ekonomi, pemerintah perlu melakukan berbagai kebijakan.",Educational,Abstract,https://pdfs.semanticscholar.org/28f5/5033984823da72b12e2bcf18409b63da1faf.pdf?_gl=1*ahhuz6*_gcl_au*MzYyOTA2MzU5LjE3NjMzOTA4ODE.*_ga*MjYxNTgyODg0LjE3NjMzOTA4ODA.*_ga_H7P4ZT52H5*czE3NjQyMzIwOTEkbzYkZzAkdDE3NjQyMzIyODgkajEkbDAkaDA. ,,yes
mg_079,SIKAP ETIS UMAT KRISTEN DI TENGAH GLOBALISASI EKONOMI DAN PROBLEM KEMISKINAN,"Makalah on martujuan laho pasahathon usulan ni parange na tigor ni halak Kristen tu panggabeon parhepengon ni portibi dohot parsahiton ni hapogoson di tongatonga ni hagaleon ni portibi. Usulan on ringkot didao ala ni halak Kristen jotjot mangulahon na hona sandiri haporseaon na marlapatan tu haluaon ni tondi. Di pihak na asing, gareja tongtong manghaposi soara na marsurirang laho mangulahon dang sadalan tu pamarentah laho mangatasi parsahiton ni hapogoson alai hurang marhatigoran parange ni sada-sada dohot hatorangan ni analisa parhepengon na tigor. Surat on marusaha laho mangukkap hagogoon ni onan parsaoran parhepengon di bagasan parhepengon ni portibion laho pasaehon parsahiton ni hapogoson ni portibi marhite manggaru prinsip haporseaon na marsibolahan na boi diulahon halak Kristen secara sada-sada di bagasan ngolu parkarejoan nasida. Di bagasan parusahaonna, panurat mamangke dalan manggombarhon parsiajaran pustaha marhite marnida sian parrohaon parhepengon sulingkian Bibel dohot parrohaon na tigor ni halak Kristen songon na diusulhon ni ragam teolog di bagasan sejarah tudos di bagasan tradisi reformed. Songon panutup, panurat manjou halak Kristen laho maringanan di bagasan manggulmit hapogoson ni portibi dohot ragam parange na tigor marhite parrohaon na giot di bagasan onan parhepengon portibi na diimbangi dohot pangulahon na ojak haporseaon na marsibolahan.

Hata Kunci: Parhepengon ni portibi, hapogoson ni portibi, parange na tigor, haporseaon na marsibolahan.","Makalah ini bertujuan untuk menyajikan usulan sikap etis umat Kristen terhadap globalisasi ekonomi dan problem kemiskinan di tengah resesi global dunia. Usulan ini dipandang perlu karena umat Kristen seringkali melakukan privatisasi iman yang berorientasi pada keselamatan jiwa. Di sisi lain, gereja juga kerap mengandalkan suara profetis untuk melakukan protes terhadap pemerintah untuk mengatasi problem kemiskinan tetapi kurang memperhatikan peranan individu dan pemahaman analisa ekonomi yang tepat. Tulisan ini berupaya untuk menguak potensi kekuatan pasar kapitalisme dalam globalisasi ekonomi untuk mengatasi problem kemiskinan dunia dengan mengintegrasikan prinsip keadilan distributif yang dapat diaplikasikan umat Kristen secara individu dalam kehidupan pekerjaan mereka. Dalam upayanya, penulis menggunakan metode kualitatif studi pustaka dengan melihat dari sudut pandang ekonomi, tinjauan Alkitab dan sudut pandang etis umat Kristen sebagaimana diusulkan oleh pelbagai teolog dalam sejarah khususnya dalam tradisi reformed. Sebagai penutup, penulis mengajak umat Kristen untuk memiliki upaya transformatif dalam memerangi kemiskinan dunia dengan pelbagai sikap etis dengan pelibatan diri secara aktif dalam pasar ekonomi global yang diimbangi dengan pengaplikasian prinsip keadilan distributif.Kata Kunci: Globalisasi ekonomi, kemiskinan dunia, sikap etis, keadilan distributif.",Educational,Abstract,https://www.sttiaa.ac.id/e-journal/index.php/geneva/article/view/104 ,,yes
mg_080,Pendidik sebagai Pembimbing Rohani dalam Menginspirasi Siswa Menerapkan Prinsip Kekristenan,"Guru ima sada na ringkot di bagasan hamajuon ni sisean taringot tu parbinotoan, dohot taringot tu haporseaon. Godang do parange ni guru Kristen, sada sian i ima songon sipangajar haporseaon. Panulingkian on martumpu tu songon dia guru Kristen di bagasan parangena mangeahi angka sisean di bagasan mamangke haojakon hakaristenon songon haporseaon, holong, hasabaron, sipasi-pasi, dohot angka na asing tu dalan parsiajaran dohot parsaoran dohot sisean. Panulingkian on mamangke metode panulingkian na marhite sifat-manggombarhon dohot parnidaan ni pustaha. Na ro sian panulingkian patuduhon ia guru agama Kristen songon sipangajar maringanan parange na ringkot di bagasan patubuhon parange sisean asa nasida boi mamangke haojakon hakristenan. Guru ndada holan mandalu parbinotoan, alai tongtong mangalehon eak-eak tu angka sisean asa boi patimbulhon haporseaon nasida. Molo pangajarion haporseaon diulahon dohot uli, gabe tontong haporseaon nasida na uele ma. Dohot songon i, guru Kristen boi manogu angka sisean laho mangonjar di bagasan haporseaon dohot parange, pasirsirhon nasida gabe sada-sada na marhadomuan dohot marhapantason na patuduhon holong ni Kristus di bagasan luat. Pasirsirhon ngolu ndada holan di portibi on sahat, alai tongtong ro tu bagasan harajaon ni Debata.","Pendidik merupakan sosok yang penting di dalam keberhasilan siswa baik secara akademis, maupun kerohanian. Ada banyak peran dari guru Kristen, salah satunya ialah sebagai pembimbing rohani. Penelitian ini berfokus pada bagaimana guru Kristen dalam perannya menginspirasi para siswa dalam menerapkan prinsip-prinsip Kekristenan seperti iman, kasih, pengampunan, keteladanan, dan lain sebagainya ke dalam proes pembelajaran dan hubungan dengan siswa. Penelitian ini menggunakan metode penelitian kualitatif-deskriptif dengan pendekatan studi kepustakaan. Hasil penelitian menunjukkan bahwa guru agama Kristen sebagai pembimbing berperan penting dalam membentuk karakter siswa sehingga mereka mampu menerapkan prinsip-prinsip kristiani. Guru tidak hanya mentransfer ilmu pengetahuan, tetapi juga memberikan inspirasi kepada siswa untuk dapat meningkatkan kerohanian mereka. Ketika pembimbingan rohani dijalankan dengan baik, maka kerohanian mereka akan lebih baik pula. Dengan demikian, pendidik Kristen dapat membantu para siswa untuk bertumbuh dalam iman dan karakter, mempersiapkan mereka menjadi individu yang bertanggung jawab dan bermoral yang mencerminkan kasih Kristus dalam masyarakat. Mempersiapkan kehidupan bukan hanya di dunia ini saja, tetapi sampai ke dalam kerajaan Allah.",Educational,Abstract,https://jiip.stkipyapisdompu.ac.id/jiip/index.php/JIIP/article/view/6190 ,,yes
mg_081,Kajian Doa Menurut Alkitab dan Relevansinya Dalam Kehidupan Kekristenan,"Ulaon panulingkian on mambahas taringot tangiang di bagasan parrohaon ni halak Kristen, taringot tu songon dia dohot boasa halak Kristen ringkot martamiang marhite pangajarion ni Bibel. Dalan panulingkian na dipangke ima sulingkian pustaha. Ganup pustaha ditiopi marhite martumpu tu situktuhan tangiang di bagasan Bibel dohot hatorangan ni angka Ompu na Pantas na di Tingki na Salpu ni gareja taringot tu ringkotna parange tangiang dohot na ojak. Na ro sian panulingkian patuduhon ia tangiang di bagasan hakaristenon ndada paraloan laho mamangke Debata manang mangaritir-Ibana mangulahon sada di halak-Na. Tangiang ndang jadi maringanan na sian hadiran dohot na dibahen-bahen (instrumental), alai ingkon tulus dohot marhite Bibel. Pangantusion ni panulingkian on ima tangiang di bagasan hakaristenon ingkon diantusi songon parsaoran na sian roha na sintong dohot Debata, patoguhon parsaoran Sasinggangan manang rampak angka na asing dohot-Ibana.","Penelitian ini membahas tentang doa dalam perspektif Kristen, tentang bagaimana dan mengapa orang Kristen penting untuk berdoa berdasarkan ajaran Alkitab. Metode penelitian yang digunakan adalah studi literatur. Setiap literatur dianalisis dengan memfokuskan pada topik doa dalam Alkitab serta uraian tokoh-tokoh sejarah gereja mengenai pentingnya praktik doa dan hakekatnya. Hasil penelitian menunjukkan bahwa doa dalam kekristenan bukanlah alat untuk memperalat Tuhan atau memaksa-Nya melakukan sesuatu bagi umat-Nya. Doa tidak boleh bersifat naturalis dan artifisial (instrumental), tetapi harus tulus dan berdasarkan Alkitab. Kesimpulan penelitian ini adalah bahwa doa dalam kekristenan harus dipahami sebagai komunikasi yang tulus dengan Tuhan, memperkuat hubungan pribadi maupun kolektif dengan-Nya.",Educational,Abstract,https://www.semanticscholar.org/reader/d7fd5a25ba26be0cb2a9c2311244bed31ebcac06 ,,yes
mg_082,Huria Kristen Batak Protestan,"Huria Kristen Batak Protestan

Huria Karisten Batak Protestan (dipajempek gabe HKBP) ima sada huria Kristen Protestan na marpusaka Lutheranisme di tonga-tonga ni halak Batak, tarlumobi halak Batak Toba. Gareja on ma gareja na umbalga sian gareja Protestan na adong di Indonesia. Somalna parsombaonna tarhona Gareja Reformasi Bolanda (na ipengaruhi penjajahan Bolanda di Indonesia) dohot Pietisme of the Rheinische Missionsgesellschaft (RMG), na manjadi ojahan ni gareja i. HKBP ojak tanggal 7 Oktober 1861, hinorhon ni parbaritanaulion ni halak Batak di luat Tapanuli. Nuaeng on, HKBP nunga lobi sian 6.500.000 ruas, dohot hira-hira 3.800 huria na marserak di sandok Indonesia. Angkup ni i, HKBP pe adong do pigapiga huria di luar negeri, isara di Eropa, Singapura, Malaysia, dohot Amerika Serikat. On mambaen ia manjadi organisasi agama patolu targodang i Indonesia sidung Nahdlatul Ulama dot Muhammadiyah. HKBP markantor pusat di Pearaja, maringanan di Hutatoruan V, Tarutung, Kabupaten Tapanuli Utara, Sumatera Utara. Kompleks kantor HKBP, pusat administrasi ni punguan, maringanan di bagasan luas 20 hektar. Kompleks on ma na gabe pusat ni sude operasional ni huria HKBP jala gabe kantor ni uluan ni huria (na targoar Ephorus, lapatanna uskup). Ephorus ni HKBP nuaeng ima Victor Tinambunan. HKBP ruas ni Komuni ni angka Huria di Indonesia (PGI), Dewan Gereja-gereja Asia (CCA), Persatuan Pemberdayaan Jerman (UEM), dohot Dewan Gereja-gereja Sedunia (WCC). Songon huria Lutheran, laos HKBP do ruas ni Federasi Dunia Lutheran (LWF), na markantor pusat di Jenewa, Swiss. Nang pe gumodang halak Batak Toba maringanan di huria on, alai HKBP ungkap do tu sude suku bangso.

Turi turian

Punguan Kristen Batak Protestan (Huria Kristen Batak Protestan) dipajongjong tanggal 7 Oktober 1861, dung adong konferensi na pinatupa ni opat missionaris di Sipirok Carl Wilhelm Heine, Karl Johann Klammer, Friedrich Wilhelm Betz, dohot Gerritt van Asselt. Opat Zending i sian Rheinische Missionsgesellschaft (RMG), sada organisasi zending na dohot pararathon hakristenon di Kalimantan. Tai, mangihutkon Porang Banjar dot larangan Bolanda tu usaho zending i luat i, RMG mamutuskon giot manggeser fokus zendingna tu Sumatera. Di taon 1862, Ludwig Nommensen, naung ditugashon RMG gabe misi, sahat ma tu Pelabuhan Barus. Dipungka ma ulaonna di Sipirok, dungi pinda ma ibana tu Rura Silindung laho mangurupi harararat ni hakristenon disi di bona ni taon 1864. Di na mangulahon tohonanna i, diurupi angka uluan daerah (raja huta) na marragam do ibana, isara Pontas Lumbantobing. Ia juo ibantu missionaris RMG na lain, songon P. H. Johannsen dot August Mohri, tarlobi-lobi mangajarkon hakristenon tu penduduk setempat lewat pajongjongkon sikola-sikola mission. Alai, godang do tokoh daerah di Tanah Batak mangarajumi hadirion ni misionaris songon sada tanda parmaraan jala songon mata-mata tu pamarenta penjajah, tarlumobi angka na marpihak tu Sisingamangaraja XII. Di taon 1876, nunga lam torop torop ni halak Kristen di luat Silindung sahat tu 2.000 halak, na gabe pelopor ni huria Batak Toba di bagasan HKBP. Keberhasilan ni tohonanna gabe diangkat RMG ibana gabe uluan ni huria (ephorus) di taon 1881. Di taon 1910, nunga rarat huria HKBP tu sandok luat Tapanuli Utara. Di tingki parmonding ni Nommensen di taon 1918, nunga lobi sian 180.000 halak parminggu di HKBP, 34 halak Pandita, jala 788 halak guru parmahanion. Di taon 1917, masa do dorong-dorong sian halak Batak laho mangalap uluan ni huria marhite pembentukan ni Punguan Kristen Batak (HKB) na pinatupa ni si Mangihut Hizkiel Manullang. Di tingki kepemimpinan ni HKBP di toru ni Ephorus Johannes Warneck, masa do perpecahan di tongatonga ni fraksi HKB marhite pembentukan ni Hoeria Batak Kristen (na di pudian ni ari gabe Huria Kristen Indonesia) na pinatupa ni Sutan Maloe Panggabean. Dorongan on asa adong huria Batak na pinatupa ni halak Batak sandiri marpuncak do i di Sinode Godang taon 1930, na mananda HKBP songon huria na mandiri, pulik sian lembaga misina, i ma RMG. Alai, kepemimpinan ni HKBP tongtong do dikuasai Jerman sahat tu taon 1940, dung i diganti ma Ephorus E. Verwiebe gabe Kasianus Sirait. Dung merdeka Indonesia, mulai ma HKBP margabung tu organisasi huria internasional dohot nasional. Laos huria on ma sada sian huria na mangsahhon hajongjongan ni Dewan Gereja-gereja Sedunia di taon 1948 dohot Dewan Gereja-gereja di Indonesia (na di pudian ni ari gabe Komuni Gereja-gereja di Indonesia). Dung i HKBP manjadi anggota Federasi Dunia Lutheran i taon 1952.

Punguan

Dipature do HKBP hombar tu sistem keuskupan, suman tu angka huria na marsihohot tu sistem episkopal, isara ni Huria Katolik Roma, Huria Anglikan, Huria Metodis, dohot angka lan na asing. Pamimpinna na tumimbo digoari do Ephorus. Ephorus HKBP na parjolo ima Pdt Dr.(H.C.) I.L. Margoar. Ephorus diurupi sahalak Sekretaris Jenderal, jala mamungka sian taon 2004, ibana pe diurupi tolu kepala departemen. Di toruna adong do praeses na manguluhon angka distrik wilayah ni huria i, jala di toru ni angka distrik i adong do angka resort na niuluhon ni pandita resort, jala di tingkat na tumoru adong do angka huria marsadasada na niuluhon ni parhalado na gok tingki manang guru huria. Nuaeng on nunga adong 32 Praeses di HKBP di sandok Indonesia on. Di panghobasionnasida, somalna sahalak pandita HKBP diurupi sahalak Guru Huria, jala jabatan na asing i ma Bibelvrouw dohot diakones. Di ari 27 Juli 1986, di Gereja HKBP Bukit Moria di Medan Baru, ditabalhon HKBP ma pandita parompuan na parjolo, i ma Pdt Noortje Parsaulian Lasni Rohana Lumbantoruan, S.Th. Pelantikan i diuluhon Pdt Ephorus G.H.M. Siahaan. Di bulan Desember 2024 nunga adong 2.101 halak Pandita HKBP, 250 halak calon pandita, 244 halak calon guru huria, 50 halak calon guru huria, 491 halak pandita, 54 halak calon pandita, 345 halak calon diakones, jala 48 halak calon diakones. Jumlah ni parhalado dohot calon parhalado ima 3.583 halak. Jabatan Ephorus HKBP saonari ditiop Pdt Victor Tinambunan, na marhobas sian taon 2024 sahat tu taon 2028.","Huria Kristen Batak Protestan

Huria Kristen Batak Protestan (disingkat sebagai HKBP) adalah gereja yang berdenominasi Kristen Protestan dengan warisan tradisi Lutheranisme di kalangan masyarakat Batak, umumnya Batak Toba. Gereja ini merupakan yang terbesar di antara gereja-gereja Protestan yang ada di Indonesia. Gereja ini menggunakan gaya ibadah yang dipengaruhi oleh Gereja Reformed Belanda (yang dipengaruhi oleh kolonialisme Belanda di Indonesia) dan Pietisme dari Rheinische Missionsgesellschaft (RMG), yang menjadi dasar gereja.

HKBP didirikan pada tanggal 7 Oktober 1861, sebagai hasil dari penginjilan masyarakat Batak di daerah Tapanuli. Saat ini, HKBP memiliki lebih dari 6.500.000 jemaat, dengan sekitar 3.800 gereja tersebar di seluruh Indonesia. Selain itu, HKBP juga memiliki beberapa gereja di luar negeri, seperti Eropa, Singapura, Malaysia, dan Amerika Serikat. Hal ini menjadikan gereja tersebut sebagai organisasi keagamaan terbesar ketiga di Indonesia setelah Nahdlatul Ulama dan Muhammadiyah.

HKBP berkantor pusat di Pearaja, yang terletak di Hutatoruan V, Tarutung, Kabupaten Tapanuli Utara, Sumatera Utara. Kompleks perkantoran HKBP, pusat administrasi organisasi HKBP, berada di dalam area berukuran 20 hektar. Kompleks ini merupakan pusat bagi seluruh operasi gerejawi HKBP sekaligus kantor bagi pemimpin gereja tersebut (yang dikenal sebagai Ephorus, yang berarti uskup). Adapun Ephorus HKBP saat ini ialah Victor Tinambunan.[7]

HKBP adalah anggota Persekutuan Gereja-gereja di Indonesia (PGI), anggota Dewan Gereja-gereja Asia (CCA), UEM Jerman, dan anggota Dewan Gereja-Gereja Sedunia (WCC). Sebagai gereja yang berasaskan ajaran Lutheran, HKBP juga menjadi anggota dari Federasi Lutheran Sedunia (LWF) yang berpusat di Jenewa, Swiss. Kendati mayoritas gereja tersebut diisi oleh jemaat dari suku Batak Toba, HKBP terbuka bagi seluruh kelompok etnis.

Sejarah

Huria Kristen Batak Protestan didirikan pada tanggal 7 Oktober 1861 setelah dilakukannya konferensi oleh empat misionaris di Sipirok, yaitu Carl Wilhelm Heine, Karl Johann Klammer, Friederich Wilhelm Betz, dan Gerritt van Asselt. Keempat misionaris tersebut berasal dari Rheinische Missionsgesellschaft (RMG), organisasi misi yang juga melakukan penyebaran agama Kristen di Kalimantan. Namun, seiring dengan terjadinya Perang Banjar dan adanya larangan untuk usaha misionaris di daerah itu oleh Belanda, maka RMG memutuskan untuk mengalihkan perhatian misinya ke Sumatera. Pada tahun 1862, Ludwig Nommensen, yang telah mendapat tugas misi dari RMG, sampai ke Pelabuhan Barus. Ia memulai tugasnya di Sipirok, kemudian ke lembah Silindung untuk membantu penyebaran Kristen di sana pada awal tahun 1964. Dalam melakukan misinya, ia dibantu oleh berbagai pemimpin wilayah (raja huta) seperti Pontas Lumbantobing. Selain itu, ia juga dibantu oleh misionaris RMG lainnya seperti P. H. Johannsen dan August Mohri, terutama dalam memberi ajaran Kekristenan kepada penduduk lokal melalui pembentukan sekolah misi. Meski demikian, banyak dari pemimpin wilayah di Tanah Batak yang menganggap kehadiran misionaris sebagai tanda bahaya dan merupakan mata-mata bagi pemerintah kolonial, terutama bagi mereka yang memihak kepada Sisingamangaraja XII.Pada tahun 1876, umat Kristen di daerah Silindung mulai bertambah menjadi 2.000 orang, yang menjadi perintis jemaat Batak Toba di HKBP. Keberhasilan misinya membuatnya diangkat menjadi pemimpin gereja (ephorus) oleh RMG pada tahun 1881. Pada tahun 1910, gereja HKBP telah tersebar ke seluruh wilayah Tapanuli Utara. Pada waktu Nommensen meninggal pada tahun 1918, HKBP telah memiliki lebih dari 180.000 umat, 34 pendeta, dan 788 guru pendeta. Pada tahun 1917, terdapat dorongan dari orang Batak untuk mengambil alih kepemimpinan gereja dengan terbentuknya Hatopan Kristen Batak (HKB) oleh Mangihut Hezekiel Manullang. Pada waktu HKBP dipimpin oleh Ephorus Johannes Warneck, terjadi skisma dari faksi HKB dengan dibentuknya Christen Batak Hoeria (yang kemudian menjadi Huria Kristen Indonesia) oleh Sutan Maloe Panggabean. Dorongan akan gereja Batak yang dikelola oleh orang Batak sendiri berbuah dalam Sinode Godang tahun 1930 yang mengakui HKBP sebagai gereja yang berdiri sendiri dan lepas dari lembaga misinya, RMG. Meski demikian, kepemimpinan HKBP saat itu masih dikelola oleh orang Jerman hingga tahun 1940, ketika Ephorus E. Verwiebe digantikan oleh Kasianus Sirait. Setelah Indonesia merdeka, HKBP mulai bergabung dengan organisasi gereja internasional dan nasional. Gereja ini juga menjadi salah satu gereja yang meratifikasi pendirian Dewan Gereja-Gereja Sedunia pada tahun 1948 dan Dewan Gereja-Gereja di Indonesia (yang kemudian menjadi Persekutuan Gereja-Gereja di Indonesia). HKBP kemudian menjadi anggota Federasi Lutheran Sedunia pada tahun 1952.

Organisasi

HKBP ditata mengikuti sistem keuskupan, mirip dengan Gereja-gereja yang menganut sistem episkopal seperti Gereja Katolik Roma, Gereja Anglikan, Gereja Methodis, dll. Pimpinan tertingginya disebut Ephorus. Ephorus HKBP yang pertama adalah Pdt. Dr. (H.C.) I.L. Nommensen. Ephorus dibantu oleh seorang Sekretaris Jenderal, dan sejak tahun 2004 juga dibantu oleh tiga kepala departemen. Di bawahnya adalah praeses yang memimpin distrik-distrik kewilayahan gereja, sementara di bawah distrik terdapat resort yang dipimpin oleh pendeta resort, dan di tingkat yang paling bawah adalah jemaat individual yang dipimpin oleh pelayan penuh waktu atau guru jemaat. Saat ini HKBP mempunyai 32 Praeses yang tersebar di seluruh Indonesia. Dalam pelayanannya, seorang pendeta HKBP biasanya dibantu oleh Guru Huria, sementara ada pula jabatan lain yaitu Bibelvrouw dan diakones.

Pada tanggal 27 Juli 1986, di gereja HKBP Bukit Moria, Medan Baru, untuk pertama kalinya HKBP menahbiskan seorang pendeta perempuan yaitu Pdt. Noortje Parsaulian Lasni Rohana Lumbantoruan, S.Th. Pentahbisan dipimpin oleh Ephorus Pdt. G.H.M. Siahaan.

Sampai Desember 2024, HKBP mempunyai 2.101 Pendeta, 250 Calon Pendeta, 244 Guru Huria (Guru Jemaat), 50 Calon Guru Huria (Calon Guru Jemaat), 491 Bibelvrouw, 54 Calon Bibelvrouw, 345 Diakones, dan 48 Calon Diakones. Keseluruhan pelayan dan calon pelayan berjumlah 3.583 orang.

Saat ini jabatan Ephorus HKBP dipegang oleh Pdt. Victor Tinambunan, yang melayani mulai tahun 2024-2028.",Contemporary Media,Wiki,https://id.wikipedia.org/wiki/Huria_Kristen_Batak_Protestan ,,yes
mg_083,Ugamo Malim,"Ugamo Malim

Ugamo Malim ima sada ugamo tradisional na marmula sian halak Batak. Pangihut ni sistem haporseaon on digoari do Parmalim. Parmalim gumodang maringana di Sumatera Utara, khususna di luat na humaliang Danau Toba, songon Samosir, Tapanuli Utara, Toba, Humbang Hasundutan, dohot Simalungun. Parmalim pe godang do di luat na adong halak Batak na asing, songon Tapanuli Tengah, Tapanuli Selatan, Dairi, dohot Pakpak Bharat. Parmalim manghaporseai sada do Debata songon panompa ni portibion, na didok Mulajadi Nabolon. Ugamo Malim ima udut ni habangunan parugamoon najolo naung diulahon halak Batak leleng andorang so ro dope hakaristenon Protestan, Islam, dohot Katolik. Sistem Ugamo na Jolo i sai mian di bagasan parsintongan ni partuturon ni Bangso i, alai so adong goarna “Ugamo” songon ugamo na marsada na asing di Portibi On. Haborhatan ni Revitalisasii Ugamo Malim di tingki kepemim panguluhon si Singamangaraja XII mambuat langka laho paluahon parsintongan paragamaon ni Batak marhite na pahemba.

Pangantusion

Pngantusion ni halak Batak keagamaan marhite na mangulahon portibion songon ojahan ni hangoluan jala silehonlehon sian Mulajadi Nabolon na ingkon radotan, suang songoni mual hangoluan tu hadirionna sandiri dohot songon haroroan pansarian tu pargoluon na sandiri. Partondion na mamora portibion on dipadomu dohot hamauliateon dohot mangalehon diri tu Mulajadi Nabaolon, jala dijaga marhite horja na sarupa dohot pardalanan ni ngolu dohot pansarian. Di tonga-tonga ni angka ulaon i ma ulaon pelean tu Mulajdi Nabolon. Ulaon paradehon angka alat ritual i dipatupa do dohot denggan hombar tu aturan dohot Parlape-lape na targoar “patik.” Ulaon mangatur pangaradeon ritual dohot pelean digoari do i “mang-ugamo-hon”. ""Ugamo"" lapatanna hinadenggan manang pangatur nauli.

Parmalim

Halak na burju mangulahon horja digoari do i ""parugamo"" manang ""parugama."" Istilah ""parugamo"" mulak tarbarita di tano Batak dung marbungaran ugamo na asing di tano Batak jala gabe sada identitas na marbeda di bagasan sistem haporseaon parugamoon pribumi Batak. Molo di hata Batak, angka na mangihuthon dohot na meinternalisasi poda ni Ugamo Malim digoari do i “parugamo malim,” dipajempek gabe Parmalim.

Punguan parmalim

Di hata Batak, punguan ni jolma na mangulahon ulaon na sarupa dohot tujuan na sarupa digoari do i ""punguan."" Parpunguan ni angka pangihut ni Ugamo Malim digoari do muse ""punguan parmalim.

Angka parpunguan na nidokna boi do

Sada inganan parsombaon, sada kesatuan parmalim tunggal, na niuluhon ni sada ulu punguan di sada bale parsantian. Ulu punguan ini melaksanakan tugas dan fungsi yang dipandat oleh seorang ihutan malim sian Bale Pasogit Partonggoan (pusat ibadah parmalim di Huta Tinggi, Laguboti, Toba).
Sada organisasi penganut Ugamo Malim mangatur urusan non-agama dot administrasi.

Turi turian

Di tingki dinasti Sisingamangaraja, adong do Bale Pasogit Pamujian di Bakkara. Inganan on ma pusat peribadahan dohot partondion ni halak Batak hatiha i. Alai, di tingki Porang Toba, na mangarampok Bakkara sahat tu tano, dohot do Bale Pasogit Pamujian i ditutung. Alani masuk ni pengaruh na asing dohot angka pergolakan di tatanan sosial na hinorhon ni penjajahan ni Bolanda dohot pararaton ni hakristenon, disuru Sisingamangaraja XII ma siseanna laho pajongjonghon sada “bale pasogit” (inganan ni “pamujian nabolon” (inganan ni “pamujian nabolon” (pamujian tu Nabolon) laho papunguhon angka na marsihohot di Nabololijadila). [citation needed] Dung marujung ngolu ni Sisingamangaraja XII tanggal 17 Juni 1907, mandat on di ingot sahalak tokoh na manggoari dirina Nasiakbagi. Ditontuhon ibana do muse inganan dohot rupa ni bale pasogit, na laho pajongjongon ni Raja i di pudian ni ari. Taringot tu mandat pajongjong bale pasogit, dilaporhon Yang Mulia Raja ma sangkapna i tu pamarenta Bolanda marhite Kantor Demang di Balige sekitar taon 1913. Dipatupa pamarenta Bolanda do penyelidikan taringot tu angka ulaon pararathon poda ni Ugamo Malim saleleng pigapiga taon. Di taon 1921, diizinhon Bolanda ma Raja na Mulia pajongjonghon bale pasogit di Hutatinggi, Laguboti marhite Surat Controleur van Toba Nomor 1494/13 tanggal 25 Juni 1921. Sian i, Ugamo Malim nunga secara terbuka mengembangkan temonita di toru ni Hubagi ritual, hapemimpinan ni Raja Na Sun Sangap Naipospos.

Hapemimpinan

Raja Singamangaraja, songon sada “malim” di halak Batak, dipodahon jala dipajongjong do tona parsombaon dohot pasangaphon Mulajadi Nabolon songon Debata Mulajadi. Dibahen Sisingamangaraja ma goarna Raja Nasiakbagi Patuan Raja Malim. Raja Mulia Naipospos ma sada sian siseanna.

Raja Mulia Naipospos

Dipabangkit jala dihaposi Raja Nasiakbagi ma muridna, Raja Mulia Naipospos manguluhon pangihutna dohot pararathon Ugamo Malim i. Digoari do Raja sun sangap Naipospos Ihutan Bolon Parmalim. Ibana ma na gabe sundut parjolo ni partogi ni Parmalim.

Raja ungkap Naipospos

Udut tusi, anak sasada ni Raja Mulia Naipospos, Raja Ungkap Naipospos, manggantihon ibana di taon 1956 gabe sundut paduahon ni Ihutan Bolon Parmalim. Taon 1939, andorang so gabe Ihutan Bolon Parmalim, dipajongjong ibana do Sikola Parmalim di Bale Pasogit Parmalim jala mandapot dukungan na gok sian Yang Mulia Raja i. Sikola on ma na mangalehon parsikkolaan tu angka dakdanak Parmalim sian sude sudut Nusantara, memastikan nasida ndang tartading sian sikola zending Kristen. Dung mardeka Indonesia taon 1945, ditutup ma parsingkolaan on ala nunga dijalo angka dakdanak Parmalim tu parsingkolaan ni pamarenta di luatna be. Di tingki hapemimpinanna Raja Ungkap mambaen hagorongan di pangajarion dohot pangintopan ni Parmalim. Disurathon ma poda jala dipararat tu sude Parmalim. Dibahen ibana do muse partinandaan na tarsurat taringot tu angka poda i, jala dijaga do i dohot denggan. Andorang so i, poda ni Ugamo Malim nunga dipasahat marhite hata. Laos dipahembang Raja Ungkap do rupa ni sibuk bagas joro Parmalim di Hutatinggi. Tarmasuk ma i paturehon Bale Pasogit dohot pasingkophon fasilitas pendukungna, songon i nang pajongjonghon Bale Parpitaan, Bale Pangaminan, dohot Parhobasan. Ibana do na mamulai renovasi ni Bale Pasogit Sisingamangaraja dohot Batu Siungkapungkapon di Bakkara di taon 1974. Ibana do muse na mangatur hasuhuton Parmalim mangeahi pangaturion. Mandapothon ujung ni ngoluna, tarsurat ma hasuhoton Ugamo Malim di Hutatinggi, Laguboti di inventaris penganut haporseaon tu Debata Mulajadi Nabolon marhite uhuma Departemen Pendidikan dan Kebudayaan Indonesia No. Raja Ungkap Naipospos marujung ngolu di ari Senin, 16 Pebruari 1981.

Raja Marnangkok Naipospos

Dung marujung ngolu Raja Ungkap Naipospos, dipasahat ma hapemimpinan masyarakat Ugamo Malim di Huta Tinggi tu anakna sihahaan ima Raja Marnangkok Naipospos. Raja Marnangkok lahir tanggal 18 Juli 1939. Gabe Ihutan Bolon Parmalim sundut patoluhon ma ibana. Disusun jala disusun Raja Marnangkok ma angka poda dohot panogunoguon na tarsurat na tinompa ni Raja Ungkap Naipospos, dungi dipararat ma i tu masyarakat Parmalim. Raja Marnangkok Naipospos marujung ngolu di taon 2016 on.

Raja Monang Naipospos

Sian taon 2017, kepemimpinan ni Parmalim digantihon anggi ni Raja Marnangkok Naipospos ima Raja Monang Naipospos, na manorus sahat tu sadari on. Nunga dipahot Raja Monang Naipospos kerjasama dohot Direktorat PKT, Direktorat Jenderal Kebudayaan, Kementerian Pendidikan dan Kebudayaan, songon lembaga pamerintaon na pauli-uli angka parhatahian ni angka na porsea di ugamo na adong di Indonesia. Ia juo tarlibat i kagiatan lintas sektoral i tingkatan nasional giot mangoptimalkon parjuangan tu panggohi hak ni jolma tu angka na Porsea di Ugamo na adong di Indonesia.

Poda

Ugamo Malim mangajarhon marsomba dohot pasahat diri tu Debata, Patik mangajarhon parenta dohot subang hombar tu lomo ni roha ni Debata, Poda Hamalimon manogunogu pamingkirion, pambahenan, dohot pangalaho maradophon dongan dohot portibi, jala Tona ima sibahenon ni Debata na pinasahat tu hajolmaon. Parmalim patupahon ritual ibadah na teratur ganup ari Sabtu songon bentuk hamauliateon, somba, dohot pasangaphon Mulajadi Nabolon, sitompa langit dohot tano. Salain Maraisabtu, Parmalim juo mangaradoti marragam aturan parsombaan Ugamo Malim, tarmasuk ""Pameleon Bolon,"" sada umpama pangalehen hangoluan na ipatupa i bulan palimahon, umpama ""Mangan Napaet"" Hasesaan ni dosa i bulan pasampuludua, dohot sada hamauliateon parningotan hatutubu di tali ari padua dohot hajolmaon di ari patoluhon di bulan sipaha sada hombar tu kalender Batak.

Jumlah Pengikut

Ndang adong dope data na togu taringot tu godang ni pangihut ni Parmalim. Alai, hira sude do pangihut ni punguan on maringanan di provinsi Sumatera Utara. Mangihuthon pamilang ni jolma 2010, asing ni onom ugamo na tarsurat jala diolophon pamarenta NKRI, dipamasuk do haporseaon na asing tu kolom, tarmasuk Parmalim. Marhite parjolo pamilang ni jolma taon 2010, godang ni pangihut ni punguan on hira-hira 816 halak. Alai, panakasion ilmiah hira-hira mambahen godang ni nasida hira-hira 1.100 halak. Godangan angka na porsea di Parmalim maringanan di Kabupaten Toba Samosir. Mangihuthon hatorangan sian Badan Statistik Sumatera Utara (BPS), godang ni pangihutna sahat tu 500 (0,36%) sian hira-hira 1.100 halak.","Ugamo Malim

Ugamo Malim (bahasa Indonesia: Kepercayaan Malim) adalah sebuah agama tradisional yang berasal dari masyarakat Batak. Para penghayat aliran kepercayaan ini disebut sebagai seorang Parmalim. Parmalim sebagian besar tersebar di Sumatera Utara, terutama di kawasan sekeliling Danau Toba, seperti Samosir, Tapanuli Utara, Toba, Humbang Hasundutan, dan Simalungun. Parmalim juga menyebar di daerah dengan populasi Batak lainnya, seperti di Tapanuli Tengah, Tapanuli Selatan, Dairi, dan Pakpak Bharat. Parmalim meyakini satu Tuhan sebagai pencipta alam semesta, disebut sebagai Mulajadi Nabolon (bahasa Indonesia: Sang Awal Penjadi Yang Agung). Ugamo Malim merupakan kelanjutan sistem religi kuno yang telah lebih dahulu dianut oleh masyarakat Batak jauh sebelum masuknya agama Kristen Protestan, Islam, dan Kristen Katolik. Sistem religi kuno tersebut melekat dalam tata kehidupan masyarakatnya tanpa label ""agama"" layaknya agama-agama terorganisasi lainnya di dunia. Munculnya proses revitalisasi Ugamo Malim pada masa kepemimpinan Si Singamangaraja XII tidak terlepas dari konteks sosial, ekonomi, dan politik yang sedang bergejolak pada masa itu. Melihat besarnya pengaruh agama dan budaya lain yang mengguncang, Si Singamangaraja XII mengambil langkah menyelamatkan sistem religi Batak dengan cara mengembangkannya dan memberi nama Ugamo Malim.

Pengertian Ugamo Malim

Masyarakat Batak memaknai religiusitas dengan memperlakukan alam sebagai tumpuan hidup dan anugerah Mulajadi Nabolon yang harus dijaga, baik sebagai sumber kehidupan bagi keberadaan dirinya maupun sebagai sumber penghidupan bagi keberlangsungan hidupnya. Spiritualitas memelihara alam ciptaaan dipadukan dengan rasa syukur dan berserah diri pada Mulajadi Nabaolon dan dipelihara dengan ritual-ritual yang diselaraskan dengan kronologi kehidupan dan penghidupan. Di antara ritual tersebut adalah upacara persembahan (bahasa Batak: pelean) kepada Mulajdi Nabolon. Aktivitas mempersiapkan perlengkapan ritual ini dilakukan dengan sangat teliti seturut tata laksana dan ketentuan yang disebut sebagai ""patik"". Kegiatan menata persiapan ritual dan pelean disebut dengan “mang-ugamo-hon” (bahasa Indonesia: meng-agama-kan). ""Ugamo"" artinya keberaturan atau penataan dengan benar.

Parmalim

Orang-orang yang senantiasa melaksanakan upacara ritual disebut sebagai “parugamo” atau “parugama”. Sebutan “parugamo” kembali populer di Tanah Batak ketika agama lain menjadi tumbuh di tanah Batak dan menjadi identitas yang eksis dengan sistem keyakinan religiusitas asli Batak. Dalam bahasa Batak, orang yang mengikuti serta menghayati ajaran Ugamo Malim disebut ""parugamo malim"", disingkat Parmalim.

Punguan parmalim

Dalam bahasa Batak, sekumpulan orang yang melaksanakan satu kegiatan dengan satu tujuan disebut sebagai ""punguan"". Perkumpulan penganut Ugamo Malim disebut pula sebagai ""punguan parmalim"".

Perkumpulan yang dimaksud dapat berupa:

Tempat beribadah satu unit parmalim yang dipimpin oleh seorang ulu punguan pada bale parsantian. Seorang ulu punguan ini menjalankan tugas dan fungsi yang diamanatkan oleh seorang ihutan malim dari Bale Pasogit Partonggoan (pusat peribadatan parmalim di Huta Tinggi, Laguboti, Toba). Organisasi penghayat Ugamo Malim untuk urusan non-religiusitas dan administratif.

Sejarah

Pada masa dinasti Sisingamangaraja, terdapat Bale Pasogit Pamujian di Bakkara. Tempat ini merupakan pusat peribadatan dan spritualitas masyarakat Batak pada masa itu.[butuh rujukan]Tetapi, selama berlangsungnya Perang Toba yang membumihanguskan Bakkara, Bale Pasogit Pamujian tersebut juga ikut dibakar. Karena masuknya pengaruh asing dan tiimbulnya guncangan pada tatanan kehidupan masyarakat sebagai akibat penjajahan Belanda dan aktivitas penyebaran agama Kristen, Sisingamangaraja XII mengamanatkan kepada muridnya untuk mendirikan sebuah ""bale pasogit "" kelak sebagai wadah tempat ""pamujian nabolon” (bahasa Indonesia: pemujaan terhadap Yang Agung) yang menghimpun orang-orang yang setia dengan keyakinan terhadap Mulajadi Nabolon.[butuh rujukan]Setelah tewasnya Sisingamangaraja XII pada 17 Juni 1907, amanat tersebut kembali diingatkan oleh sosok yang menamakan diri sebagai Nasiakbagi. Ia juga menunjuk tempat kedudukan dan rupa bale pasogit yang kelak akan didirikan oleh Raja Mulia. Terkait amanah mendirikan bale pasogit, Raja Mulia melapor dan menyampaikan maksudnya kepada pemerintah Belanda melalui Kantor Demang di Balige pada sekitar tahun 1913. Pemerintah Belanda mengadakan penyelidikan atas kegiatan penyebaran ajaran Ugamo Malim selama beberapa tahun. Pada tahun 1921, Belanda mengizinkan Raja Mulia mendirikan bale pasogit di Hutatinggi, Laguboti melalui Surat Controleur van Toba Nomor 1494/13 per tanggal 25 Juni 1921. Sejak saat itu, Ugamo Malim secara terbuka melaksanakan upacara ritual dan pengembangan ajaran secara terpusat di Hutatinggi, Toba di bawah pimpinan Raja Mulia Naipospos.

Kepemimpinan

Raja Si Singamangaraja sebagai malim (bahasa Indonesia: imam) bagi masyarakat Batak, mengajarkan dan menegakkan titah menyembah dan memuja Mulajadi Nabolon sebagai Tuhan Pencipta. Sisingamangaraja menenamakan dirinya sebagai Raja Nasiakbagi Patuan Raja Malim. Raja Mulia Naipospos merupakan salah satu muridnya.

Raja Mulia Naipospos

Raja Nasiakbagi menunjuk dan mengamanahkan kepada muridnya, Raja Mulia Naipospos, untuk memimpin pengikutnya dan menyebarkan Ugamo Malim. Raja Mulia Naipospos disebut sebagai Ihutan Bolon Parmalim (bahasa Indonesia: pemimpin besar parmalim). Ia menjadi generasi pertama pemimpin parmalim.

Raja Ungkap Naipospos

Selanjutnya, putera tunggal dari Raja Mulia Naipospos yang bernama Raja Ungkap Naipospos, meneruskan kepemimpinan pada tahun 1956 sebagai Ihutan Bolon Parmalim generasi kedua. Pada tahun 1939, sebelum menjadi Ihutan Bolon Parmalim, ia mendirikan Parmalim School di Bale Pasogit Parmalim dan mendapat dukungan penuh dari Raja Mulia. Di sekolah ini, anak-anak parmalim dari semua pelosok bisa sekolah agar tidak ketinggalan dengan sekolah zending Kristen.
Setelah Indonesia merdeka pada tahun 1945, sekolah ini ditutup karena anak-anak parmalim sudah diterima pada sekolah pemerintah di tempat tinggal masing-masing. Selama kepemimpinannya, Raja Ungkap melakukan terobosan dalam pola pembinaan pengajaran parmalim. Ia menuliskan ajaran dan menyebarkannya kepada seluruh parmalim. Ia juga membuat ajaran-ajaran tertulis yang disimpan secara rapi. Sebelumnya, ajaran-ajaran Ugamo Malim hanya bersifat lisan. Raja Ungkap juga mengembangkan bangunan-bangunan fisik pusat peribadatan parmalim yang berada di Hutatinggi. Termasuk di antaranya, memperbaharui Bale Pasogit dan melengkapi fasilitas pendukungnya, serta mendirikan Bale Parpitaan, Bale Pangaminan, dan Parhobasan. Ia memprakarsai renovasi kembali Bale Pasogit Sisingamangaraja dan Batu Siungkapungkapon di Bakkara pada tahun 1974. Ia juga mengorganisasikan parmailim secara administratif. Menjelang akhir hidupnya, Ugamo Malim di Hutatinggi, Laguboti, sudah terdaftar pada inventarisasi Penghayat Kepercayaan Terhadap Tuhan Yang Maha Esa melalui Surat Keputusan Departemen Pendidikan dan Kebudayaan RI No. I.136/F.3/N.1.1/1980. Raja Ungkap Naipospos meninggal pada hari Senin, 16 Februari 1981.

Raja Marnangkok Naipospos

Setelah Raja Ungkap Naipospos wafat, kepemimpinan Ugamo Malim di Huta Tinggi diteruskan kepada putera sulungnya, yakni Raja Marnangkok Naipospos. Raja Marnangkok lahir pada 18 Juli 1939. Oa menjadi Ihutan Bolon Parmalim generasi ketiga. Raja Marnangkok mengumpulkan dan membukukan ajaran dan bimbingan tertulis yang pernah dibuat Raja Ungkap Naipospos, kemudian menyebarluaskannya di kalangan parmalim. Raja Marnangkok Naipospos meninggal pada tahun 2016.

Raja Monang Naipospos

Sejak tahun 2017, kepemimpinan parmalim dilanjutkan oleh adik dari Raja Marnangkok Naipospos, yakni Raja Monang Naipospos. , hingga saat ini. Raja Monang Naipospos meningkatkan kerjasama dengan Direktorat PKT, Dirjen Kebudayaan, Kemendikbud, sebagai lembaga pemerintah yang membina penghayat kepercayaan di Indonesia. Ia juga terlibat dalam aktivitas lintas sektoral tingkat nasional untuk mengoptimalkan perjuangan pemenuhan hak-hak sipil penghayat kepercayaan di Indonesia.

Ajaran

Ugamo Malim memiliki ajaran sujud dan berserah diri pada Tuhan, Patik berupa ajaran tentang Perintah dan Larangan sesuai kehendak Tuhan, Poda Hamalimon sebagai anutan berpikir bertindak dan berperilaku terhadap sesama dan alam, serta ""Tona"" sebagai amanah Tuhan yang disampaikan kepada Manusia. Parmalim melaksanakan ritual peribadatan rutin setiap hari Sabtu (Marari Sabtu) sebagai wujud rasa syukur, pemujaan dan memuliakan Mulajadi Nabolon sang pencipta langit dan bumi. Selain Maraisabtu Parmalim juga melaksanakan berbagai aturan peribadatan Ugamo Malim antara lain ""Pameleon Bolon"" sebagai ibadah ritual syukuran kehidupan yang dilaksanakan pada bulan ke-Lima (sipaha lima), ritual pengampunan dosa ""Mangan Napaet"" pada bulan ke-12 dan mensyukuri memperingati lahirnya utuan Tuhan kepada manusia yang dirayakan pada hari kedua dan ketiga bulan ke-satu ""sipaha sada"" sesuai kalender Batak.

Jumlah pengikut

Tidak ada data pasti yang menyebutkan berapa banyak jumlah pengikut dari Parmalim ini. Namun pada dasarnya, pengikut aliran ini hampir semuanya berdomisili di provinsi Sumatera Utara. Berdasarkan hasil Sensus Penduduk tahun 2010, selain 6 agama resmi yang diakui pemerintah Republik Indonesia, aliran kepercayaan dimasukkan dalam kolom Lainnya (Jumlah penganut agama), termasuk Parmalim. Bila dihitung dari hasil sementara Sensus 2010, maka jumlah pengikut aliran ini sekitar 816 jiwa (dihitung dari jumlah yang ada di Sumatera Utara). Akan tetapi, sesuai penelitian ilmiah dengan perkiraan kasar jumlah mereka kurang lebih 1.100 jiwa. Mayoritas pemeluk Parmalim ada di Kabupaten Toba Samosir. Masih dari data BPS Sumatera Utara, jumlah pengikutnya mencapai 500 jiwa (0.36%) dari sekitar 140.000 jiwa penduduk Toba Samosir tahun 2010. Tetapi, seiring berjalannya waktu penganut parmalim semakin sedikit dan terus berkurang, pengikutnya juga memang sangat sedikit dan nyaris punah. Hasil sensus penduduk tahun 2010-2015 dari data BPS dan juga data pemerintahan provinsi Sumatera Utara, ternyata penganut agama ini hanya berkisar 300 jiwa saja di Sumatera Utara. Pada sensus 2000-2005 jumlahnya sangat banyak, bahkan mencapai ribuan hingga belasan dan puluhan ribu. Pada sensus 2020 tidak diketahui secara pasti karena BPS sendiri belum merilis hasil sensus tahun 2020. Mungkin saja penganut agama ini semakin sedikit karena terus berkurang, juga bisa disebabkan sensus 2020 ini terkendala karena pandemi Covid-19.",Contemporary Media,Wiki,https://id.wikipedia.org/wiki/Ugamo_Malim ,,yes
mg_084,Suku Batak Toba - Part 1,"Bangso Batak Toba
Batak Toba i ma sada rungu ni bangso Batak na ro sian Provinsi Sumatera Utara, Indonesia. Wilayah hasahatan na umbalga ni rungu Batak Toba i ma Kabupaten Samosir, Kabupaten Toba, Kabupaten Humbang Hasundutan, Kabupaten Tapanuli Utara, dohot Kabupaten Tapanuli Tengah. Wilayah hasahatan na asing i ma di Kabupaten Dairi, Kabupaten Simalungun, Kota Pematangsiantar, Kota Sibolga, Kabupaten Asahan, dohot Kota Medan.

Turi-turian
Harajaon Batak (Kerajaan Batak)
Parsorion dohot parbinotoan ni Ruma Bolon. Bandera Batak
Di tingki Harajaon Batak na marpusat di Bangkara, Harajaon Batak na dibahen marhite pamarentaon dinasti ni Si Singamangaraja i, dibagi gabe opat luat na digoari Raja Maropat, i ma:
1. Raja Maropat Silindung
2. Raja Maropat Samosir
3. Raja Maropat Humbang
4. Raja Maropat Toba

Penjajahan ni Belanda
Di tingki penjajahan ni Belanda, pamarenta Belanda pajongjong Keresidenan Tapanuli di taon 1910. Keresidenan Tapanuli i dibagi gabe opat luat na digoari afdeling jala sadarion nunga diboto jolma i ma Kabupaten manang Kota, i ma:
1. Afdeling Padangsidimpuan, na sadarion nunga gabe Kabupaten Tapanuli Selatan, Kabupaten Mandailing Natal, Kabupaten Padang Lawas, Kabupaten Padang Lawas Utara, dohot Kota Padangsidimpuan.
2. Afdeling Nias, na sadarion nunga gabe Kabupaten Nias dohot Kabupaten Nias Selatan.
3. Afdeling Sibolga dohot Ommnenlanden, na sadarion nunga gabe Kabupaten Tapanuli Tengah dohot Kota Sibolga.
4.Afdeling Bataklanden, na sadarion nunga gabe Kabupaten Tapanuli Utara, Kabupaten Humbang Hasundutan, Kabupaten Toba, Kabupaten Samosir, Kabupaten Dairi, dohot Kabupaten Pakpak Bharat.

Penjajahan ni Jepang
Di tingki penjajahan ni Jepang, parsintong ni pamarentaon di Keresidenan Tapanuli i ndorok (sai) soada muba.

Pardimposan Kemerdekaan ni Republik Indonesia
Dung merdeka, pamarenta ni Republik Indonesia sai manjadihon Tapanuli gabe sada keresidenan. Ferdinand Lumban Tobing ma Residen Tapanuli na parjolo. Adong do otik parubahan na masa di goar. Alai parsirangan (pembagian) ni luat i sai tongtong do. Goar ni Afdeling Bataklanden umpamana, diuba gabe Luhak Tanah Batak, jala luhak na parjolo diangkat i ma Cornelius Sihombing na hea gabe Demang Silindung. Goar ni onderafdeling pe diganti gabe urung, jala angka demang na mamimpin onderafdeling diangkat gabe Kepala Urung. Onderdistrik pe gabe Urung Kecil na dipimpin Kepala Urung Kecil na jolo gabe Assistent Demang.
Dung dipardalani turi-turian (sejarah) i, pamarentaon di Keresidenan Tapanuli hea dibagi gabe opat kabupaten, i ma:
1. Kabupaten Silindung
2. Kabupaten Samosir
3. Kabupaten Humbang
4. Kabupaten Toba

Asing-asing ni Batak Toba (Kultural Batak Toba)
Batak Toba i ma sada hasadaon (kesatuan) kultural. Halak Batak Toba ndang pola ingkon maringanan di luat geografis Toba, nang pe asal-usulna sian Toba. Sarupa dohot angka bangso (suku) na asing, etnis Batak Toba pe marsiurak (bermigrasi) tu luat-luat na lobi marjanji dohonon parngoluon na lobi denggan. Umpamana, godangna (mayoritas) parmianan (penduduk) Silindung i ma marga-marga Hutabarat, Panggabean, Hutagalung, Simorangkir, Hutapea, dohot Lumbantobing. Haadonganna (padahal) onom marga i i ma pinompar (keturunan) ni Guru Mangaloksa na gabe anak paduahon (anak kedua) ni Raja Hasibuan di luat Toba. Suang songon i ma marga Nasution na godang maringanan di luat Padangsidimpuan i ma hahadoli/anggi doli (saudara) ni marga Siahaan na di Balige, tontu (tentu) pinompar ni oppu (leluhur) na sarupa do nasida nadua. Batak Toba gabe hasadaon kultural tontu boi marsarak-sarak (menyebar) tu sandok luat laho manalpui (melintasi) batas-batas geografis ni asal ni oppu nasida, Si Raja Batak i ma luat Toba na tontu na di Huta Sianjur Mulamula na di lambung (lereng) ni Dolok (Gunung) Pusuk Buhit, hira-hira 45 minit manjamita (berkendara) sian Pangururan, Ibu kota Kabupaten Samosir, sadarion.

Panolopan Kedaulatan Awal Taon 1950
Di tingki panolopan kedaulatan di parmulaan ni taon 1950, Keresidenan Tapanuli naung marsada di bagasan Provinsi Sumatera Utara dibagi gabe opat kabupaten na imbaru, i ma:
1. Kabupaten Tapanuli Utara (na jolo Kabupaten Tanah Batak)
2. Kabupaten Tapanuli Tengah (na jolo Kabupaten Sibolga)
3. Kabupaten Tapanuli Selatan (na jolo Kabupaten Padangsidimpuan)
4. Kabupaten Nias

Masa Nuaeng
Tading-tadingan (Peninggalan) ni Parsidangan angka Raja, na adong di Tomok, Samosir. Di bulan Desember taon 2008, Keresidenan Tapanuli disadahon (disatukan) di bagasan Provinsi Sumatera Utara. Luat Toba sadarion masuk tu wilayah ni Kabupaten Toba na mar-ibu kota di Balige. (Asalna: Kabupaten Toba Samosir na dibentuk marhite Undang-Undang No. 12 Taon 1998 taringot tu pajongjongon ni Kabupaten Daerah Tingkat II Toba Samosir dohot Kabupaten Mandailing Natal, di Daerah Tingkat I Provinsi Sumatera Utara. Kabupaten Toba Samosir on i ma pinahan (pemekaran) sian Daerah Tingkat II Kabupaten Tapanuli Utara.)

Marga
Marga i ma sada bagian ni goar na gabe partanda sian keluarga dia ibana ro. Halak Batak sai tongtong do mar-goar marga na disungkun di pudian ni goarna. Goar marga on dapot sian pinompar ni baoa gabe garis keturunan patrilineal na muse tarpasahat tu angka pinomparna torus. Godang do marga ni Halak Batak Toba, jala ganup marga adong do turi-turian be ganup.","Suku Batak Toba
Batak Toba merupakan salah satu kelompok etnis Batak yang berasal dari Provinsi Sumatera Utara, Indonesia. Wilayah persebaran utama kelompok etnis Batak Toba meliputi Kabupaten Samosir, Kabupaten Toba, Kabupaten Humbang Hasundutan, Kabupaten Tapanuli Utara, dan Kabupaten Tapanuli Tengah. Daerah persebaran utama lainnya adalah di Kabupaten Dairi, Kabupaten Simalungun, Kota Pematangsiantar, Kota Sibolga, Kabupaten Asahan, dan Kota Medan.

Sejarah
Kerajaan Batak
Pada masa Kerajaan Batak yang berpusat di Bangkara, Kerajaan Batak yang dalam pemerintahan dinasti Si Singamangaraja membagi Kerajaan Batak dalam empat wilayah yang disebut Raja Maropat, yaitu:
1. Raja Maropat Silindung
2. Raja Maropat Samosir
3. Raja Maropat Humbang
4. Raja Maropat Toba

Penjajahan Belanda
Pada masa penjajahan Belanda, pemerintah Belanda membentuk Keresidenan Tapanuli pada tahun 1910. Keresidenan Tapanuli terbagi atas empat wilayah yang disebut afdeling dan saat ini dikenal dengan kabupaten atau kota, yaitu:
1. Afdeling Padangsidimpuan, yang sekarang menjadi Kabupaten Tapanuli Selatan, Kabupaten Mandailing Natal, Kabupaten Padang Lawas, Kabupaten Padang Lawas Utara, dan Kota Padangsidimpuan.
2. Afdeling Nias, yang sekarang menjadi Kabupaten Nias dan Kabupaten Nias Selatan.
3. Afdeling Sibolga dan Ommnenlanden, yang sekarang menjadi Kabupaten Tapanuli Tengah dan Kota Sibolga.
4. Afdeling Bataklanden, yang sekarang menjadi Kabupaten Tapanuli Utara, Kabupaten Humbang Hasundutan, Kabupaten Toba, Kabupaten Samosir, Kabupaten Dairi, dan Kabupaten Pakpak Bharat.

Penjajahan Jepang
Pada masa penjajahan Jepang, bentuk pemerintahan di Keresidenan Tapanuli hampir tak berubah.

Awal kemerdekaan Republik Indonesia
Setelah kemerdekaan, pemerintah Republik Indonesia pun tetap menjadikan Tapanuli menjadi sebuah keresidenan. Ferdinand Lumban Tobing merupakan Residen Tapanuli yang pertama. Ada sedikit perubahan dilakukan pada nama. Namun pembagian wilayah tetap sama. Nama Afdeling Bataklanden misalnya diubah menjadi Luhak Tanah Batak dan luhak pertama yang diangkat adalah Cornelius Sihombing yang pernah menjabat sebagai Demang Silindung. Nama onderafdeling pun diganti menjadi urung dan para demang yang memimpin onderafdeing diangkat menjadi Kepala Urung. Onderdistrik pun menjadi Urung Kecil yang dipimpin oleh Kepala Urung Kecil yang dulu adalah sebagai Assistent Demang.
Seiring dengan perjalanan sejarah, pemerintahan di Keresidenan Tapanuli pernah dibagi dalam empat kabupaten, yaitu:
1. Kabupaten Silindung
2. Kabupaten Samosir
3. Kabupaten Humbang
4. Kabupaten Toba

Kultural Batak Toba
Batak Toba adalah suatu kesatuan kultural. Batak Toba tidak mesti tinggal di wilayah geografis Toba, meski asal-muasal adalah Toba. Sebagaimana suku-suku bangsa lain, etnis Batak Toba pun bermigrasi ke daerah-daerah yang lebih menjanjikan penghidupan yang lebih baik. Contoh, mayoritas penduduk asli Silindung adalah marga-marga Hutabarat, Panggabean, Hutagalung, Simorangkir, Hutapea, dan Lumbantobing. Padahal keenam marga tersebut adalah keturunan Guru Mangaloksa yang merupakan anak kedua dari Raja Hasibuan di wilayah Toba. Demikian pula marga Nasution yang kebanyakan tinggal wilayah Padangsidimpuan adalah saudara marga Siahaan di Balige, tentu kedua marga ini adalah turunan leluhur yang sama. Batak Toba sebagai kesatuan kultural pasti dapat menyebar ke berbagai penjuru melintasi batas-batas geografis asal leluhurnya, Si Raja Batak yakni wilayah Toba yang secara spesifik adalah Desa Sianjur Mulamula terletak di lereng Gunung Pusuk Buhit, kira-kira 45 menit berkendara dari Pangururan, Ibu kota Kabupaten Samosir, sekarang.

Penyerahan kedaulatan awal 1950
Ketika penyerahan kedaulatan pada permulaan 1950, Keresidenan Tapanuli yang sudah disatukan dalam Provinsi Sumatera Utara dibagi dalam empat kabupaten baru, yaitu:
1. Kabupaten Tapanuli Utara (sebelumnya Kabupaten Tanah Batak)
2. Kabupaten Tapanuli Tengah (sebelumnya Kabupaten Sibolga)
3. Kabupaten Tapanuli Selatan (sebelumnya Kabupaten Padangsidimpuan)
4. Kabupaten Nias

Sekarang
Pada Desember 2008, Keresidenan Tapanuli disatukan dalam Provinsi Sumatera Utara. Toba saat ini masuk dalam wilayah Kabupaten Toba Samosir yang beribu kota di Balige. Kabupaten Toba Samosir dibentuk berdasarkan Undang-Undang No 12. Tahun 1998 tentang pembentukan Kabupaten Daerah Tingkat II Toba Samosir dan Kabupaten Mandailing Natal, di Daerah Tingkat I Provinsi Sumatera Utara. Kabupaten Toba Samosir ini merupakan pemekaran dari Daerah Tingkat II Kabupaten Tapanuli Utara.

Marga
Marga adalah bagian nama yang merupakan pertanda dari keluarga mana ia berasal. Orang Batak selalu memiliki nama marga yang disebutkan diakhir nama. Nama marga ini diperoleh dari garis keturunan ayah sebagai garis keturunan patrilineal yang selanjutnya akan diwariskan kepada keturunannya secara terus menerus. Ada banyak marga orang Batak Toba, dan setiap marga memiliki sejarah silsilahnya masing-masing.",Contemporary Media,Wiki,https://www.google.com/url?q=https%3A%2F%2Fid.wikipedia.org%2Fwiki%2FSuku_Batak_Toba%23,,yes
mg_085,Suku Batak Toba - Part 2,"Parbagasan

Jabu Adat

Jabu sian na robi ni halak Batak Toba digoari ma Ruma Bolon manang Jabu Bolon, na marbangunan opat ruji jala ganup tingki maringan lima pulu keluarga. Molo laho masuk tu Jabu Bolon on ingkon manangkangi tangga na maringan di parsitongaan ni jabu i, jala dampol do ragam ni anak tangga i. Molo naeng masuk jolma tu jabu i ingkon manonggop ulu asa unang maol tarantuk tu balok na manalitali i. Manonggop ulu i lapatanna ma parbinotoan ni halak na ro tu nampuna jabu i. Asing sian jabu-jabu Batak na di luat sisik, pintu jabu na di luat Batak Toba i ma pintu kolong na adong di toru ni alatan ni jabu i. Bagian parbagasan ni jabu i so adong parsirangan ni bilut alai gabe sada bilut na balga na marukuran 20 sahat tu 40 pat. Jabu Batak Toba na somalna dipajongjong marhite ragam ni bahan na denggan. Mangalehon tanda ni habisuhon na timbo situtu jala godang do sian jabu-jabu i diiasi dohot ukiran dohot gorga.

Pangkean Tradisional

Pangkean sian narobi ni Batak Toba i ma Ulos. Di hata Batak Toba, ""ulos"" lapatanna ma kain. Parlape-lape mangulahon ulos i ma marhite mangungkit marhite alat tonun. Ramba na umbalga di ulos i ma Rara, Birong, dohot Boni na diiasi ragam ni tonunan sian bonang sere manang perak. Di parmulaan ulos i dipangke dohot parbinotoan selendang manang sarung sambing, somal dipangke di ulaon na gomos manang ulaon adat Batak, alai nuaeng nunga godang jumpang di parbinotoan ni tanda mata, salongsong ni oran, tali hujur, ampang, pangkean, lapisan meja, dasi, pangihutan, dohot tutup ni jandela. Ulos i pe ganup tingki dipasahat tu inang na gabegabean asa pinadali haroro ni poso-poso i tu portibi on jala asa dapot mangaramoti inang i sian ragam ni mara na ro di tingki parsahalaan panubuan. Godang do sian ulos i na nunga magopu ala so dipaula be, songon Ulos Raja, Ulos Ragi Botik, Ulos Gobar, Ulos Saput (ulos na dipangke mambungkusi bangke), dohot Ulos Sibolang.

Hadatuon Mamorang

Hadatuon mamorang ni Batak Toba i ma Mossak. Goar Mossak laho maningting hadatuon mamorang di hata Batak Toba ganup tingki dipasada dohot hata Marmossak. Hata Mossak holan laho mandok hadatuon mamorang, alai parmossak i ma sasahalak na marsiulahon hadatuon mamorang na timbo manang boi do i sahalak na marsiajar parsiajaran mamorang jala marsiulahon parsiajaran mamorang. Mossak i diboto marsiulahon angka parsiajaran partondion jala dang sude jolma boi marsiajar i. Alai, angka pinompar ni ilmu Mossak na tading pe ndang barani pasahathon manang mangajari ianakhonna langka Mossak on ala boi i mangaroha-rohai haporseaon tu Mula Jadi Nabolon

Senjata Tradisional

On ma mansam ni ugasan mamorang sian narobi ni halak Batak Toba:
- Piso Halasan
- Piso Gaja Dompak
- Tunggal Panaluan
- Hujur Siringis
- Silima Sarung
- Piso Sitolu Sarung
- Piso Gading
- Piso Sanalenggam
- Piso Toba
- Parang

Tortor Sian Na Robi (Tortor)

Panortor tortor sian na robi ni bangso Batak Toba ima Tortor. Tortor ima bagian na ringkot di bagasan ulaon adat ni bangso Batak Toba. Marhite Tortor, bangso Batak Toba pasahathon panghirimanna dohot tangiangna. Pamaragan ni pangalaho dohot parrohaon marhite Tortor sai tongtong do maningting haadongan dohot tingki na niadopanna. Tarian Tortor i dipatujolo nunga adong di parbagasan adat Batak sian hira-hira abad 13. Jala lapatan simbol di ganup rungguan ni Tortor ganup-ganup adong do lapatanna na maningting songon dia parlape-lape mangalehon pasu-pasu dohot mangalehon partanda antar marga gabe parbinotoan ni partuturon na denggan. Di bagasan unsur partuturon ni bangso Batak, di tonga tonga ni hula-hula, dongan sabutuha, dohot boru angka rungguan sude maningting parsahalaan i marhite simbol ni rungguan na marhite-hite ni panortor.

Parangkat Soara Sian Na Robi

Parangkat soara ni Batak Toba tarbilang na marasing sian segi guna dohot sora na ro. Somalna, alat i dipatudu di ulaon-ulaon na tontu, songon ulaon adat hamatean, ulaon adat parbogason, dohot ulaon adat na asing. Alai nang pe songon i, di patudu doi muse laho mangiringi Tarian Tortor. Bohal laho mangulahon parangkat soara sian na robi ni halak Batak Toba malo malo situtu. Ala masi tarbilang uning uningan tangan, gabe bahan laho mangulahon i sai tongtong do adong. Hau, bulu, hulit pinahan, dohot ragam ni tina-tinaan na asing i ma bahan dasar ni i. Adong do alat na ringkot bosi laho mangulahon i. On ma daftar alat musik tradisional ni Batak Toba:
- Hasapi
- Sagasaga
- Gordang
- Taganing
- Ogung
- Sulim
- Tanggetang
- Odap
- Garantung
- Sarune Bolon
- Tulila
- Panggora

Sipanganon

Sipanganon ni halak Batak Toba ima ragam ni sipanganon na tarida tu hagaleon dohot adat mamora ni bangso Batak Toba. Lompa ni halak Batak Toba i ma sada ragam ni Masakan Batak. Sada ciri ni masakan Batak ima las ni roha mamangke andaliman gabe sasapan na ringkot. Alani i, andaliman i ganup tingki digoari gabe ""Merica Batak"". Godang do halak Batak Toba nuaeng mar ugamo Karisten, songon halak di humaliangna. Godang do ragam ni sipanganon Batak Toba so tarbatasi aturan halal. Jagal ni pinahan dohot gota diinum di bagasan parsantian ni halak Batak. Godang do sipanganon na umuli di luat i diulahon sian daging babi, padahal i adong do sipanganon na diulahon sian ragam parbue ni na somal, alai adong do pe sipanganon na diolophon.
On ma sura sura ni sipanganon ni halak Batak Toba:
- Arsik
- Babi Panggang
- Dengke Mas Naniuara
- Manuk Napinadar
- Lomok lomok
- Mie Gomak
- Natinombur
- Nanidugu
- Sambal Batak
- Sambal Tuktuk
- Sangsang
- Tanggo-tanggo
- Juhu/Lappet

(Kue Khas):
- Lappet
- Ombus ombus
- Pohul pohul
- Sasagun
- Itak gurgur
- Tipa tipa
- Kacang Sihobuk

Siinumon :
- Dali Nihorbo
- Kopi Lintong
- Tuak Batak","Budaya
Rumah Tradisonal
Rumah tradisional orang Batak Toba disebut Ruma Bolon atau Jabu Bolon, yang memiliki bangunan empat persegi panjang yang kadang-kadang ditempati oleh 50 keluarga. Memasuki Rumah Bolon ini harus menaiki tangga yang terletak di tengah-tengah rumah, dengan jumlah anak tangga yang ganjil. Bila orang hendak masuk rumah tersebut, harus menundukkan kepala agar tidak terbentur pada balok yang melintang. Menundukkan kepala dimaknai sebagai wujud penghormatan tamu terhadap si pemilik rumah. Berbeda dengan rumah-rumah Batak di daerah pesisir, pintu rumah di daerah Batak Toba berupa pintu kolong yang terdapat di bawah lantai rumah. Bagian dalam rumah tidak memiliki bagian dalam yang terpisah melainkan membentuk satu ruangan besar yang berukuran 20 sampai 40 kaki. Rumah batak toba pada umumnya dibangun dengan menggunakan bahan-bahan bangunan yang bagus. Memperlihatkan tanda-tanda keahlian yang tinggi, dan banyak di antara rumah-rumah tersebut yang turut dihiasi dengan ukiran dan lukisan.[2]

Pakaian Tradisonal
Pakaian tradisional Batak toba adalah Ulos. Dalam bahasa Batak Toba, ""ulos"" berarti kain. Cara membuat ulos yaitu dengan cara ditenun menggunakan alat tenun bukan mesin. Warna dominan pada ulos adalah merah, hitam, dan putih yang dihiasi oleh ragam tenunan dari benang emas atau perak. Mulanya ulos dikenakan di dalam bentuk selendang atau sarung saja, kerap digunakan pada perhelatan resmi atau upacara adat Batak, tetapi kini banyak dijumpai di dalam bentuk produk suvenir, sarung bantal, ikat pinggang, tas, pakaian, alas meja, dasi, dompet, dan gorden.
Ulos juga kadang-kadang diberikan kepada sang ibu yang sedang mengandung supaya mempermudah lahirnya sang bayi ke dunia dan untuk melindungi ibu dari segala mara bahaya yang mengancam saat proses persalinan. Sebagian besar ulos telah punah karena tidak diproduksi lagi, seperti Ulos Raja, Ulos Ragi Botik, Ulos Gobar, Ulos Saput (ulos yang digunakan sebagai pembungkus jenazah), dan Ulos Sibolang.

Seni Beladiri/Silat Tradisonal
Seni bela diri Batak Toba adalah Mossak. Kata Mossak untuk penamaan bela diri/silat dalam bahasa Batak Toba kadang kerap disamakan dengan kata Marmossak. Kata mossak hanya untuk menyebut silat/bela diri, sedangkan parmossak merupakan seseorang yang mempunyai ilmu bela diri yang tinggi atau bisa juga orang yang mendalami ilmu bela diri dan memiliki ilmu bela diri. Mossak dikenal memiliki ilmu-ilmu kebatinan dan tidak sembarangan orang untuk mempelajarinya. Bahkan, penerus-penerus ilmu Mossak yang tersisa tidak berani menurunkan atau mengajari anaknya jurus Mossak ini karena bisa memengaruhi kepercayaan terhadap Sang Maha Pencipta.

Senjata Tradisonal
Berikut Jenis-jenis Senjata Tradisional Batak Toba:
- Piso Halasan
- Piso Gaja Dompak
- Tunggal Panaluan
- Hujur Siringis
- Silima Sarung
- Piso Sitolu Sarung
- Piso Gading
- Piso Sanalenggam
- Piso Toba
- Parang
- Tarian Tradisonal

Penari Tortor
Tarian tradisional masyarakat Batak Toba adalah Tortor. Tortor merupakan bagian penting dalam upacara adat (ulaon adat) masyarakat Batak Toba. Melalui Tortor, masyarakat Batak Toba menyampaikan harapan dan doa-doanya. Peragaan sikap dan perasaan melalui Tortor selalu menggambarkan kondisi dan situasi yang dialami. Tarian Tortor diperkirakan telah ada dalam kebudayaan Batak sejak sekitar abad ke-13. Adapun makna simbol dalam tiap gerakan Tortor masing-masing mempunyai arti yang menjelaskan bagaimana proses menghargai dan memberi penghormatan antar marga sebagai bentuk hubungan yang baik. Dalam unsur kekerabatan masyarakat Batak antara hulahula, dongan sabutuha, dan boru gerakan itu semua menjelaskan proses tersebut melalui simbol gerakan yang akan dibawakan oleh panortor.

Alat musik tardisional
Alat musik Batak Toba tergolong unik dari segi fungsi dan suara yang dihasilkan. Biasanya, alat tersebut akan ditampailkan pada acara – acara tertentu, seperti acara upacara adat kematian, upacara adat pernikahan dan upacara adat lainnya. Selain itu, juga dipertontonkan untuk mengiringi tarian tortor. Bahan untuk membuat alat musik tradisional suku Batak Toba sangatlah sederhana. Karena masih tergolong alat musik manual, maka bahan untuk membuatnya selalu tersedia. Kayu, bambu, kulit hewan, dan tumbuhan lain merupakan bahan bakunya. Ada beberapa alat yang memerlukan besi untuk membuatnya. Berikut ini daftar alat musik tradisional Batak toba:
- Hasapi
- Sagasaga
- Gordang
- Taganing
- Ogung
- Sulim
- Tanggetang
- Odap
- Garantung
- Sarune Bolon
- Tulila
- Panggora

Kuliner Khas
Masakan
Masakan Batak Toba adalah jenis masakan yang dipengaruhi seni dan tradisi memasak masyarakat Batak Toba. Masakan Batak Toba merupakan salah satu jenis masakan Batak. Salah satu ciri masakan Batak adalah kegemarannya menggunakan andaliman (Zanthoxylum acanthopodium) sebagai rempah utama. Karena itu, andaliman kadang dijuluki sebagai ""Merica Batak"". Kebanyakan orang Batak Toba kini beragama Kristen, tidak seperti suku di sekitarnya. Kebanyakan hidangan Batak Toba tidak dibatasi oleh aturan halal. Daging babi dan darah dikonsumsi dalam tradisi kuliner Batak. Banyak makanan terbaik daerah itu dibuat dari daging babi, serta makanan yang terbuat dari bahan-bahan yang tidak biasa, akan tetapi ada juga hidangan-hidangan halal.

Berikut daftar masakan tradisonal khas Batak Toba:
- Arsik
- Babi Panggang
- Dengke Mas Naniuara
- Manuk Napinadar
- Lomok lomok
- Mie Gomak
- Natinombur
- Nanidugu
- Sambal Batak
- Sambal Tuktuk
- Sangsang
- Tanggo-tanggo
- Lappet
- Ombusombus
- Pohulpohul
- Sasagun
- Itakgurgur
- Tipatipa
- Kacang Sihobuk

Minuman :
- Dali Nihorbo
- Kopi Lintong
- Tuak Batak",Contemporary Media,Wiki,https://www.google.com/url?q=https%3A%2F%2Fid.wikipedia.org%2Fwiki%2FSuku_Batak_Toba%23Budaya,,yes
mg_086,Suku Batak Toba - Part 3,"Ugamo
Andorang bangso Batak Toba mamboto Ugamo Kristen, haporseaon ni oppu nasida, i ma Parmalim, nunga gabe haporseaon ni Halak Batak Toba torus-torusan. Alai, sian taon 1863, misionaris Lutheran na ro sian Jerman, i ma Ludwig Ingwer Nommensen manang na lobi diboto Halak Batak i ma Ingwer Ludwig Nommensen manang na digoari Nommensen, nunga sahat ibana di Tano Batak, dung i dipasahat ma Ugamo Kristen Protestan na maraliran Lutheranisme i di tonga-tonga ni bangso na di Tano Batak. Andorang si Nommensen, nunga adong misionaris na asing na hea pasahathon Ugamo Kristen i di Tano Batak, alai so marparbue dope. Nommensen ro sian Jerman, alai lobi diboto di Indonesia. Parbue ni ulaonna i ma Haroro ni sada gareja Protestan na maraliran Lutheran na umbalga di Indonesia di tonga-tonga ni etnis Batak Toba i ma Huria Kristen Batak Protestan (HKBP).

Parngoluan ni Halak Batak Andorang so ro dope Barita na Uli di Tano Batak
Andorang panaruan ni Ugamo Kristen, bangso Batak i manghasuhuthon haporseaon na gabe parsaoran ni haporseaon animisme, Hindu dohot magi. Bangso Batak porsea tu Debata na Marhagogoon na Balga na diboto dohot goar Debata Asiasi na manompa sandok Portibi. Debata Asiasi so mangatur na tinompana jala diparentahon tu Tolu Anakna i laho gabe dewa na mangatur Portibi. Anak na parjolo digoari Batara Guru na gabe Dewa Hapataron, Soripada na gabe Dewa holong ni roha jala Mangala Bulan na gabe pusu ni hagaleon jala dewa na umgogo di antara tolu dewa on. Bangso Batak di tingki i porsea, ringkot situtu laho mangarisap roha Mangala Bulan ala dewa on porsea boi mangagohon ngolu nasida. Tolu dewa on pe so tudu mamimpin ala pasahathon do pamarentaon tu angka delegasi nasida na dibagi gabe tolu tingkat, i ma Debata Di Ginjang, Debata Di Toru dohot Debata Dos Tonga. Ale i sian angka dewa i, bangso Batak di tingki i pe porsea tu angka panunggu.","Agama
Sebelum masyarakat Batak Toba mengenal agama Kristen, kepercayaan leluhur, yakni Parmalim, telah menjadi sebuah kepercayaan orang Batak Toba secara turun-temurun. Namun, sejak tahun 1863, misionaris Lutheran asal Jerman yakni Ludwig Ingwer Nommensen atau orang Batak lebih mengenal dengan Ingwer Ludwig Nommensen atau dipanggil Nommensen, tiba di Tanah Batak, kemudian menyebarkan agama Kristen Protestan yang beraliran Lutheranisme tersebut di antara masyarakat tanah Batak. Sebelum Nommensen, beberapa misionaris telah menyebarkan agama Kristen di Tanah Batak, akan tetapi belum berhasil. Nommensen berasal dari Jerman, tetapi lebih dikenal di Indonesia. Hasil dari pekerjaannya adalah berdirinya sebuah gereja Protestan dengan aliran Lutheran terbesar di Indonesia yang ditengah-tengah etnis Batak Toba yaitu Huria Kristen Batak Protestan (HKBP).

Konteks kehidupan orang Batak sebelum Injil masuk di Tanah Batak
Sebelum penyebaran agama Kristen, masyarakat Batak menganut sistem kepercayaan yang merupakan campuran kepercayaan animisme, Hindu dan magi.[7] Masyarakat Batak memercayai Yang Maha Kuasa yang dikenal dengan nama Debata Asiasi yang menciptakan seluruh alam semesta. Debata Asiasi tidak mengatur apa yang diciptakan dan memerintahkan ketiga anaknya untuk menjadi dewa yang mengatur dunia. Anak pertama bernama Batara Guru yang merupakan Dewa Keadilan, Soripada yang merupakan dewa belas kasih dan Mangala Bulan yang merupakan sumber kejahatan dan dewa paling kuat di antara ketiga dewa ini. Masyarakat Batak pada masa itu percaya bahwa sangat penting untuk mengambil hati Mangala Bulan karena dewa ini dipercaya dapat menghancurkan kehidupan mereka. Ketiga dewa ini juga tidak langsung memimpin karena juga memercayakan pemerintahan kepada para delegasinya yang dibagi menjadi tiga tingkatan, yaitu Debata Di Ginjang (dewa atas), Debata Di Toru (dewa bawah dan Debata Dos Tonga (dewa tengah) . Selain para dewa, masyarakat batak pada masa tersebut juga percaya terhadap penunggu.",Contemporary Media,Wiki,https://www.google.com/url?q=https%3A%2F%2Fid.wikipedia.org%2Fwiki%2FSuku_Batak_Toba%23Agama,,yes
mg_087,Suku Batak Toba - Part 4,"Haroro ni Barita Nauli tu Tano Batak

Pandita na Sinuru ni Punguan Partangiangan Baptis Inggris

Di taon 1820, tolu misionaris sian Baptist Missionary Society, ima Nathan Ward, Evans Meers, dohot Richard Burton, disuru tu Bengkulu laho manjumpang Thomas Stamford Raffles. Andorang i, tolu halak i mangulahon ulaon na di Sumatera di tolu luat na muba-uba. Ward martugas di Bengkulu, Burton di Sibolga jala Meers di Padang. Dung i disuru Raffles ma nasida mandalani luat tu utara, tu luat parmianan ni Halak Batak na so mangolu dope di bagasan ugamo Kristen. Borhat ma nasida di tanggal 30 April 1824 jala mangulahon pardalanan di sisik ni Tapanuli. Dung dua jam manalpui natong jujuran, sahat ma nasida di huta Parik Debata na marbagasan tu luat ni Pagaran Lambung. Pagaran Lambung i marisi 10 sahat tu 20 huta. Dijalo do nasida dohot denggan ni roha ni raja na disi jala dipasombu mondok samalam di jabu ni Pangulu Huta i, jala mandapot tanda kehormatan di manogotna. Dipasolhot nasida ma pardalananna jala manangali dalan saleleng 6 jam pardalanan andorang so maradian di huta na maringan di parsitongaan ni Pagaran Lambung. Saleleng dua ari pardalanan, manalpui ma nasida di Huta Tinggi di ari senen dung 4 jam pardalanan sian inganan paradianan i. Pardalanan on ima parenta sian Raffles laho laho tu utara, ima Silindung . Dipasolhot nasida ma 5 jam pardalanan sian Huta Tinggi jala mondok di sada sopo andorang so dipasolhot muse mardalanan di Selasa manogot manang di tanggal 4 Mei jala sahat ma nasida di Silindung. Di parmulaan, sura sura pardalanan i dipatujolo sahat tu Tao Toba, alai marsundat do pardalanan i ala ni pangidion kolera na ingkon ditarami ni Ward. Ward ima sada sintua pangidion na marulaon mangida pangidion na manursar di luat i. Mian ma nasida di Silindung saleleng saminggu jala borhat sian Silindung di pukul 7 manogot di tanggal 11 Mei. Di tingki sahat nasida di Silindung, dijalo do nasida dohot denggan ni roha ni raja na disi, alai marsundat do pardalanan parjamitaan na di tingki masa sala pamotoan dohot parmianan. Parmianan i sala mamoto hata ni parjamita na mandok ingkon gabe gelleng harajaon nasida, songon dakdanak na gelleng. Parmianan i so lomo tusi, alani ima angka parjamita i dipabali di taon i. Angka misionaris i pe manabunon pasal sada sian Bibel tu bagasan hata Batak Toba.

Parjamitaan Utusan American Board of Commissioners for Foreign Mission

Di parmulaan, Karl Gützlaff naeng martugas tu Sumatra, alai gagal ala ni haadongan ni luat na masa parbadaan. Parbadaan on i ma perang padri na gabe paubahon tujuan ni Gutzlaff tu Jakarta laho pasahathon parjamitaan tu Halak Tionghoa na mian disi. Dung i di taon 1834, dua halak Amerika, ima Samuel Munson dohot Henry Lyman na gabe utusan ni gareja Kongregationalis Amerika na disuru ni The American Board of Commissioners for Foreign Mission di Boston laho masuk tu Sumatra. Di 17 Juni 1834 sahat ma nasida di Sibolga jala mondok pigapiga ari disi. Di 23 Juni 1834, borhat ma nasida manuju dolok Silindung. Di pardalanan, di tingki sahat di tombak Lombang Silindung, di borngin 28 Juni 1834, nasida diligi, ditangkup, jala dipamate di lambung ni Lobu Pining. Pamatehon ima Raja Panggalamei, na gabe Raja di Pintubosi na mian di Singkak. Diulahon ibana ma pamateon i rap dohot bangsona.

Parjamitaan Utusan Rheinische Missionsgesellschaft

Ludwig Ingwer Nommensen, misionaris Jerman na marhasil pasahathon Injil di tonga-tonga ni Halak Batak Toba. Di taon 1840, sada parbinoto na marbangso Jerman, ima Franz Wilhelm Junghuhn mangulahon pardalanan tu luat Batak jala dung i dipasahat surat taringot tu suku Batak. Di bagasan pustaha i dipodahon Junghuhn ma pamarenta kolonial i laho mangalogo zending Kristen laho manundati pangarejoan Islam di bagian utara ni Pulo Sumatra. Surat i sahat ma tu angka uluan ni Lembaga Alkitab Nederlandsche Bijbelgenootschap di Belanda, sahat tu na disuru nasida sada ahli hata na margoar Herman Neubronner van der Tuuk laho manaliti hata Batak jala laho manerjemahon Bibel. Van der Tuuk i ma Halak Barat na parjolo na mangulahon panalitian ilmiah taringot tu hata Batak, Lampung, Kawi, Bali. Ibana pe Halak Eropa na parjolo na mamareng Tao Toba jala manjumpang dohot Si Singamangaraja. Lomo do rohana marsiulangan jala manjalo Halak Batak di jabuna. Van der Tuuk mangalehon saran asa lembaga zending manuru angka penginjil tu Tapanuli, langsung tu luat na di parbagasan. Taon 1857, pekabar Injil G. Van Asselt, utusan sian huria na gelleng di Ermelo, Belanda, mangulahon panghobasion di Tapanuli Selatan. Ditembus ibana pigapiga naposo jala dilehon pangajaran Kristiani tu nasida. Di 31 Maret 1861, dua halak Batak na parjolo diurbasi, i ma: Jakobus Tampubolon dohot Simon Siregar. Di taon na sarupa, tontuna di 7 Oktober 1861, diulahon rapat ni opat pandita di Sipirok, na diihuthon ni dua pandita Jerman, ima Pdt. Heine dohot Pdt. Klemmer jala dohot dua pandita Belanda, ima Pdt. Betz dohot Pdt. Asselt. Diulahon nasida rapot laho pasahathon ulaon parbarita nauli tu Rheinische Missionsgesellschaft. Ari i dirimpu ma gabe ari pajongjongon ni Huria Kristen Batak Protestan (HKBP). Dung i Ludwig Ingwer Nommensen (1834 - 1918) sahat ma di Padang di taon 1862. Mian ibana di Barus pigapiga tingki laho marsiajar hata dohot adat Batak dohot Melayu. Ibana sahat marhite badan Misi Rheinische Missionsgesellschaft. Dung i, di taon 1864, masuk ma ibana tu luat Silindung, parjolo di Huta Dame, dung i di Pearaja. Di bagasan pasahathon barita nauli, Ludwig Ingwer Nommensen ditolopi ni Raja Pontas Lumbantobing laho mangolohon sian Barus tu Silindung dohot hatorangan na tarsurat na mandok ibana so maralus taringot tu haluaonna. Di parmulaan so dijalo do Nommensen dohot denggan ni roha ni parmianan, ala mabiar nasida tardampak bala ala manjalo halak na asing na so mamparsinta adat. Di sada tingki, diulahon pesta oppu Siatas Barita, somalna disihi korban. Laho mamamate Nommensen gabe korban, na di tingki i adong disi. Di haadongan na songon on, ro Nommensen tu parmulaan jala mandok tu halak na godang: Tondi na manghatai marhite halak i nunga godang mangela hamu. I ma so tondi ni Siatas Barita, oppumuna, alai tondi hagaleon. Songon dia ma oppumuna mangido mudar ni sada sian pinomparna! Tarsongot ma Sibaso i madabu tu tano.

— Ludwig Ingwer Nommensen
Mangadopi haadongan na mangaringgoti, Nommensen sai tongtong ramah dohot lambok ni roha, sahat tu na lombo mambahen halak mago rohana jala ila mangulahon na so denggan tu ibana. Di sada borngin di tingki angka raja i mian di jabuna sahat tu tolap borngin jala modom marsidomdom, dibuat Nommensen ma selimut jala ditutup tu badan nasida, sahat tu manogotna pupun ma nasida jala ila rohanasida, mamareng ulahon ni Nommensen na denggan. Sikap panolakan ni Raja Batak i masa ala ni hatahuton Nommensen i ma parmulaan sian pihak Belanda.

Parhusor Kekristenan dung Injil Masuk di Tano Batak

Halak Batak na masuk Kristen mandapot ringgot jala dipabali sian huta parmiananna ala so lomo rohana mangalehon sumbangan tu ulaon-ulaon adat. Haadongan na songon on mangalului nasida marsada di sada huta na manontu, ima Huta Dame. Dung pitu taon Nommensen mangulahon parjamitaan, Halak Batak na masuk Kristen marragam 1.250 halak. Sampulu taon dung i di taon 1881, manaek ragamna lima lompit, sahat tu na ragam ni Halak Batak na masuk Kristen i ma hira-hira 6.250 halak. Di taon 1918, nunga tarsurat 185.731 halak Kristen di luat RMG Sumatera Utara. Di taon 1881, diangkat Nommensen gabe Ephorus ni RMG. Jabatan i diparguruhon sahat tu na mate ibana di 23 Mei 1918. Halak Batak mangalehon goar tu Nommensen dohot goar Ompu i. Di parmulaan, goar on i ma goar na tontu ni bangso Batak tu angka Singamangaraja. Kristen Katolik dipasolhot di taon 1934 ni Misionaris Katolik Belanda na margoar Sybrandus Van Rossum. Kristen Katolik tarida bagak di parmulaan ni taon 1950-an, luat Batak Toba na maringanan Kristen Katolik na lumayan balga ima di humaliang ni Pulo Samosir dohot Tao Toba jala di humaliang ni Kecamatan Andam Dewi di luat Tapanuli Tengah. Sadarion, hira-hira ±11% torop ni halak Batak Toba ima sianuduran ni Gareja Katolik Roma. Rap dohot Komunitas Protestan na maraliran Lutheran, Katolik Roma mamparsinta Adat Batak di bagasan komunitas ugamo.","Masuknya penginjil ke Tanah Batak

Penginjil utusan Pekabaran Injil Baptis Inggris

Pada tahun 1820, tiga misionaris dari Baptist Missionary Society yaitu Nathan Ward, Evans Meers, dan Richard Burton dikirim ke Bengkulu untuk menemui Thomas Stamford Raffles. Sebelumnya, mereka bertiga bertugas di Sumatra di tiga tempat berbeda. Ward ditugaskan di Bengkulu, Burton di Sibolga dan Meers di Padang. Kemudian Raffles menyarankan supaya mereka pergi ke utara, ke daerah tempat tinggal orang Batak yang masih belum menganut kristen. Mereka berangkat pada tanggal 30 April 1824 dan melakukan perjalanan di pesisir Tapanuli. Setelah dua jam melewati dataran rerumputan, mereka tiba di desa Parik Debata mencakup wilayah dari Pagaran lambung. Pagaran lambung terdiri dari 10-20 desa. Mereka disambut dengan baik oleh raja setempat dan dipersilakan menginap semalam di rumah kepala desa serta mendapatkan tanda kehormatan keesokan harinya. Mereka melanjutkan perjalanan dan menyusuri rute selama 6 jam perjalanan sebelum beristirahat di desa yang berlokasi di tengah Pagaran Lambung. Selama dua hari perjalanan, mereka akhirnya melewati Huta Tinggi pada hari senin setelah 4 jam perjalanan dari tempat peristirahatan sebelumnya.[8] Perjalanan ini merupakan perintah dari Raffles untuk pergi ke utara, yakni Silindung (wilayah Batak Toba). Mereka melanjutkan 5 jam perjalanan dari Huta Tinggi dan bermalam di sebuah gubuk sebelum melanjutkan perjalanan pada selasa pagi atau tanggal 4 Mei dan tiba di Silindung. Pada awalnya, rencana perjalanan direncanakan hingga Danau Toba, tapi perjalanan terhenti karena penyakit kolera yang harus ditangani oleh Ward.[8] Ward merupakan seorang ahli medis yang ditugaskan menyelediki penyakit yang menular di wilayah ini. Mereka tinggal di Silindung selama seminggu dan meninggalkan Silindung pada jam 7 pagi tanggal 11 Mei.
Saat mereka tiba di Silindung, mereka diterima dengan baik oleh raja setempat, namun perjalanan penginjilan mereka terhenti ketika terjadi salah paham dengan penduduk. Penduduk salah menafsirkan khotbah penginjil tersebut yang mengatakan bahwa kerajaan mereka harus menjadi lebih kecil, seperti anak kecil. Penduduk tidak suka hal ini, karena itu para penginjil tersebut diusir pada tahun itu juga. Para misionaris tersebut juga menerjemahkan pasal satu dari Alkitab ke dalam bahasa Batak Toba.

Penginjil utusan American Board of Commissioners for Foreign Mission
Pada awalnya, Karl Gützlaff ingin ditugaskan ke Sumatra, tapi gagal karena keadaan lokasi yang sedang konflik. Konflik ini merupakan perang padri yang akhirnya memindahkan tujuan Gutzlaff ke Jakarta untuk menyebarkan melakukan penginjilan kepada Tionghoa yang tinggal disana. Kemudian pada tahun 1834, dua orang Amerika, yaitu Samuel Munson dan Henry Lyman yang merupakan utusan gereja Kongregationalis Amerika yang diutus oleh The American Board of Commissioners for Foreign Mission (ABCFM) di Boston untuk masuk ke Sumatra.[14] Pada 17 Juni 1834 mereka tiba di Sibolga dan menetap beberapa hari di sana. Pada 23 Juni 1834, mereka berangkat menuju pegunungan Silindung. Dalam perjalanan, ketika tiba di pinggir Lembah Silindung, pada malam hari 28 Juni 1834, mereka dihadang, ditangkap, dan dibunuh di dekat Lobu Pining. Pembunuhnya adalah Raja Panggalamei, yang merupakan Raja di Pintubosi yang tinggal di Singkak. Ia membunuh bersama dengan rakyatnya.

Penginjil utusan Rheinische Missionsgesellschaft
Ludwig Ingwer Nommensen, misionaris Jerman yang berhasil menyebarkan Injil di antara orang Batak Toba. Pada tahun 1840, seorang ilmuwan berkebangsaan Jerman, Franz Wilhelm Junghuhn melakukan perjalanan ke daerah Batak dan kemudian menerbitkan karangan tentang suku Batak. Dalam buku tersebut Junghuhn menasihatkan pemerintah kolonial untuk membuka zending Kristen guna membendung pengaruh Islam di bagian utara Pulau Sumatra.[20] Karangan tersebut sampai ke tangan tokoh-tokoh Lembaga Alkitab Nederlandsche Bijbelgenootschap di Belanda, hingga mereka mengirim seorang ahli bahasa bernama Herman Neubronner van der Tuuk untuk meneliti bahasa Batak dan untuk menerjemahkan Alkitab. Van der Tuuk adalah orang Barat pertama yang melakukan penelitian ilmiah tentang bahasa Batak, Lampung, Kawi, Bali. Ia juga orang Eropa pertama yang menatap Danau Toba dan bertemu dengan Si Singamangaraja. Ia merasa senang berkomunikasi dan menyambut orang Batak di rumahnya. Van der Tuuk memberi saran supaya lembaga zending mengutus para penginjil ke Tapanuli, langsung ke daerah pedalamannya. Tahun 1857, pekabar Injil G. Van Asselt, utusan dari jemaat kecil di Ermelo, Belanda, melakukan pelayanan di Tapanuli Selatan. Ia menembus beberapa pemuda dan memberi mereka pengajaran Kristiani. Pada 31 Maret 1861, dua orang Batak pertama dibaptis, yaitu: Jakobus Tampubolon dan Simon Siregar. Pada tahun yang sama tepatnya pada 7 Oktober 1861, diadakan rapat empat pendeta di Sipirok, yang diikuti oleh dua pendeta Jerman, yaitu: Pdt. Heine dan Pdt. Klemmer serta oleh dua pendeta Belanda, yaitu: Pdt. Betz dan Pdt. Asselt. Mereka melakukan rapat untuk menyerahkan misi penginjilan kepada Rheinische Missionsgesellschaft. Hari tersebut dianggap menjadi hari berdirinya Huria Kristen Batak Protestan (HKBP). Kemudian Ludwig Ingwer Nommensen (1834 - 1918) tiba di Padang pada tahun 1862. Ia menetap di Barus beberapa saat untuk mempelajari bahasa dan adat Batak dan Melayu. Ia tiba melalui badan Misi Rheinische Missionsgesellschaft. Kemudian, pada tahun 1864, ia masuk ke daerah Silindung, mula-mula di Huta Dame, kemudian di Pearaja (kini menjadi kantor pusat HKBP). Dalam menyampaikan Injil, Ludwig Ingwer Nommensen dibantu oleh Raja Pontas Lumbantobing (Raja Batak pertama yang dibaptis) untuk mengantarnya dari Barus ke Silindung dengan catatan tertulis bahwa ia tidak bertanggung jawab atas keselamatannya. Pada awalnya Nommensen tidak diterima baik oleh penduduk, karena mereka takut kena bala karena menerima orang lain yang tidak memelihara adat. Pada satu saat, diadakan pesta nenek moyang Siatas Barita, biasanya disembelih korban. untuk membunuh Nommensen sebagai korban, yang pada saat itu hadir di situ. Dalam keadaan seperti ini, Nommensen hadir ke permukaan dan berkata kepada orang banyak: Roh yang berbicara melalui orang itu sudah banyak memperdaya kalian. Itu bukan roh Siatas Barita, nenekmu, melainkan roh jahat. Masakan nenekmu menuntut darah salah satu dari keturunannya! Segera Sibaso jatuh ke tanah.

— Ludwig Ingwer Nommensen
Menghadapi keadaan yang menekan, Nommensen tetap ramah dan lemah lembut, hingga lama-kelamaan membuat orang merasa enggan dan malu berbuat tidak baik padanya. Pada satu malam ketika para raja berada di rumahnya hingga larut malam dan tertidur lelap, Nommensen mengambil selimut dan menutupi badan mereka, hingga pagi hari mereka terbangun dan merasa malu, melihat perbuatan baik Nommensen. Sikap penolakan Raja Batak ini disebabkan kekhwatiran bahwa Nommensen adalah perintisan dari pihak Belanda.

Perkembangan Kekristenan setelah Injil masuk di Tanah Batak
Orang Batak yang masuk Kristen mendapat tekanan dan diusir dari kampung halamannya karena tidak mau memberi sumbangan untuk upacara-upacara suku. Keadaan seperti ini memaksa mereka berkumpul pada satu kampung tersendiri, yaitu Huta Dame (kampung damai). Setelah tujuh tahun Nommensen melakukan penginjilan, orang Batak yang masuk Kristen berjumlah 1.250 jiwa. Sepuluh tahun kemudian pada tahun 1881, jumlahnya naik lima kali lipat, hingga jumlah orang Batak yang masuk Kristen adalah sekitar 6.250 orang. Pada tahun 1918, sudah tercatat 185.731 orang Kristen di wilayah RMG Sumatera Utara. Pada tahun 1881, Ludwig Ingwer Nommensen diangkat menjadi Ephorus oleh RMG. Jabatan tersebut dipegangnya hingga ia meninggal dunia pada 23 Mei 1918. Orang Batak memberi gelar kepada Nommensen dengan sebutan Ompu i. Awalnya, gelar ini merupakan sebutan khusus masyarakat Batak kepada para Singamangaraja.
Kristen Katolik diperkenalkan pada tahun 1934 oleh Missionaris Katolik Belanda bernama Sybrandus Van Rossum. Kristen Katolik bertumbuh signifikan pada awal tahin 1950 an, wilayah Batak Toba yang memiliki populasi Kristen Katolik yang cukup besar yakni disekitar Pulau Samosir dan Danau Toba serta di sekitar Kecamatan Andam Dewi di wilayah Tapanuli Tengah. Saat ini setidaknya ±11% populasi Batak Toba merupakan pengikut Gereja Katolik Roma. Bersama dengan Komunitas Protestan beraliran Lutheran, Katolik Roma memelihara adat Batak dalam komunitas keagamaan.",Contemporary Media,Wiki,https://www.google.com/url?q=https%3A%2F%2Fid.wikipedia.org%2Fwiki%2FSuku_Batak_Toba%23Masuknya_penginjil_ke_Tanah_Batak,,yes
mg_088,Bahasa Batak Toba,"Hata Batak Toba
Hata Batak i ma hata na hinatahon ni Halak Batak Toba di humaliang ni Tao Toba, Pulo Samosir, dohot luat Tapanuli na di utara di Sumatera Utara, Indonesia. Hata Batak Toba tarbagasan tu rumpun hata Austronesia jala gabe bagian sian kelompok hata-hata Batak. Sadarion dipatujolo hira-hira 2.000.000 halak na manghatai Hata Batak Toba na mian di bagian kulon dohot dangsina ni Tao Toba. Sistem panuraton ni hata on di turi-turian hea mamangke Surat Batak, alai nuaeng angka na manghatai i sai tongtong do mamangke alfabet Latin laho manurat i. Herman Neubronner van der Tuuk i ma sada pionir na parjolo manaliti taringot tu Hata Batak Toba, i ma di bagasan ulahonanna manurat Bibel na marhata Batak Toba. Hata Batak Toba lumobi sarupa dohot hata Batak Angkola dohot Batak Mandailing, alani i tolu etnis on lumobi mura do laho marsi-ulahon pamotoan i sada tu naasing molo dibandingkon dohot hata-hata Batak na asing (Simalungun, Karo, dohot Pakpak). Hata Batak Toba so holan dipangke ni angka na manghatai na mian di luat ni Tao Toba, alai di luat na asing pe godang do pangusena, lumobi angka natua-tua na mian di ruar ni Tao Toba sai tongtong do mamangke hata i di tingki marsiulangan ganup ari tu ianakhonna, donganna sabangsa, dohot angka halak na mamoto Hata Batak Toba.

Turi-turian
Panalitian na Parjolo
Di tonga-tonga ni panalitian na parjolo taringot tu Hata Batak Toba na diulahon ni halak sian ruar ni bangso Batak i ma tarsurat ni angka misionaris Baptis, i ma Nathan Ward, Evans Meers, dohot Richard Burton, na ro tu luat Silindung di taon 1824. Dipauli nasida hata Batak i marparsarupoan dohot hata Melayu. Molo sian parsaoran, sada sian tolu hata di hata Batak sarupa manang mirip dohot hata Melayu sahat tu na boi dipoto ni pakar hata Melayu. Nang pe adjektiva, verba, dohot adverbia marragam situtu, parubahon di verba marparjambaron na sarupa songon na diulahon di hata Melayu. Hata Batak lumobi godang prefiks dohot afiks molo dibandingkon dohot hata Melayu, tontuna tu hata ulaon, sahat tu hata pargogo na laho pasangophon haporluan panundungan hata ni bangso Batak na lambok dohot basar. Sada sian parubahon hata na mangarajai, i ma afiks ""-hon"" di hata Batak na mamangke na sarupa dohot afiks ""-kan"" di hata Melayu. Pangarejoan ni hata Sanskerta tu hata Batak lumobi balga molo dibandingkon tu hata Melayu ala so adong turunan hata sian hata Arab. Parsalisian dohot hata Melayu lumobi tarida tontu di ragam panuhunan siganup ari (hata tohop) sian ragam hata na tarsurat (hata habaitan). Ala huruf-hurufna marharoroan sian Sanskerta, jadi surat ni hata Batak i diparparjolo sian hambirang tu siamun. Dung i di bagasan parulangan, susunan umpasa di hata Batak pe sarupa dohot pantun di hata Melayu. Umpasa alang-alang situtu do gabe tarsurat ala somalna holan dipangke tu dongan saroha, gabe orasi manang laho mangalului hamuliaon dohot parmuba-ubaan nang di tingki marsibada manang gabe sipanggokhi sahat tu na tarsurat memori ni angka suku Batak Toba i di bagasan umpasa. Panarion ni umpasa i diulahon ni dua halak naposobulung gabe sipanggokhi di ragam ni parsaoran na diulahon sian 10 (sapulu) sahat tu 12 (sapulu dua) jam torus-torusan dang mansohot. Dung i gabe sipanggokhi, dipangke nasida do umpasa i di bagasan panuhunan ganup ari laho mangalehon ringkot tu hata nasida. Dibagi nasida umpasa gabe opat kelas, i ma tu dongan saroha, podah tu naposobulung, halak na so margogo dohot panghirimon tu Debata.","Bahasa Batak Toba
Bahasa Batak adalah bahasa yang dituturkan oleh orang-orang Batak Toba di sekitar Danau Toba, Pulau Samosir, dan wilayah Tapanuli bagian utara di Sumatera Utara, Indonesia. Bahasa Batak Toba termasuk dalam rumpun bahasa Austronesia dan merupakan bagian dari kelompok bahasa-bahasa Batak. Saat ini diperkirakan terdapat kurang-lebih 2.000.000 orang penutur Bahasa Batak Toba yang tinggal di bagian barat dan selatan Danau Toba. Sistem penulisan bahasa ini dalam sejarahnya pernah menggunakan Surat Batak, tetapi saat ini para penuturnya hampir selalu menggunakan alfabet Latin untuk menuliskannya. Herman Neubronner van der Tuuk adalah salah seorang pionir awal penelitian atas bahasa Batak Toba, yaitu dalam aktivitasnya menulis Alkitab berbahasa Batak Toba. Bahasa Batak Toba agak lebih mirip dengan bahasa Batak Angkola dan Batak Mandailing, sehingga ketiga etnis ini lebih mudah untuk saling memahami satu sama lain dibandingkan dengan bahasa-bahasa Batak lainnya (Simalungun, Karo, dan Pakpak). Bahasa Batak Toba tidak hanya digunakan oleh penutur yang tinggal di wilayah Danau Toba, tetapi di daerah lain juga terdapat banyak penggunanya, terlebih orang tua yang tinggal di luar Danau Toba masih menggunakan bahasa tersebut saat berkomunikasi sehari-hari kepada anaknya, sesama suku, dan orang-orang yang memahami bahasa Batak Toba.

Sejarah
Pengamatan awal
Di antara pengamatan awal terhadap bahasa Batak Toba yang dilakukan oleh orang dari luar masyarakat Batak adalah catatan para misionaris Baptis, yakni Nathan Ward, Evans Meers, dan Richard Burton, yang berkunjung ke wilayah Silindung pada tahun 1824. Mereka menilai bahwa bahasa Batak memiliki kesamaan dengan bahasa Melayu. Secara substansi, satu dari tiga kata dalam bahasa Batak sama atau mirip dengan bahasa Melayu sehingga dapat dikenali oleh pakar bahasa Melayu. Meskipun adjektiva, verba, dan adverbia memiliki perbedaan yang sangat besar, perubahan pada verba memiliki prinsip yang sama seperti yang diterapkan pada bahasa Melayu. Bahasa Batak memiliki prefiks dan afiks yang lebih banyak dibandingkan bahasa Melayu, khususnya untuk nomina verba, bahkan partikel untuk memenuhi kebutuhan artikulasi dari masyarakat Batak yang lembut dan ramah. Salah satu perubahan kata yang paling mencolok, yaitu afiks ""-hon"" pada bahasa Batak yang penggunaannya sama dengan afiks ""-kan"" pada bahasa Melayu. Pengaruh bahasa Sanskerta pada bahasa Batak lebih besar dibandingkan pada bahasa Melayu karena ketiadaan turunan bahasa dari bahasa Arab. Perbedaan dengan bahasa Melayu semakin terlihat jelas pada ragam percakapan sehari-sehari (hata tohop) dibandingkan ragam bahasa tulis (hata habaitan). Karena huruf-hurufnya bersumber dari Sanskerta, maka tulisan bahasa Batak dimulai dari kiri ke kanan. Selain dalam komunikasi, susunan puisi (umpasa) dalam bahasa Batak juga mirip dengan pantun pada bahasa Melayu. Umpasa sangat jarang sekali dijadikan sebuah tulisan karena biasanya hanya digunakan kepada pasangan, sebagai orasi atau untuk mencari popularitas dan keunikan baik saat berdebat atau sebagai penghibur sehingga memori para suku Batak Toba saat itu terekam dalam umpasa. Penampilan umpasa dilakukan oleh dua orang anak muda sebagai hiburan dalam beragam pertemuan yang dilaksanakan dari 10 hingga 12 jam secara terus menerus tanpa berhenti. Selain sebagai hiburan, mereka juga menggunakan umpasa dalam percakapan sehari-hari untuk memberikan penekanan terhadap pernyataan mereka. Mereka membagi umpasa menjadi empat kelas, yaitu untuk pasangan, nasihat untuk anak muda, orang tidak mampu dan aspirasi kepada Tuhan.",Contemporary Media,Wiki,https://www.google.com/url?q=https%3A%2F%2Fid.wikipedia.org%2Fwiki%2FBahasa_Batak_Toba%23,,yes
mg_089,"4 Kesenian Suku Batak, Penjelasan, dan Contohnya","Opat Ragam Kesenian Suku Batak, Hatorangan, dohot Sipatana
Kesenian ni suku Batak tarida sian pigapiga seni na marparsimbolon jala mambedahon sian suku na asing. Songon i ma, aha do angka kesenian luat Batak dohot sipatana? Bangso Batak sai godang dope mian di luat Provinsi Sumatra Utara. Alai, so otik pe na manursar tu luat na asing. Songon suku na asing, suku Batak pe mar-parbadanan budaya sandiri di ragam ni sisi. On tarbagasan di sistem kesenian Batak nasida.

1. Seni Ragit Jabu
Kesenian suku Batak na parjolo i ma seni bangunan. Di bagasan seni suku Batak on, bangso i mar-jabu tradisional na digoari Ruma (ririt di uhum adat) manang Jabu. Lapatan ni ririt di uhum adat i ma pusu ni uhum adat dohot pusu ni pangajaran ni bangso Batak. Kesenian Sumatra Utara di hal bangunan on marparsimbolon parsaoran ni seni pahat ulok dohot parguluan. Bentuk ni jabu i ma panggung na mar-tiang hayu bilog. Di ganup sude, adong do tiang na mar-pondasi sian batu. Tiang na umbalga digoari tiang parsuhi jala batu pondasina digoari batu parsuhi. Tanduk horbo dipasahat di atar kulon dohot siamun na gabe parbinotoan ni panghirimon (pengharapan). Bagian badan ni jabu diulahon sian papan na poso jala dingding muka dohot pudian digohi ukiran banga-banga.

2. Seni Manortor
Kesenian suku Batak na mangihut i ma seni manortor. Suku Batak mar-kesenian tarian tradisional na digoari Tortor. Tarian Batak Tortor marisi pigapiga ragam, i ma:
- Pangurdot: anggota badan na mar-rungguan i ma pat, tumit, dohot abara.
- Pangeal: anggota badan na mar-rungguan i ma hambing, tulang pudian dohot abara.
- Pandenggal: anggota badan na mar-rungguan i ma lengan, tolapak tangan sahat tu jari sitongaan.
- Siangkupna: anggota badan na mar-rungguan i ma holan rungkung.
- Hapunana: anggota badan na mar-rungguan i ma holan bohi.

3. Seni Gondang (Ogung Sabangunan)
Kesenian suku Batak di hal seni musik na marparsimbolon digoari Ogung Sabangunan. Di bagasan mamangke musik on, diiringi opat gordang dohot lima taganing . Gordang ogung i mar-goar sandiri, i ma oloan, ihutan, doal, dohot jeret.
Seni musik Ogung Sabangunan somalna dipangke mangiringi tarian tor-tor. Parsaoran ni dua kesenian Batak i dibagi gabe opat ragam tarian, i ma:
- Tor-tor/Gondang Mula-mula: Tarian on diulahon dohot marsomba jala marlilut tu arah angin.
- Tor-tor/Gondang Mangido Pasu-pasu: Tarian on patuduhon tangan na manortor jala mar-lapatan podah, hata-hata, dohot amanat ni natua-tua.
- Tor-tor/Gondang Liat-liat: Tarian diulahon dohot manortor marlilut na manandahon keluarga mandapot las ni roha.
- Tor-tor/Gondang Hasahatan: Tarian diulahon dohot manortor di inganan na mar-lapatan podah manang pasu-pasu ni Debata.

4. Seni Ulaon Tangan (Ulos)
Kesenian suku Batak na parpudi i ma seni kerajinan. Suku Batak mar-ragam ni kerajinan. Kerajinan na lumobi tarida i ma kain Ulos. Kain on mar-ragam ni jenis molo tarida sian gunana , i ma:
- Ulos Lobu-lobu: i ma ulos ama tu anak dohot hela di tingki parbogason nasida.
- Ulos Hela: i ma ulos sian natua-tua ni boru tu hela.
- Ulos Tondi: i ma ulos sian natua-tua tu boru nasida di tingki gabean na poso.
- Ulos Tujung: i ma ulos tu balu manang onding .
- Ulos Saput: i ma ulos panutup bangke sian tulang ni na mate molo na mate i baoa.","4 Kesenian Suku Batak, Penjelasan, dan Contohnya
Kesenian suku Batak terlihat dari beberapa seni yang memiliki ciri khas sekaligus membedakan dengan suku lain. Lantas, apa saja kesenian daerah Batak dan contohnya? Masyarakat suku Batak hingga kini banyak yang mendiami wilayah Provinsi Sumatra Utara. Akan tetapi, tidak sedikit pula yang menyebar ke kawasan lain. Sebagaimana suku lainnya, suku Batak pun memiliki kekhasan budaya sendiri dalam berbagai sisi. Ini termasuk di sistem kesenian Batak mereka.

1. Seni Bangunan
Kesenian suku Batak yang pertama ialah senin bangunan. Dalam seni suku Batak ini, masyarakat memiliki rumah tradisional yang dinamakan ruma (ririt di uhum adat) atau jabu. Arti dari ririt di uhum adat adalah sumber hukum adat dan sumber pendidikan masyarakat Batak. Kesenian Sumatera Utara dalam hal bangunan ini memiliki kekhasan paduan seni pahat ular dengan kerajinan. Bentuk rumah adalah panggung yang memiliki tiang berupa kayu bulat. Di tiap sudut, terdapat tiang dengan pondasinya dari batu. Tiang terbesar dinamakan tiang parsuhi dan batu pondasinya disebut batu parsuhi. Tanduk kerbau dipasang di atap barat dan timur yang menjadi lambang pengharapan. Bagian badan rumah terbuat dari papan tebal dan dinding muka belakang dipenuhi ukiran cicak.

2. Seni Tari
Kesenian suku Batak berikutnya ialah seni tari. Suku Batak memiliki kesenian tarian tradisional yang disebut tor-tor. Tarian Batak tor-tor terdiri dari beberapa jenis, yakni:
- Pangurdot: anggota badan yang bergerak yaitu kaki, tumit, dan bahu
- Pangeal: anggota badan yang bergerak yaitu pinggang, tulang punggung dan bahu
- Pandenggal: anggota badan yang bergerak yaitu lengan, telapak tangan hingga jari tengah
- Siangkupna: anggota badan yang bergerak yaitu hanya leher
- Hapunana: anggota badan yang bergerak yaitu hanya wajah

3. Seni Musik
Kesenian suku Batak dalam hal seni musik yang khas disebut ogung sabangunan. Dalam melantunkan musik ini, diiringi empat gendang dan lima taganing (gamelan Batak). Gendang ogung memiliki nama-nama sendiri yakni oloan, ihutan, doal, dan jeret.
Seni musik ogung sabangunan kerap dipakai mengiringi tari tor-tor. Paduan kedua kesenian Batak tersebut terbagi ke dalam empat macam tarian, yakni:
- Tor-tor/gondang mula-mula: tarian ini dilakukan dengan menyembah sambil berputar ke arah mata angin
- Tor-tor/gondang mangido pasu-pasu: tarian ini memperlihatkan tangan yang menari dan bermakna petuah, nasihat, dan amanat orang tua
- Tor-tor/gondang liat-liat: tarian dilakukan dengan menari berkeliling yang menandakan keluarga mendapat kebahagiaan
- Tor-tor/gondang hasahatan: tari dilakukan dengan menari di tempat yang memiliki makna petuah atau rahmat Tuhan

4. Seni Kerajinan
Kesenian suku Batak yang terakhir ialah seni kerajinan. Suku Batak memiliki aneka rupa kerajinan. Kerajinan yang cukup tenar adalah kain ulos. Kain ini memiliki beragam jenis dilihat dari fungsinya, yaitu:
- Ulos lobu-lobu, yakni ulos ayah untuk putra dan menantu saat pernikahan mereka
- Ulos hela, yaitu ulos pemberian dari orang tua pengantin perempuan
- Ulos tondi adalah ulos pemberian orang tua pada putrinya saat hamil tua
- Ulos tujung yaitu ulos untuk janda atau duda
- Ulos saput yaitu ulos penutup jenazah dari paman almarhum jika yang meninggal laki-laki",Contemporary Media,News Article,https://www.google.com/url?q=https%3A%2F%2Ftirto.id%2Fmengenal-sistem-kesenian-dalam-masyarakat-suku-batak-gi6C,,yes
mg_090,"Pariban: Idola dari Tanah Jawa, Film Komedi Batak yang Tayang 9 Mei","Pariban: Idola sian Tano Jawa, Film Komedi Batak na Ditayanghon 9 Mei

Film Pariban: Idola sian Tano Jawa sandiri i ma sada komedi na manurati taringot tu parjodohon. Holomoan S. Sitorus manang Moan i ma bao-bao pinompar Batak. Ibana tubuan di Jakarta jala magodang di Bandung. Moan marhasil di hal finansial dohot parsaoran. Alai sai so boi dope ibana mar-panghataon taringot tu dongan saripena. Ompu boru ni Moan sai manghatai situtu asa marbagas ibana. Dijodohhon ma ibana dohot Uli Silalahi di Samosir. Uli i ma pariban manang ito ni Moan. Di parmulaan so lomo do roha ni Moan. Diahap ibana so lomo roha ni halak kota dohot halak huta. Alai ala ni holong rohana tu ompu boruna, borhat ma Moan manuju Samosir. Sahat Moan manjumpang dohot paribanna, sandok pangkilalaan ni Moan na parjolo taringot tu Uli nunga muba. Akka naasing sian angka parmain di atas, aktor dohot aktris na asing na dohot i ma Rizky Mocil, Rukman Rosadi, Dayu Wijanto, Djaitov Tigo, Lina Marpaung, Joe P Project, Surya Insomnia dohot Mc Danny.","Pariban: Idola dari Tanah Jawa, Film Komedi Batak yang Tayang 9 Mei
Film Pariban: Idola dari Tanah Jawa sendiri adalah komedi yang mengisahkan tentang perjodohan. Halomoan S. Sitorus alias Moan (Ganindra Bimo) merupakan lelaki keturunan Batak. Dia lahir di Jakarta dan besar di Bandung. Moan sukses dalam hal finansial dan hubungan pertemanan. Namun dia masih belum bisa berkomitmen dalam hal pasangan hidup. Ibu Moan selalu cerewat agar dia menikah. Dia dijodohkan dengan Uli Silalahi (Atiqah Hasiholan) di Samosir. Uli merupakan pariban atau sepupu Moan. Awalnya Moan tidak setuju. Dia merasa bahwa orang kota tidak cocok dengan orang desa. Namun karena rasa sayang dengan ibunya, Moan pun tetap berangkat menuju Samosir. Sampai Moan bertemu dengan paribannya, segala prasangka awal Moan tentang Uli berubah sudah. Selain pemain di atas, aktor dan aktris lain yang ikut bergabung yaitu Rizky Mocil, Rukman Rosadi, Dayu Wijanto, Djaitov Tigo, Lina Marpaung, Joe P Project, Surya Insomnia dan Mc Danny.",Contemporary Media,News Article,https://www.google.com/url?q=https%3A%2F%2Ftirto.id%2Fpariban-idola-dari-tanah-jawa-film-komedi-batak-yang-tayang-9-mei-dplh,,yes
mg_091,Mengenal Rumah Adat Bolon Sumatera Utara: Konstruksi & Fungsinya,"Mamboto Ruma Bolon Adat Sumatra Utara: Ragit dohot Gunana
Hombar tu pangantusion na, jabu adat i ma jabu ni parmianan na parjolo di sada luat. Hombar tu Kemendikbud Keberagaman di Sekitarku, jabu adat i ma parbue sian pangusena ragam ni paralat dohot teknologi. Alani i, bentuk ni jabu adat somalna patuduhon parsimbolon na manontu na manggambarhon ngolu ni sada bangso. On pe diparguruhon di Ruma Bolon Adat ni Halak Sumatra Utara.
Hombar tu na tarida, parsimbolon ni Ruma Bolon Adat tarida sian balgana dohot atar na runcing di tombak muka dohot pudian. Hombar tu Album Arsitektur Tradisional Sumatra Utara na dipasahat ni Departemen Pendidikan dan Kebudayaan, Ruma Bolon Adat jolo dipangke gabe inganan mian ni angka halak na marnahis, tarbagasan raja, parmaisuri, dohot parparguru ni raja. Alai, marsihohot ni tingki, jabu on gabe jabu ni parmianan di luat i. Pigapiga sian i dijadihon museum gabe objek wisata, sada sian i ma Ruma Bolon di huta adat Ompu Marjobu Situngkir, Kabupaten Samosir.

Ragit Jabu Bolon Sumatra Utara
Ruma Bolon Adat ni suku Batak Toba dipajongjong dohot bahan utama hayu. Hayu-hayu laho mambangun Ruma Bolon disambung mamangke pasak di angka sude na asa boi jabu i jongjong gogo. Ruma Bolon Adat mar-jenis panggung dohot jabu na dipajongjong sadumbal 1,75 meter sian parmukaan tano. Dalan masuk tu bagasan jabu di bagian muka mamangke anak tangga na mar-ragam ganjil. Sulang - sulang na mangalehon gogo di duru ni jabu digorga dohot ornamen gatip-gatip manang jenis ni ulok na marbisa. Hombar tu haporseaon ni parmianan di luat i, parjumpangan ni sasahalak dohot ulok gatip boi manandahon dua hal, sori na denggan manang sori na magale. Pintu masuk Ruma Bolon marsengaja diulahon otor asa halak na masuk ingkon manonggop ulu jolo. On mar-lapatan filosofis na mandok suhut na ro ingkon mangalehon hamuliaon tu nampuna jabu. Alaman dohot sisik hambirang siamun ni jabu somalna diiasi dohot ornamen halikkip. Gorga halikkip i ma gorga geometris na mar-bentuk songon belah ketupat. Motif on melambangkon hatoraturan dohot harintingan. Badan ni jabu somalna mar-bentuk persegi ganjang . Bolga ni Ruma Bolon mambahen boi dimianan ni godang halak. Hombar tu Radio Edukasi Kementerian Pendidikan dan Kemudayaan, Ruma Bolon somalna dimianan ni 5 sahat tu 6 keluarga. Songon na nunga dipajabar jolo, atar ni Ruma Bolon mar-bentuk runcing di bagian muka dohot bagian pudian. Hinaotikna, atar bagian muka ni jabu sengaja diulahon otor molo dibandingkon atar bagian pudian. On ala bagian pudian ni Ruma Bolon i ma luat na lumobi disakralhon ni parmianan di luat i.

Guna dohot Bagian-bagian ni Ruma Bolon Sumatra Utara
Hombar tu Wilujeng Dwi Windhiari di bagasan ""Yuk, Mengenal Rumah Tradisional Sumatra"", Ruma Bolon Adat mar-onom bagian. Bagian-bagian i mar-guna na muba-uba.
On ma bagian-bagian ni Ruma Bolon rap dohot gunana:
1. Ruang Jabu Bona
Ruang Jabu Bona i ma ruangan na maringan di bagian pudian sude siamun. Ruangan on dimianan ni anggota keluarga na tumimbo di jabu i manang uluan keluarga. Bagian jabu on i ma na jolo dianggap na lumobi sakral.
2. Ruang Jabu Soding
Ruang Jabu Soding i ma ruangan na maringan di pudian sude hambirang. Ruangan on somalna mar-adopan dohot Jabu Bong. Ruang Jabu Soding somalna dipasombu tu anak boru nampuna jabu na nunga marbagas alai so mar-jabu sandiri dope. Padahal i, ruang on pe somalna dipangke gabe ruang tamu manang tu panuhunan ulaon adat.
3. Ruang Jabu Suhat
Ruang Jabu Suhat maringan di sude hambirang muka. Ruangan mar-guna gabe kamar anak baoa na matua di bagasan keluarga na nunga marbagas.
4. Ruang Tampar Piring
Ruang Tampar Piring maringan di lambung ni Jabu Suhat manang ruang tu anak baoa. Ruangan on somalna dipangke ni nampuna jabu laho manjalo tamu.
5. Ruang Jabu Tonga Rona ni Jabu Rona
Ruang Jabu Tonga Rona ni Jabu Rona i ma ruang na lumobi balga di antara ruang na asing. Ruangan on maringan di parsitongaan ni jabu jala mar-guna gabe ruang keluarga.
6. Toru Jabu
Toru ni Ruma Bolon so dipasombu halian ni nampuna jabu. Bagian jabu on somalna dipangke tu ragam ni haporluan, songon inganan panimpanan barang, bahan pangan, sahat tu pinahan.","Mengenal Rumah Adat Bolon Sumatera Utara: Konstruksi & Fungsinya
Sesuai dengan definisinya, rumah adat adalah rumah bagi penduduk asli suatu daerah. Menurut Kemendikbud Keberagaman di Sekitarku, rumah adat merupakan hasil dari penggunaan peralatan dan teknologi. Oleh karena itu, bentuk rumah adat biasanya menunjukkan ciri khusus yang menggambarkan kehidupan suatu masyarakat. Hal ini juga berlaku pada rumah adat bolon milik masyarakat Sumatra Utara. Secara kasat mata, ciri khas rumah adat bolon terlihat dari ukurannya yang besar serta atapnya yang runcing pada tepian depan dan belakang. Menurut Album Arsitektur Tradisional Sumatra Utara terbitan Departemen Pendidikan dan Kebudayaan, rumah adat bolon dulunya digunakan sebagai tempat tinggal para bangsawan, termasuk raja, permaisuri, dan pengawal raja. Namun, seiring berjalannya waktu rumah ini menjadi rumah bagi penduduk setempat. Beberapa diantaranya dimuseumkan untuk menjadi objek wisata, salah satunya rumah bolon di desa adat Ompu Marjobu Situngkir, Kabupaten Samosir.

Konstruksi Rumah Bolon Sumatra Utara
Rumah adat bolon milik suku Batak Toba dibangun dengan bahan utama kayu. Kayu-kayu untuk membangun rumah bolon disambung menggunakan pasak di sudut-sudutnya agar rumah dapat berdiri kokoh. Rumah adat bolon berjenis panggung dengan rumah dibangun setinggi 1,75 meter dari permukaan tanah. Akses masuk ke dalam rumah pada bagian depan menggunakan anak tangga berjumlah ganjil. Tiang-tiang penyangga kolong rumah diukir dengan ornamen gatip-gatip atau jenis ular berbisa. Sesuai dengan kepercayaan masyarakat setempat perjumpaan seseorang dengan ular gatip bisa menandakan dua hal, nasib baik atau nasib buruk. Pintu masuk rumah bolon sengaja dibuat rendah agar orang yang masuk diharuskan menunduk terlebih dahulu. Ini memiliki makna filosofis dimana tamu yang masuk harus menghormati tuan rumah. Bagian depan dan sisi kiri kanan rumah biasanya dihias dengan ornamen halikkip. Motif halikkip merupakan motif geometris yang berbentuk seperti belah ketupat. Motif ini melambangkan kerapian dan keteraturan. Badan rumah biasanya berbentuk persegi panjang dengan. Ukuran rumah bolon yang besar membuatnya bisa dihuni oleh banyak orang. Dikutip dari Radio Edukasi Kementerian Pendidikan dan Kemudayaan (Kemendikbud), rumah bolon biasanya dihuni oleh 5 hingga 6 keluarga. Seperti yang telah dijabarkan sebelumnya, atap rumah bolon berbentuk runcing pada bagian depan dan bagian belakang. Uniknya, atap bagian depan rumah sengaja dibuat rendah dibanding atap bagian belakang. Hal ini karena bagian belakang rumah bolon adalah wilayah yang paling disakralkan masyarakat setempat.

Fungsi dan Bagian-bagian Rumah Bolon Sumatra Utara
Menurut Wilujeng Dwi Windhiari dalam ""Yuk, Mengenal Rumah Tradisional Sumatra"" rumah adat bolon memiliki enam bagian rumah. Bagian-bagian tersebut memiliki fungsi yang berbeda-beda.
Berikut bagian-bagian rumah bolon beserta fungsinya:
1. Ruang jabu bona
Ruang jabu bona adalah ruangan yang letaknya di bagian belakang sudut kanan. Ruangan ini dihuni oleh anggota keluarga tertinggi di rumah tersebut atau kepala keluarga. Bagian rumah inilah yang dulunya dianggap paling sakral.

2. Ruang jabu soding
Ruang jabu soding adalah ruangan yang letaknya di belakang sebelah kiri. Ruangan ini umumnya berhadapan dengan jabu bong. Ruang jabu soding biasanya diperuntukkan bagi anak perempuan pemilik rumah yang sudah menikah namun belum memiliki rumah sendiri. Selain itu, ruang ini juga biasa dimanfaatkan sebagai ruang tamu atau untuk penyelenggaraan upacara adat.

3. Ruang jabu suhat
Ruang jabu suhat terletak di sudut kiri depan. Ruangan berfungsi sebagai kamar anak laki-laki tertua di dalam keluarga yang sudah menikah.

4. Ruang tampar piring
Ruang tampar piring letaknya di sebelah jabu suhat atau ruang untuk anak laki-laki. Ruangan ini biasanya dimanfaatkan oleh pemilik rumah untuk menyambut tamu.

5. Ruang jabu tonga rona ni jabu rona
Ruang jabu tonga rona ni jabu rona adalaha ruang yang paling besar di antara ruang lainnya. Ruangan ini terletak di tengah rumah dan berfungsi sebagai ruang keluarga.

6. Kolong rumah
Kolong rumah bolon tidak dibiarkan kosong oleh pemilik rumah. Bagian rumah ini umumnya digunakan untuk berbagai kepentingan, seperti tempat penyimpanan barang, bahan pangan, hingga ternak.",Contemporary Media,News Article,https://www.google.com/url?q=https%3A%2F%2Ftirto.id%2Fmengenal-rumah-adat-bolon-sumatera-utara-konstruksi-fungsinya-gm2q,,yes
mg_092,Jusuf Kalla Sebut Keragaman adalah Kekuatan NKRI,"Jusuf Kalla Mandok Ragam ni Bangso i do Gogo ni NKRI

Hombangot dohot ragam ni bangso na di bagasan Bhinneka Tunggal Ika i do gogo na di Negara Kesatuan Republik Indonesia (NKRI) i, songon na nidok ni Wakil Presiden RI Jusuf Kalla. ""Gogo ni bangso on tung tudos do sian hombangotna. Tatali do songon dia ragam i gabe uli jala manggogo bangso on,"" ninna Wapres i uju marroha ro tu Pesta Bolon Simbolon 2017 di Jakarta, songon na sinurat ni Antara, Sabtu (8/7/2017). Nang pe Indonesia marragam marga , hata, adat, dohot parbinotoan na hombangot, alai tong do sada laho mamparjuangkon NKRI i, lanju ni Wapres. ""Unang ma ginjang roha molo huta on marsirang-sirang, halak Batak laho tu Jawa ingkon marpaspor, halak Sulawesi naeng tu Jawa pe ingkon marpaspor muse laho manopot sasama nasida,"" ninna Wapres. Diuduti ni Wapres i, ulaon Pesta Horja Adat Batak i na gabe partangiangan adat bolon ni bangso Batak naung diulahon sian najolo, patuduhon ragam do sude marga-marga, parange dohot adat na di Tano Air on. ""Di son hita mardongan di keluarga ni marga Batak na ringgas jala jotjot na tole-tole molo manghatai na tigor muse parjalang. Adong do muse marga Padang na tongtong uli molo marhata na lambok dohot sude bisukna "" ninna Wapres. Adong do muse marga Jawa na so ginjang roha, Sulawesi na gabe huta parnadian ni Wapres Kalla dohot haholonganna na sarupa dohot marga Batak sahat tu NTT na parjalang jala na ringgas. Hombangot ni parange ni marga-marga na di Tano Air i do na gabe gogo ni bangso i jala rap marsitogot laho paulihon huta na maju jala na tigor, songon nidok ni Wapres.
Ro do Wapres tu ulaon i laho mangresmikon Pesta Bolon Simbolon 2017. Uju sahat di GOR Soemantri Brodjonegoro, Kuningan, Jakarta, di jalo Wapres i do dohot upacara adat Batak na diparuhut dohot diambihon ulos tu tanggurung ni Wapres Kalla.","Jusuf Kalla Sebut Keragaman adalah Kekuatan NKRI

Perbedaan dan keragaman dalam Bhinneka Tunggal Ika adalah kekuatan yang dimiliki Negara Kesatuan Republik Indonesia (NKRI), menurut Wakil Presiden RI Jusuf Kalla. ""Kekuatan bangsa ini justru karena perbedaannya. Kita melihat bagaimana keragaman itu menjadi indah dan menguatkan bangsa ini,"" kata Wapres saat menghadiri Pesta Bolon Simbolon 2017 di Jakarta, seperti dikutip Antara, Sabtu (8/7/2017). Meski Indonesia terdiri dari beragam suku, bahasa, adat istiadat, dan kebudayaan yang berbeda namun tetap bersatu dalam memperjuangkan NKRI, lanjut Wapres.
""Coba bayangkan kalau negeri ini pecah belah, orang Batak ke Jawa harus pakai paspor, orang Sulawesi mau ke Jawa juga harus pakai paspor untuk mengunjungi satu sama lain,"" kata Wapres.
Wapres melanjutkan, acara Pesta Horja Adat Batak yang merupakan prosesi ritual adat kebesaran masyarakat Batak yang telah dilakukan sejak dulu membuktikan bahwa begitu beragamnya suku-suku, kebiasaan dan adat istiadat di Tanah Air. ""Di sini kita berada di keluarga suku Batak yang dinamis dan kadang-kadang meledak-meledak yang kalau berbicara terus terang juga perantau. Kita juga punya suku Padang yang selalu indah dalam berbahasa santun dengan segala kearifannya,"" kata Wapres. Ada juga suku Jawa yang tenang, Sulawesi yang merupakan kampung asal Wapres Kalla dengan keterbukaannya yang hampir sama dengan suku Batak hingga NTT yang suka merantau dan pekerja keras. Perbedaan karakteristik suku-suku di Tanah Air itulah yang juga menjadi kekuatan bangsa dan bersama-sama berjuang membangun negara yang maju dan adil, menurut Wapres.Wapres hadir dalam acara tersebut meresmikan Pesta Bolon Simbolon 2017. Saat tiba di GOR Soemantri Brodjonegoro, Kuningan, Jakarta, Wapres disambut upacara adat Batak yang diakhiri dengan disampirkannya ulos ke punggung Wapres Kalla.",Contemporary Media,News Article,https://www.google.com/url?q=https%3A%2F%2Ftirto.id%2Fjusuf-kalla-sebut-keragaman-adalah-kekuatan-nkri-csfC,,yes
mg_093,Bandara Silangit Diharap Munculkan Ledakan Pariwisata di Danau Toba,"Bandar Udara Silangit Diarapkon Patubuhon Rarat ni Partondian (Wisata) di Tao Toba

Presiden Joko Widodo (Jokowi) sadarion, Jumat (24/11/2017), mangaresmikon Terminal ni Bandar Udara Internasional Silangit di Silangit, Siborong-Borong, Tapanuli Utara, Sumatera Utara.
Di tingki i, dijou ni Jokowi do sude dongan asa pasadahon roha laho patubuhon ""rarat"" ni partondian (pariwisata) di Tao Toba dohot di Tano Batak na manggohi hamoraon dohot haulion ni tano dohot parbinotoan (kebudayaan). ""Hira-hira 74 ribu taon naung salpu, Tao Toba manghilala rarat ni dolok na balga situtu, na patar gompana sahat tu sude portibion, saonari pe taparsinta do rarat na imbaru di portibi partondian i uju pintu haulion ni Toba na manimpan hamoraon ni parbinotoan dohot marga Batak nunga tarbuka balga,"" ninna Jokowi. Ro do tu ulaon i Menko Kemaritiman Luhut B Panjaitan, Sekretaris Kabinet Pramono Anung, Menteri Perhubungan Budi Karya Sumadi, Menteri BUMN Rini Soemarno, Menteri Pekerjaan Umum dohot Perumahan Rakyat Basuki Hadimuljono, dohot Gubernur Sumut Tengku Erry Nuradi. Didokhon ni Presiden i, marhitehite adongna bandara on, on ma gabe pintu di angka sihabang (wisatawan) na sian hita dohot na sian luat na dao laho ro manopot jala mangaramoti (melestarikan) adat Batak dohot Tao Toba, paulihon huta hatubuanna jala pintu laho manuju hagabeon (kemakmuran) dohot hasonangan (kesejahteraan) ni bangso na disi. ""On ma pintu ni sihabang ro manopot jala pangaradotion ni adat Batak, paulihon huta hatubuanna jala pintu laho manuju hagabeon dohot hasonangan ni bangso Batak,"" ninna presiden i di hata na disungkun dohot hata Batak. Didokhon ni Menteri Perhubungan Budi Karya Sumadi, saleleng on Bandara Silangit i ima bandara parmulaan dohot alaman habang-habangan (landasan pacu) holan 1.800 meter jala nunga dipanjanglehon saonari gabe 2.650 meter asa boi habang jala jongjong disi kapal habang jet Boeing rupa 737. ""Artina molo nunga boi jongjong disi kapal habang na balga, lapatanna boi ma ta kampanyehon partondian i tu angka sihabang sian Hong Kong, China, India, dohot Taiwan asa boi nasida ro tuson, na marhitehite kapal habang reguler manang sewaan (carter),"" hata ni Menhub. Bandara Silangit na marhuaso (berkapasitas) 500.000 penumpang di ganup taon on dilengkapai dohot fasilitas CIQ, alaman habang-habangan na ganjangna 2.650 x 30 meter, dohot PCN na boi manjangkon kapal habang na so balga Airbus A320 dohot Boeing 737-800. Bandara Silangit pe mangulahon do fitur ""smart airport"" dohot teknologi digital, songon: Wi-Fi na so marbayar, display jadwal ni bus dohot habang-habangan, e-payment, mesin tiket ni bus, e-kiosk pangarahon (informasi) ni turis, self check-in, dohot ragam ni fitur digital. Ragam ni fasilitas digital i nunga boi dipangke sian tanggal 28 Oktober 2017 manang rap dohot habang-habangan rute Singapura-Silangit mulak-mulak (PP), na gabe rute luat na dao na parjolo di Bandara Internasional Silangit na ditaruhon ni Garuda Indonesia.","Bandara Silangit Diharap Munculkan Ledakan Pariwisata di Danau Toba

Presiden Joko Widodo (Jokowi) hari ini, Jumat (24/11/2017), meresmikan Terminal Bandar Udara Internasional Silangit di Silangit, Siborong-Borong, Tapanuli Utara, Sumatera Utara.
Pada kesempatan itu, Jokowi juga mengajak semua pihak untuk membuat ""ledakan"" pariwisata di Danau Toba dan Tanah Batak yang menyimpan begitu banyak kekayaan serta keindahan alam dan budaya. ""Sekitar 74 ribu tahun silam Danau Toba alami ledakan gunung maha dahsyat yang dampaknya terasa sampai sedunia, sekarang kita sedang buat ledakan baru di dunia pariwisata saat gerbang keindahan Toba yang simpan kekayaan budaya dan suku Batak telah terbuka lebar,"" kata Jokowi seperti dikutip Antara. Hadir dalam acara itu Menko Kemaritiman Luhut B Panjaitan, Sekretaris Kabinet Pramono Anung, Menteri Perhubungan Budi Karya Sumadi, Menteri BUMN Rini Soemarno, Menteri Pekerjaan Umum dan Perumahan Rakyat Basuki Hadimuljono, serta Gubernur Sumut Tengku Erry Nuradi. Presiden mengatakan, dengan adanya bandara ini maka inilah menjadi gerbang bagi wisatawan lokal dan mancanegara untuk berkunjung dan melestarikan budaya adat Batak dan Danau Toba, membangun kampung halaman dan gerbang menuju kemakmuran dan kesejahteraan masyarakat setempat. ""Inilah gerbang wisatawan berkunjung dan pelestarian adat batak, membangun kampung halaman dan gerbang menuju kemakmuran kesejahteraan masyarakat batak,"" kata presiden dalam pidato yang juga diselingi dalam bahasa Batak. Menteri Perhubungan Budi Karya Sumadi mengatakan, selama ini Bandara Silangit adalah bandara perintis dengan landasan pacu hanya 1.800 meter dan sekarang sudah diperpanjang menjadi 2.650 meter sehingga bisa didarati pesawat jet Boeing jenis 737. ""Artinya kalau sudah bisa didarati pesawat berbadan lebar maka kita akan bisa mengkampanyekan pariwisata ke wisatawan Hong Kong, China, India, dan Taiwan untuk bisa datang ke sini, baik melalui pesawat reguler maupun carter,"" tutur Menhub. Bandara Silangit berkapasitas 500.000 penumpang per tahun ini dilengkapi dengan fasilitas CIQ (Custom, Immigration, Quaratine), ""runway"" atau landasan pacu dengan panjang 2.650 x 30 meter, dan PCN yang bisa mengakomodasi pesawat berbadan sempit Airbus A320 dan Boeing 737-800. Bandara Silangit juga mengimplementasikan fitur ""smart airport"" dengan teknologi digital, antara lain, berupa Wi-Fi gratis, display jadwal bus dan penerbangan, e-payment, mesin tiket bus, e-kiosk informasi turis, self check-in, dan berbagai fitur digital. Berbagai fasilitas digital tersebut sudah dapat dipergunakan sejak 28 Oktober 2017 atau bersamaan dengan penerbangan rute Singapura-Silangit PP, yang merupakan rute luar negeri perdana di Bandara Internasional Silangit yang dilayani oleh Garuda Indonesia.",Contemporary Media,News Article,https://www.google.com/url?q=https%3A%2F%2Ftirto.id%2Fbandara-silangit-diharap-munculkan-ledakan-pariwisata-di-danau-toba-cAAG,"Beberapa kata seperti nama bandara, nama jabatan, nama teknologi (digital, e-payment, smart airport), dan nama negara (Hong Kong, China, dll.) tetap dipertahankan karena merupakan istilah modern atau nama diri yang tidak memiliki padanan Batak Toba yang umum dan dipahami secara luas.",yes
mg_094,Jokowi Resmikan Bandara Internasional Silangit Pakai Bahasa Batak,"Jokowi Mangaresmikon Labuhan Udara Internasional Silangit Marhite Hata Batak
Diida ni Presiden i, Labuhan Udara Internasional Silangit gabe pintu do di angka sihabang na ro manopot jala pintu ni hataridaan ni pangaradotion ni adat Batak.
""Buka ma pintu buka ma tangan si nungga rade labuhan di hita internasional, saya ulang, buka ma pintu buka ma tangan si nungga rade labuhan di hita internasional,"" ninna Presiden Joko Widodo na disungkun dohot tondi na las ni angka dongan na manjadihon dohot bangso na ro di ulaon na marresmi di terminal Labuhan Udara Internasional Silangit. Lapatan na so marganjang hata sian hata i: ""Pature ma dirimu laho marsali ala nunga rade labuhan internasional."" ""74 ribu taon naung salpu, rura Tao Toba na uli on tubu sian rarat na balga situtu jala gompana patar tu liat portibi on. Saonari pe taparsinta do rarat na imbaru di portibi partondian i, uju pintu na manuju haulion ni Tao Toba na manimpan sejarah ni tano dohot hamoraon ni parbinotoan ni marga-marga di Tano Batak nunga tarbuka balga,"" lanju ni Presiden. Diida ni Presiden i, labuhan udara internasional Silangit gabe pintu do di angka sihabang na ro manopot jala pintu ni hataridaan pangaradotion ni adat Batak. ""Pintu laho marsipature huta nabe, paulihon huta hatubuanna jala tontu ma pintu laho manuju hagabeon na lam martamba, hasonangan di sandok Tano Batak,"" hata ni Presiden. Ndang tading di Presiden i, dipangido do asa diboan bangso i barita taringot Labuhan Udara Silangit tu liat portibi on. ""Pidong nahabang pasarma baritaon tu luat portibi on. Marhitehite mandok bismilah, hutontuhon Labuhan Udara Internasional Silangit nunga resmi dibuka,"" hata ni Presiden. Taringot tusi, dipangido ni Presiden i do muse asa dipanjanglehon alaman habang-habangan ni Labuhan Udara Silangit sian 2.650 meter gabe 3.000 meter asa boi kapal habang na balga masuk tu Silangit. ""Targetna holan lambatna 2020, holan lambatna, alana boi do maju 2018, 2019 jala terminalna sian 3.000 meter persegi gabe 10 ribu meter persegi,"" ninna Presiden. Ndang tading di Presiden Jokowi, disungkun do pasu-pasu di hata Batak. ""Horas Tondi ma dingin pir tondi matogu,"" ninna Presiden. Di ulaon na marresmi i, ro do muse Menko Kemaritiman Luhut Binsar Pandjaitan, Sekretaris Kabinet Pramono Anung, Menteri Perhubungan Budi Karya Sumadi, Menteri BUMN Rini Soemarno, Menteri Pekerjaan Umum dohot Perumahan Rakyat Basuki Hadimuljono, dohot Gubernur Sumut Tengku Erry Nuradi.","Jokowi Resmikan Bandara Internasional Silangit Pakai Bahasa Batak
Presiden menilai bandara internasional Silangit menjadi gerbang bagi wisatawan berkunjung dan gerbang kreativitas pelestarian adat Batak.
""Buka ma pintu buka ma tangan si nungga rade labuhan di hita internasional, saya ulang, buka ma pintu buka ma tangan si nungga rade labuhan di hita internasional,"" kata Presiden Joko Widodo yang disambut tepuk tangan pejabat dan masyarakat yang menghadiri peresmian terminal Bandara Internasional Silangit. Terjemahan bebas dari kalimat tersebut adalah ""Siapkan diri untuk berubah karena sudah tersedia bandara internasional."" ""74 ribu tahun silam, wilayah Danau Toba yang indah ini lahir dari letusan mahadahsyat dan dampaknya terasa ke seluruh dunia. Sekarang kita sedang membuat ledakan baru di dunia pariwisata, saat gerbang menuju keindahan Danau Toba yang menyimpan sejarah bumi dan kekayaan budaya suku-suku di Tano Batak terbuka lebar,"" tambah Presiden. Presiden menilai bahwa bandara internasional Silangit menjadi gerbang bagi wisatawan berkunjung dan gerbang kreativitas pelestarian adat Batak. ""Gerbang untuk marsipature huta nabe [memperbaiki kampung halaman masing-masing], membangun kampung halaman dan terutama gerbang menuju peningkatan kemakmuran, kesejahteraan seluruh tano Batak,"" ungkap Presiden. Tidak ketinggalan Presiden juga meminta agar masyarakat menyampaikan kabar mengenai Bandara Silangit ke seluruh dunia. ""Pidong nahabang pasarma baritaon tu luat portibi on [hai burung yang terbang sampaikan kabar ini ke seluruh dunia]. Dengan mengucap bismilah saya nyatakan Bandara Internasional Silangit resmi dibuka,"" ungkap Presiden. Selain itu Presiden juga meminta runway Bandara Silangit diperpanjang dari 2.650 meter menjadi 3.000 meter agar pesawat berbadan lebar bisa masuk ke Silangit. ""Targetnya paling lambat 2020, paling lambat, jadi bisa maju 2018, 2019 dan terminalnya dari 3.000 meter persegi menjadi 10 ribu meter persegi,"" ungkap Presiden. Tidak ketinggalan Presiden Jokowi juga menyampaikan salam dalam bahasa Batak. ""Horas Tondi ma dingin pir tondi matogu [selamat atas kehadirannya dan diberkati semuanya],"" kata Presiden. Dalam acara peresmian tersebut hadir pula itu Menko Kemaritiman Luhut Binsar Pandjaitan, Sekretaris Kabinet Pramono Anung, Menteri Perhubungan Budi Karya Sumadi, Menteri BUMN Rini Soemarno, Menteri Pekerjaan Umum dan Perumahan Rakyat Basuki Hadimuljono, serta Gubernur Sumut Tengku Erry Nuradi.",Contemporary Media,News Article,https://www.google.com/url?q=https%3A%2F%2Ftirto.id%2Fjokowi-resmikan-bandara-internasional-silangit-pakai-bahasa-batak-cAAF,,yes
mg_095,Ketika Panggilan Andaliman Tak Kuasa Ditolak,"Uju Joujou ni Andaliman Ndang Boi Be Diambati

Di ragam ni luat na adong di Jakarta, adong do lapo hira-hira 30. Dijangkoli i do luat Senayan, Senen, Pramuka, Cililitan, Manggarai, Cipayung, Kelapa Gading, Tambora, Pantai Indah Kapuk, dohot Matraman. Sian sude bilangan i, 10 sian i marpusat di Senen. Angka na tading muse marsiboan-boan do di luat na asing, jotjot holan sada, tolu, onom sahat tu sapulu lapo. Jambar panganan di ganup lapo i, ima: panggang, saksang babi, saksang biang, rica-rica babi dohot biang, arsik dengke mas, tanggo-tanggo arsik, manuk napinadar, manuk gota, silang-silang goreng, sup babi, dohot tuak. Arga ni ganup panganan on marragam do, sian Rp23 ribu sahat tu Rp50 ribu. Sada lapo na tarbarita di tonga-tonga ni bangso Jakarta, ima Ni Tondongta, na maringanan di jonok ni Lapangan Tembak Senayan sian taon 1992. Lapo on ma na umbalgaan sian dua lapo na asing di inganan na sarupa, i ma Lapo Siagian Boru Tobing dohot Lapo Dainang. Angka na ompu ni lapo on dipaksa do ingkon borhat di parpudi ni Februari 2017 ala ingananna i dipangke laho tu proyek fasilitas Asian Games 2018. Paulus Siagian, 34 taon, na mangula Lapo Siagian, mandok jambar na pinarsinta ni angka dongan na mangan disi ndang dao sian panggang, saksang, arsik, dohot manuk gota. Alai, tu angka na parjolo sahali mangae panganan Batak, lobi denggan do asa diae panggang dohot saksang. Taringot arga, diulahon ni Siagian do parsombaion. Songon: sahalak sopir taksi holan Rp20 ribu do na ingkon dibayar laho tu lapo panggang sada porsi, naniatur, dohot indahan. Alai tu dongan na mararga di ginjang, argana Rp23 ribu. Arga ni panggang pe sarupa do tu dua lapo na asing. Ala jonok ingananna tu DPR dohot kantor pamarentahan, torop dongan na mangan di lapo di Senayan, di bagasan i do angka politikus, songon Maruarar Sirait, Ruhut Sitompul, dohot Hinca Panjaitan. Alai di lapo na jonok tu Stasiun Senen, lobi torop do angka sopir Metromini dohot Kopaja dohot bangso Madura dohot Jawa na manggadis disi. Di son, adong do lapo Batak Toba dohot lapo Karo. Na dua i marjambar khas do. Babi panggang Karo, songon: ingkon dipanggang dohot dihiris lobi halus jala ingkon dipillit do parsahatan ni sibuk na tama. Arga ni lapo dison hira-hira Rp25 ribu ganup porsi. Naung rap do i dohot indahan, panggang/saksang, naniatur singke na ninitil, dohot sup holiholi babi. Na manghombangot sian Senayan, adong do dua lapo di Senen na paradehon tuak. Argana, di bagasan sada botol, hira-hira Rp8 ribu. Di dalan Pramuka, adong tolu lapo, sada sian i ima cabang ni Ni Tondongta na parjolo. Lapo dison jotjot didalani angka dongan na lomo mangan, na 30 porsenna ima marga Batak. Arga rata-rata ni lapo di Pramuka hira-hira Rp28 ribu. Molo di Senayan adong Lapo Ni Tondongta, di Senen adong Lapo Pardomuan, jadi di Mayasari adong Lapo Siangkaan. Ara Perangin-angin, tokoh ni bangso ni Huta Mayasari, marhata las do: ""Manang didia adong lapo, disi do bangso Batak marpungu."" Di angka bangso Batak na marjalang, dohot angka dongan na lomo mangan panganan khas Batak, lapo-lapo di Senayan, Senen, Cililitan, dohot Pramuka nunga gabe jambar panganan na torus ulahonon nasida. Nasida jotjot ro dung salpu martangiang Minggu, jala dipangke lapo i gabe inganan parpunguon dohot iboto na dao. Nang pe nunga martambor nasida tu ragam ni huta di duru ni Tano Batak, torus do mulak nasida tu lapo na jonok. Gogo ni joujou ni andaliman, timbaho na ringkot di torop panganan Batak, torus do maningotkon nasida tu panganan ni inang di huta.","Ketika Panggilan Andaliman Tak Kuasa Ditolak

Di sejumlah lokasi di Jakarta, ada sedikitnya 30 lapo. Ia mencakup Senayan, Senen, Pramuka, Cililitan, Manggarai, Cipayung, Kelapa Gading, Tambora, Pantai Indah Kapuk, dan Matraman. Dari jumlah itu, 10 di antaranya berpusat di Senen. Sementara sisanya menyebar di wilayah lain, kadang cuma satu, tiga, enam sampai 10 lapo. Menu makanan di setiap lapo adalah panggang, saksang babi, saksang anjing, rica-rica babi dan anjing, arsik ikan mas, tanggo-tanggo arsik, ayam napinadar, ayam gota, iga goreng, sup babi, dan tuak. Harga tiap-tiap makanan ini variatif, antara Rp23 ribu dan Rp50 ribu. Salah satu lapo yang terkenal di kalangan masyarakat Jakarta adalah Ni Tondongta, bertempat di ke dekat Lapangan Tembak Senayan pada 1992. Lapo ini tertua dibanding dua lapo lain di lokasi yang sama, yakni Lapo Siagian Boru Tobing dan Lapo Dainang. Para pemilik lapo ini dipaksa harus pindah pada akhir Februari 2017 karena lokasinya dipakai untuk proyek fasilitas Asian Games 2018. Paulus Siagian, 34 tahun, pengelola Lapo Siagian mengatakan menu favorit para pelanggan di sini biasanya tak jauh dari panggang, saksang, arsik, dan ayam gota. Namun, untuk pengunjung yang kali pertama mencicipi makanan khas Batak, lebih dianjurkan mencicipi panggang dan saksang. Soal harga, Siagian menerapkan subsidi. Contohnya, seorang sopir taksi cukup membayar Rp20 ribu untuk satu porsi lapo panggang, sayur, dan nasi. Sementara untuk kalangan menengah ke atas, harganya Rp23 ribu. Harga panggang juga sama untuk kedua lapo lain. Mengingat lokasinya dekat dengan DPR dan kantor pemerintahan, sebagian pelanggan lapo di Senayan termasuk kalangan politikus, di antaranya Maruarar Sirait, Ruhut Sitompul, dan Hinca Panjaitan. Sementara di lapo dekat Stasiun Senen, mayoritas pembeli adalah sopir Metromini dan Kopaja serta orang Madura dan Jawa. Di sini ada lapo Batak Toba dan lapo Karo. Keduanya punya menu khas. Babi panggang Karo, misalnya, mesti dipanggang dengan diiris lebih halus dan dipilih bagian daging yang tepat. Harga di lapo di sini sekitar Rp25 ribu per porsi. Ini sudah termasuk nasi, panggang/saksang, sayur singkong tumbuk, dan sup tulang babi. Yang membedakan dari Senayan, ada dua lapo di Senen menyediakan tuak. Harganya, dalam satu botol, sekira Rp8 ribu. Di Jalan Pramuka, ada tiga lapo, salah satunya cabang pertama Ni Tondongta. Lapo di sini sering dikunjungi penikmat kuliner yang 30 persennya adalah orang Batak. Harga rata-rata lapo di Pramuka sekitar Rp28 ribu. Jika di Senayan ada Lapo Ni Tondongta, di Senen ada Lapo Pardomuan, maka di Mayasari ada Lapo Siangkaan. Ara Perangin-angin, tokoh masyarakat Kampung Mayasari, berseloroh bahwa ""di mana ada lapo, di situlah orang-orang Batak berkumpul."" Bagi kaum perantau Batak, plus para penikmat masakan khas Batak, lapo-lapo di Senayan, Senen, Cililitan, dan Pramuka ini telah menjadi menu makanan rutin mereka. Mereka biasanya datang sehabis ibadah Minggu, dan menjadikan lapo sebagai titik pertemuan dengan saudara jauh. Sekalipun telah berdiaspora ke pelbagai kota di luar Tanah Batak, mereka kembali ke lapo terdekat. Kuatnya panggilan andaliman, rempah kunci di banyak masakan Batak, terus mengingatkan mereka pada masakan mamak di kampung.",Contemporary Media,News Article,https://www.google.com/url?q=https%3A%2F%2Ftirto.id%2Fketika-panggilan-andaliman-tak-kuasa-ditolak-chuM,,yes
mg_096,Grup Musik Toba World Hibur Penonton di Eropa,"Punguan Musik Toba World Mangalasoni Siginjang di Eropa

Punguan musik na margoar Toba World na dipimpin ni musisi Viky Sianipar mangalasoni siginjang Eropa marhite hataridaan na parjolo di Huta Ljubljana, Slovenia. Marmeam di ulaon “Nights in Old Ljubljana Town International Festival”, partondian ni Toba World pe marlapatan do laho manangkasi seni parbinotoan Batak tu bangso na di Eropa. Ulaon ""Nights in Old Ljubljana Town International Festival"" i diulahon ni Imago Slovenia di rura tonga ni Huta Ljubljana, songon na pinasahat ni Fungsi Pensosbud – KBRI Wina, Wina Retnosari tu Antara London, Senin (29/8/2016). Toba World na maranggota 12 dongan tampil mamboan hira-hira 12 ende na torop sian i ima ende Batak naung dipaimbaru aransemen na, di bagasan i adong “Suan”, “Attar DiDokkon”, “O Tano Batak”. Di parmulaan ni hataridana, mamboan hata do Viky Sianipar taringot hamoraon dohot hahomangon ni Indonesia na marragam marga dohot parbinotoan, na Batak i ma sada sian i. Dijelashon Viky do muse lapatan ni ganup ende dohot pangalaho na pinatudu ni dua parhata Toba World, Louise dohot Alsant. Ulaon borngin ni parbinotoan i pe diparami do dohot haroro ni Dubes RI tu Republik Austria dohot Republik Slovenia, Rachmat Budiman, na mamboan Macek Muri, ende ni dakdanak khas Slovenia. Nights in Old Ljubljana Town International Festival sada sian festival seni parbinotoan na balga di Slovenia na diulahon di tingki ro di ari. Ganup taon, marratus seniman na sian luat i dohot na sian luat na dao marpartondian di festival na tolu ari lelengna i jala tampil di inganan na tama di rura huta na balga Slovenia, na gabe tonga ni parsimangotan ni angka sihabang. “Di samping laho mangaramoti seni parbinotoan Batak, partondian ni Toba World di event i pe marlapatan do laho manangkasi seni parbinotoan Batak tu bangso na di Eropa, tudosan di Slovenia,” ninna Viky Sianipar di holang-holang ni hataridana. Marhite i, diharapkon do hataridaan musik na binoan ni Toba World boi manarik roha ni sihabang Slovenia laho ro manopot Indonesia, tudosan tu Tao Toba di Sumatera Utara. Viky Sianipar saleleng 12 taon naung salpu nunga paulihon pitu album na gabe seniman na tarbarita dohot angka ulaonna na marbono kontemporer di angka ende Batak. Sian tampil di Nights in Old Ljubljana Town International Festival, Toba World pe tampil do di Huta Landeck, Austria dohot di Jabu Joglo di rura uli ni bunga Arboretum, Slovenia. Jabu Joglo ima silehon-lehon sian Indonesia i ma Pamarentah Provinsi Daerah Istimewa Yogyakarta tu bangso Slovenia. Parruas ni Jabu Joglo di Rura Uli Bunga Arboretum, na dipasada ni KBRI/PTRI Wina di taon 2013 i, di bagasan i do gabe parhitean promosi Indonesia di Slovenia. Sude ulaon ni Toba World di Austria dohot Slovenia gabe parbagian ni rintingan Toba World Europe Tour 2016 na ditumpak ni Kementerian Pariwisata RI di bagasan parhitean promosi pariwisata Wonderful Indonesia di rura Eropa.","Grup Musik Toba World Hibur Penonton di Eropa

Kelompok musik bernama Toba World pimpinan musisi Viky Sianipar menghibur penonton Eropa melalui penampilan perdananya di Kota Ljubljana, Slovenia. Bermain di acara “Nights in Old Ljubljana Town International Festival”, keikutsertaan Toba Worl juga bertujuan memperkenalkan seni budaya Batak kepada publik di Eropa.
Acara ""Nights in Old Ljubljana Town International Festival"" tersebut diselenggarakan oleh Imago Slovenia di kawasan pusat kota Ljubljana, demikian disampaikan Fungsi Pensosbud - KBRI Wina, Wina Retnosari kepada Antara London, Senin (29/8/2016). Toba World yang beranggotakan 12 personil tampil membawakan sekitar 12 lagu yang sebagian besar merupakan lagu-lagu tradisional Batak yang diaransemen ulang, di antaranya “Suan”, “Attar DiDokkon”, “O Tano Batak”. Di awal penampilannya, Viky Sianipar bercerita tentang kekayaan dan keunikan Indonesia yang memiliki keragaman etnik dan budaya, di mana Batak adalah salah satunya. Viky juga menjelaskan makna setiap lagu dan gerak yang dipertunjukkan duo vokalis Toba World, Louise dan Alsant. Acara malam budaya itu juga dimeriahkan dengan kehadiran Dubes RI untuk Republik Austria dan Republik Slovenia, Rachmat Budiman, yang membawakan Macek Muri, lagu anak-anak khas Slovenia. Nights in Old Ljubljana Town International Festival merupakan salah satu festival seni budaya besar di Slovenia yang digelar pada musim panas. Setiap tahunnya ratusan seniman lokal dan internasional berpartisipasi pada festival yang berlangsung selama tiga hari tersebut dan tampil dilokasi strategis di kawasan kota tua Slovenia, yang merupakan pusat daya tarik bagi wisatawan . “Di samping untuk melestarikan seni budaya Batak, partisipasi Toba World dalam event tersebut juga bertujuan memperkenalkan seni budaya Batak kepada publik di Eropa, khususnya di Slovenia,” jelas Viky Sianipar di sela-sela pertunjukan. Dengan begitu, diharapkan pertunjukan musik yang dibawakan Toba World mampu menarik minat wisatawan Slovenia untuk berkunjung ke Indonesia, khususnya ke Danau Toba di Sumatera Utara. Viky Sianipar selama 12 tahun terakhir menghasilkan tujuh album merupakan seniman yang dikenal dengan karya-karyanya dengan sentuhan kontemporer pada lagu-lagu Batak. Selain tampil dalam Nights in Old Ljubljana Town International Festival, Toba World juga tampil di kota Landeck, Austria serta di Rumah Joglo di taman wisata bunga Arboretum, Slovenia. Rumah Joglo merupakan hadiah dari Indonesia yaitu Pemerintah Provinsi Daerah Istimewa Yogyakarta kepada masyarakat Slovenia. Pendirian Rumah Joglo di Taman Wisata Bunga Arboretum,diprakarsai KBRI/PTRI Wina pada tahun 2013 itu, antara lain sebagai sarana promosi Indonesia di Slovenia. Seluruh kegiatan Toba World di Austria dan Slovenia merupakan bagian dari rangkaian Toba World Europe Tour 2016 yang didukung Kementerian Pariwisata RI dalam rangka promosi pariwisata Wonderful Indonesia di kawasan Eropa.",Contemporary Media,News Article,https://www.google.com/url?q=https%3A%2F%2Ftirto.id%2Fgrup-musik-toba-world-hibur-penonton-di-eropa-bEDP,,yes
mg_097,Masyarakat Batak di Papua Mengecam Ujaran Rasisme Ambroncius,"Bangso Batak di Papua Manimbil Hata Rasisme ni Ambroncius

Diida do Ambroncius Nababan mangulahon parulaon na mangago dame di holang-holang ni sude dongan sapunggu na adong di Tano Papua.
“Parulaon ni Ambroncius Nababan i nunga mangago arga ni bangso Batak di Indonesia, tudosan di Tano Papua, jala atik pe hatana i boi do mambahen parsalaan roha di holang-holang ni marga Batak dohot marga-marga na asing na adong di Tano Papua,” ninna Kenan Sipayung marhite hata na sinurat, Selasa (26/1/2021). ""Parsadaan Bangso Batak Provinsi Papua mangido tu dongan parpolisi Republik Indonesia asa diusut dohot tuntas jala diproses hombar tu aturanna na manggogo,"" lanju ni hatana. Hata ni Ambroncius Nababan i, ninna Kenan, ima ulaon dohot hata ni jolma sandiri. Asa ndang gabe manghatindangkon bangso Batak na di Tano Papua. Sarupa do rohana dohot Kenan Sipayung, Tokoh Ni Bangso Batak di Tano Papua Makmur Nababan na didongan ni Induk Ni Naposo Batak (IPBP) Jee Somosir marroha do manopot Polda Papua. Marroha nasida paadonghon laporan polisi taringot uhum na niulahon ni Ambroncius Nababan na diida mangalo aturan. ""Aha na niulahon ni Ambroncius Nababan i, ima parulaon na mangalo uhum, jala tung marhua-hua do di bangso Batak na mangolu marsidongan dohot bangso sian ragam ni marga na adong di Papua,"" ninna Makmur. Diida do Ambroncius Nababan mangulahon parulaon na mangago dame ni holang-holang ni sude dongan sapunggu na adong di Tano Papua, tudosan ma ibana gabe bangso Batak.","Masyarakat Batak di Papua Mengecam Ujaran Rasisme Ambroncius

Ambroncius Nababan dianggap melakukan perbuatan yang merusak ketentraman antarseluruh paguyuban yang ada di Tanah Papua.
“Perbuatan saudara Ambroncius Nababan telah merusak citra masyarakat Batak di Indonesia, khususnya di Tanah Papua, apalagi pernyataannya bisa membuat salah paham antara suku Batak dan suku-suku lain yang ada di Tanah Papua,” kata Kenan Sipayung melalui keterangan tertulis, Selasa (26/1/2021). ""Kerukunan Masyarakat Batak Provinsi Papua meminta kepada pihak kepolisian Republik Indonesia untuk mengusut tuntas serta memprosesnya sesuai dengan peraturan perundang-undangan yang berlaku,"" imbuhnya. Pernyataan Ambroncius Nababan, kata Kenan, merupakan tindakan dan pernyataan pribadi. Sehingga tidak mewakili masyarakat Batak di Tanah Papua. Senada dengan Kenan Sipayung, Tokoh Masyarakat Batak di Tanah Papua Makmur Nababan didampingi Ketua Ikatan Pemuda Batak (IPBP) Jee Somosir berencana mendatangi Polda Papua. Mereka berencana membuat laporan polisi terkait dugaan perbuatan melanggar hukum yang dilakukan Ambroncius Nababan. ""Apa yang dilakukan Ambroncius Nababan adalah perbuatan yang melawan hukum, bahkan sangat meresahkan masyarakat Batak yang hidup berdampingan dengan masyarakat dari berbagai suku yang ada di Papua,"" kata Makmur. Ambroncius Nababan dianggap melakukan perbuatan yang merusak ketentraman antarseluruh paguyuban yang ada di Tanah Papua, terlebih selaku masyarakat Batak.",Contemporary Media,News Article,https://www.google.com/url?q=https%3A%2F%2Ftirto.id%2Fmasyarakat-batak-di-papua-mengecam-ujaran-rasisme-ambroncius-f9BX,,yes
mg_098,Lulusan Ilmu Komputer Yang Tidak Bisa Memrogram,"Lulusan Ilmu Komputer alai Ndang Boi Mangulahon Program

Dung salpu hata-hata na gabe parsoalan di milis kampus na so pola boi hupabotohon goarna taon na salpu, sadarion ro ma i muse tu au sandiri. Dapotan au sahalak na mangulahon tugas akhirna mambahen aplikasi penjadwalan alai hurang situtu pangantusionna (fundamental programming) taringot tu pemrograman. Padahal, lulus sian jurusan na sarupa dohot au ibana. Na longangna, jolma on ndada na mapitung taringot tu coding manang na so coding samase, songon na hea dipaboa donganhu dison. Ibana sahalak juara sian olimpiade komputer, mangantusi algoritma, jala umboto mangulahon program secara prosedural, alai hurang situtu pangantusion na parjolo taringot tu programming i. Songon na marsangkut (stuck) ma hatauon na i holan di tingki parjolo, di tingki lomba i, jala ndang martamba.
1. Boi do ibana memrogram, alai hurang togu jala berantakan situtu kodenai. Jala goar ni variabel na pe khas songon goar ni variabel tu alus ni soal lomba algoritma: x, y, z. Padahal, i do na laho manyimpan request dohot response ni HTTP.
2. Dasar ni pemrograman berbasis objek (Object-Oriented Programming/OOP) secara abstrak pe hurang situtu. Padahal, nuaeng naeng sude do bahasa pemrograman dohot framework i pinatupa dohot paradigma pemrograman berorientasi objek.
3. Ala hurang situtu pangantusion na parjolo, ndang terekspos ibana tu angka na ringkot di industri songon design pattern, arsitektur, dohot sude i, lumobi taringot tu prinsip songon SOLID manang dohot pemrograman fungsional.
4. Manghilala na so boi memrogram, alai naeng dapot karejo na laris nuaeng: gabe pengembang mobile. Dibahen i, diulahon ibana ma skripsi taringot tu aplikasi penjadwalan na rumingkat tu platform Android.
5. Ala nidokna gumodang marsiajar teori, pangantusionna taringot tu komunikasi data dohot protokol jaringan pe hurang situtu. Ndang diboto ibana ia sada alamat i ndada holan mangalehon laman HTML, alai boi do JSON dohot angka na asing.

Na ummuli gabe alus, i ma: ala ibana holan marsiajar na dilehon dosen i sambing, jala ndang adong diulahon pangembangan taringot tu naung dilehon i. Jala, nampakna hurang do holong ni rohana (passionate) taringot tu programming. Naeng hatop lulus ma ibana, jala naeng gabe developer Android di startup/parusahaan na balga dohot doli-doli (gaji) na timbo. Huidok ma, i ndang mungkin, jala ingkon gumodang marsiajar dope ibana. Dibahen i, ndang gabe pataridaan ia jolma na gabe finalis manang juara lomba olimpiade komputer manang lulusan Ilmu Komputer dohot IPK na uli, boi langsung gabe programer. Ringkot do mentoring, coaching, dohot marsiajar na gomos, asa boi dibahen ibana jurang ni hatauon di kampus dohot di industri i.

Molo adong dongan naung manghilala na sarupa jala naeng masuk tu industri usaha rintisan digital gabe pengembang:
- Patiop pinggol dohot mata taringot tu angka na imbaru di teknologi. Di kampus, boi do dope diajarhon Turbo Pascal 7.0, alai algoritma na sarupa boi dope dipangke di NodeJS.
- Unang naeng langsung gabe bos ni pengembang, alai molo na ulaonmu sandiri do. Pengembang on sarupa dohot perguruan silat. Molo naeng gabe doli-doli ni pengembang, ingkon boi jala togu ibana didiajak sparring (marsitontangan taringot tu masalah) asa dihargai.
- Molo ndang tertarik gabe pengembang jala naeng mangatur infrastruktur. Nuaeng, dohot adongna komputasi awan (cloud computing), peran ni admin nunga hurang situtu. Jolma na mangatur infrastruktur ingkon boi do mangotomatisasi kluster jala gabe DevOps, ndada holan gabe SysAdmin. Aha do DevOps i? Molo so diboto dope, ingkon gumodang ma dijaha.
- Songon dia do tim pemasaran? Nuaeng pemasar pe nunga disetir dohot parbuena sian pengelolaan dohot pengembangan data laho patimbulhon pangaluaran. Tim pemasar di parusahaan teknologi nuaeng, minimal ingkon boi mangulahon query sian basis data jala manganalisis dohot bahasa songon R manang Python.
Jadi songon dia? Olo dope karejo di parusahaan na berbasis teknologi?","Lulusan Ilmu Komputer Yang Tidak Bisa Memrogram

Sehabis polemik tahun lalu di milis kampus yang saya tidak bisa sebutkan namanya. Hari ini saya ternyata mengalaminya sendiri. Saya menemukan seseorang yang sedang mengerjakan tugas akhir yang membuat aplikasi penjadwalan dan fundamental pemrogramannya sangat lemah. Padahal lulusnya di jurusan yang sama dengan saya. Menariknya orang ini bukan seseorang yang buta coding sama sekali seperti yang pernah diceritakan teman saya di sini. Dia salah satu juara dari olimpiade komputer, mengerti algoritma, dan tau cara memrogram secara prosedural tetapi fundamental programmingnya sangat lemah. Nampaknya kemampuan dia stuck pada kemampuan masa lomba saja dan tidak berkembang.
1. Bisa memrogram, tetapi kodenya sangat berantakan, dan penamaan variabelnya khas penamaan variabel jawaban soal lomba algoritma: x, y, z. Padahal untuk menyimpan request dan response HTTP.
2. Dasar pemrograman berbasis objek secara abstrak juga sangat lemah. Padahal saat ini hampir semua bahasa pemrograman dan kerangka kerja (framework) dibuat dengan paradigman pemrograman berorientasi objek.
3. Karena dasarnya sangat lemah, dia tidak terekspos dengan hal-hal yang dipakai di industri seperti design pattern, arsitektur dan sebagainya apalagi dengan prinsip seperti SOLID atau bahkan pemrograman fungsional.
4. Merasa tidak bisa memrogram, tetapi ingin mendapatkan pekerjaan yang sedang laris saat ini: sebagai pengembang mobile; Sehingga dia membuat skripsi tentang aplikasi penjadwalan sederhana untuk platform Android.
5. Sayangnya, walaupun alasannya karena banyak belajar teori, pengetahuannya tentang komunikasi data dan protokol jaringan juga sangat minim. Dia bahkan tidak tahu kalau suatu alamat tidak harus mengembalikan halaman HTML, tetapi bisa JSON dan banyak lagi yang lain.
Dan alasan terakhir mungkin yang paling sahih adalah karena yang bersangkutan hanya belajar apa saja yang diberikan dosen sementara tidak berusaha mengembangkan apa yang sudah diberikan dosen dan juga nampak kurang passionate dalam memrogram. Yang dia inginkan hanya ingin secepatnya lulus dan jadi developer Android di startup/perusahaan bergengsi dengan pendapatan tinggi. Saya bilang itu tidak mungkin, dan dia harus banyak belajar. Jadi memang bukan jaminan orang yang jadi finalis atau juara lomba olimpiade komputer atau lulusan ilmu komputer atau teknik informatika dengan IPK bagus bisa langsung jadi pemrogram, perlu banyak mentoring, coaching dan belajar sebelum jurang kemampuan di kampus dan di industri terisi.

Jika ada teman-teman yang mengalami hal yang sama dan ingin masuk industri usaha rintisan digital sebagai pengembang:
- Pasang telinga dan mata tentang perkembangan teknologi. Di kampus mungkin masih diajarkan menggunakan Turbo Pascal 7.0. Akan tetapi algoritma yang sama tetap bisa dipakai di NodeJS.
- Jangan bermimpi langsung jadi bos-nya pengembang kecuali memang itu usaha milik sendiri. Pengembang ini mirip perguruan silat. Kalau mau jadi atasan pengembang, harus bisa dan kuat diajak sparring kalau mau dihargai.
- Kalau tidak tertarik sebagai pengembang dan mau mengelola infrastruktur. Saat ini, dengan adanya komputasi awan, peran admin saja sudah sangat minimum. Seorang yang mengelola infrastruktur diharuskan bisa mengotomatisasi kluster dan bertindak sebagai DevOps, bukan hanya sebagai SysAdmin. Apa itu DevOps, kalau belum tau berarti harus banyak baca lagi.
- Bagaimana dengan tim pemasaran? Pemasar pun sekarang sudah disetir dengan hasil dari pengelolaan dan pengembangan data untuk mengoptimisasi pengeluaran. Tim pemasar di perusahaan teknologi zaman sekarang minimal harus bisa melakukan query dari basis data dan melakukan analisis dengan bahasa seperti R atau Python.
Jadi bagaimana? Masih mau kerja di perusahaan berbasis teknologi?",Contemporary Media,Blog Articles,https://www.google.com/url?q=https%3A%2F%2Fmedium.com%2F%40lynxluna%2Flulusan-ilmu-komputer-yang-tidak-bisa-memrogram-5f297c385767,,yes
mg_099,Lulusan S1 Ilmu Komputer kalah sama D3?,"Lulusan S1 Ilmu Komputer Talua Sian D3?

Dongan-dongan sude... gabe sahalak na naeng lulus jala sarjana ilkom na ditoruon lulus (2007–2013), paluaonku ma pamangmanghu on. Inti ni surat na parjolo i sasintongna holan sada do:

Sarjana Komputer: PRAKTEK NOL SITUTU.

Jala sude hata-hata manang pasu-pasuan na songon: “Ndada be rahasia ia godang sarjana komputer i holan umboto teori. Mambahen program aplikasi nol situtu. Nang pe boi dibahen holan boi diulahon dirina sandiri, jotjot error, jala maol dipagodang.”

Sasintongna, ndada holan tu sarjana komputer do i. I do na masa tu sude jolma na marpanangkoan marhite mananggal di jolo ni komputer laho mambahen barang na balga alai so boi jitahan. Bikin program aplikasi nol situtu jala holan boi diulahon dirina sandiri, jotjot error, jala maol dipagodang? Adong do tingki laho tu sude i, dongan! Dang ditubuhon hita boi mananggal sapuluh jari sian na metmet. Nunga sahat tingkina i? Ganjang do tingki i, opat taon saleleng hita kuliah (Manang, sarupa songon na masa tu au, onom taon). Sude tugas besar ni hita, tugas kecil, sude eksperimen marsiajar programming manang framework... disi do tingki na denggan tu sude hasalaan dohot parsiajaran na gabe bekal mamilang hepeng sogot. Molo boi hupasahat tona, unang ma marnida sian ""Tong eleh ku OB atuh"" manang ""Masa talu sian D3 do hita!"", manang lobi-lobi ""Bisa-bisa na talu sian halak na otodidak"", hurang ture do i dongan! Motivasimu lobi tabo begeon molo songon on: sian na idealis ""Au naeng mambahen software na boi dipangke jutaan halak laho mamillang hepeng!"" sahat tu na paling klise: ""Ingkon adong solusi TI na pas tu Indonesia laho patimbulhon hadameon dohot kedaulatan ni bangso"" manang holan ""Holong rohangku tu coding, ndang pola leas rohangku mamillang hepeng sian i!"" Portofolio Lobi Ringkot Sian Ijazah, sian pangantusionku, naeng 90% situtu do surat na parjolo i. Dunia karejo ingkon ringkot do ijazah i holan gabe syarat mamangke karejo. Alai na um ringkot i ma Portofolio! Godang do di angkatanhu na salah jurusan alai lulus jala gabe Sarjana Komputer. Salah? Ndang pola hurippu songon i. Molo hubege carita, ia mahasiswa jurusan akuntansi gabe web programmer na togu jala berprestasi, longang ma rohangku. Laos, molo sarjana ilmu komputer gabe penyanyi terkenal manang panurat buku na laris, manang pegawai kantoran na gajina lobi Rp 7 juta? Molo sukses do twist-na, ndang adong na protes. Aha do na hurang ture sian na nidokna i? Ndang adong gunana marlea-lea halak holan ala strata pendidikan. Hata ""Masa talu sian lulusan D3"" i manogu tu pangantusion ia lulusan D3 i ndang patut lobi capable sian lulusan S1. Buat ma sude parbinotoan na songon i. Na um ringkot nuaeng hamu sude na gumodang dope tingkina, unang ma gabe mabiar salah, unang ma mabiar mamungka. Molo boi, unang ma gabe di ujung ni semester 6 manang 7 baru mamungka marpikkir ""Au ndang boi coding"", muse baru ma dipauli mindset ""Au ndang cocok di bidang komputer"".

Sian nuaeng pe, praktek... praktek... praktek.Molo dung 1-5 hali praktek, tutu ma roham ia hamu ndang cocok di bidang komputer, ingkon boi ma hamu mangulahon parsiapan sian na dao-dao, andingan so dibahen skripsi. Gumodang ma tingkimu laho mangalului holong ni roham na tutu. Boi do langsung mambuat jurusan na asing, manang na diihuthon ma alai ingkon dipaksahon hamu do enjoy di kuliah sahat tu na lulus, dohot skripsi na boi lulus. Ingot ndada holan coding do sumber ni rejeki. Taringot tu Au Sandiri.
- Taon parjolo hupasahat ma au na laho mangalehon tu bidang networking, ala ndang naeng coding jala dao sian matematika.
- Taon paduahon mamungka ma hudok ia au na sala. Networking i ringkot do coding dohot matematika.
- Ujung taon paduahon: Hupauli ma mindset ia au ndang halak komputer. Tugas asalasalan, kuliah songon na dung tarsunggul, galau jala sibuk marmeam-meam laho mangalului passion na tutu.
- Taon patoluhon dapotan au ma songon pencerahan. Husadari ma ia au nunga so adong tingki laho mambuat jalur na asing. Hupaksahon ma dirihu laho holong roha tu coding, mamaksahon dirihu asa unang gabe mabiar di rumus-rumus dohot algoritma.
- Di taon patoluhon husadari do au nunga toru 1–2 taon. Alai dison ma au mamungka mangalului bidang na sreg tu au: desain web, data mining, sistem informasi.
- Taon paopathon hupungka ma skripsingku, marangkak. Marsiajar coding sian parjolo.
- Ujung taon paopathon mamungka ma huida programming i jala huulahon tu angka kuliah naung salpu.
- Taon palimahon nunga enjoy au coding. Dang lomo rohangku di dokumen skripsi ala hurippu program lobi ringkot.
- Taon paonomhon sidang ma au. Jala, dokumen tahe lobi ringkot! Program pe ringkot, alai molo dokumen na hurang denggan, program pe gabe ndang ringkot.

Skill manurat dokumen skripsi i dapot sian perkuliahan, tugas-tugas makalah manang resume, manjahai paper-paper manang jurnal hata Inggris. Skill coding i dapot sian praktikum, tugas besar, jala otodidak. I ma, dongan, otodidak!

Hata na Togu
“Sian nuaeng pe, Google dohot Stackoverflow i ma donganmu na togu!”

Adong dope na naeng ditambai manang na ditaringoti taringot tu na masa on?","Lulusan S1 Ilmu Komputer kalah sama D3?

Teman-teman.. sebagai salah satu calon alumni dan sarjana ilkom yang terlambat lulus.. (2007–2013) izinkan saya mengungkapkan pendapat saya..
inti dari tulisan OP itu sebenernya cuma ini:

Sarjana Komputer : PRAKTEK NOL BESAR.

Dan semua argumen dan nyinyiran seperti:
“Bukan rahasia lagi bahwa banyak sarjana komputer hanya tau teori. Bikin program aplikasi nol besar. Walaupun bisa bikin hanya mampu dioperasikan oleh diri sendiri, sering error, sulit dikembangkan.”

Itu sebenernya ga cuma buat sarjana komputer, tapi berlaku untuk seluruh manusia yang bermata pencaharian dengan mengetik di depan komputer untuk membangun barang yang harganya bisa miliaran rupiah tapi tidak bisa dipegang (Kecuali kalau setelah softwarenya ditaro di CD/USB FD keitung bisa dipegang ya). Bikin program aplikasi nol besar dan hanya mampu dioperasikan oleh diri sendiri, sering error, sulit dikembangkan? Memang ada waktunya untuk itu, kawan. Kita ga dilahirkan bisa ngetik sepuluh jari semenjak ari-ari kita diputus sama dokter kandungan..Lalu kapan waktunya? Cukup panjang, 4 tahun selama kita kuliah..(Atau dalam kasus saya, 6 tahun). Semua tugas besar kita, tugas kecil, semua eksperimen belajar programming atau framework.. disitulah waktu idealnya untuk semua kesalahan dan pelajaran yang bakal jadi bekal cari duit nanti. Kalau boleh saran, jangan liat dari “Tong eleh ku OB atuh” atau “Masa kalah sama D3?” lebih2 lagi “Bisa2nya kalah sama yang otodidak”, kurang tepat bro..Motivasimu lebih enak didenger kalo gini, dari yang idealis “Aing ingin bikin software yang bisa dipake buat cari duit sama jutaan orang!” sampe yang paling klise: “Indonesia perlu solusi TI yang tepat buat meningkatkan kesejahteraan dan kedaulatan rakyat” atau mungkin simply “I just love to code, might as well earn a lot of money from doing it!” Nah, menurut saya, hampir 90% tulisan OP itu bener. Dunia kerja butuh ijazah buat syarat lamaran kerja. Tapi yang paling penting itu portofolio (dan salary expectation). *Ini cerita nyata dari temenku yang pernah liat langsung proses sorting CV setelah acara jobfair beres. Sekarang begini, di angkatan saya banyak banget yang akhirnya ‘salah jurusan’ tapi tetep lulus dan menyandang gelar S.Kom. Salah? Nope, I don’t think so. Kalau saya denger cerita ada mahasiswa jurusan akuntansi jadi web programmer handal dan berprestasi, saya pasti berdecak kagum. Terus kalau ada sarjana ilmu komputer jadi penyanyi terkenal atau penulis buku best seller, atau mungkin pegawai kantoran dengan gaji di atas 7jt? Kalau twist-nya sukses, kemungkinan gede orang2 ga akan ada yang protes. Lagipula sumber rezeki bukan cuma coding, warteg juga sumber rezeki, bahkan truk atau angkot juga ada yang sumber rezeki. Jadi menurutku tulisan OP itu 90% ada benernya, tapi bukan berarti 90% harus didengerin.. :) Saat ini, saingan kita bukan lulusan D3-D4 atau bahkan S1 apalagi yang otodidak. Tak ada guna merendahkan orang lain hanya karena strata pendidikan. Pernyataan “Masa kalah sama lulusan D3” itu bagi saya memberi kesan kalau lulusan setara D3 itu tidak layak untuk lebih capable dari lulusan S1. Sekarang hilangkanlah pikiran-pikiran seperti itu.

YANG PENTING SEKARANG..

Kalian yang masih punya banyak waktu, jangan takut salah, jangan takut memulai. Kalau bisa, janganlah nanti dipenghujung semester 6 atau 7 kalian baru mulai berpikir ‘saya gak bisa coding’, lalu mulai membangun mindset ‘saya gak cocok di bidang komputer’.
Dari sekarang juga, praktek..praktek..praktek. Kalau setelah 1-5 praktek (coding, kerjain tugas besar) kalian bener-bener yakin kalian gak cocok di bidang komputer, seenggaknya kalian udah bisa ancang-ancang dari jauh hari sebelum skripsi. Kalian bakal punya waktu lebih buat cari passion sejati kalian. Mungkin langsung pindah jurusan, atau mungkin lanjut tapi ya harus paksain enjoy kuliah sampe beres dengan skripsi selulus-lulusnya. Ingat, sumber rezeki bukan cuma coding!
Now a bit about my self:
- Tahun pertama perkuliahan saya langsung deklarasi kalau saya bakal ambil bidang networking, karena gak akan coding! Dan jauh dari matematika.
- Tahun kedua saya mulai nyadar kalau saya salah, networking butuh coding, butuh matematika (logic mostly).
- Akhir tahun kedua saya mulai bikin mindset kalau saya bukan orang komputer, tugas asal-asalan, kuliah sedatangnya(sebangunnya?), galau sibuk bermain dengan dalih mencari passion sejati.
- Tahun ketiga saya dapet semacam pencerahan, saya sadar saya udah ga punya waktu buat pindah jalur, saya harus paksain diri saya buat cinta coding, memaksakan diri supaya tidak mudah terintimidasi dengan rumus-rumus dan algoritma.
- Tapi di tahun ketiga juga saya sadar kalau saya terlambat 1–2 tahun. Tapi disini saya mulai cari bidang yang sreg sama saya. Beberapa diantaranya: desain web, data mining, sistem informasi.
- Tahun keempat saya mulai skripsi saya, merangkak. Belajar coding dari awal (mungkin bisa disebut otodidak).
- Akhir tahun keempat saya mulai melihat programming dan menghubung-hubungkannya dengan perkuliahan yang sudah lewat.
- Tahun kelima saya sudah mulai enjoy coding, saya enggan berkutat dengan dokumen skripsi karena menurut saya program lebih penting!
- Tahun keenam saya akhirnya sidang. Dan dokumen(skripsi) ternyata lebih penting. Program juga penting, sangat penting, tapi dengan dokumen yang buruk, program jadi tidak penting.
Skill nulis dokumen skripsi itu didapet dari perkuliahan, tugas-tugas makalah atau resume, baca paper-paper atau jurnal bahasa inggris. Skill coding itu didapet dari praktikum, tugas besar, dan mostly otodidak. Betul, my friend, otodidak.

Izinkan saya menyematkan kata-kata bijak walau sedikit:

“Mulai sekarang, Google dan Stackoverflow adalah sahabatmu”",Contemporary Media,Blog Articles,https://www.google.com/url?q=https%3A%2F%2Fmedium.com%2F%40FSDanaro%2Flulusan-s1-ilmu-komputer-kalah-sama-d3-4054fd628e3d,,yes
mg_100,Opsi Pekerjaan untuk Lulusan Ilmu Komputer,"Akka Dalan Ni Parkarejoan tu Lulusan Ilmu Komputer

Parbinotoan taringot tu Ilmu Komputer manang Teknik Informatika, atik beha maol do diboto godang ni akka namatua. Ndang pola godang natua tua na mangalehon tona tu anakkonna laho masuk tu jurusan on ala so diboto nasida parbinotoan on. Godang do muse sisean SMA na naeng masuk parsikkolaan na timbo manang mahasiswa na imbaru na so umboto “goar ni ulaon” na boi siulahonon ni nasida dung lulus sian Ilmu Komputer. Dohot lam tu majuna teknologi nuaeng, lulusan sian Ilmu Komputer/Teknik Informatika ndada holan gabe pandohan program (programmer) sambing. On ma piga-piga dalan ni ulaon na boi pilion ni nasida:

1. Pandongan Tudosan
Sian panangkasan na binoan ni LinkedIn, ulaon Pandongan Tudosan i ma sada ulaon na ringkot situtu di tingki na naeng ro. Lelengna, ulaon on ma na mangarancang rupa ni parbuaton na laho dipangke ni pangalehon laho mambahen pardongan-dongan. Molo parbuaton teknologi i ma aplikasi na ditaruhon, pandongan tudosan i ma na mangarancang dongan ni rupa na gampang pangkeon ni jolma. Alai nuaeng, godang do ragam ni parbuaton teknologi: aplikasi na ditaruhon, jaring-jaring, hori ni tangan, sambiluluan, sahat tu parangkatan na togu (hardware - TV, robot, palito, dohot na asing).
Pangantusion na ringkot: Dasar ni pardongan-dongan ni jolma, dongan ni rupa, dohot pardongan-dongan di parjolo. Godang do parusahaan imbaru (startup) nuaeng na mambukka lowongan tu ulaon on.

2. Pandongan Habaran
Bidang on ma sada bidang na so pola leas di parusahaan imbaru di Indonesia manang di luat na asing. Songon goarna, Pandongan Habaran i ma na mananggungjawabi asa pangalehon i dapotan habaran na denggan tingki manggunaon sada parbuaton. Ulaon on ma sada parsahamian (posisi) na ringkot di parusahaan teknologi tu taon-taon na naeng ro. Ulaon siganup ari mangulahon pangujian pikkiran ni parbuaton, mangarancang dalan ni pangunaan ni parbuaton, manganalisis pangunaan ni parbuaton, jala mangulahon pangujian ragam ni parbuaton tu pangalehon. Inti na mangarancang jala manguji parbuaton. Hata “habaran” i mangulahon godang ragam, songon: sonang, hatop, gampang, lanjar parbuaton i tingki dipangke pangalehon. Hatauon na ringkot hatauon manganalisis data, statistika data, pardongan-dongan (ingkon godang do marhata-hata tu pangalehon), dohot hatauon dongan ni rupa/kesenian.

3. Parbinoto Data
Ulaon on ma na masuk tusi situtu di portibi teknologi dua taon na salpu. Dohot lam godangna partiga-tigaan elektronik, aplikasi na ditaruhon, dohot parjualan na so marnida jolma, lam maol ma halak na boi di bidang Parbinoto Data on. Sian huparsinta au, parbinotoan di bidang parbinoto data i maol do marsiajarhon. Molo lomo rohamu di bidang on, ingkon gumodang ma marsiajar taringot tu Martitik dohot Statistika. Ulaonmu mangolah godang data, manganalisis, jala di ujungna mambahen hasimpulan ni barita na ringkot tu lam tu majuna parusahaan manang gabe patujolo ni uhum di parusahaan. Tudosan ni parsoalan na dialusi Parbinoto Data:
- Parbuaton aha na lobi disomba naposo di luat Jabodetabek?
- Di taon na naeng ro, sadia balga do pangaluaran ni parusahaan? Asa boi ta sangka sadia balga parsimpanan na ingkon tambahanta.
- Lobi disomba pangalehon do solu on sambil-sambil manang sambil-tambil?
- Parjualan ni hita i, pukul sadia do na paling ture?
Tarbayang do sadia ringkot ni ulaon on tu sada parusahaan?

4. Parangan Marsiajar Mesin
Parbuaton na pantun nuaeng ro do sian tangan ni Parangan Marsiajar Mesin. Molo hea hamu manggunaon aplikasi Google Now, Snapchat, Siri, manang SimSimi, nunga hea hamu manggunaon parbuaton ni marsiajar mesin. Lelengna, marsiajar mesin i mambahen parbuaton teknologi boi diajari jala di ujungna gabe sian di sada hal. Parangan Marsiajar Mesin i ma na mangarancang “utok-utok” ni parbuaton i asa boi marsiajar jala gabe sian. Ulaonmu: Mangembangkan algoritma na solhot na laho diajari torus-torusan, dung i manganalisis laho marnida bagian dia na ingkon di dipadenggan sahat tu na tubu parbuaton na lam denggan. Sarupa songon Parbinoto Data, ulaon on ringkot do hatauon di Martitik, Statistika, pangolahan data, jala hurippu ringkot situtu tahi. Ndang pola godang parusahaan Indonesia na mambukka lowongan on nuaeng, alai pos ma roham, ulaon on ringkot situtu di lima taon na naeng ro.
Molo hamu sisean na naeng masuk parsikkolaan na timbo, mahasiswa na imbaru, manang ompu-ompu na naeng pamasuk anakkonna tu parsikkolaan na timbo, saranku i ma: Marnida ma hamu prospek ulaon di tingki na naeng ro dung lulus sian parsikkolaan na timbo. Lului ma barita taringot tu opat ulaon na di ginjang i molo lomo rohamu masuk tu jurusan Ilmu Komputer/Teknik Informatika.","Opsi Pekerjaan untuk Lulusan Ilmu Komputer

Bidang Ilmu Komputer/Teknik Informatika mungkin bukan menjadi jurusan yang umum bagi beberapa orang tua. Saya rasa tidak banyak juga orang tua yang merekomendasikan anaknya untuk masuk ke jurusan ini karena ketidaktahuan akan bidang ilmu ini. Saya juga menemukan banyak siswa SMA yang akan masuk universitas atau pun juga mahasiswa baru yang tidak memahami “job title” yang mungkin mereka jalani setelah lulus dari jurusan Ilmu Komputer. Dengan semakin berkembangnya teknologi, lulusan dari jurusan Ilmu Komputer/Teknik Infomatika tidak hanya sekadar menjadi programmer. Berikut ini adalah beberapa opsi pekerjaan yang bisa dipilih oleh lulusan Ilmu Komputer/Teknik Informatika.

1. Interaction Designer
Menurut penelitian dari LinkedIn, pekerjaan sebagai interaction designer merupakan salah satu pekerjaan yang paling dibutuhkan di masa depan. Secara umum pekerjaan ini bertugas untuk merancang tampilan dari suatu produk yang akan digunakan oleh user untuk melakukan interaksi. Bila produk teknologi yang dibuat adalah aplikasi mobile maka interaction designer bertugas untuk merancang desain antarmuka (user interface) yang mudah digunakan oleh pengguna, tetapi saat ini produk teknologi memiliki banyak bentuk, seperti aplikasi mobile, website, jam tangan, kaca mata, bahkan hingga hardware (TV, robot, lampu, dan lain-lain). Pemahaman yang harus dimiliki oleh interaction designer adalah dasar-dasar interaksi manusia, interface design, dan pemprograman antar muka (front-end). Beberapa startup saat ini juga membuka lowongan untuk pekerjaan ini. Seperti Traveloka, Bukalapak, Tokopedia, dan sebagainya.

2. UX Designer (User Experience Designer)
Bidang ini merupakan salah satu bidang yang sedang hangat di dunia startup baik di Indonesia maupun di luar negeri. Seperti namanya, UX designer bertanggung jawab untuk memastikan pengguna (user) memiliki pengalaman yang baik dalam menggunakan suatu produk. Pekerjaan ini merupakan salah satu posisi yang penting di suatu perusahaan teknologi (dan kemungkinan di perusahaan bidang lain) pada tahun-tahun ke depan. Beberapa pekerjaan sehari-sehari dari seorang UX Designer, di antaranya seperti melakukan pengujian ide produk, merancang alur penggunaan produk, melakukan analisis penggunaan produk, dan melakukan pengujian fitur produk kepada pengguna. Secara singkat, sebenarnya tugas dari seorang UX Designer adalah merancang dan menguji produk. Kata “experience” memang melibatkan banyak hal, seperti kenyamanan, kecepatan, kemudahan, kelancaran suatu produk ketika digunakan oleh pengguna. Beberapa skill yang harus dimiliki oleh UX Designer, seperti kemampuan analisis data, statistik data, komunikasi (kamu akan banyak berbicara kepada user), dan juga kemampuan desain/seni. Banyak sekali startup yang membuka lowongan pekerjaan ini, silahkan buka beberapa halaman karir startup di Indonesia, kamu pasti bisa menemukannya di sana.

3. Data Scientist
Pekerjaan ini benar-benar sedang hits di dunia teknologi dua tahun terakhir. Dengan semakin maraknya e-commerce, aplikasi mobile, dan transaksi online maka pekerja di bidang data scientist menjadi semakin sulit untuk dicari. Menurut saya pribadi, ilmu di bidang data science memang sulit untuk dipelajari. Jika kamu tertarik di bidang ini, maka kamu akan belajar banyak hal tentang matematika dan statistika. Kamu akan bekerja untuk mengolah banyak data, menganilisisnya, dan akhirnya dapat menyimpulkan informasi yang penting bagi kemajuan perusahaan ataupun sebagai salah satu penentu keputusan di perusahaan. Kira-kira ini adalah beberapa permasalahan bisnis yang diselesaikan oleh pekerjaan data scientist :

- Produk apa yang paling disukai oleh anak muda di daerah Jabodetabek?
- Di tahun depan penjualan perusahaan akan sebesar apa ya? Jadi kita bisa prediksi harus nambah gudang seberapa besar.
- Kira-kira pengguna kita lebih suka kalau tombol ini warna merah atau orange ya?
- Transaksi kita tuh paling efektif jam berapa sampai jam berapa sih?

Nah, kira-kira permasalahan seperti itu yang akan diselesaikan oleh pekerjaan Data Scientist. Terbayang seperti apa pentingnya pekerjaan ini untuk suatu perusahaan?

4. Machine Learning Engineer
Produk-produk canggih masa kini berasal dari tangan para machine learning engineer. Kalau kamu pernah pakai aplikasi Google Now, Snapchat, Siri, atau bahkan SimSimi kamu baru saja menggunakan produk dari machine learning. Secara sederhana, machine learning membuat produk teknologi dapat dilatih dan akhirnya ahli dalam melakukan sesuatu. Machine Learning Engineer bertugas untuk merancang “otak” dari produk tersebut sehingga bisa belajar dan akhirnya ahli. Machine Learning Engineer akan mengembangkan suatu algoritma rumit yang akan dilatih terus-menerus, kemudian melakukan anilisis untuk melihat bagian mana yang akan diperbaiki efektivitasnya hingga menghasilkan produk yang semakin baik. Sama seperti data scientist, pekerjaan ini membutuhkan keahlian dalam matematika, statistika, pengolahan data, dan saya rasa sangat membutuhkan kreativitas. Tidak banyak perusahaan Indonesia yang membuka lowongan ini, bahkan saya tidak bisa menunjukkan suatu perusahaan yang membuka lowongannya, tapi percayalah pekerjaan ini akan sangat dibutuhkan dalam lima tahun ke depan.

Jika kamu merupakan siswa yang akan segera masuk universitas, mahasiswa baru, atau orang tua yang akan memasukkan anaknya ke universitas, saya sarankan ada baiknya untuk melihat prospek pekerjaan masa depan setelah lulus dari universitas. Silahkan cari informasi tentang empat pekerjaan di atas apabila tertarik untuk memasuki jurusan Ilmu Komputer/Teknik Informatika.",Contemporary Media,Blog Articles,https://www.google.com/url?q=https%3A%2F%2Fmedium.com%2Fgohan%2Fopsi-pekerjaan-lulusan-ilmu-komputer-b4fe2114fde8,,yes
mg_101,"Tulisan Tentang Dua Budaya, Dua Bahasa Cinta","Surat Taringot tu Dua Hasomalan, Dua Dalan Holong

Saleleng na naeng sahat tu 15 taon au mangalele tu Yogyakarta, didongani dongan na sian Jawa, ndang hea huarsak au marsaor. Sai songon au sandiri do au na dipagodang di sundut Batak, alai sai boi do au marlondong di siganup ari na gok parange na uli. Huparsinta au, sude na denggan do. Huparsinta au, parsadaan ni bangso ndang gabe parsoalan saleleng hita marsiamian. Ai andorang so mangalele pe au, ngolu di pardonganan na marragam do au, marragam do bangso di humaliang ni au. Alai dua taon parpudi paubahon panindangonku. Laho parjolo sahali, huida secara sasintongna sadia balga ni parsadaan i mardomuan bangso Jawa dohot bangso na sian ni au. Parjolo ndang pola huparduli au, sahat tu parsadaan i mamungka manginona uhum-uhum na balga di ngolu. Jala sian i ma au mamungka marsungkun-sungkun: na tutu do parsadaan on boi gabe paralang-alangan?

Hata, Hajongjongan, dohot Dame di Bangso Jawa

Secara bangso, Jawa masuk tu budaya konteks na timbo na manjunjung timbo dame, parange na uli, dohot “pajaga rupa” nang pe di pardongan-dongan siganup ari ni sundut dohot pardonganan. On ma na pinatolhas secara parhataan: di ulahon tingkat ni hata Jawa ngoko, madya, dohot krama, gampang dida songon dia tubu tingkat-tingkat ni pardonganan marhite hata. Panangkasan na binoan ni Sumekto dohot dongan patolhashon ia di pangidoan-sungkun-sungkun na formal, jolma Jawa mansai olo manggunaon dalan na so langsung, lumobi tingki ingkon marsangap na umbalga manang ruas na marhuaso. Olo do ditulakkon nasida tawaran i parjolo hape dijalo di ujungna, gabe parange marsangap tu parasaan ni panggalehon.

Togu ni Parsoalan, Parsadaan, dohot Hatauon na Langsung di Bangso Batak

Di bangso Batak, hatauon sapanganon dohot parhataan na togu ringkot situtu dijunjung. Sian turian pardongan-dongan marlumba bangso, bangso Batak lobi budaya konteks na toru: barita i dipauli secara langsung gabe parange marsangap dohot kejujuran. Panangkasan taringot tu parsaoran ni mahasiswa Batak di Semarang patolhashon ia pola pardongan-dongan na langsung on manogu tu gabe longang roha di bangso na asing—lumobi taringot tu manulak tawaran, mamillit hata, dohot mambahen uhum.

Ulahon Siganup Ari: Sian Manulak Sude Panganan sahat tu Parhataan

Songon umpama, di siganup ari, sundut Batak nunga som marhata-hata secara langsung jala sahat tusi hal na diharapkon gabe kejujuran dohot parhaongan. Di pardomuan na asing, bangso Jawa lobi manghorhon tu parange na uli dohot hapantason di parhataan. On boi dida sian somal ni jolma Jawa na manulak tawaran panganan piga-piga hali andoran so dijalo di ujungna, gabe parange parange na uli. Nang songon i, di bangso Batak, manulak pangaluan i boi diharapkon so diboto diri manang na mangasahon roha ni panggalehon. Songon i do muse tingki diulahon panganan, jolma Batak mansai olo manghabishon panganan i gabe parange parsangapan, alai di Jawa, manghabishon sude panganan boi diharapkon so diboto diri manang hurang lamu. Hatauon na metmet songon on nampak ndang pola balga, alai patoranghon filosofi ngolu na marragam: na sada patimbohon hata na langsung, na sada muse manjunjung dame marhite hata na marsolup.

Panindangon Psikologis dohot Parhataan

Sian parbegu psikologi bangso, parsadaan on boi dipatorang marhite piga-piga patujolo:

Self-construal: Bangso Jawa mansai olo marpangunsandean di ruas na asing—panandaan diri pinatupa sian pardonganan. Alai Bangso Batak lobi holan diri sandiri—panandaan diri dipatupa marhite hata dohot parsoalan sandiri.

Power distance: Di bangso Jawa, dao ni huaso timbo: ompu-ompu dohot na umbalga dihormati so pola godang sungkun-sungkun. Alai di bangso Batak, pardonganan marlumba umur lobi sapanganon, dakdanak dilehon tingki laho manolopi pamangmang.

High vs Low Context: Parhataan Jawa mansai marlondong tu konteks dohot na so tinolhas; Batak lobi binoto dohot langsung. Di Jawa, lapatan dijaha sian parange; di Batak, ingkon didok ma secara togu.

Au dipagodang di sundut na porsea ia gabe togu i ma parange ni holong. Ia hata na togu i manjaga, ia soara na gogo i ndada lapatanna so marsangap. Alai ngolu di Yogyakarta diajarhon tu au ia hatop na lambat i pe boi sahat lobi bagas. Ia pajaga dame i pe parange ni parduli, jala ia sip pe boi gabe hata ni holong. Alai parsadaan i ndada lapatanna so boi dipadomu. Na maol i ndada parsadaan i sandiri, alai pangantusionta tu parsadaan i. Huarsak au ia ringkot tingki dohot roha na sadar asa unang mangalusi. Ia hatauon na togu tanganta boi nampak ""tolbak"" manang ""palobihu"" di mata ni dongan. Alai, tingki naeng hita hundul rap jala marsioloi taringot tu dalan ni panindangon siganup, adong do dalanna na balga hita ndada holan mangantusi, alai marsangap muse.

Ala di tonga-tonga ni sude na marragam, sai adong do na boi dipadomu molo ndada holan naeng diantusi hita, alai naeng mangasahon mangantusi dongan pe.","Tulisan Tentang Dua Budaya, Dua Bahasa Cinta

Selama hampir 15 tahun aku merantau ke Jogja, dikelilingi teman-teman bersuku Jawa, aku tidak pernah merasa kesulitan beradaptasi. Aku tetap menjadi diriku yang dibesarkan dalam keluarga Batak, sambil tetap bisa berbaur dalam keseharian yang penuh unggah-ungguh. Kupikir, semua baik-baik saja. Kupikir, perbedaan budaya tak akan jadi soal selama kita saling menghormati. Toh, sebelum merantau pun aku hidup di lingkungan multikultural, perbedaan suku yang beragam di sekitarku. Tapi dua tahun terakhir mengubah pandanganku. Untuk pertama kalinya, aku melihat secara nyata betapa besar perbedaan antara budaya Jawa dan budaya dari suku asalku. Awalnya aku tak peduli, hingga perbedaan itu mulai memengaruhi keputusan-keputusan besar dalam hidup. Dan dari sanalah aku mulai bertanya-tanya: apakah benar perbedaan ini bisa menjadi penghalang?

Bahasa, Martabat, dan Harmoni dalam Budaya Jawa

Secara budaya, Jawa termasuk high-context culture yang menjunjung tinggi harmoni, rasa hormat (urmat), dan “face-saving” bahkan dalam komunikasi harian keluarga dan masyarakat. Ini juga terbukti secara linguistik: dalam praktik level bahasa Jawa oro krama ngoko, madya, dan krama mudah terlihat bagaimana stratifikasi sosial ditegakkan lewat bahasa. Penelitian by Sumekto dkk. (2024) menunjukkan bahwa dalam permintaan-pertanyaan formal, orang Jawa cenderung menggunakan strategi tidak langsung, terutama saat harus menghormati senior atau pihak yang berwibawa. Mereka menolak tawaran lebih dulu baru menerima, sebagai bentuk menghormati perasaan pemberi.

Ketegasan, Kesetaraan, dan Nilai Langsung dalam Budaya Batak

Dalam budaya Batak, nilai egalitarian dan keterusterangan sangat dijunjung. Berdasarkan teori komunikasi lintas budaya, kultur Batak lebih low-context: pesan disampaikan dengan langsung sebuah bentuk penghormatan dan kejujuran. Penelitian tentang adaptasi mahasiswa Batak di Semarang juga menunjukkan bahwa pola komunikasi langsung ini memicu culture shock—terutama soal menolak tawaran, memilih kata-kata, dan membuat keputusan.

Praktik Sehari-hari: Dari Menolak Makanan hingga Nada Bicara

Misalnya, dalam keseharian, keluarga Batak terbiasa untuk berbicara secara langsung dan to the point hal yang dianggap sebagai kejujuran dan keterbukaan. Di sisi lain, budaya Jawa lebih menekankan pada tata krama dan kehati-hatian dalam bertutur. Hal ini bisa terlihat dari kebiasaan orang Jawa yang menolak tawaran makanan beberapa kali sebelum akhirnya menerima, sebagai bentuk sopan santun. Sebaliknya, di budaya Batak, menolak pemberian bisa dianggap tidak tahu diri atau bahkan menyakiti hati pemberi. Begitu juga saat dijamu makan orang Batak cenderung menghabiskan makanan sebagai bentuk penghargaan, sementara di Jawa, menghabiskan seluruh makanan bisa dianggap tidak tahu diri atau kurang halus. Nilai-nilai kecil semacam ini terlihat sepele, namun mencerminkan filosofi hidup yang berbeda: satu menonjolkan ekspresi langsung, satu lagi menjunjung keharmonisan melalui bahasa yang membungkus.

Perspektif Psikologis & Komunikatif

Dari sisi psikologi budaya, perbedaan ini dapat dijelaskan lewat beberapa konsep:

Self-construal: Budaya Jawa cenderung interdependent—identitas dibentuk dari relasi sosial. Sementara Batak lebih independent—identitas dibangun lewat ekspresi dan pendirian pribadi.

Power distance: Dalam budaya Jawa, jarak kekuasaan tinggi: orang tua dan senior dihormati tanpa banyak pertanyaan. Sebaliknya, dalam budaya Batak, relasi antar generasi lebih setara, anak-anak diberi ruang untuk menyampaikan pendapat.

High vs Low Context: Komunikasi Jawa sangat kontekstual dan implisit; Batak lebih eksplisit dan langsung. Di Jawa, makna dibaca dari isyarat; di Batak, justru harus dikatakan terus terang.

Aku dibesarkan dalam keluarga yang percaya bahwa menjadi tegas adalah bentuk kasih sayang. Bahwa ketegasan melindungi, bahwa suara yang lantang bukan berarti tak sopan. Tapi hidup di Jogja mengajarkanku bahwa kadang yang pelan justru bisa sampai lebih dalam. Bahwa menjaga harmoni juga bentuk perhatian, dan bahwa diam pun bisa jadi bahasa cinta. Tapi perbedaan bukan berarti mustahil disatukan. Yang sulit bukan perbedaan itu sendiri, melainkan pemahaman kita terhadap perbedaan tersebut. Aku belajar bahwa perlu waktu dan kesadaran untuk tidak menghakimi. Bahwa nilai yang kita pegang teguh bisa jadi tampak ""dingin"" atau ""berlebihan"" di mata yang lain. Namun, ketika kita mau duduk bersama dan saling mengupas cara pandang masing-masing, ada kemungkinan besar kita tidak hanya memahami, tapi juga menghargai.

Karena di antara segala yang berbeda, selalu ada yang bisa dipertemukan jika kita tidak hanya sekadar ingin dimengerti, tapi juga berusaha mengerti.",Contemporary Media,Blog Articles,https://www.google.com/url?q=https%3A%2F%2Fmedium.com%2F%40tulisanelea%2Ftulisan-tentang-dua-budaya-dua-bahasa-cinta-880c842d39eb,,yes
mg_102,"Aku  Perempuan, Aku Penari, dan Aku Anak ITB","Ahu Parompuan, Ahu Panortor, Jala Ahu Anak ITB

Ahu ma sahalak boru jala Batak do ahu. Dipagodang di tano Jawa (na marhata ngapak) jala dao sian sanina mambahen ahu mansai olo mangarsak jala jotjot dijou “Batak Abal.” Parangena ni keabalan ni ahu marbagi di tolu arjolo, taringot tu bohingku. Jotjot jolma mangarimpun ahu on sian Jawa, Bali, manang Manggarai. I ma nian, molo taringot tusi ndang boi hubahen aha-aha. Nunga lehon-lehon ni Tuhan, dibahen i disyukuri ma. Paduahon, dohot tingkat parsoalan na tonga-tonga, i ma taringot tu parhataan. Ndang pola sada kalimat manang sada hata, holan dibege nasida au manghatahon huruf B, D, G, manang J pe, pintor diboto nasida ahu ndada halak hita, alai ngapak ma, mbakeeee…Na parpudi jala na paling togu gawat, ahu ndang umboto aha-aha taringot tu hata dohot adat Batak. Sahat tu taon parjolo di parsikkolaan na timbo, na holan huboto sian Batak i ma ulos, lapet, dohot arsik sambing.

Alai, na ro ma, keabalan ni ahu mamungka lam ganda humurang ala kelabilan ni ahu semasa parsikkolaan na timbo di ITB. Di taon paduahon ahu marsikkola disi, hundul ma ahu rap dohot dongan masuk tu Unit Kesenian Sumatera Utara (UKSU) di kampus. Las do roha nian, dison ma ahu gabe um sedikit umboto taringot tu kesenian dohot adat ni bangsoku, alai molo taringot tu hata sai ndang boi do ahu. Di unit on, gabe masuk ma siganup ruas laho mangalehon gogo di musik manang seni panortoron. Na mamungka sian dison ma ahu gabe sahalak panortor na imbaru. Hariburon sian manortor dohot pandangan na so ture gabe panortor di upacara parbagason adat Batak sasintongna ma habaran na las roha di ahu. Molo na sapangkosong boi do mangantusi dohot mamboto tutu. Boi do hupatamba hepeng jajan dohot pamuli gizi. I do dua hal. Alai, ndada holan i na paling mambahen ahu las roha. Di tingki i, manortor jala manangihon gondang Batak mangalehon las ni roha sandiri di ahu. Alai, terlepas sian sude parbegu na denggan na boi hujalo, adong do sada hal na mansai so huparsinta. Atik beha holan habaran ni ahu sandiri do on jala ndada berlaku umum, alai jotjot jolma manindang hami songon, “Holan sahalak panortor di parbagason.”

Na tutu do adong na sala molo gabe panortor di parbagason? Nda tung songon i. Sasintongna, pandangan ni jolma na songon on tu ahu jotjot mambahen panindangon ni ahu taringot tu ahu sandiri gabe ndang pola denggan. Untung do ahu adong dongan panortor na hebat jala marroha baja. Hujalo ma sian nasida marsiajar laho marsip, ala na hulahon on i ma hal na positif. Hami na “holan panortor parbagason” on jotjot digoda ni parmusik (catatan: ndada ruas ni UKSU nasida nang pe mahasiswa kampus ni ahu). Adong do sada parmusik na males ni roha ndang hea madabu. Molo mangulahon rap dohot parmusik na sada i, tingki latian ahu nunga langsung hupauli bohi jutek. Nang pe, sian hurippu ahu, gabe sala do ujung-ujungna ala rupa default ndang boi dipauli galak. Alai gabe nampak modom manang planga-plongo.

Hami na “holan panortor parbagason” on pe hea ndang boi dialap panganan ala diharapkon, “Tadi nunga dialap hamu kan? On ma tusi jolma kantor, mabiar ndang cukup.” Parduli situtu ito i sahat tarhatahon ia nunga hualap hami. Padahal nian, adong do muse jolma na nampak ndada dongan ni kantor ni parbagason na mangala panganan alai ndang disuru mandungoi. Molo sian hurippu ahu, palobihu ma.

Hea do muse hami na holan panortor on dipingkiri nomor HP sian bapa-bapa na so tinanda, didok nasida laho dipaulu tu anakkonna atik beha boi gabe parumaen. Jala ndada holan Bapa on, dongan ni nasida pe ndang talu las ni roha marhata-hata dohot hami, lumobi dung diboto nasida ia hami mahasiswa ITB.

Ahu ndang marroha pamer. Alai, sasintongna on ma na huarsak ahu. Tingki hubahen status ni ahu gabe mahasiswa ITB, jolma molo mangalusi pandangan na lobi denggan taringot tu ahu.

Na hucarito di ginjang i holan piga-piga umpama sian parange hata na huarsak hami. Alai, jotjot pandangan ni mata lobi godang barita sian hata ni dila, nda songon i? Dibahen i yah… Na so hata i ndang boi hupasahat dohot hata. Nampakna cukup hami ma mangarsak.

Lalap do roha ni ahu. Boasa, laho dihargai, sada boru ingkon parjolo mambahen status dohot dalanna tumimbul? Jala boasa status ni ahu gabe mahasiswa ITB molo mambahen tingkat ni ahu lobi timbo andarap tingki ahu “holan” panortor di sada parbagason?","Aku perempuan, aku penari, dan aku anak ITB

Saya seorang perempuan dan saya Batak. Dibesarkan di tanah Jawa (baca: ngapak) dan jauh dari sanak saudara membuat saya terkadang merasa dan nggak jarang mendapat julukan “Batak Abal.” Keabalan saya terletak di, pertama, wajah. Seringkali, orang mengira saya ini orang Jawa, Bali, atau bahkan Manggarai. Yah, kalau soal ini saya nggak bisa apa-apa juga sih. Sudah pemberian Tuhan, jadi ya disyukuri saja. Kedua, dengan tingkat kegawatan medium, adalah soal logat. Nggak usah deh satu kalimat atau satu kata, cukup denger saya melafalkan huruf B, D, G, atau J saja orang-orang pasti langsung tau kalau saya bukan halak kita, tapi ngapak mbakeeee… Yang terakhir dan yang paling gawat, saya nggak tau apa-apa soal bahasa dan tradisi Batak. Sampai tahun pertama kuliah, yang saya tau dari Batak itu cuma ulos, lapet, dan arsik.

Tapi, kemudian, keabalan saya sedikit demi sedikit semakin berkurang berkat kelabilan saya semasa kuliah di ITB. Pada tahun kedua saya berkuliah di sana, saya ikut-ikutan temen bergabung ke dalam Unit Kesenian Sumatera Utara (UKSU) di kampus. Seneng sih, di sini saya jadi sedikit banyak tau tentang seni dan budaya suku saya, walaupun kalo soal bahasa tetep aja nggak bisa. Di unit ini, setiap anggota bebas memilih untuk berkontribusi dalam musik atau seni tari. Nah, dimulai dari sini lah saya kemudian menjadi seorang penari pemula. Kami-kami yang penari UKSU ini sering diajak jadi penari di pernikahan Batak oleh salah satu alumni dari unit yang punya usaha menyediakan katering, dekor, dan penari untuk pernikahan adat Batak.

Menjadi penari di acara pernikahan adat Batak sebenarnya adalah pengalaman yang menyenangkan buat saya. Buat yang sesama anak kost pasti mengerti dan paham betul. Saya bisa nambah uang jajan dan perbaikan gizi. Itu dua hal. Tapi, bukan itu yang paling bikin saya senang. Pada saat itu, menari dan mendengarkan musik gondang Batak memberikan kebahagiaan tersendiri bagi saya. Namun, terlepas dari semua sisi positif yang bisa saya dapatkan, ada satu hal yang saya sangat tidak suka. Mungkin saja ini hanya pengalaman pribadi saya dan tidak berlaku umum, tapi seringkali orang memandang kami sebagai, “hanya seorang penari di pernikahan.”

Memang ada yang salah dengan menjadi penari di pernikahan? Rasanya tidak. Terus terang, pandangan orang yang seperti ini terhadap saya seringkali membuat pandangan saya terhadap diri sendiri jadi ikut-ikutan kurang baik. Untunglah saya punya teman-teman penari yang hebat dan bermental baja. Saya belajar dari mereka untuk masa bodo, karena toh apa yang saya lakukan ini adalah hal yang positif.

Kami yang “hanya penari pernikahan” ini kadang digodain pemusik (catatan: mereka bukan anggota UKSU maupun mahasiswa kampus saya). Ada satu pemusik yang malesinnya luar biasa. Kalo perform bareng sama pemusik yang satu itu, waktu latian saya udah langsung pasang muka jutek. Walaupun, menurut saya, ujung-ujungnya fail karena default muka nggak bisa dibikin galak. Alih-alih pasang tampang jutek, yang ada malah terkesan ngantuk atau bahkan planga-plongo.

Kami yang “hanya penari pernikahan” ini juga pernah nggak dibolehin ambil makanan dengan alasan, “Tadi udah ambil kan? Ini buat orang kantor, takut nggak cukup.” Perhatian banget mbaknya sampe hapal kalo kita udah ambil. Padahal yah, ada juga nih yang sepertinya bukan temen-temen kantor mempelai yang ambil makanan tapi nggak ditegur. Kalo menurut saya sih, terlalu.

Pernah juga nih, kami yang hanya penari ini dimintain nomor HP sama bapak-bapak tidak dikenal, katanya buat dikenalin ke anaknya siapa tau bisa jadi menantu. Dan bukan cuma si Bapak ini, temen-temennya juga nggak kalah antusias ngobrol dengan kami, apalagi setelah mereka tau kalau kita mahasiswa ITB. Saya gak ada maksud buat pamer. Tapi, memang inilah yang saya rasakan. Ketika saya membawa-bawa status saya sebagai mahasiswa ITB, orang-orang seolah-olah punya pandangan yang lebih baik tentang saya.

Yang saya ceritakan di atas hanya sekian contoh dari perlakuan verbal yang kami alami. Tapi, seringkali pandangan mata lebih banyak bercerita daripada ucapan lidah bibir, bukan? Jadi yaa… Yang non-verbal nggak bisa juga saya lukiskan dengan kata-kata. Sepertinya memang cukup kami saja yang merasakan.

Saya bingung. Mengapa untuk dihargai, seorang perempuan harus terlebih dahulu menggembar-gemborkan status dan latar belakangnya? Dan mengapa status saya sebagai mahasiswa ITB seakan-akan membuat derajat saya lebih tinggi ketimbang ketika saya “hanya” seorang penari di sebuah pernikahan?",Contemporary Media,Blog Articles,https://www.google.com/url?q=https%3A%2F%2Fmedium.com%2Fkamiperempoean%2Faku-perempuan-aku-penari-dan-aku-anak-itb-7e20986eb4df,,yes
mg_103,Krisis Identitas di Perantauan,"Parukilon Panandaan Diri di Tano Parjalangan

“Sian dia aslimu?”

“Asli Medan.”

“Alai bohimu sai hera halak Jawa

“Asli sian Medan doho? Halak Melayu, ate?”

“Ndang, halak Batak do ahu. Among hu…”

Siganup mangalusi panandaan diri tu akka jolma na imbaru di siganup partumpuan, parulan, manang sada rapot, mansai losok do roha hu mangarangrangi taringot tu dalanna ni bangsoku. Na tutu, piga-piga dongan na solhot dohot dongan sakarejo maboto au halak Batak. Na tutu, Amonghu halak Batak Toba margana Sianipar, jala Inonghu halak Jawa.

Boasa goar ni ahu so adong margana? Parsulanganna ala Amonghu sandiri pe ndang mamangke marga di pudi ni goarna di siganup panandaanna. Ahu pe ndang hea marsungkun langsung tu Among. Alai didok Inong nian, Among na jolo dang olo be mambaen marga di pudi ni goarna ala na jolo di tingki na poso, godang panghorhon na marbagi ia jolma Batak lomo mangallang pinahan.

Ndang longang be molo sogo roha ni among ala ibana ugamo Islam (ala di bagasan Islam diajarhon ndang boi mangallang Babi). Inang pe manambai parsulanganna na asing ala asa ndang pola ditindang ala sian golongan manang marga na tontu molo mardomu dohot golongan marga na asing.

Na tutu, sasintong na nian adong do piga-piga na sai marnida parsaoran manang pardomuan parsaoran marga na songon on. Dibahen ima boasa goarhu ndang mamangke marga. Molo diganup panandaan hutaruhon marga di pudi ni goar, gabe maol do molo diulahon, hape Amonghu sandiri ndang mamangke marga di pudi ni goarna.

“Bah sian ise margana? Apala Among ni ibana sandiri pe ndang mamangke marga. Atik ndang anak tubu ibana muse.”

Na songon i ma hisaran ni biar ni roha molo ianakhon ni Among mamangke marga diganup pudi ni goarna.

Ala Inonghu halak Jawa, dibahen i rupahu pe lobi marrupahon rupana ni Inong. Tontu rupahu gabe ndang tarida songon halak Batak na somal di pardongan-dongan. Dohot bohi tarida songon halak batak na somal rupa na togu dohot hagogoon (ahu pe lalap molo mangarangrangi parpangkusan alai intina halak Batak adong partandaan rupana na tarida tutu songon i).

Eh, alai molo diingot-ingot muse Amobut) ndada songon rupa ni godangan halak Batak na tarida togu (na tutu do on pandapot ni jolma ndada ahu na palobihu porsea tu diri sandiri hehe). Dibahen i godang mangarimpun ahu halak Jawa.

Ndada holan parsoalan rupa, nang songon i dohot parhataan dalan ni ahu marhata-hata pe ndang patuduhon sasintongna ia ahu halak Batak. Ima nian. Goarna pe di jabu siganup ari hami mamangke hata Indonesia. Ndang adong na mamangke hata Batak. Nang songon i dohot sundut na balga.

Molo manghatai sai mamangke hata Indonesia manang dihampar dohot hata Jawa. Ditambai muse ahu pe markaliang sian kota Medan, jala sian kalas 3 SD sahat tu SMA magodang di kota Binjai. Hasomalan na kota ni jolma na ro godangan sai mamangke hata Indonesia.

Hmmm, parsoalan hata Melayu ala ahu dung SMA markaliang tu Pekanbaru manambai gogo dongan tubunin tulanghu saleleng 6 bulan. Dibahen i ma ahu jotjot sai manginona saotik logat hasomalan halak Melayu Riau.

Ima parsulanganna boasa losok rohaku mangarangrangi dalanna ni bangsoku. Adong arsak ni roha sandiri ala tingki nidok halak Batak alai ndang boi hata Batak sasintongna. Alai ahu tutu ndang manalahon dirihu sasintongna.

Toh, sundut ni ahu dohot sundut na balga ni ahu pe ndang hea mamangke hata Batak langsung. Ditambai muse ngolu markaliang sian sada kota tu kota na asing, terpapar dohot adat dohot jolma na imbaru tontu marpanghorhon muse tu logat dohot parhataanhu.

Songon nuaeng on tingki ahu jotjot tutu dipadomu dohot dongan-dongan na marbalakang bangso Sunda dohot Jawa. Dibahen i jotjot so husadari sandiri, sasintongna ahu pe gabe dohot mangihut pangkataion ni nasida haha. Alai on gabe sada parange na mambaen las roha.

Songon ima diarsak molo panindangon na somal rupa dohot logat boi manghalupi panandaan dirinta. Lumobi di akka parjalang songon ahu na nunga piga-piga hali markaliang sian sada kota tu kota na asing. Adong lalap ni roha sandiri ala gabe mangihut tu adat luat disi ala parsaoran diri. Alai dung dipikkir-pikkir sasintongna on gabe sada parange na tudos denggan muse gabe dipuji.

Nang pe ahu ingkon loja mangarangrangi ia ahu jolma Batak alai rupa dohot parhataanhu pe ndang tarida ‘Batak’ sasintongna. Boha baenon nunga sian najolo songoni. Saninganna ahu boi pamagohon panindangon na somal ia halak Batak i togu jolmana haha.

Eh, alai sasintongna halak Batak ndada togu-togu jolmana dah. Dalan ni hata ni nasida gabe tarida togu ala soara ni nasida sambing na tarbege gogo. Toh, nang songon i jolma godangan, roha ni halak Batak pe lambok do jala denggan do jolmana.","Krisis Identitas di Perantauan

""Kamu asli mana?""

""Asli Medan""

""Tapi muka kamu kelihatan Jawa banget loh""

""Kamu asli Medan. Orang Melayu, ya?""

""Enggak, saya orang Batak. Ayah saya...""

Setiap mengenalkan identitas diri ke orang-orang yang baru di setiap acara, kegiatan, atau suatu forum, saya paling malas menjelaskan soal latar belakang suku saya. Ya, beberapa teman dekat dan rekan sejawat saya tahu bahwa saya orang Batak. Iya, Ayah saya orang Batak Toba dengan marga Sianipar, dan Ibu (Mamak) saya orang Jawa.

Kenapa nama belakang saya tidak ada marganya? Alasannya karena Ayah saya sendiri pun tidak mau memakai marga di belakang namanya di setiap identitasnya. Saya juga enggak pernah nanya langsung ke Ayah. Tapi kata Mamak sih Ayah dulu malas pakai marga di belakang namanya karena dulu pas zaman masih muda, banyak stereotip yang menyebarkan bahwa orang Batak suka makan Babi.

Enggak heran sih Ayah sebal karena mengingat juga dia orang yang beragama Islam (karena di dalam Islam diajarkan tidak boleh memakan Babi). Ibu juga menambah alasan lainnya karena biar tidak terlalu dipandang karena dari golongan atau marga tertentu jika bertemu dengan golongan marga yang lain.

Iya, faktanya memang ada beberapa yang masih melihat relasi atau hubungan keterkaitan marga seperti ini. Makanya itu kenapa nama belakang saya tidak pakai marga. Aneh saja jika pada setiap identitas saya menyantumkan marga di belakang nama, padahal Ayah saya tidak memakai marga di belakang namanya.

“Loh dari siapa nama marganya. Orang Ayahnya sendiri enggak pakai nama marga. Jangan-jangan bukan anak kandung lagi.”

Ya, kurang lebih seperti itu kira-kira gambaran kekhawatiran jika anak-anak Ayah saya memakai marga di setiap belakang namanya.

Berhubung Mamak saya orang Jawa, karena wajah saya juga lebih memiliki kemiripan dengan wajah Mamak. Otomatis wajah saya jadi enggak kelihatan seperti orang Batak pada umumnya. Dimana wajahnya kelihatan sekali dengan ciri khas ketegasan dan kerasnya (aduh saya juga bingung kalau menjelaskan detailnya tapi intinya orang Batak punya ciri khas wajahnya yang kelihatan banget gitu).

Eh, tapi kalau diingat-ingat juga Ayah saya enggak kelihatan seperti orang Batak, malah kelihatan seperti orang Jawa. Kata orang wajah dan perawakan saya terlihat lembut tidak seperti wajah kebanyakan orang Batak yang terlihat keras (beneran ini pendapat orang bukan saya yang terlalu percaya diri hehe). Makanya banyak yang mengira saya orang Jawa.

Tak hanya persoalan wajah, pun juga dengan logat cara saya berbicara juga tidak menunjukkan sama sekali bahwa saya orang Batak. Ya, maklum. Namanya juga di rumah sehari-hari kami menggunakan bahasa Indonesia. Tak ada yang menggunakan bahasa Batak. Pun juga dengan keluarga besar.

Kalau berbicara juga selalu menggunakan bahasa Indonesia atau campur dengan bahasa Jawa. Ditambah lagi saya juga berpindah dari kota Medan, dan sejak kelas 3 SD sampai SMA besar di kota Binjai. Yang notabenenya kota para pendatang otomatis selalu menggunakan bahasa Indonesia.

Hmmm, soal bahasa Melayu tadi mungkin karena saya sehabis SMA pindah ke Pekanbaru membantu keluarga Paman saya selama kurang lebih 6 bulan. Makanya saya terkadang masih terbawa sedikit logat khas Melayu Riau sepertinya.

Iya, itulah alasannya kenapa saya malas sekali jika harus menjelaskan latar belakang suku saya. Ada rasa malu tersendiri karena saat mengaku orang Batak tapi tidak bisa bahasa Batak sama sekali. Tapi saya sih tidak menyalahkan diri saya sepenuhnya.

Toh, keluarga saya dan keluarga besar saya juga enggak pernah menggunakan bahasa Batak langsung. Ditambah lagi hidup nomaden berpindah-pindah dari satu kota ke kota lainnya, terpapar dengan budaya dan orang baru tentunya berpengaruh juga pada logat serta cara saya berbicara.

Seperti akhir-akhir ini saya sering sekali dipertemukan dengan teman-teman yang berlatar suku Sunda dan Jawa. Jadinya terkadang tanpa saya sadari, ternyata saya juga ikut terbawa logat mereka haha. Rasanya saya jadi makin mengalami krisis identitas.

Begitulah rasanya ketika stereotip wajah dan logat bisa mengaburkan identitas kita. Apalagi buat anak rantau seperti saya yang sudah beberapa kali hidup nomaden dari satu kota ke kota lainnya. Kadang ada kebingungan tersendiri karena jadi ikut terbawa budaya daerah setempat karena penyesuaian diri. Tapi setelah dipikir-pikir ternyata ini jadi sebuah keunikan yang sepertinya patut juga untuk dibanggakan.

Walaupun saya harus capek menjelaskan bahwa saya orang Batak padahal wajah dan logat saya juga tidak terlihat 'Batak' sama sekali. Ya, mau bagaimana lagi sudah dari sananya juga seperti itu. Setidaknya saya bisa menghapus citra atau stereotip bahwa orang Batak itu keras orangnya haha.

Eh, tapi sebenarnya orang Batak bukan keras-keras orangnya loh. Cara bicaranya terdengar keras karena suara mereka saja yang terdengar lantang. Toh, juga seperti orang kebanyakan, hati orang Batak juga lembut dan baik kok orangnya.",Contemporary Media,Blog Articles,https://www.google.com/url?q=https%3A%2F%2Fmedium.com%2Fkomunitas-blogger-m%2Fkrisis-identitas-di-perantauan-777c11d49f26 ,,yes
mg_104,"Seni, Batas, dan Interpretasi","Sining, Partondian, dohot Panuturion

Sining saonari nunga gabe parbagianan parbagianan ni natorop. Ala nunga tarsar di tonga ni natorop, gabe mulai ma halak linglung jala manungkun: aha do i sining? Ise do i sining? Jala aha do lapatan ni sining?

Nanget do i, alai ndang saluhutna natorop di Indonesia boi manghalasson sining i songon sining na tutu. Natoropta i jotjot do mandok sining i ingkon mangalehon las ni roha jala ingkon mangalehon hata na tigor uju i. Molo so i, lapatanna ndang sining i.

Di bagasan on, sining kontemporer do sining na jotjot didiskusihon. Lam tu julu, sining kontemporer nunga gabe tu rimpunan ni parbinotoan. Mulai ma halak mananda sining kontemporer i ndang sining be, alai holan pangalaho na molo-molo sining.

Boasama songon i? Ala dung ruar sining i tu partingkian, sining i ndang nampuna ni na mambahen sining be, alai nunga nampuna ni natorop. Saluhut jolma maloas manuturhon sining i. Songon dia pe rupana, lurus manang tung so sinangkapan pe. Jala ingkon do sining i jongjong gabe sining i sandiri.

Sining na denggan i, sining na tigor roha. Panuturion na subjektif tu sining i jotjot do mambahen sining i gabe dua horong: na denggan dohot na roa. Alai, ndang saluhutna jolma ingkon marpangunsandean tu hadengganon dohot haroaon ni sining i. Panuturion i ro sandiri, marhite panatapion, parbinotoan, pangalaho ni pangkirimon dohot na asing.

Jotjot do panuturion ni ganup jolma i marasing-asing. Jala boi do muse, panuturion ni halak na asing taringot tu sining i gabe mangondihon halak na asing manghalasson sining i. Hape, ndang adong panuturion na tigor manang na sala. Alani i, panuturion tu sada sining i maloas jala ndang marpartondian.

Alai, molo panuturion tu sining i maloas, adong do partondian ni sining i sandiri?

Taringot tu au, sining i ndang marpartondian. Sining i, saleleng ndang mangarugihon halak na asing, i dope gabe sining. Tarluar sian dia pe rupana, sining i ndang marpartondian na tigor. Holan sada do na gabe partondian na mambahen sining i sandiri. Ala tongtong do adong tubu ni roha na hasusuranna sian na mambahen sining i, na mambahen sining i gabe lam tigor roha jala ndang na pinadiri-diri.

Jotjot do sining kontemporer i didok holan pangulikan ni sining jala ndang sining na ias. Tigor do jolma mandok songon i. Jala tiogr do muse jolma mandok na asing. Alai tung tigor situtu do, sining i mambahen parhorong-horongon ni na manghalasson i sandiri. Jala i do pangalaho hatiuron ni sining i sandiri.

Sining i pe manggogo dinamika ni na mambahen sining. Godang do parbinotoan ngolu, transisi, dinamika, gejolak, na gabe mambahen sining i lam tigor roha jala lam marasing-asing.

Songon si Van Gogh, adong do sining na hasusuranna sandiri na didok ekspresionisme. Ditoru panginongosanna na ganjang taringot tu manggambar dohot marsahit tondi. Jala i do na marsigonggoman. Tarluar sian sahit tondi na dihilala si Van Gogh, di ujungna ekspresionisme i do gaya na hasusuranna sian ibana.

Jotjot do, hata na binahen ni na mambahen sining i, marlapatan na asing dung gabe sipanganon ni natorop. Jala wajar do i, alai mulak muse tu na mambahen sining i. Ugasan songon seniman nunga taruli i ma mambahen sining.

Songon panutup, di bagasan horong ni panuturion, ndang adong sining na denggan dohot na roa. Sining na denggan i sining na tigor roha. Saluhut jolma bebas manuturhon sada sining, ndang adong partondian na mangurungi panuturion ni sada sining. Malah, panuturion ni sining i nampuna ni ganup jolma na manghalasson sining i.

Sining di bagasan partikkian ni sining, ndang adong partondian. Hal na gabe partondian i na mambahen sining i sandiri. Jotjot do adong gorga na hasusuran sian seniman na mambahen siningna gabe khas. Jala molo nunga ruar sining i tu natorop, sining i ndang nampuna ni na mambahen sining i be, alai nunga gabe nampuna ni saluhut jolma.

Dungi ma.","Seni, Batas, dan Interpretasi

Karya seni kini menjadi bagian dari konsumsi publik. Karena merebak di masyarakat umum, akhirnya orang-orang mulai kebingungan dan mempertanyakan, apakah itu seni? apakah ini seni? dan apa definisi seni?

Hal ini menarik, masyarakat Indonesia tidak seluruhnya bisa menikmati seni sebagai sebuah seni. Masyarakat kita sering menilai bahwa seni harus menghibur dan harus memberikan sebuah pesan saat itu juga — lugas. Kalau tidak, berarti itu bukan seni.

Dalam hal ini, seni kontemporer adalah seni yang paling sering dibicarakan. Semakin ke sini, seni kontemporer menuju pada sebuah sisi komersialisasi. Orang-orang mulai menyadari bahwa seni kontemporer itu bukanlah seni. Melainkan sebuah aktivitas yang sok seni.

Hal tersebut sah-sah saja. Karena ketika seni muncul di permukaan, sebuah seni tak lagi dimiliki oleh pembuat seni, melainkan sudah dimiliki oleh masyarakat umum. Semua orang bebas menginterpretasikan sebuah seni tersebut. Apapun bentuknya, baik linear atau di luar dugaan sekalipun. Dan sudah sepantasnya seni berdiri sebagai seni itu sendiri.

Sebuah seni yang baik adalah seni yang jujur. Penilaian subjektif sebuah seni seringkali menjadikan seni dikotomi baik dan buruk. Padahal, semua orang tak harus berpatok pada kebaikan dan keburukan seni tersebut. Interpretasi itu datang dengan sendirinya, melalui pengamatan, pengalaman, kebiasaan berpikir dan lain sebagainya.

Terkadang, interpretasi setiap orang itu berbeda-beda. Dan tak menutup kemungkinan pula, terkadang interpretasi orang lain terhadap seni juga membatasi penikmat seni yang lainnya. Padahal, tidak ada interpretasi yang benar dan salah. Oleh sebab itu, penafsiran terhadap suatu karya seni itu bebas dan tidak memiliki batas.

Akan tetapi, kalau interpretasi terhadap seni itu bebas, apakah seni sendiri memiliki batas?

Menurut saya, seni tidak memiliki batas. Seni, selagi tidak merugikan orang lain, maka masih dianggap seni. Terlepas dari apapun bentuknya, seni tidak memiliki batas yang jelas. Satu-satunya hal yang membatasi adalah pembuat seni itu sendiri. Karena selalu ada kesan khas pembuat seni, yang membuat seni itu terasa lebih jujur dan tidak dibuat-buat.

Seringkali, seni kontemporer dinilai sebagai sebuah gimmick seni dan bukan seni murni. Orang wajar menilai hal tersebut. Dan orang juga wajar menilai hal lainnya. Karena sangat wajar, seni membuat segmentasi penikmatnya sendiri. Dan hal tersebut adalah sifat kemurnian dari seni itu sendiri.

Seni juga menuntut dinamika pembuat seni. Akan ada banyak pengalaman hidup, transisi, dinamika, gejolak, yang ke depannya akan membuat seni tersebut menjadi lebih jujur dan lebih unik.

Misalnya Van Gogh, ia memiliki sebuah seni khasnya sendiri bernama ekspresionisme. Ia memiliki perjalanan panjang dalam hal melukis dan sakit jiwa. Dan hal tersebut saling berkelindan satu sama lain. Terlepas dari penyakit jiwa yang dialami Van Gogh, pada akhirnya ekspresionisme adalah gaya yang khas dari miliknya.

Terkadang, pesan yang dibuat oleh pembuat seni, memiliki arti lain ketika sudah menjadi konsumsi publik. Dan hal tersebut sah-sah saja, akan tetapi kembali ke pembuat seni tersebut. Tanggung jawabnya sebagai seniman sudah terlaksanakan, yaitu membuat seni.

Sebagai penutup, dalam lingkup penilaian, tak ada seni yang bagus dan buruk. Seni yang baik adalah seni yang jujur. Semua orang bebas menginterpretasikan sebuah seni, tak ada batasan yang mengurung sebuah penginterpretasian sebuah seni. Justru, interpretasi seni adalah milik individu yang menikmati seni tersebut.

Seni dalam lingkup karya seni, sama sekali tak memiliki batas. Hal yang membatasi adalah pembuat seni itu sendiri. Terkadang ada sebuah corak khusus dari seniman yang membuat seninya terasa khas. Dan ketika karya seni mencuat ke publik, karya seni tak lagi milik pembuat seni, melainkan menjadi milik semua orang.

Sekian.",Contemporary Media,Blog Articles,https://www.google.com/url?q=https%3A%2F%2Fmedium.com%2Fkomunitas-blogger-m%2Fseni-batas-dan-interpretasi-20c450f9e512 ,,yes
