pair_id,doc_id,genre,sub_genre,method,alignment_type,toba_final,indo_final,source,original_pair_id,original_row_number,original_alignment_type,segment_index,alignment_status,revision_type,unit_type,boundary_confidence,translation_validation,review_priority,review_note,toba_char_start,toba_char_end,indo_char_start,indo_char_end
doc_0000_s000,doc_0000,Historical/ Traditional,Folktales,labse,1-1,"Adong ma najolo sada halak, na morgoar Mortua Rajadoli,sada do anakna.",Zaman dahulu hiduplah seorang bernama Raja Martua Doli yang memiliki seorang anak.,clean_auto,doc_0000_s000,2,1-1,1,candidate_1_1,unchanged,undetermined,not_assessed,pending_human,routine,,0,70,0,82
doc_0000_s001,doc_0000,Historical/ Traditional,Folktales,labse,unresolved,"Dung magodang anakna i, disuru ma ibanamangoli, alai ndang olo.","Setelah anaknya dewasa, maka disuruhlah menikah tetapi anaknya tidak mau.",clean_auto,doc_0000_s001,3,1-1,1,needs_review,flag_only,undetermined,undetermined,pending_human,high,Periksa kemungkinan kata melekat ibanamangoli pada dokumen asal. Tidak dinormalisasi otomatis.,0,63,0,73
doc_0000_s002,doc_0000,Historical/ Traditional,Folktales,labse,unresolved,"Alai dung sai didasdas anakna i, so olo, didok amana i ma sipaingotna songon on: ""Ale amang! Ndang hatingkian pambahen ni Debata, atik andor najolo-jolo tos, manang punggur na jolo-jolo madabu; molo tung disuda ni hosangkon nama ho asa mangoli, sai ingot damang ma hatangkon: So tung mangoli damang tu boru ni nambura maduma, manang tu boru ni nambura mamora; ai ia ro halak na pogos morsali tu halak na songon i, molo salpu sadari padan panggarar ni porutang i di utangna; manigor so tartaon do pangkuling ni i.","Karena sudah didesak tetap tidak mau juga, maka ayahnya menasehatinya, katanya ""Anakku, kita tidak mengetahui rencana Tuhan, entah rumput yang merambat lebih dulu mati, atau batang pohon yang sudah lapuk lebih dulu patah, kalaupun setelah aku meninggal engkau menikah, ingatlah nasihat ku ini, janganlah anakku menikahi putri orang yang baru sejahterah atau putri orang yang baru kaya, karena jika datang seorang yang miskin meminjam kepada orang seperti itu, apabila dia telat membayar sehari saja kata-katanya sangat menyakitkan.",clean_auto,doc_0000_s002,4,1-1,1,needs_review,flag_only,undetermined,undetermined,pending_human,high,Kutipan panjang dengan batas seruan dan klausa yang tidak sejajar. Perlu keputusan segmentasi dialog.,0,512,0,531
doc_0000_s003,doc_0000,Historical/ Traditional,Folktales,labse,1-1,"Na pisdo mata ni i di na pogos, jala na lea do rohana dina dangol.","Matanya memandang rendah orang miskin, dan hatinya hina kepada orang sengsara.",clean_auto,doc_0000_s003,5,1-1,1,candidate_1_1,unchanged,undetermined,not_assessed,pending_human,routine,,0,66,0,78
doc_0000_s004,doc_0000,Historical/ Traditional,Folktales,labse,1-1,"Ai songon i do pangalaho ni jolma, naung sian gambo i gabe tardarat, muba do talmis ni porhata-hatana.","Begitulah sifat orang yang dari lumpur menginjak daratan, tutur katanya akan berbeda.",clean_auto,doc_0000_s004,6,1-1,1,candidate_1_1,unchanged,undetermined,not_assessed,pending_human,routine,,0,102,0,85
doc_0000_s005,doc_0000,Historical/ Traditional,Folktales,labse,1-1,"Asa molo tung mangoli damang sogot, oli boru ni raja naung leleng manang pinompar ni na mora hian.","Kalaupun engkau menikah dikemudian hari, nikahilah keturunan orang yang sudah lama atau dahulu keturunan orang kaya.",clean_auto,doc_0000_s005,7,1-1,1,candidate_1_1,unchanged,undetermined,not_assessed,pending_human,routine,,0,98,0,116
doc_0000_s006_a,doc_0000,Historical/ Traditional,Folktales,labse,1-1,Ai tung sura pe pogos pomiahapan di nasida sai na tureture do i morpangalaho dohot morpangkuling.,Sekalipun dia miskin tetapi perilaku dan tutur katanya selalu baik.,review_fix_split,doc_0000_s006_a,1385,1-3,1,structural_1_1_reviewed,legacy_label_corrected,sentence_candidate,medium,pending_human,routine,Teks tersimpan sudah berupa satu unit pada tiap sisi. Label lama dipertahankan pada original_alignment_type. Makna belum divalidasi anotator.,0,97,0,67
doc_0000_s006_b,doc_0000,Historical/ Traditional,Folktales,labse,1-1,"Butong pe i, sopola panihalnihalon, male pe i, so pola mortutungkian.",Saat dia kenyang tidak akan melonjak-lonjak dan saat dia kelaparan tidak akan termenung.,review_fix_split,doc_0000_s006_b,1386,1-3,1,structural_1_1_reviewed,legacy_label_corrected,sentence_candidate,medium,pending_human,routine,Teks tersimpan sudah berupa satu unit pada tiap sisi. Label lama dipertahankan pada original_alignment_type. Makna belum divalidasi anotator.,0,69,0,88
doc_0000_s006_c,doc_0000,Historical/ Traditional,Folktales,labse,1-1,Ala naung dipeami hian dirina diharaparon manang dihabosuron.”,"Karena sudah dipersiapkan dirinya di masa lapar maupun di masa kenyang.""",review_fix_split,doc_0000_s006_c,1387,1-3,1,structural_1_1_reviewed,legacy_label_corrected,sentence_candidate,medium,pending_human,routine,Teks tersimpan sudah berupa satu unit pada tiap sisi. Label lama dipertahankan pada original_alignment_type. Makna belum divalidasi anotator.,0,62,0,72
doc_0000_s007,doc_0000,Historical/ Traditional,Folktales,labse,1-1,"Ndang pola sadia leleng nari mate ma Mortua Rajadoli, jadi disuru inana ma anakna i mangoli.","Tidak berapa lama waktu berselang matilah Martua Raja Doli, lalu ibunya menyuruh anaknya menikah.",clean_auto,doc_0000_s007,8,1-1,1,candidate_1_1,unchanged,undetermined,not_assessed,pending_human,routine,,0,92,0,97
doc_0000_s008,doc_0000,Historical/ Traditional,Folktales,labse,1-1,"Diunjuni roha ni anah i ma hata sipaingot ni amana najolo, asa tangkas diboto sintongna.",Anaknya bermaksud menguji nasihat sang ayah untuk mengetahui kebenarannya.,clean_auto,doc_0000_s008,9,1-1,1,candidate_1_1,unchanged,undetermined,not_assessed,pending_human,routine,,0,88,0,74
doc_0000_s009,doc_0000,Historical/ Traditional,Folktales,labse,1-1,"Ditipot ma boru ni nam bura mamora; dung saut di ibana boru i, dihapadothon ma mulaulaon.","Dilamarlah putri seorang yang baru kaya, setelah menikah rajinlah dia bekerja.",clean_auto,doc_0000_s009,10,1-1,1,candidate_1_1,unchanged,undetermined,not_assessed,pending_human,routine,,0,89,0,78
doc_0000_s010,doc_0000,Historical/ Traditional,Folktales,labse,1-1,"Alai di na sadari laho ma hela i mordengke mangihuthon angka donganna, isi ni luat i, dirimpu rohana, lomo roha ni simatuana di na niulana i.","Pada suatu hari pergilah anak Martua Raja Doli mencari ikan bersama dengan orang-orang di kampungnya, sebab dia pikir mertuanya akan senang melihat pekerjaannya.",clean_auto,doc_0000_s010,11,1-1,1,candidate_1_1,unchanged,undetermined,not_assessed,pending_human,routine,,0,141,0,161
doc_0000_s011,doc_0000,Historical/ Traditional,Folktales,labse,1-1,"Dung bot ari, ro ma ibana sian pordengkean i mamboan godang dengke, jadi dilehon ma tu simatuana.","Setelah sore hari, pulanglah dia dari tempat mencari ikan dengan membawa banyak ikan, dan memberikan kepada mertuanya.",clean_auto,doc_0000_s011,12,1-1,1,candidate_1_1,unchanged,undetermined,not_assessed,pending_human,routine,,0,97,0,118
doc_0000_s012,doc_0000,Historical/ Traditional,Folktales,labse,unresolved,"Muruk situtu ma simatuana i manjalo dengke i, songon on ma didok, ""Ilangki, ale amang, dibahen hamu na sai godang siulaon di huta on, so dung hurangan ingkau hamu di bagas on, tung gabe dipaurak hamu hami morhite sian porulaan muna on!""","Mertuanya sangat marah menerima ikan tersebut, dan berkata ""Kamu membuat aku sangat malu menantuku!",clean_auto,doc_0000_s012,13,1-1,1,needs_review,flag_only,undetermined,undetermined,pending_human,high,Sebagian besar uraian dalam kutipan Toba tidak terdapat pada segmen Indonesia.,0,236,0,99
doc_0000_s013,doc_0000,Historical/ Traditional,Folktales,labse,unresolved,"Jadi didok helana i ma, ""Manangko do iba, da inang, maila, matua adat ni sipanganon do buaton!","Lalu menantunya menjawab ""Mencurilah kita malu ibu, makanan seharusnya di ambil, kalau sesekali tidak mengapa, asalkan tidak setiap hari.",review_fix,doc_0000_s013,1332,1-1,1,needs_review,flag_only,undetermined,undetermined,pending_human,high,Sisi Indonesia memuat isi yang tampaknya berasal dari s014. Periksa s013-s015 bersama.,0,94,0,137
doc_0000_s014,doc_0000,Historical/ Traditional,Folktales,labse,unresolved,"Anggo moruju-uju jadi do, unang tung i do pinaulau ganup ari.",Sekalipun itu rutin dilakukan bukan hal yang memalukan.,clean_auto,doc_0000_s014,14,1-1,1,needs_review,flag_only,undetermined,undetermined,pending_human,high,Pasangan tampak bergeser. Isi Toba tentang sesekali dan setiap hari tampak pada Indonesia s013.,0,61,0,55
doc_0000_s015,doc_0000,Historical/ Traditional,Folktales,labse,unresolved,"Gari i ondop niula, nda-tung pola haurahan i; ai ndada adong jolma i, na morlobi-lobi sai na hu rangan do; ai na tabo do, ale inang, na binuat ni tangan"" .","Sebab tidak ada orang yang kelebihan semuanya selalu kekurangan dan yang didapat dengan tangan sendiri terasa lebih nikmat.""",clean_auto,doc_0000_s015,15,1-1,1,needs_review,flag_only,undetermined,undetermined,pending_human,high,Periksa bersama s013-s014 karena pergeseran batas terjemahan. Jangan menghapus isi sebelum dibandingkan dengan sumber.,0,155,0,124
doc_0000_s016,doc_0000,Historical/ Traditional,Folktales,labse,unresolved,"""Olo da amang, morrupa do ulaon ni hela ni na mora; di huta ma hamu so, molo so ringkot rohamu mulau laon !"" ninna simatuana i.","""Benar nak, tetapi pekerjaan menantu orang kaya itu terhormat. Kalau kamu tidak berniat bekerja, di rumah sajalah kamu berdiam."" Kata mertuanya.",review_ok,doc_0000_s016,1360,1-2,1,needs_review,flag_only,undetermined,undetermined,pending_human,high,Satu rangkaian dialog Toba berpadanan dengan beberapa kalimat Indonesia. Pemaksaan pemecahan memerlukan perubahan tanda baca atau tata kalimat.,0,127,0,144
doc_0000_s017,doc_0000,Historical/ Traditional,Folktales,labse,1-1,"Jadi sai so ma hela i di huta, ndang olo be ibada mulaulaon songon nasailaon.",Jadi tenang-tenang sajalah menantunya itu di rumah tidak mau bekerja seperti sebelumnya.,clean_auto,doc_0000_s017,16,1-1,1,candidate_1_1,unchanged,undetermined,not_assessed,pending_human,routine,,0,77,0,88
doc_0000_s018,doc_0000,Historical/ Traditional,Folktales,labse,1-1,"Alai di-bagasan na gumaleam-galeam i hela i di huta, dipangido rohana ma, ibana naeng mordalani, jala laos diida ma sangkot bodil di rompean i.","Karena rasa bosan dirumah dia ingin berjalan-jalan, lalu dia melihat ada senapan di bubungan rumah.",clean_auto,doc_0000_s018,17,1-1,1,candidate_1_1,unchanged,undetermined,not_assessed,pending_human,routine,,0,143,0,99
doc_0000_s019,doc_0000,Historical/ Traditional,Folktales,labse,1-1,Ala ni i ditahi rohana ma laho mangiran tu harangan.,Sebab itu ia bermaksud pergi berburu ke hutan.,clean_auto,doc_0000_s019,18,1-1,1,candidate_1_1,unchanged,undetermined,not_assessed,pending_human,routine,,0,52,0,46
doc_0000_s020,doc_0000,Historical/ Traditional,Folktales,labse,1-1,"Morsogot ni ari i laho ma ibana mangiran, jadi dapotsa ma sada · aili; las ma roha ni simatuana i manjalo na binoan ni helana i.","Keesokan harinya pergilah ia berburu dan mendapat seekor babi hutan, si mertua merasa senang menerima hasil buruan menantunya.",clean_auto,doc_0000_s020,19,1-1,1,candidate_1_1,unchanged,undetermined,not_assessed,pending_human,routine,,0,128,0,126
doc_0000_s021,doc_0000,Historical/ Traditional,Folktales,labse,1-1,"Saleleng diula ibana pangiranon i, ganup laho muli ibana, sai adong do diboan.",Setiap pergi berburu ia selalu membawa pulang hasil buruan.,clean_auto,doc_0000_s021,20,1-1,1,candidate_1_1,unchanged,undetermined,not_assessed,pending_human,routine,,0,78,0,59
doc_0000_s022_a,doc_0000,Historical/ Traditional,Folktales,labse,1-1,Dung i di na sadari diunjuni helana i ma simatuana i songon on.,Setelah itu pada suatu hari diujilah mertuanya oleh menantunya itu seperti ini.,review_fix_split,doc_0000_s022_a,1426,2-1,1,structural_1_1_reviewed,legacy_label_corrected,sentence_candidate,medium,pending_human,routine,Teks tersimpan sudah berupa satu unit pada tiap sisi. Label lama dipertahankan pada original_alignment_type. Makna belum divalidasi anotator.,0,63,0,79
doc_0000_s022_b,doc_0000,Historical/ Traditional,Folktales,labse,1-1,"Dipangido hela i ma tu simatuana, ingkon dohot tungganena i mangiran ursa na bolon na sahali i, asa dapot.","Memintalah menantu itu kepada mertuanya, agar ikut iparnya itu memburu rusa yang besar sekali itu, agar dapat.",review_fix_split,doc_0000_s022_b,1427,2-1,1,structural_1_1_reviewed,legacy_label_corrected,sentence_candidate,medium,pending_human,routine,Teks tersimpan sudah berupa satu unit pada tiap sisi. Label lama dipertahankan pada original_alignment_type. Makna belum divalidasi anotator.,0,106,0,110
doc_0000_s023,doc_0000,Historical/ Traditional,Folktales,labse,1-1,"Jadi dioloi simatuana i ma pangidoan ni helana i, alai di na laho borhat nasida, na mangiran i, didok simatuana i ma sipaingotna ""Maol bahen hamu laemi, manat-manat hamu mamodil!"".","Mertuanya mengijinkan, namun sebelum berangkat berburu mertuanya berpesan kepada menantunya ""Perhatikan laemu ya, hati-hati menembak!"".",clean_auto,doc_0000_s023,21,1-1,1,candidate_1_1,unchanged,undetermined,not_assessed,pending_human,medium,"Rasio panjang >=2 dengan sisi terpanjang >=10 unit spasi. Ini indikator pemeriksaan, bukan bukti salah terjemahan.",0,180,0,135
doc_0000_s024,doc_0000,Historical/ Traditional,Folktales,labse,1-1,"""Olo,"" ninna hela i, jadi borhat ma nasida.","Simenantu mengiyakan pesan mertuanya, lalu pergilah mereka berburu.",clean_auto,doc_0000_s024,22,1-1,1,candidate_1_1,unchanged,undetermined,not_assessed,pending_human,routine,,0,43,0,67
doc_0000_s025,doc_0000,Historical/ Traditional,Folktales,labse,unresolved,"Dung sahat nasida ro di inganan ni ursa i, dipajuju baoa i ma biangna Sigompulmorunungunung mangkehe ursa i.","Setelah mereka sampai ditempat perburuan rusa itu, diperintahnyalah anjingnya Sigompulmarunung-unung menghalau rusa itu lalu dia menembak rusa itu hingga mati.",clean_auto,doc_0000_s025,23,1-1,1,needs_review,flag_only,undetermined,undetermined,pending_human,high,Indonesia sudah memuat penembakan rusa yang pada Toba berada di s026_a. Periksa tumpang tindih informasi.,0,108,0,159
doc_0000_s026_a,doc_0000,Historical/ Traditional,Folktales,labse,1-1,"Dung hehe ursa i, dibodil ma, laos mate.","Setelah rusa itu bangun, ditembaklah, lantas mati.",review_fix_split,doc_0000_s026_a,1477,3-1,1,structural_1_1_reviewed,legacy_label_corrected,sentence_candidate,medium,pending_human,routine,Teks tersimpan sudah berupa satu unit pada tiap sisi. Label lama dipertahankan pada original_alignment_type. Makna belum divalidasi anotator.,0,40,0,50
doc_0000_s026_b,doc_0000,Historical/ Traditional,Folktales,labse,1-1,"Dungkon ni, dung peak ursa na binodilna i, morsurak ma tungganena i sian las ni rohana.","Setelah itu, setelah tergeletak rusa yang ditembaknya itu, bersoraklah iparnya itu karena senangnya.",review_fix_split,doc_0000_s026_b,1478,3-1,1,structural_1_1_reviewed,legacy_label_corrected,sentence_candidate,medium,pending_human,routine,Teks tersimpan sudah berupa satu unit pada tiap sisi. Label lama dipertahankan pada original_alignment_type. Makna belum divalidasi anotator.,0,87,0,100
doc_0000_s026_c,doc_0000,Historical/ Traditional,Folktales,labse,1-1,"Jadi didapothon nasida ma hatinggangan ni ursa i, dilapa nian.","Jadi didatangilah oleh mereka tempat jatuhnya rusa itu, untuk dipotong/dibelahi rupanya.",review_fix_split,doc_0000_s026_c,1479,3-1,1,structural_1_1_reviewed,legacy_label_corrected,sentence_candidate,medium,pending_human,routine,Teks tersimpan sudah berupa satu unit pada tiap sisi. Label lama dipertahankan pada original_alignment_type. Makna belum divalidasi anotator.,0,62,0,88
doc_0000_s027,doc_0000,Historical/ Traditional,Folktales,labse,1-1,"Dung sahat nasida ro di hamatean ni ursa i, ditallihi hela i ma anak raras, paulihon sada pansa-pansa inganan ni tungganena i, tipak dipauli morsopo.","Setelah mereka mendapati rusa itu, lalu ia memotong kayu mendirikan pondok tepat didepan rusa tersebut untuk tempat istirahat adik iparnya.",clean_auto,doc_0000_s027,24,1-1,1,candidate_1_1,unchanged,undetermined,not_assessed,pending_human,routine,,0,149,0,139
doc_0000_s028,doc_0000,Historical/ Traditional,Folktales,labse,1-1,"Jadi dung sun dipauli pansa i, ro ma hatana tulaena i songon on, ""Ale lae, peak do nuaeng dijolonta ursa na tabodil i; alai beha ma nuaeng roham?","Setelah selesai mendirikan pondok, berkatalah ia kepada adik iparnya, ""Lae, sekarang rusa ini tergeletak didepan kita, bagaimana menurutmu?",clean_auto,doc_0000_s028,25,1-1,1,candidate_1_1,unchanged,undetermined,not_assessed,pending_human,routine,,0,145,0,139
doc_0000_s029_a,doc_0000,Historical/ Traditional,Folktales,labse,1-1,"Talapa annon ursa on, so manang na tarboan hita sude tu huta.","Kalau kita belah nanti, tidak semua bisa kita bawa pulang.",review_fix_split,doc_0000_s029_a,1379,1-2,1,structural_1_1_reviewed,legacy_label_corrected,sentence_candidate,medium,pending_human,routine,Teks tersimpan sudah berupa satu unit pada tiap sisi. Label lama dipertahankan pada original_alignment_type. Makna belum divalidasi anotator.,0,61,0,58
doc_0000_s029_b,doc_0000,Historical/ Traditional,Folktales,labse,1-1,"Husuru hamu annon to huta mangalapi amang, asa adong donganta mamboan, atik mabiar lae di dalan.","Jika aku minta kamu pulang memanggil bapak supaya ada teman kita membawa, siapa tahu lae takut dijalan.",review_fix_split,doc_0000_s029_b,1380,1-2,1,structural_1_1_reviewed,legacy_label_corrected,sentence_candidate,medium,pending_human,routine,Teks tersimpan sudah berupa satu unit pada tiap sisi. Label lama dipertahankan pada original_alignment_type. Makna belum divalidasi anotator.,0,96,0,103
doc_0000_s030,doc_0000,Historical/ Traditional,Folktales,labse,1-1,"Dumenggan ma anggo di rohangku dipansa on hamu modom-modom mangingani ursa on, asa laho ahu tu huta mangalapi"".","Menurutku, lebih baik lae beristirahat saja di pondok sambil menjaga rusa ini biar aku yang pulang menjemput bapak"".",clean_auto,doc_0000_s030,26,1-1,1,candidate_1_1,unchanged,undetermined,not_assessed,pending_human,routine,,0,111,0,116
doc_0000_s031,doc_0000,Historical/ Traditional,Folktales,labse,unresolved,"""Denggan"" ninna tungganena i, ""alai hatop ma hamu ro sian i!"" Dung i laho ma hela i tu huta, ditandingkon ma tungganena i di pansa na pinaulina i.","""Baiklah, tetapi segeralah kalian datang."" Kata adik iparnya.",clean_auto,doc_0000_s031,27,1-1,1,needs_review,flag_only,undetermined,undetermined,pending_human,high,Bagian akhir Toba tentang pulang dan meninggalkan ipar berpadanan dengan Indonesia s032.,0,146,0,61
doc_0000_s032,doc_0000,Historical/ Traditional,Folktales,labse,unresolved,"Hape dung ro di harbangan i hela i mangangguk badar ma ibana songon on, ""I-jale inang! Sapot ni nipingkon!",Kemudian pergilah menantu itu pulang meninggalkan adik iparnya di pondok yang baru mereka buat.,clean_auto,doc_0000_s032,28,1-1,1,needs_review,flag_only,undetermined,undetermined,pending_human,high,Indonesia berpadanan dengan bagian akhir Toba s031. Toba s032 belum memiliki padanan jelas dalam baris ini.,0,106,0,95
doc_0000_s033,doc_0000,Historical/ Traditional,Folktales,labse,1-1,"Mate laengku bubodil burimpu ursa!""","Mati iparku kutembak, kukira rusa!",review_fix,doc_0000_s033,1330,1-1,1,candidate_1_1,unchanged,undetermined,not_assessed,pending_human,routine,,0,35,0,34
doc_0000_s034,doc_0000,Historical/ Traditional,Folktales,labse,unresolved,"Sai songon i ma ibana mangangguhi sahat ro di huta, jala sai dipangompas-ompasbon do dagingna i.","Lae ku mati kutembak kukira rusa!"" Begitulah dia menangis hingga sampai kerumah.",clean_auto,doc_0000_s034,29,1-1,1,needs_review,flag_only,undetermined,undetermined,pending_human,high,Indonesia mengulang isi s033 sebelum narasi tangisan. Periksa tambahan dan kemungkinan informasi gerak tubuh yang hilang.,0,96,0,80
doc_0000_s035,doc_0000,Historical/ Traditional,Folktales,labse,1-1,"Alai dung dibege simatuana, naung mate anakna i, muruk ma ibana songon on, ""Maup sadari on ma ho, ale anak ni asu, sian huta on, tagonan do anakku na sasada i sian ho!""","Begitu didengar mertuanya anaknya telah mati, marahlah mertuanya, ""Enyahlah kau sekarang dari kampung ini hai anak anjing, lebih berharga bagiku anakku satu-satunya itu dibandingkn dirimu!"".",clean_auto,doc_0000_s035,30,1-1,1,candidate_1_1,unchanged,undetermined,not_assessed,pending_human,routine,,0,168,0,190
doc_0000_s036,doc_0000,Historical/ Traditional,Folktales,labse,unresolved,Didapotbon nambura mamora i ma helana i laho mamunu nian; alai ma porus ma anggo hela i tu hamatean ni ursa i; tusi pe sai tong do diponsa.,Lalu mertuanya yang baru kaya itu mendatangi dia dan hendak membunuhnya.,clean_auto,doc_0000_s036,31,1-1,1,needs_review,flag_only,undetermined,undetermined,pending_human,high,Bagian akhir Toba tampaknya berpadanan dengan Indonesia s037.,0,139,0,72
doc_0000_s037,doc_0000,Historical/ Traditional,Folktales,labse,unresolved,"Dirapus na mangarapus pe nambura mamora i, ndang tarrapussa.","Tetapi berlarilah menantunya ketempat rusa itu mati, kesanapun mertuanya mengejarnya.",clean_auto,doc_0000_s037,32,1-1,1,needs_review,flag_only,undetermined,undetermined,pending_human,high,Indonesia tampak berpadanan dengan bagian akhir Toba s036. Isi Toba s037 perlu dicarikan padanannya.,0,60,0,85
doc_0000_s038,doc_0000,Historical/ Traditional,Folktales,labse,1-1,"Alai dung lam donok na nilele dohot pangalele tu hamatean ni ursa i, ala ni gaor ni jolma i joujou ma - na di pansa i, ninna ma, ""Angguk beha do i. ale!","Semakin dekatlah pengejar dan yang dikejar ke tempat rusa mati itu, karena suara ribut bertanyalah orang yang berada di pondok itu dengan suara keras, ""Suara tangisan apakah itu?",clean_auto,doc_0000_s038,33,1-1,1,candidate_1_1,unchanged,undetermined,not_assessed,pending_human,routine,,0,152,0,178
doc_0000_s039,doc_0000,Historical/ Traditional,Folktales,labse,1-1,"Ise do hamu na gaori?""","Siapakah kalian yang ribut disana?""",clean_auto,doc_0000_s039,34,1-1,1,candidate_1_1,unchanged,undetermined,not_assessed,pending_human,routine,,0,22,0,35
doc_0000_s040,doc_0000,Historical/ Traditional,Folktales,labse,1-1,"Umbege joujouna na torop i, sip ma nasida manangi.","Mendengar suara yang bertanya itu, diamlah orang banyak tersebut mendengarkan.",clean_auto,doc_0000_s040,35,1-1,1,candidate_1_1,unchanged,undetermined,not_assessed,pending_human,routine,,0,50,0,78
doc_0000_s041_a,doc_0000,Historical/ Traditional,Folktales,labse,1-1,Jadi ditanda na ro i ma soara i.,Jadi dikenallah oleh yang datang itu suara tersebut.,review_fix_split,doc_0000_s041_a,1415,2-1,1,structural_1_1_reviewed,legacy_label_corrected,sentence_candidate,medium,pending_human,routine,Teks tersimpan sudah berupa satu unit pada tiap sisi. Label lama dipertahankan pada original_alignment_type. Makna belum divalidasi anotator.,0,32,0,52
doc_0000_s041_b,doc_0000,Historical/ Traditional,Folktales,labse,1-1,“Rupa soara ni Si anu do i?,"“Sepertinya suara si anu itu?""",review_fix_split,doc_0000_s041_b,1416,2-1,1,structural_1_1_reviewed,legacy_label_corrected,sentence_candidate,medium,pending_human,routine,Teks tersimpan sudah berupa satu unit pada tiap sisi. Label lama dipertahankan pada original_alignment_type. Makna belum divalidasi anotator.,0,27,0,30
doc_0000_s042,doc_0000,Historical/ Traditional,Folktales,labse,unresolved,"Na disi do hulaning ibana?"" angka ninna be.","""Mirip dengan suara si anu, apakah dia disitu?"" Kata mereka.",clean_auto,doc_0000_s042,36,1-1,1,needs_review,flag_only,undetermined,undetermined,pending_human,high,Indonesia mengulang pertanyaan dari s041_b sebelum pertanyaan s042. Periksa batas dialog.,0,43,0,60
doc_0000_s043,doc_0000,Historical/ Traditional,Folktales,labse,1-1,Jadi dipahatop nasida ma mandapothon na manjoujou i.,Lalu mereka mempercepat langkah menuju suara yang memanggil tersebut.,clean_auto,doc_0000_s043,37,1-1,1,candidate_1_1,unchanged,undetermined,not_assessed,pending_human,routine,,0,52,0,69
doc_0000_s044,doc_0000,Historical/ Traditional,Folktales,labse,1-1,"Dung sahat angka na torop i ro di hamatean ni ursa i, gabe diida nasida ma anak na i paadop-adop ursa na bolon i.","Setelah orang banyak sampai ketempat matinya rusa itu, terkejutlah mereka melihat bahwa anak tersebut duduk berhadap-hadapan dengan rusa itu.",clean_auto,doc_0000_s044,38,1-1,1,candidate_1_1,unchanged,undetermined,not_assessed,pending_human,routine,,0,113,0,141
doc_0000_s045_a,doc_0000,Historical/ Traditional,Folktales,labse,1-1,Jadi totong be ma rohanasida mida pangunjuni ni hela i di simatuana i.,Jadi terdiamlah hati mereka melihat pengujian dari menantu itu kepada mertuanya.,review_fix_split,doc_0000_s045_a,1470,3-1,1,structural_1_1_reviewed,legacy_label_corrected,sentence_candidate,medium,pending_human,routine,Teks tersimpan sudah berupa satu unit pada tiap sisi. Label lama dipertahankan pada original_alignment_type. Makna belum divalidasi anotator.,0,70,0,80
doc_0000_s045_b,doc_0000,Historical/ Traditional,Folktales,labse,1-1,Alai dung diantusi simatuana i roha ni helana i.,Tetapi setelah mertuanya mengerti maksud hati menantunya itu.,review_fix_split,doc_0000_s045_b,1471,3-1,1,structural_1_1_reviewed,legacy_label_corrected,fragment_or_heading,medium,pending_human,medium,"Teks tersimpan sudah berupa satu unit pada tiap sisi. Label lama dipertahankan pada original_alignment_type. Makna belum divalidasi anotator. | Judul, fragmen, atau pengantar ujaran. Satu pasangan tidak otomatis satu kalimat lengkap.",0,48,0,61
doc_0000_s045_c,doc_0000,Historical/ Traditional,Folktales,labse,1-1,Diampuni simatuana i ma salpu ni pangkulingna tu helana i.,Dimaafkanlah oleh mertuanya atas kesalahan ucapannya kepada menantunya itu.,review_fix_split,doc_0000_s045_c,1472,3-1,1,structural_1_1_reviewed,legacy_label_corrected,sentence_candidate,medium,pending_human,routine,Teks tersimpan sudah berupa satu unit pada tiap sisi. Label lama dipertahankan pada original_alignment_type. Makna belum divalidasi anotator.,0,58,0,75
doc_0000_s046,doc_0000,Historical/ Traditional,Folktales,labse,unresolved,Alai didok hela i ma.,"Namun, menantu laki-laki itu pun berkata",review_fix,doc_0000_s046,1321,1-1,1,needs_review,flag_only,undetermined,undetermined,pending_human,high,Pengantar ujaran terpisah dari s047. Indonesia s047 juga memuat pengantar jawaban. Periksa satuan dialog bersama.,0,21,0,40
doc_0000_s047,doc_0000,Historical/ Traditional,Folktales,labse,unresolved,"""Olo da, amang! Sinahe ma ursa on, asa muli hita; angkin pe hita torang mangkatai!""","Jawab menantunya, ""Baiklah pak, marilah kita potong-potong rusa ini supaya kita bawa pulang, nantilah kita bercakap-cakap"".",clean_auto,doc_0000_s047,39,1-1,1,needs_review,flag_only,undetermined,undetermined,pending_human,high,Rangkaian dialog memiliki tanda seru dan pengantar ujaran yang tidak simetris. Periksa bersama s046.,0,83,0,123
doc_0000_s048,doc_0000,Historical/ Traditional,Folktales,labse,1-1,"Disahe nasida ma ursa i, jala diporlehon ma bagian ni ginuk na ro i; dung i muli ma nasida.","Kemudian mereka memotong dan membagi-bagikan rusa itu kepada orang yang ada disana, lalu berjalan pulang.",clean_auto,doc_0000_s048,40,1-1,1,candidate_1_1,unchanged,undetermined,not_assessed,pending_human,routine,,0,91,0,105
doc_0000_s049,doc_0000,Historical/ Traditional,Folktales,labse,1-1,"Andorang dina mordalan i nasida, diingot baoa i ma poda ni amana na hinan, na mandok: na so siolion boru ni nambura maduma dohot boru ni nambura mamora.",Ditengah perjalanan teringatlah ia nasihat bapaknya dahulu supaya jangan menikahi anak orang yang baru makmur atau baru kaya.,clean_auto,doc_0000_s049,41,1-1,1,candidate_1_1,unchanged,undetermined,not_assessed,pending_human,routine,,0,152,0,125
doc_0000_s050,doc_0000,Historical/ Traditional,Folktales,labse,1-1,"""Songon on ma hape portorangna,"" ninna rohana di bagasan.","""Inilah rupanya artinya"" ucapnya dalam hati.",clean_auto,doc_0000_s050,42,1-1,1,candidate_1_1,unchanged,undetermined,not_assessed,pending_human,routine,,0,57,0,44
doc_0000_s051,doc_0000,Historical/ Traditional,Folktales,labse,unresolved,"Jadi dung sahat nasida ro di huta, didok baoa i ma hatana, ""Gomgom di hamu ma borumu!","Setelah mereka sampai kerumah berkatalah pria itu ""Jaga kalianlah putrimu, kembalikanlah semua sinamot yang sudah kalian terima.",clean_auto,doc_0000_s051,43,1-1,1,needs_review,flag_only,undetermined,undetermined,pending_human,high,Indonesia memuat pengembalian sinamot yang sudah memiliki pasangan di s052_a. Periksa tumpang tindih.,0,85,0,128
doc_0000_s052_a,doc_0000,Historical/ Traditional,Folktales,labse,1-1,Paulak hamu ma nasa sinamot naung jinalomuna;,Kembalikanlah semua mahar yang telah kalian terima;,review_fix_split,doc_0000_s052_a,1423,2-1,1,structural_1_1_reviewed,legacy_label_corrected,sentence_candidate,medium,pending_human,routine,Teks tersimpan sudah berupa satu unit pada tiap sisi. Label lama dipertahankan pada original_alignment_type. Makna belum divalidasi anotator.,0,45,0,51
doc_0000_s052_b,doc_0000,Historical/ Traditional,Folktales,labse,1-1,ai ndang adong huida holong ni rohamu di ahu!,karena tidak kulihat ada kasih sayang kalian kepadaku!,review_fix_split,doc_0000_s052_b,1424,2-1,1,structural_1_1_reviewed,legacy_label_corrected,sentence_candidate,medium,pending_human,routine,Teks tersimpan sudah berupa satu unit pada tiap sisi. Label lama dipertahankan pada original_alignment_type. Makna belum divalidasi anotator.,0,45,0,54
doc_0000_s052_c,doc_0000,Historical/ Traditional,Folktales,labse,1-1,"Aut na tutu hape mate laengki binahen ni otongku, na paihutonmuna do hape dagingkon tusi .","Seandainya benar-benar mati iparku kubuat karena kebodohanku, kalianlah rupanya yang akan menuntut nyawaku ke sana.",review_fix_split,doc_0000_s052_c,1425,2-1,1,structural_1_1_reviewed,legacy_label_corrected,sentence_candidate,medium,pending_human,routine,Teks tersimpan sudah berupa satu unit pada tiap sisi. Label lama dipertahankan pada original_alignment_type. Makna belum divalidasi anotator.,0,90,0,115
doc_0000_s053,doc_0000,Historical/ Traditional,Folktales,labse,unresolved,"Onpe gabe be ma hita!"" ninna ;jadi laho ma ibana.","Walaupun begitu semogalah kita masing-masing berhasil!"" Kemudian pergilah dia.",clean_auto,doc_0000_s053,44,1-1,1,needs_review,flag_only,undetermined,undetermined,pending_human,high,Ujaran dan narasi keberangkatan tercampur. Kata ninna pada sisi Toba tidak memiliki pengantar yang jelas pada Indonesia.,0,49,0,78
doc_0000_s054,doc_0000,Historical/ Traditional,Folktales,labse,1-1,"Dung sirang ibana sian boru ni nambura mamora, ditopot muse ma boru ni nambura maduma.","Setelah dia cerai dengan putri orang yang baru kaya, dilamarlah lagi putri orang yang baru makmur hidupnya.",clean_auto,doc_0000_s054,45,1-1,1,candidate_1_1,unchanged,undetermined,not_assessed,pending_human,routine,,0,86,0,107
doc_0000_s055_a,doc_0000,Historical/ Traditional,Folktales,labse,1-1,Suang songon pangalahona na taringot di bagas ni nambura mamora.,Sama seperti tingkah lakunya mengenai keluarga yang baru kaya.,review_fix_split,doc_0000_s055_a,1493,3-1,1,structural_1_1_reviewed,legacy_label_corrected,sentence_candidate,medium,pending_human,routine,Teks tersimpan sudah berupa satu unit pada tiap sisi. Label lama dipertahankan pada original_alignment_type. Makna belum divalidasi anotator.,0,64,0,62
doc_0000_s055_b,doc_0000,Historical/ Traditional,Folktales,labse,1-1,Dibahen pangalahona di bagas ni nambura maduma i.,Dibuatlah tingkahnya di keluarga yang baru makmur itu.,review_fix_split,doc_0000_s055_b,1494,3-1,1,structural_1_1_reviewed,legacy_label_corrected,sentence_candidate,medium,pending_human,routine,Teks tersimpan sudah berupa satu unit pada tiap sisi. Label lama dipertahankan pada original_alignment_type. Makna belum divalidasi anotator.,0,49,0,54
doc_0000_s055_c,doc_0000,Historical/ Traditional,Folktales,labse,1-1,Mordengke dohot morburu.,Mencari ikan dan berburu.,review_fix_split,doc_0000_s055_c,1495,3-1,1,structural_1_1_reviewed,legacy_label_corrected,fragment_or_heading,medium,pending_human,medium,"Teks tersimpan sudah berupa satu unit pada tiap sisi. Label lama dipertahankan pada original_alignment_type. Makna belum divalidasi anotator. | Judul, fragmen, atau pengantar ujaran. Satu pasangan tidak otomatis satu kalimat lengkap.",0,24,0,25
doc_0000_s056,doc_0000,Historical/ Traditional,Folktales,labse,1-1,"Alai dihilala rohana ma disi dos do, ndang dia imbar ni pangalaho ni i.",Tetapi dia merasa sama saja tidak ada bedanya sifat mertuanya sekarang dengan yang sebelumnya.,clean_auto,doc_0000_s056,46,1-1,1,candidate_1_1,unchanged,undetermined,not_assessed,pending_human,routine,,0,71,0,94
doc_0000_s057,doc_0000,Historical/ Traditional,Folktales,labse,1-1,Sian i pe laos sirang boti do anak ni Mortua Rajadoli.,Dari sana pun cerailah anak Martua Raja Doli.,clean_auto,doc_0000_s057,47,1-1,1,candidate_1_1,unchanged,undetermined,not_assessed,pending_human,routine,,0,54,0,45
doc_0000_s058,doc_0000,Historical/ Traditional,Folktales,labse,1-1,"Asa dung sirang baoa ondeng sian boru ni nambura maduma, ditopot ma boru ni pinompar ni Raja naung leleng, alai nunga humurang anggo di porbuaton.","Setelah cerai dengan anak orang yang baru makmur, dilamarnyalah lagi keturunan seorang yang sudah lama kaya, tetapi sudah kurang dalam hal kekayaan.",clean_auto,doc_0000_s058,48,1-1,1,candidate_1_1,unchanged,undetermined,not_assessed,pending_human,routine,,0,146,0,148
doc_0000_s059,doc_0000,Historical/ Traditional,Folktales,labse,1-1,"Dung morujung langkana di-si, diula ma disi ulaon hapadoton, porumaon ro di pordengkeon.","Setelah menikah rajinlah ia bekerja, bersawah, dan memelihara ikan.",clean_auto,doc_0000_s059,49,1-1,1,candidate_1_1,unchanged,undetermined,not_assessed,pending_human,routine,,0,88,0,67
doc_0000_s060,doc_0000,Historical/ Traditional,Folktales,labse,1-1,"Las situtu roha ni simatuana i mida helana i, jala sai mortaho ma simatuana i, ganup manjalo dengke, na sian tangan ni helana i.","Mertuanya merasa senang, dan selalu menerima banyak ikan pemberian menantunya.",clean_auto,doc_0000_s060,50,1-1,1,candidate_1_1,unchanged,undetermined,not_assessed,pending_human,medium,"Rasio panjang >=2 dengan sisi terpanjang >=10 unit spasi. Ini indikator pemeriksaan, bukan bukti salah terjemahan.",0,128,0,78
doc_0000_s061,doc_0000,Historical/ Traditional,Folktales,labse,1-1,"Diula hela i huhut porburuon; ganup ro ibana sian pangirananna, sai adong do diboan, ursa manang hije.","Dia juga berburu, dan setiap pergi berburu selalu saja membawa rusa atau kijang hasil buruan.",clean_auto,doc_0000_s061,51,1-1,1,candidate_1_1,unchanged,undetermined,not_assessed,pending_human,routine,,0,102,0,93
doc_0000_s062_a,doc_0000,Historical/ Traditional,Folktales,labse,1-1,Alai di na sadari diunjuni hela i ma roha ni simatuana i songon on.,Tetapi pada suatu hari diujilah hati mertuanya oleh menantu itu seperti ini.,review_fix_split,doc_0000_s062_a,1412,2-1,1,structural_1_1_reviewed,legacy_label_corrected,sentence_candidate,medium,pending_human,routine,Teks tersimpan sudah berupa satu unit pada tiap sisi. Label lama dipertahankan pada original_alignment_type. Makna belum divalidasi anotator.,0,67,0,76
doc_0000_s062_b,doc_0000,Historical/ Traditional,Folktales,labse,1-1,Diboan ma tungganena i tu pangiranan.,Dibawalah iparnya itu ke tempat memburu.,review_fix_split,doc_0000_s062_b,1413,2-1,1,structural_1_1_reviewed,legacy_label_corrected,sentence_candidate,medium,pending_human,routine,Teks tersimpan sudah berupa satu unit pada tiap sisi. Label lama dipertahankan pada original_alignment_type. Makna belum divalidasi anotator.,0,37,0,40
doc_0000_s063,doc_0000,Historical/ Traditional,Folktales,labse,1-1,Jadi dibodil nasida ma disi ursa rango na bolon.,Ditengah hutan mereka menembak rusa hutan yang besar.,clean_auto,doc_0000_s063,52,1-1,1,candidate_1_1,unchanged,undetermined,not_assessed,pending_human,routine,,0,48,0,53
doc_0000_s064,doc_0000,Historical/ Traditional,Folktales,labse,1-1,"Dung mate ursa i, dipauli ma pansa songon naung pinajojor nangkin, dung i muli ma ibana.","Kemudian ia mendirikan pondok tepat seperti yang sudah dijelaskan sebelumnya, lalu ia pulang.",clean_auto,doc_0000_s064,53,1-1,1,candidate_1_1,unchanged,undetermined,not_assessed,pending_human,routine,,0,88,0,93
doc_0000_s065,doc_0000,Historical/ Traditional,Folktales,labse,unresolved,"Alai dung mandapothon harbangan, dibahen ma ibana songon na mangangguhi, didok ma, ""Sapot ni nipingkon, ale inang! Mate laengku hubodil, hurimpu ursa!"" ninna.","Setelah hampir sampai ke kampung, pura-pura menangislah dia, katanya ""Sungguh buruk mimpiku ibu, ku tembak lae ku, kukira rusa!"".",clean_auto,doc_0000_s065,54,1-1,1,needs_review,flag_only,undetermined,undetermined,pending_human,high,"Dua seruan dalam kutipan Toba digabung pada Indonesia. Perlu kebijakan segmentasi dialog, bukan pemisahan titik otomatis.",0,158,0,129
doc_0000_s066,doc_0000,Historical/ Traditional,Folktales,labse,unresolved,"Dung ditanda simatuana i soara ni helana i, didapothon ma tu harbangan i, ditangkasi ma pangalahona.","Setelah didengar mertuanya, didatangilah dia dan bertanya apa yang telah terjadi, kemudian ia menceritakan apa yang sudah terjadi menimpa adik iparnya.",clean_auto,doc_0000_s066,55,1-1,1,needs_review,flag_only,undetermined,undetermined,pending_human,high,Indonesia memuat narasi penceritaan yang juga muncul pada awal s067. Periksa tumpang tindih.,0,100,0,151
doc_0000_s067,doc_0000,Historical/ Traditional,Folktales,labse,unresolved,"Dung dipajojor helana i pangalahona, didok simatuana i ma, ""Hahuaon ma i, ale amang! Naung i do ari ni laemi, ingkon bodil mamusa ibana; apala hapillitan pambahen ni Debata taringot tu hamatean nijolma.","Setelah selesai diceritakan menantunya, berkatalah mertuanya ""Apakah yang dapat kita perbuat lagi nak?, mungkin sudah begitulah takdir laemu, harus senapan yang membunuhnya.",clean_auto,doc_0000_s067,56,1-1,1,needs_review,flag_only,undetermined,undetermined,pending_human,high,Bagian akhir Toba tentang kematian belum tampak lengkap dalam Indonesia. Periksa juga batas dialog.,0,202,0,173
doc_0000_s068_a,doc_0000,Historical/ Traditional,Folktales,labse,1-1,"Nuaengpe, sip ma hamu!","Sekarang, diamlah kalian!",review_fix_split,doc_0000_s068_a,1449,2-1,1,structural_1_1_reviewed,legacy_label_corrected,sentence_candidate,medium,pending_human,routine,Teks tersimpan sudah berupa satu unit pada tiap sisi. Label lama dipertahankan pada original_alignment_type. Makna belum divalidasi anotator.,0,22,0,25
doc_0000_s068_b,doc_0000,Historical/ Traditional,Folktales,labse,1-1,Apala tarpaihut andor namangolu tuandor na mate.,Masakan tumbuhan menjalar yang hidup harus mengikuti tumbuhan menjalar yang mati.,review_fix_split,doc_0000_s068_b,1450,2-1,1,structural_1_1_reviewed,legacy_label_corrected,sentence_candidate,medium,pending_human,routine,Teks tersimpan sudah berupa satu unit pada tiap sisi. Label lama dipertahankan pada original_alignment_type. Makna belum divalidasi anotator.,0,48,0,81
doc_0000_s069,doc_0000,Historical/ Traditional,Folktales,labse,unresolved,"Naung dua hamu jongjong anak di jolongku nian, hape ingkon tongtong nama sada paado-padoponku.","Sekarang, berhentilah menangis, rumput yang hidup tidak dapat mengikuti rumput yang mati, sebelumnya ada dua putra dihadapanku tetapi sekarang kembali menjadi satu.",clean_auto,doc_0000_s069,57,1-1,1,needs_review,flag_only,undetermined,undetermined,pending_human,high,Indonesia mengulang isi s068_a dan s068_b sebelum menyampaikan isi s069.,0,94,0,164
doc_0000_s070,doc_0000,Historical/ Traditional,Folktales,labse,1-1,"On-pe, paboa morama marina laemi, beta hamu, taalap bangkena i, asa tipak tinanom.""","Beritahulah dimana tempat mayat laemu itu, supaya kita jemput dan kuburkan dengan baik.""",clean_auto,doc_0000_s070,58,1-1,1,candidate_1_1,unchanged,undetermined,not_assessed,pending_human,routine,,0,83,0,88
doc_0000_s071,doc_0000,Historical/ Traditional,Folktales,labse,1-1,"Derem situtu ma roha ni hela i, umbege hata ni simatuana i.",Menantu itu merasa sejuk perkataan mertuanya.,clean_auto,doc_0000_s071,59,1-1,1,candidate_1_1,unchanged,undetermined,not_assessed,pending_human,medium,"Rasio panjang >=2 dengan sisi terpanjang >=10 unit spasi. Ini indikator pemeriksaan, bukan bukti salah terjemahan.",0,59,0,45
doc_0000_s072,doc_0000,Historical/ Traditional,Folktales,labse,1-1,"Jadi laho ma nasida tu hamatean ni ursa i; alai anggo hela ondeng sai mangangguhi do ibana, ndang olo apulon ni simatuana i.","Lalu mereka pergi ketempat rusa itu mati, tetapi menantu itu tetap menangis tidak mau di bujuk mertuanya.",clean_auto,doc_0000_s072,60,1-1,1,candidate_1_1,unchanged,undetermined,not_assessed,pending_human,routine,,0,124,0,105
doc_0000_s073,doc_0000,Historical/ Traditional,Folktales,labse,1-1,"Dung sahat nasida ro di hamatean ni ursa i, diida simatuana i ma, na mangolu do hape anakna i, jala paadop-adop ursa rango na bolon.","Setelah mereka sampai, dilihat mertuanyalah bahwa anaknya masih hidup berhadap-hadapan dengan rusa hutan yang besar.",clean_auto,doc_0000_s073,61,1-1,1,candidate_1_1,unchanged,undetermined,not_assessed,pending_human,routine,,0,132,0,116
doc_0000_s074,doc_0000,Historical/ Traditional,Folktales,labse,unresolved,"Jadi mornida isima tuana i, muruk situtu ma ibana tu helana i, ""Boasa ma pola songon i bahenon ni damang tu hami!","Maka sangat marahlah mertua itu kepada menantunya ""Mengapa harus begini perbuatanmu kepada kami, sampai-sampai kami sangat terkejut kamu buat, seandainya betul laemu mati, apakah yang akan kami lakukan kepadamu?",clean_auto,doc_0000_s074,62,1-1,1,needs_review,flag_only,undetermined,undetermined,pending_human,high,Indonesia mencakup isi s075_a dan s075_b. Jangan menjadikan seluruh Indonesia sebagai rujukan s074.,0,113,0,211
doc_0000_s075_a,doc_0000,Historical/ Traditional,Folktales,labse,1-1,Pola songon na samburan rohanami dibahen hamu!,Sampai hancur berantakan perasaan kami kalian buat!,review_fix_split,doc_0000_s075_a,1474,3-1,1,structural_1_1_reviewed,legacy_label_corrected,sentence_candidate,medium,pending_human,routine,Teks tersimpan sudah berupa satu unit pada tiap sisi. Label lama dipertahankan pada original_alignment_type. Makna belum divalidasi anotator.,0,46,0,51
doc_0000_s075_b,doc_0000,Historical/ Traditional,Folktales,labse,1-1,"Nangtung sura na tutu mate laemi, ba dia ma bahenonnami tu hamu?","Sekalipun seandainya benar iparmu itu mati, lantas apa yang akan kami perbuat kepada kalian?",review_fix_split,doc_0000_s075_b,1475,3-1,1,structural_1_1_reviewed,legacy_label_corrected,sentence_candidate,medium,pending_human,routine,Teks tersimpan sudah berupa satu unit pada tiap sisi. Label lama dipertahankan pada original_alignment_type. Makna belum divalidasi anotator.,0,64,0,92
doc_0000_s075_c,doc_0000,Historical/ Traditional,Folktales,labse,1-1,Tung tarpaihut hami ma na mangolu tu naung mate?,Apakah kami yang masih hidup ini harus ikut dengan yang sudah mati?,review_fix_split,doc_0000_s075_c,1476,3-1,1,structural_1_1_reviewed,legacy_label_corrected,sentence_candidate,medium,pending_human,routine,Teks tersimpan sudah berupa satu unit pada tiap sisi. Label lama dipertahankan pada original_alignment_type. Makna belum divalidasi anotator.,0,48,0,67
doc_0000_s076,doc_0000,Historical/ Traditional,Folktales,labse,1-1,Dao ma i!,Jauh-jauhlah yang seperti itu!,review_ok,doc_0000_s076,1327,1-1,1,candidate_1_1,unchanged,undetermined,not_assessed,pending_human,routine,,0,9,0,30
doc_0000_s077,doc_0000,Historical/ Traditional,Folktales,labse,1-1,"Ipe muli ma hita, taboan ma ursa on, asa gira niupa hamu dohot laem di huta!""","Walaupun begitu, marilah kita pulang, kita bawalah rusa ini, supaya kami segera mendoakan kamu dan laemu di kampung.""",clean_auto,doc_0000_s077,63,1-1,1,candidate_1_1,unchanged,undetermined,not_assessed,pending_human,routine,,0,77,0,117
doc_0000_s078,doc_0000,Historical/ Traditional,Folktales,labse,unresolved,"Dung i disahe nasida ma ursa i, jadi muli ma nasida.","Sesampainya di rumah, diambil mertuanyalah beras lalu menaruhnya keatas kepala menantu dan anaknya.",clean_auto,doc_0000_s078,64,1-1,1,needs_review,flag_only,undetermined,undetermined,pending_human,high,"Indonesia tentang beras dan kepala berpadanan dengan bagian awal Toba s079, bukan Toba s078.",0,52,0,99
doc_0000_s079,doc_0000,Historical/ Traditional,Folktales,labse,unresolved,"Dung ro di huta nasida, dijomput simatuana i ma porbue tu ulu ni na dua halah i papir tondina, dibuat ma babi na bolon bahen pangupanasida.",Lalu dipotonglah seekor babi yang besar untuk mendoakan mereka.,clean_auto,doc_0000_s079,65,1-1,1,needs_review,flag_only,undetermined,undetermined,pending_human,high,Bagian awal Toba berpadanan dengan Indonesia s078. Perlu penyelarasan lintas baris s078-s079.,0,139,0,63
doc_0000_s080,doc_0000,Historical/ Traditional,Folktales,labse,1-1,"Jadi sonang ma anak ni Mortua Rajadoli di bagas ni simatuana i, gabean maulibulung moranak morboru.","Jadi hidup bahagialah anak Martua Raja Doli dirumah mertuanya, dan memiliki anak laki-laki dan perempuan.",clean_auto,doc_0000_s080,66,1-1,1,candidate_1_1,unchanged,undetermined,not_assessed,pending_human,routine,,0,99,0,105
doc_0001_s000,doc_0001,Historical/ Traditional,Folktales,labse,1-1,Disada tingki lau ma Si Toba hu tao makkail dekke nalau sipanganon na.,Pada suatu hari Toba hendak pergi memancing ikan di danau untuk dimakan.,clean_auto,doc_0001_s000,67,1-1,1,candidate_1_1,unchanged,undetermined,not_assessed,pending_human,routine,,0,70,0,72
doc_0001_s001,doc_0001,Historical/ Traditional,Folktales,labse,1-1,Dungi dapot na ma sada dekke mas jala diboan mulak tu jabu.,Dan ia mendapatkan seekor ikan mas kemudian dibawa pulang.,clean_auto,doc_0001_s001,68,1-1,1,candidate_1_1,unchanged,undetermined,not_assessed,pending_human,routine,,0,59,0,58
doc_0001_s002,doc_0001,Historical/ Traditional,Folktales,labse,1-1,"Andorang pas modom si Toba i, pittor muba rupa ma dekke mas i gabe sahalak boruan na man sai uli jala dibereng Si Toba ma borua i.","Ketika si Toba istirahat, ikan mas itu berubah menjadi seorang wanita cantik dan Si Toba melihat hal itu.",clean_auto,doc_0001_s002,69,1-1,1,candidate_1_1,unchanged,undetermined,not_assessed,pending_human,routine,,0,130,0,105
doc_0001_s003_a,doc_0001,Historical/ Traditional,Folktales,labse,1-1,Dungi i togihon Si Toba ma si borua na uli ale mangarupai sada dekke i asa kawin halaki.,Setelah itu diajaklah oleh Si Toba perempuan cantik yang menyerupai seekor ikan itu agar mereka menikah.,review_fix_split,doc_0001_s003_a,1434,2-1,1,structural_1_1_reviewed,legacy_label_corrected,sentence_candidate,medium,pending_human,routine,Teks tersimpan sudah berupa satu unit pada tiap sisi. Label lama dipertahankan pada original_alignment_type. Makna belum divalidasi anotator.,0,88,0,104
doc_0001_s003_b,doc_0001,Historical/ Traditional,Folktales,labse,1-1,Jala marsumpa dang i paboa manang hu ise handia haroroan ni siborua i.,Dan bersumpah tidak akan memberitahukan kepada siapa pun dari mana asal-usul perempuan itu.,review_fix_split,doc_0001_s003_b,1435,2-1,1,structural_1_1_reviewed,legacy_label_corrected,sentence_candidate,medium,pending_human,routine,Teks tersimpan sudah berupa satu unit pada tiap sisi. Label lama dipertahankan pada original_alignment_type. Makna belum divalidasi anotator.,0,70,0,91
doc_0001_s004,doc_0001,Historical/ Traditional,Folktales,labse,1-1,"Ale si Toba dang boi i tiop sumpa nai, jala idokkon imana do i anakkon nai na margoar si Samosir ima gelleng ni ikkan.",Namun si Toba melanggar janji dan mengatakan anaknya yang bernama Samosir itu adalah anak seekor ikan.,clean_auto,doc_0001_s004,70,1-1,1,candidate_1_1,unchanged,undetermined,not_assessed,pending_human,routine,,0,118,0,102
doc_0001_s005,doc_0001,Historical/ Traditional,Folktales,labse,1-1,Dunggi laos mengalu ma Sisamosir hu omak na jala disuru omak nai ma imana lau hu gunung paling timbo.,Kemudian si Samosir mengadu pada ibunya dan ibunya menyuruh untuk naik ke gunung paling tinggi.,clean_auto,doc_0001_s005,71,1-1,1,candidate_1_1,unchanged,undetermined,not_assessed,pending_human,routine,,0,101,0,95
doc_0001_s006_a,doc_0001,Historical/ Traditional,Folktales,labse,1-1,Jala mangamuk ma si borua i i jou ma udan nasani karas-karas na sampe muba ma luat i gabe sada tao.,"Dan mengamuklah perempuan itu, dipanggilnyalah hujan yang sangat deras hingga berubahlah daerah itu menjadi sebuah danau.",review_fix_split,doc_0001_s006_a,1392,2-1,1,structural_1_1_reviewed,legacy_label_corrected,sentence_candidate,medium,pending_human,routine,Teks tersimpan sudah berupa satu unit pada tiap sisi. Label lama dipertahankan pada original_alignment_type. Makna belum divalidasi anotator.,0,99,0,121
doc_0001_s006_b,doc_0001,Historical/ Traditional,Folktales,labse,1-1,Saonari turiturian haroroan tarjjadi ni tao toba nungga godang maccam na ima boi dereng sian sarita na boi di jaha dohot sarita na boi di tonton.,"Sekarang cerita asal-usul terjadinya Danau Toba sudah banyak macamnya, yang bisa dilihat dari cerita yang bisa dibaca dan cerita yang bisa ditonton.",review_fix_split,doc_0001_s006_b,1393,2-1,1,structural_1_1_reviewed,legacy_label_corrected,sentence_candidate,medium,pending_human,routine,Teks tersimpan sudah berupa satu unit pada tiap sisi. Label lama dipertahankan pada original_alignment_type. Makna belum divalidasi anotator.,0,145,0,148
doc_0002_s000,doc_0002,Literary,Poems,labse,unresolved,Na Hancit i do nian di ho inong digolu on,IBUKU YANG BAIK. Hidup ini memang menyakitkan buatmu.,review_ok,doc_0002_s000,1353,1-2,1,needs_review,flag_only,undetermined,undetermined,pending_human,high,Judul IBUKU YANG BAIK pada Indonesia tidak memiliki padanan eksplisit di Toba. Teks dipertahankan untuk penelusuran sumber.,0,41,0,53
doc_0002_s001,doc_0002,Literary,Poems,labse,1-1,Hape so adong be damang Parsinuan i,Tetapi Ayah yang mengayomi sudah tidak ada lagi.,clean_auto,doc_0002_s001,72,1-1,1,candidate_1_1,unchanged,undetermined,not_assessed,pending_human,routine,,0,35,0,48
doc_0002_s002,doc_0002,Literary,Poems,labse,1-1,Alai inang humassit do di ahu,Tapi ibu lebih menyakitkan lagi jadi aku.,clean_auto,doc_0002_s002,73,1-1,1,candidate_1_1,unchanged,undetermined,not_assessed,pending_human,routine,,0,29,0,41
doc_0002_s003,doc_0002,Literary,Poems,labse,1-1,Anak sasadamon paidaida ho,Anakmu satu-satunya ini menyaksikan penderitaanmu.,clean_auto,doc_0002_s003,74,1-1,1,candidate_1_1,unchanged,undetermined,not_assessed,pending_human,routine,,0,26,0,50
doc_0002_s004,doc_0002,Literary,Poems,labse,1-1,Nasai tariluilu sasada ho inong,"Engkau selalu menitikkan air mata sendirian, Ibu.",clean_auto,doc_0002_s004,75,1-1,1,candidate_1_1,unchanged,undetermined,not_assessed,pending_human,routine,,0,31,0,49
doc_0002_s005,doc_0002,Literary,Poems,labse,1-1,Na marmudumuduhon ahu sian ma menek,Engkau yang memeliharaku sejak kecil.,clean_auto,doc_0002_s005,76,1-1,1,candidate_1_1,unchanged,undetermined,not_assessed,pending_human,routine,,0,35,0,37
doc_0002_s006,doc_0002,Literary,Poems,labse,1-1,Sahat tu namagodang ahu.,Hingga aku tumbuh dewasa.,clean_auto,doc_0002_s006,77,1-1,1,candidate_1_1,unchanged,undetermined,not_assessed,pending_human,routine,,0,24,0,25
doc_0002_s007,doc_0002,Literary,Poems,labse,unresolved,So salpu ganup borngin da inong Ia so jumolo sai tumatangis ho dilage podoman i.,"Tidak berlalu setiap malam ya Ibu, jika tidak lebih dulu engkau selalu menangis di tikar tempat tidur itu.",review_fix,doc_0002_s007,1403,2-1,1,needs_review,flag_only,undetermined,undetermined,pending_human,high,Beberapa baris puisi telah digabung. Batas larik tidak selalu batas kalimat. Perlu versi berlarik dan adjudikasi sebelum ditetapkan sebagai satu kalimat UD.,0,80,0,106
doc_0002_s008,doc_0002,Literary,Poems,labse,1-1,Tung so hasuhatan be inang ilumi na dilage Podomanmi nasai Maraburan,"Sungguh tak terhitung lagi, Ibu, air matamu yang selalu tumpah di tikar tempat tidurmu.",clean_auto,doc_0002_s008,78,1-1,1,candidate_1_1,unchanged,undetermined,not_assessed,pending_human,routine,,0,68,0,87
doc_0002_s009,doc_0002,Literary,Poems,labse,1-1,Manangiangkon ahu anakmon,"Berdoa untukku, anakmu",clean_auto,doc_0002_s009,79,1-1,1,candidate_1_1,unchanged,undetermined,not_assessed,pending_human,routine,,0,25,0,22
doc_0002_s010,doc_0002,Literary,Poems,labse,1-1,"Pos ma roham inang di ahu anak na so maramaon, tung na so lupa ahu disi panghophopmi.","Percayalah padaku, Ibu, aku anak yatim, aku tak akan pernah melupakan pengorbananmu.",clean_auto,doc_0002_s010,80,1-1,1,candidate_1_1,unchanged,undetermined,not_assessed,pending_human,routine,,0,85,0,84
doc_0002_s011,doc_0002,Literary,Poems,labse,1-1,Inang Pangittubu inang da na burju,"Ibu yang melahirkan, Ibu yang sungguh baik.",clean_auto,doc_0002_s011,81,1-1,1,candidate_1_1,unchanged,undetermined,not_assessed,pending_human,routine,,0,34,0,43
doc_0002_s012,doc_0002,Literary,Poems,labse,1-1,Sai huuari do inang di bagasan rohangku,"Selalu aku berjanji, Ibu, di dalam hatiku.",clean_auto,doc_0002_s012,82,1-1,1,candidate_1_1,unchanged,undetermined,not_assessed,pending_human,routine,,0,39,0,42
doc_0002_s013,doc_0002,Literary,Poems,labse,1-1,Pogos manang mamora ingkon pasangaponku ho.,Miskin atau kaya aku harus menghormatimu.,clean_auto,doc_0002_s013,83,1-1,1,candidate_1_1,unchanged,undetermined,not_assessed,pending_human,routine,,0,43,0,41
doc_0002_s014,doc_0002,Literary,Poems,labse,1-1,Ganjang ma umurmi inang paihutihut ahu,"Panjanglah umurmu, Ibu, untuk menyertaiku.",clean_auto,doc_0002_s014,84,1-1,1,candidate_1_1,unchanged,undetermined,not_assessed,pending_human,routine,,0,38,0,42
doc_0002_s015,doc_0002,Literary,Poems,labse,1-1,Tudia pe ahu lao na ingkon do boanonku ho,"Ke mana pun aku pergi, aku wajib membawamu.",clean_auto,doc_0002_s015,85,1-1,1,candidate_1_1,unchanged,undetermined,not_assessed,pending_human,routine,,0,41,0,43
doc_0002_s016,doc_0002,Literary,Poems,labse,1-1,Inang pangittubu inongku na burju,"Ibu yang melahirkanku, Ibuku yang baik.",clean_auto,doc_0002_s016,86,1-1,1,candidate_1_1,unchanged,undetermined,not_assessed,pending_human,routine,,0,33,0,39
doc_0002_s017,doc_0002,Literary,Poems,labse,1-1,Panghophopmi di ahu na ingkon ingotonku ho.,"Kasih sayang/pengorbananmu kepadaku, akan selalu kuingat.",clean_auto,doc_0002_s017,87,1-1,1,candidate_1_1,unchanged,undetermined,not_assessed,pending_human,routine,,0,43,0,57
doc_0003_s000,doc_0003,Literary,Poems,labse,1-1,Molo hualu-aluhon lungun nirohakku tu langit,Bila kutitipkan dukaku pada langit,clean_auto,doc_0003_s000,88,1-1,1,candidate_1_1,unchanged,undetermined,not_assessed,pending_human,routine,,0,44,0,34
doc_0003_s001,doc_0003,Literary,Poems,labse,1-1,Ikkon do langit i manjou habot ni ari,Pastilah langit memanggil mendung,clean_auto,doc_0003_s001,89,1-1,1,candidate_1_1,unchanged,undetermined,not_assessed,pending_human,routine,,0,37,0,33
doc_0003_s002,doc_0003,Literary,Poems,labse,1-1,Molo hualu-aluhon arsak ni rohaku tu alogo,Bila kutitipkan resahku pada angin,clean_auto,doc_0003_s002,90,1-1,1,candidate_1_1,unchanged,undetermined,not_assessed,pending_human,routine,,0,42,0,34
doc_0003_s003,doc_0003,Literary,Poems,labse,1-1,ikkon do alogo i manjou haba-haba,Pastilah angin menyeru badai,clean_auto,doc_0003_s003,91,1-1,1,candidate_1_1,unchanged,undetermined,not_assessed,pending_human,routine,,0,33,0,28
doc_0003_s004,doc_0003,Literary,Poems,labse,1-1,Molo hualu-aluhon muruk ku tu laut,Bila kutitipkan geramku pada laut,clean_auto,doc_0003_s004,92,1-1,1,candidate_1_1,unchanged,undetermined,not_assessed,pending_human,routine,,0,34,0,33
doc_0003_s005,doc_0003,Literary,Poems,labse,1-1,ikkon do laut i parohon galumbang,Pastilah laut menggiring gelombang,clean_auto,doc_0003_s005,93,1-1,1,candidate_1_1,unchanged,undetermined,not_assessed,pending_human,routine,,0,33,0,34
doc_0003_s006,doc_0003,Literary,Poems,labse,1-1,Molo hualu-aluhon pusu ni roha tu dolok,Bila kutitipkan dendamku pada gunung,clean_auto,doc_0003_s006,94,1-1,1,candidate_1_1,unchanged,undetermined,not_assessed,pending_human,routine,,0,39,0,36
doc_0003_s007,doc_0003,Literary,Poems,labse,1-1,ikkon do dolok parohon api.,Pastilah gunung meluapkan api.,clean_auto,doc_0003_s007,95,1-1,1,candidate_1_1,unchanged,undetermined,not_assessed,pending_human,routine,,0,27,0,30
doc_0003_s009,doc_0003,Literary,Poems,labse,1-1,Ikkon hupauli sandiri do habot dohot lungun hi,Kan kusimpan sendiri mendung dukaku,clean_auto,doc_0003_s009,96,1-1,1,candidate_1_1,unchanged,undetermined,not_assessed,pending_human,routine,,0,46,0,35
doc_0003_s010,doc_0003,Literary,Poems,labse,1-1,Dibagas roha ku,Dalam langit dadaku,clean_auto,doc_0003_s010,97,1-1,1,candidate_1_1,unchanged,undetermined,not_assessed,pending_human,routine,,0,15,0,19
doc_0003_s011,doc_0003,Literary,Poems,labse,1-1,Hupauli sandiri habot dohot arsak ki,Kusimpan sendiri badai resahku,clean_auto,doc_0003_s011,98,1-1,1,candidate_1_1,unchanged,undetermined,not_assessed,pending_human,routine,,0,36,0,30
doc_0003_s012,doc_0003,Literary,Poems,labse,1-1,Dibagas ni hosa ku,Dalam angin desahku,clean_auto,doc_0003_s012,99,1-1,1,candidate_1_1,unchanged,undetermined,not_assessed,pending_human,routine,,0,18,0,19
doc_0003_s013,doc_0003,Literary,Poems,labse,1-1,Husimpan sandiri galumbang ni muruk ku,Kusimpan sendiri gelombang geramku,clean_auto,doc_0003_s013,100,1-1,1,candidate_1_1,unchanged,undetermined,not_assessed,pending_human,routine,,0,38,0,34
doc_0003_s014,doc_0003,Literary,Poems,labse,1-1,Dibagas laut parbinotoanku,Dalam laut pahamku,clean_auto,doc_0003_s014,101,1-1,1,candidate_1_1,unchanged,undetermined,not_assessed,pending_human,routine,,0,26,0,18
doc_0004_s000,doc_0004,Literary,Peribahasa/Umpama,rule,1-1,Dang dao tubis tubu sian bonana,Rebung tumbuh tidak jauh dari pohonnya,clean_auto,doc_0004_s000,102,1-1,1,candidate_1_1,unchanged,undetermined,not_assessed,pending_human,routine,,0,31,0,38
doc_0005_s000,doc_0005,Literary,Peribahasa/Umpama,rule,1-1,Jempek do pat ni gabus,Kaki kebohongan itu pendek,clean_auto,doc_0005_s000,103,1-1,1,candidate_1_1,unchanged,undetermined,not_assessed,pending_human,routine,,0,22,0,26
doc_0006_s000,doc_0006,Literary,Peribahasa/Umpama,rule,1-1,"Mangangkat rap tuginjang, manimbung rap tu toru","Lompat sama-sama keatas, loncat sama-sama kebawah",clean_auto,doc_0006_s000,104,1-1,1,candidate_1_1,unchanged,undetermined,not_assessed,pending_human,routine,,0,47,0,49
doc_0007_s000,doc_0007,Literary,Peribahasa/Umpama,rule,1-1,"Nanilehon ni tangan siamun, unang dibereng tangan sihambirang","Apa yang diberi tangan kanan, jangan dilihat tangan kiri",clean_auto,doc_0007_s000,105,1-1,1,candidate_1_1,unchanged,undetermined,not_assessed,pending_human,routine,,0,61,0,56
doc_0008_s000,doc_0008,Literary,Peribahasa/Umpama,rule,1-1,Siat mamiding naeng mamolak.,"Cukup untuk tidur menyamping, malah ingin telentang.",clean_auto,doc_0008_s000,106,1-1,1,candidate_1_1,unchanged,undetermined,not_assessed,pending_human,routine,,0,28,0,52
doc_0010_s000,doc_0010,Literary,Peribahasa/Umpama,rule,1-1,"Molo litok aek di toruan, tingkiron ma tu julu","Kalau air dihilir kotor, periksalah ke hulu",clean_auto,doc_0010_s000,107,1-1,1,candidate_1_1,unchanged,undetermined,not_assessed,pending_human,routine,,0,46,0,43
doc_0011_s000,doc_0011,Literary,Peribahasa/Umpama,rule,1-1,"Tongka do mulak tata naung masak, mulak marimbulu naung tinutungan","Pantang yang sudah masak kembali mentag, berbulu lagi yang sudah dibakar",clean_auto,doc_0011_s000,108,1-1,1,candidate_1_1,unchanged,undetermined,not_assessed,pending_human,routine,,0,66,0,72
doc_0012_s000,doc_0012,Literary,Peribahasa/Umpama,rule,unresolved,"Tuit sitara tuit, tuit pangalahona.",Kalau seorang perempuan berbuat tak senonoh akan mempermalukan saudaranya laki-laki,clean_auto,doc_0012_s000,109,1-1,1,needs_review,flag_only,undetermined,undetermined,pending_human,high,"Terjemahan berupa penjelasan makna peribahasa, bukan padanan literal. Tentukan kebijakan rujukan MT.",0,35,0,83
doc_0013_s000,doc_0013,Literary,Peribahasa/Umpama,rule,1-1,Dang adong amporik na so siallang eme,Tidak ada burung pipit yang tidak pemakan padi,clean_auto,doc_0013_s000,110,1-1,1,candidate_1_1,unchanged,undetermined,not_assessed,pending_human,routine,,0,37,0,46
doc_0014_s000,doc_0014,Literary,Peribahasa/Umpama,rule,1-1,"Ingkon sada do songon dai ni aek, unang mardua songon dai ni tuak","Harus satu rasa seperti rasanya air, jangan punya dua rasa seperti nira",clean_auto,doc_0014_s000,111,1-1,1,candidate_1_1,unchanged,undetermined,not_assessed,pending_human,routine,,0,65,0,71
doc_0015_s000,doc_0015,Literary,Peribahasa/Umpama,rule,1-1,Nasa jolma tujolo do butuhana,Perut setiap orang berada didepan,clean_auto,doc_0015_s000,112,1-1,1,candidate_1_1,unchanged,undetermined,not_assessed,pending_human,routine,,0,29,0,33
doc_0016_s000,doc_0016,Literary,Peribahasa/Umpama,rule,1-1,"Dang piga halak sigandai sidabuan, alai godang sigandai hata","Tidak banyak orang yang suka menambahi pengeluaran, tetapi yang suka menambahi perkataan banyak",clean_auto,doc_0016_s000,113,1-1,1,candidate_1_1,unchanged,undetermined,not_assessed,pending_human,routine,,0,60,0,95
doc_0017_s000,doc_0017,Literary,Peribahasa/Umpama,rule,1-1,"Dang di ahu, dang di ho, tumagonan ma di begu","Tidak untuk saya, juga tidak untuk kamu, lebih baik untuk hantu",clean_auto,doc_0017_s000,114,1-1,1,candidate_1_1,unchanged,undetermined,not_assessed,pending_human,routine,,0,45,0,63
doc_0018_s000,doc_0018,Literary,Peribahasa/Umpama,rule,1-1,Tampulon aek do na mardongan tubu,Bagaikan membelah air orang yang bersaudara semarga,review_fix,doc_0018_s000,1336,1-1,1,candidate_1_1,unchanged,undetermined,not_assessed,pending_human,routine,,0,33,0,51
doc_0019_s000,doc_0019,Literary,Peribahasa/Umpama,rule,1-1,Dang songgop onggang tu hadudu,Burung enggang tidak hinggap ke padi-padian,clean_auto,doc_0019_s000,115,1-1,1,candidate_1_1,unchanged,undetermined,not_assessed,pending_human,routine,,0,30,0,43
doc_0020_s000,doc_0020,Literary,Peribahasa/Umpama,rule,1-1,"Songon parlange ni si bagur, tio tu jolo, litok di pudi","Seperti katak berenang, jenih di depan keruh dibelakang",clean_auto,doc_0020_s000,116,1-1,1,candidate_1_1,unchanged,undetermined,not_assessed,pending_human,routine,,0,55,0,55
doc_0021_s000,doc_0021,Literary,Peribahasa/Umpama,rule,1-1,"Piltik ni hasapi do tabo tu pinggol, anggo piltik ni hata sogo do begeon","Petikan kecapi yang enak didengar, tetapi gosip tidak enak didengar",clean_auto,doc_0021_s000,117,1-1,1,candidate_1_1,unchanged,undetermined,not_assessed,pending_human,routine,,0,72,0,67
doc_0022_s000,doc_0022,Literary,Peribahasa/Umpama,rule,1-1,"Hata mamunjung hata lalaen, hata torop sabungan ni hata","Pendapat sendiri adalah pendapat yang tidak tepat, pendapat orang banyaklah yang jadi pedoman",clean_auto,doc_0022_s000,118,1-1,1,candidate_1_1,unchanged,undetermined,not_assessed,pending_human,routine,,0,55,0,93
doc_0023_s000,doc_0023,Literary,Peribahasa/Umpama,rule,1-1,Dipupusi na mate na mangolu,Orang mati merampas harta orang hidup,clean_auto,doc_0023_s000,119,1-1,1,candidate_1_1,unchanged,undetermined,not_assessed,pending_human,routine,,0,27,0,37
doc_0024_s000,doc_0024,Literary,Peribahasa/Umpama,rule,1-1,Situlluk mata ni horbo,Langsung tusuk mata kerbau,clean_auto,doc_0024_s000,120,1-1,1,candidate_1_1,unchanged,undetermined,not_assessed,pending_human,routine,,0,22,0,26
doc_0025_s000,doc_0025,Literary,Peribahasa/Umpama,rule,1-1,"Sahalak maniop sulu, sude halak marsuluhonsa","Satu orang memegang pelita, semua orang merasakan cahaya",clean_auto,doc_0025_s000,121,1-1,1,candidate_1_1,unchanged,undetermined,not_assessed,pending_human,routine,,0,44,0,56
doc_0026_s000,doc_0026,Literary,Peribahasa/Umpama,rule,1-1,Ranggas tumutung bonana,Ranting untuk membakar pohon,clean_auto,doc_0026_s000,122,1-1,1,candidate_1_1,unchanged,undetermined,not_assessed,pending_human,routine,,0,23,0,28
doc_0027_s000,doc_0027,Literary,Peribahasa/Umpama,rule,1-1,"Tumpakna do tajomna, rim ni tahi do gogona",Cita-cita bersama adalah kekuatan,clean_auto,doc_0027_s000,123,1-1,1,candidate_1_1,unchanged,undetermined,not_assessed,pending_human,routine,,0,42,0,33
doc_0028_s000,doc_0028,Literary,Peribahasa/Umpama,rule,1-1,Tigor do ransang hapit,Kayu jepitan engsel itu lurus,clean_auto,doc_0028_s000,124,1-1,1,candidate_1_1,unchanged,undetermined,not_assessed,pending_human,routine,,0,22,0,29
doc_0029_s000,doc_0029,Literary,Peribahasa/Umpama,rule,1-1,Maraprap na so magulang,Terluka orang yang tidak jatuh,clean_auto,doc_0029_s000,125,1-1,1,candidate_1_1,unchanged,undetermined,not_assessed,pending_human,routine,,0,23,0,30
doc_0030_s000,doc_0030,Literary,Peribahasa/Umpama,rule,1-1,Tu sundungna do hau marumpak,Pohon akan tumbang ke arah condongnya,clean_auto,doc_0030_s000,126,1-1,1,candidate_1_1,unchanged,undetermined,not_assessed,pending_human,routine,,0,28,0,37
doc_0031_s000,doc_0031,Literary,Peribahasa/Umpama,rule,1-1,Molo bolak mandar dang jadi ribahan,Kain sarung lebar janganlah dirobek,clean_auto,doc_0031_s000,127,1-1,1,candidate_1_1,unchanged,undetermined,not_assessed,pending_human,routine,,0,35,0,35
doc_0032_s000,doc_0032,Literary,Peribahasa/Umpama,rule,1-1,"Dang ditiptip halak ganjangna, ndang diarit balgana",Orang tidak memangkas tingginya,clean_auto,doc_0032_s000,128,1-1,1,candidate_1_1,unchanged,undetermined,not_assessed,pending_human,routine,,0,51,0,31
doc_0033_s000,doc_0033,Literary,Peribahasa/Umpama,rule,1-1,Pitu batu martindi sada do sitaon na dokdok,Tujuh batu bertindih tetapi satulah menahan paling berat,clean_auto,doc_0033_s000,129,1-1,1,candidate_1_1,unchanged,undetermined,not_assessed,pending_human,routine,,0,43,0,56
doc_0034_s000,doc_0034,Literary,Peribahasa/Umpama,rule,1-1,"Eme na masak digagat ursa, ia i namasa ba i ma niula","Padi siap panen dimakan rusa, apa yang dilakukan kebanyakan orang itulah kita lakukan",clean_auto,doc_0034_s000,130,1-1,1,candidate_1_1,unchanged,undetermined,not_assessed,pending_human,routine,,0,52,0,85
doc_0035_s000,doc_0035,Literary,Peribahasa/Umpama,rule,1-1,"Dang na taraithon tagonan ma pinonggolhon, dang na tartangishon, tagonan ma tinortorhon","Tidak dapat di kaitkankan lebih baik di patahkan, tidak tertangisi lebih baik dibawa dalam tari",clean_auto,doc_0035_s000,131,1-1,1,candidate_1_1,unchanged,undetermined,not_assessed,pending_human,routine,,0,87,0,95
doc_0036_s000,doc_0036,Literary,Peribahasa/Umpama,rule,1-1,"Sihampir gabe gambir, tandiang gabe toras.","Rumput jadi bahan campuran sirih, pohon pakis jadi tua.",review_fix,doc_0036_s000,1333,1-1,1,candidate_1_1,unchanged,undetermined,not_assessed,pending_human,routine,,0,42,0,55
doc_0037_s000,doc_0037,Literary,Peribahasa/Umpama,rule,1-1,"Tiptip alai sai adong masiganjangi, dosdos alai sai adong mansiboloni","Rata tapi tetap ada yang berbeda panjang, sama tetapi tetap ada yang lebih besar",clean_auto,doc_0037_s000,132,1-1,1,candidate_1_1,unchanged,undetermined,not_assessed,pending_human,routine,,0,69,0,80
doc_0038_s000,doc_0038,Literary,Peribahasa/Umpama,rule,1-1,"Songon tuhil, ia pinasak masuk, ia tinait ro","Bagaikan pahat dipukul, masuk, kalau ditarik Kembali",clean_auto,doc_0038_s000,133,1-1,1,candidate_1_1,unchanged,undetermined,not_assessed,pending_human,routine,,0,44,0,52
doc_0039_s000,doc_0039,Literary,Peribahasa/Umpama,rule,1-1,"Hotang binebe-bebe, hotang pinulos-pulos, unang hamu mandele ai godang do tudos-tudos","Rotan dipilin-pilin , janganlah bersedih karena ada banyak merasakan yang sama",clean_auto,doc_0039_s000,134,1-1,1,candidate_1_1,unchanged,undetermined,not_assessed,pending_human,routine,,0,85,0,78
doc_0040_s000,doc_0040,Literary,Peribahasa/Umpama,rule,1-1,Arga jambar juhut argaan do jambar hata,Mahal jatah daging lebih mahal jatah berbicara,clean_auto,doc_0040_s000,135,1-1,1,candidate_1_1,unchanged,undetermined,not_assessed,pending_human,routine,,0,39,0,46
doc_0041_s000,doc_0041,Literary,Peribahasa/Umpama,rule,1-1,Jolo diseat hata asa diseat raut,Lebih dulu diputus kata sebelum diputus pisau,clean_auto,doc_0041_s000,136,1-1,1,candidate_1_1,unchanged,undetermined,not_assessed,pending_human,routine,,0,32,0,45
doc_0042_s000,doc_0042,Literary,Peribahasa/Umpama,rule,1-1,Dang uasan halak di toru ni sampura,Tidak akan kehausan orang di dekat air terjun,clean_auto,doc_0042_s000,137,1-1,1,candidate_1_1,unchanged,undetermined,not_assessed,pending_human,routine,,0,35,0,45
doc_0043_s000,doc_0043,Literary,Peribahasa/Umpama,rule,1-1,Mulak-ulak songon namangusa botohon,Berulang-ulang bagaikan membersihkan tangan,clean_auto,doc_0043_s000,138,1-1,1,candidate_1_1,unchanged,undetermined,not_assessed,pending_human,routine,,0,35,0,43
doc_0044_s000,doc_0044,Literary,Peribahasa/Umpama,rule,1-1,Tedak songon indahan di balanga,Terbuka atau terpampang seperti nasi dalam kuali,clean_auto,doc_0044_s000,139,1-1,1,candidate_1_1,unchanged,undetermined,not_assessed,pending_human,routine,,0,31,0,48
doc_0045_s000,doc_0045,Literary,Peribahasa/Umpama,rule,1-1,"Marsitijur dompak langit, sai madabu do tu ampuan",Meludah ke arah langit pasti jatuhnya ke pangkuan,clean_auto,doc_0045_s000,140,1-1,1,candidate_1_1,unchanged,undetermined,not_assessed,pending_human,routine,,0,49,0,49
doc_0046_s000,doc_0046,Literary,Peribahasa/Umpama,rule,1-1,Na teal so hinallung na teleng so hinarpean,"Yang berat sebelah tidak dipikul, yang miring tidak dialasi",clean_auto,doc_0046_s000,141,1-1,1,candidate_1_1,unchanged,undetermined,not_assessed,pending_human,routine,,0,43,0,59
doc_0047_s000,doc_0047,Literary,Peribahasa/Umpama,rule,1-1,"Talu maralohon dongan, monang maralohon musuh","Kalah melawan teman, menang melawan musuh",clean_auto,doc_0047_s000,142,1-1,1,candidate_1_1,unchanged,undetermined,not_assessed,pending_human,routine,,0,45,0,41
doc_0048_s000,doc_0048,Literary,Peribahasa/Umpama,rule,1-1,"Nang pe di bagasan sunuk manuk sabungan, sai tong do martahuak","Walaupun terkurung di dalam keranjang, ayam sabung akan tetap berkokok",clean_auto,doc_0048_s000,143,1-1,1,candidate_1_1,unchanged,undetermined,not_assessed,pending_human,routine,,0,62,0,70
doc_0049_s000,doc_0049,Literary,Peribahasa/Umpama,rule,1-1,"Na tinaba ni tangke martumbur, na tinamba ni gana ripur","Yang ditebang kampak akan bertunas, yang ditebang sumpah mati tak akan berketurunan",clean_auto,doc_0049_s000,144,1-1,1,candidate_1_1,unchanged,undetermined,not_assessed,pending_human,routine,,0,55,0,83
doc_0050_s000,doc_0050,Religious,Prayers,rule,1-1,"Mauliate ma di Ho Tuhan, siala dipaloas ho dope au dungo di manogot ni ari on.","Terima kasih ya Tuhan, karena Engkau masih mengizinkan aku bangun di pagi hari ini.",clean_auto,doc_0050_s000,145,1-1,1,candidate_1_1,unchanged,undetermined,not_assessed,pending_human,routine,,0,78,0,83
doc_0050_s001,doc_0050,Religious,Prayers,rule,1-1,"Satongkin nai naeng mangula ulaonko ma ahu Tuhan, Ho ma na sai mandongani jala mangiring-iring langkaku.","Sebentar lagi aku akan melakukan pekerjaanku ya Tuhan, Engkaulah yang senantiasa menyertai dan memimpin langkahku.",clean_auto,doc_0050_s001,146,1-1,1,candidate_1_1,unchanged,undetermined,not_assessed,pending_human,routine,,0,104,0,114
doc_0050_s002,doc_0050,Religious,Prayers,rule,1-1,Padao parmaraan dohot akka tahi ni sibolis asa boi au marlasniroha mandalani ari na pinatupaMon.,Jauhkanlah marabahaya dan segala rencana si iblis agar aku bisa bersukacita menjalani hari yang telah Engkau sediakan ini.,clean_auto,doc_0050_s002,147,1-1,1,candidate_1_1,unchanged,undetermined,not_assessed,pending_human,routine,,0,96,0,122
doc_0050_s003,doc_0050,Religious,Prayers,rule,1-1,Sesa ma dosaku asa unang tarambat akka pasu-pasu na naeng lehononmu tu ahu dibagasan sadarion.,Ampunilah dosaku agar berkat-berkat yang hendak Engkau berikan kepadaku pada hari ini tidak terhalang.,clean_auto,doc_0050_s003,148,1-1,1,candidate_1_1,unchanged,undetermined,not_assessed,pending_human,routine,,0,94,0,102
doc_0050_s004,doc_0050,Religious,Prayers,rule,1-1,Marhite-hite goar ni Tuhan Jesus martangiang au tu Ho.,Melalui nama Tuhan Yesus aku berdoa kepada-Mu.,clean_auto,doc_0050_s004,149,1-1,1,candidate_1_1,unchanged,undetermined,not_assessed,pending_human,routine,,0,54,0,46
doc_0051_s000,doc_0051,Religious,Prayers,rule,1-1,Dibagasan borngin on mandok mauliate dope au tu Ho Tuhan alani asi dohot pandonganionmu manipat nasadarion boi au marlasniroha mangulahon ulaonku sahat tu bagas borngin on.,Pada malam hari ini aku kembali mengucapkan terima kasih kepada-Mu ya Tuhan atas kasih dan penyertaan-Mu sepanjang hari ini aku bisa bersukacita melakukan pekerjaanku sampai larut malam ini.,clean_auto,doc_0051_s000,150,1-1,1,candidate_1_1,unchanged,undetermined,not_assessed,pending_human,routine,,0,172,0,190
doc_0051_s001,doc_0051,Religious,Prayers,rule,1-1,"Satongkin nai ale Tuhan naeng modom ma au paulak gogo, Ho ma na manjaga dohot mandongani au asa sonang modom au dipodomanku.","Sebentar lagi ya Tuhan, aku hendak tidur memulihkan tenaga, Engkaulah yang menjaga dan menyertai aku agar aku bisa tidur nyenyak di tempat tidurku.",clean_auto,doc_0051_s001,151,1-1,1,candidate_1_1,unchanged,undetermined,not_assessed,pending_human,routine,,0,124,0,147
doc_0051_s002,doc_0051,Religious,Prayers,rule,1-1,Sesa ma nasa dosa na tinuntun manang naso tinuntun maradophon ho mamang maradophon dongan jolma.,Ampunilah segala dosa yang disengaja maupun yang tidak disengaja terhadap-Mu maupun terhadap sesama manusia.,clean_auto,doc_0051_s002,152,1-1,1,candidate_1_1,unchanged,undetermined,not_assessed,pending_human,routine,,0,96,0,108
doc_0051_s003,doc_0051,Religious,Prayers,rule,1-1,Holan mangasahon goarni Tuhan Jesus Kristus martangiang au tu Ho.,Hanya dengan mengandalkan nama Tuhan Yesus Kristus aku berdoa kepada-Mu.,clean_auto,doc_0051_s003,153,1-1,1,candidate_1_1,unchanged,undetermined,not_assessed,pending_human,routine,,0,65,0,72
doc_0052_s000,doc_0052,Religious,Prayers,rule,1-1,Mauliate ma Tuhan di sude akka pasu-pasu na nilehonmu dibagasan sadarion.,Terima kasih ya Tuhan atas segala berkat yang telah Engkau berikan pada hari ini.,clean_auto,doc_0052_s000,154,1-1,1,candidate_1_1,unchanged,undetermined,not_assessed,pending_human,routine,,0,73,0,81
doc_0052_s001,doc_0052,Religious,Prayers,rule,1-1,Tarlumobi ma di sipanganon siinumon na rade di jolo nami.,Terlebih untuk makanan dan minuman yang tersedia di hadapan kami.,clean_auto,doc_0052_s001,155,1-1,1,candidate_1_1,unchanged,undetermined,not_assessed,pending_human,routine,,0,57,0,65
doc_0052_s002,doc_0052,Religious,Prayers,rule,1-1,Pasu-pasu jala parbadiai asa gabe gogo di daging dohot tondi laho mangula ulaon nami dohot mangulahon lomo ni roham.,Berkatilah dan kuduskanlah agar menjadi kekuatan bagi tubuh dan jiwa untuk melakukan pekerjaan kami dan melakukan kehendak-Mu.,clean_auto,doc_0052_s002,156,1-1,1,candidate_1_1,unchanged,undetermined,not_assessed,pending_human,routine,,0,116,0,126
doc_0052_s003,doc_0052,Religious,Prayers,rule,1-1,Tongtong ma Ho na mandongani hami jala mangaramoti hami.,Kiranya Engkau senantiasa menyertai kami dan memelihara kami.,clean_auto,doc_0052_s003,157,1-1,1,candidate_1_1,unchanged,undetermined,not_assessed,pending_human,routine,,0,56,0,61
doc_0052_s004,doc_0052,Religious,Prayers,rule,1-1,Dibagasan goar Jesus Kristis martangiang hami dohot mandok mauliate.,Di dalam nama Yesus Kristus kami berdoa dan mengucap syukur.,clean_auto,doc_0052_s004,158,1-1,1,candidate_1_1,unchanged,undetermined,not_assessed,pending_human,routine,,0,68,0,60
doc_0053_s000,doc_0053,Literary,Poems,labse,1-1,"Tutu marsitutu, ido Ho Tuhan","Sungguh, Engkaulah itu Tuhan,",clean_auto,doc_0053_s000,159,1-1,1,candidate_1_1,unchanged,undetermined,not_assessed,pending_human,routine,,0,28,0,29
doc_0053_s001,doc_0053,Literary,Poems,labse,1-1,"Lilu marulak-ulak lilu, ima ahu Tuhan","Sesat berulang-ulang sesat, itulah aku Tuhan.",clean_auto,doc_0053_s001,160,1-1,1,candidate_1_1,unchanged,undetermined,not_assessed,pending_human,routine,,0,37,0,45
doc_0053_s002,doc_0053,Literary,Poems,labse,1-1,"Ate-ate namatopak, Ho do padomuhon","Hati yang retak, Engkaulah yang menyatukan.",clean_auto,doc_0053_s002,161,1-1,1,candidate_1_1,unchanged,undetermined,not_assessed,pending_human,routine,,0,34,0,43
doc_0053_s003,doc_0053,Literary,Poems,labse,unresolved,"Pusu-pusu namagotap, Ho do namamudun Roha marutrut alani muruk Las ni roha maropuk alani muruk","Jantung hati yang terputus, Engkaulah yang menyatukan. Hati yang mendongkol karena marah, Suka cita yang hancur karena amarah.",review_fix,doc_0053_s003,1484,3-1,1,needs_review,flag_only,undetermined,undetermined,pending_human,high,Beberapa baris puisi telah digabung. Batas larik tidak selalu batas kalimat. Perlu versi berlarik dan adjudikasi sebelum ditetapkan sebagai satu kalimat UD.,0,94,0,126
doc_0053_s004,doc_0053,Literary,Poems,labse,unresolved,Ria matolpang alani holang Ho do sai panorang Pamonang tu akka parporang,"Hancur berantakan karena jarak, Engkaulah yang selalu menjadi penerang, Pemenang bagi para pejuang.",review_fix,doc_0053_s004,1473,3-1,1,needs_review,flag_only,undetermined,undetermined,pending_human,high,Beberapa baris puisi telah digabung. Batas larik tidak selalu batas kalimat. Perlu versi berlarik dan adjudikasi sebelum ditetapkan sebagai satu kalimat UD.,0,72,0,99
doc_0053_s005,doc_0053,Literary,Poems,labse,1-1,"Tuhan, Ho ma gabe ondolan","Tuhan, Engkaulah yang menjadi sandaran.",clean_auto,doc_0053_s005,162,1-1,1,candidate_1_1,unchanged,undetermined,not_assessed,pending_human,routine,,0,25,0,39
doc_0053_s006,doc_0053,Literary,Poems,labse,unresolved,Daon ni namagopu Daon asa malum,"Obat bagi yang hancur, obat agar sembuh.",review_fix,doc_0053_s006,1440,2-1,1,needs_review,flag_only,undetermined,undetermined,pending_human,high,Beberapa baris puisi telah digabung. Batas larik tidak selalu batas kalimat. Perlu versi berlarik dan adjudikasi sebelum ditetapkan sebagai satu kalimat UD.,0,31,0,40
doc_0053_s007,doc_0053,Literary,Poems,labse,1-1,Ido Ho Tuhan,Itulah Engkau Tuhan,review_fix,doc_0053_s007,1328,1-1,1,candidate_1_1,unchanged,undetermined,not_assessed,pending_human,routine,,0,12,0,19
doc_0053_s008,doc_0053,Literary,Poems,labse,unresolved,Naholip di simalolong Alai tu tondi sai tong manggomgom,"Yang tak tersembunyi di mata, tetapi pada jiwa selalu tetap memeluk.",review_fix,doc_0053_s008,1397,2-1,1,needs_review,flag_only,undetermined,undetermined,pending_human,high,Periksa negasi: Naholip dipadankan dengan Yang tak tersembunyi. Batas baris puisi perlu sumber asli.,0,55,0,68
doc_0053_s009,doc_0053,Literary,Poems,labse,unresolved,"Ido Ho Tuhan, na ro di nasa arsak",Tetapi kepada jiwa senantiasa berkuasa/melindungi.,clean_auto,doc_0053_s009,163,1-1,1,needs_review,flag_only,undetermined,undetermined,pending_human,high,"Indonesia tentang jiwa tampak berkaitan dengan s008, bukan isi Toba s009. Periksa pergeseran.",0,33,0,50
doc_0053_s010,doc_0053,Literary,Poems,labse,unresolved,"Pardongan tu parjalang naso boi dope mulak Maporus tu Ho do sude nasa roha Namaniak, naborat, jala nagolap","Menjadi teman bagi perantau yang belum bisa pulang. Berlari (berlindung) kepada-Mu lah segala hati. Yang perih, yang berat, dan yang gelap.",review_fix,doc_0053_s010,1492,3-1,1,needs_review,flag_only,undetermined,undetermined,pending_human,high,Beberapa baris puisi telah digabung. Batas larik tidak selalu batas kalimat. Perlu versi berlarik dan adjudikasi sebelum ditetapkan sebagai satu kalimat UD.,0,106,0,139
doc_0053_s011,doc_0053,Literary,Poems,labse,unresolved,"Asa palambok Tuhan, paneang Tuhan, patorang Tuhan Maradu tu Ho do parroha natutu Asa tadingma ngolu nasusa di sihadaoan","Agar Tuhan melembutkan, Tuhan meringankan, Tuhan menerangi. Berpusat pada-Mu lah hati yang sungguh-sungguh, Agar tertinggallah kehidupan yang susah di kejauhan.",review_fix,doc_0053_s011,1486,3-1,1,needs_review,flag_only,undetermined,undetermined,pending_human,high,Beberapa baris puisi telah digabung. Batas larik tidak selalu batas kalimat. Perlu versi berlarik dan adjudikasi sebelum ditetapkan sebagai satu kalimat UD.,0,119,0,160
doc_0053_s012,doc_0053,Literary,Poems,labse,unresolved,Dung tubu Ho Tuhan Borngin i gabe torang Ho do sulu namagolu,"Setelah Engkau lahir Tuhan, Malam itu menjadi terang. Engkaulah suluh yang hidup.",review_fix,doc_0053_s012,1485,3-1,1,needs_review,flag_only,undetermined,undetermined,pending_human,high,Beberapa baris puisi telah digabung. Batas larik tidak selalu batas kalimat. Perlu versi berlarik dan adjudikasi sebelum ditetapkan sebagai satu kalimat UD.,0,60,0,81
doc_0053_s013,doc_0053,Literary,Poems,labse,unresolved,Di sandok namarroha asa unang lilu Peak di panggagatan do nian Ditopot holan parmahan do nian,"Di seluruh yang berakal budi agar jangan tersesat. Terletak di palungan rupanya, Dikunjungi hanya oleh para gembala rupanya.",review_fix,doc_0053_s013,1483,3-1,1,needs_review,flag_only,undetermined,undetermined,pending_human,high,Beberapa baris puisi telah digabung. Batas larik tidak selalu batas kalimat. Perlu versi berlarik dan adjudikasi sebelum ditetapkan sebagai satu kalimat UD.,0,93,0,124
doc_0053_s014,doc_0053,Literary,Poems,labse,unresolved,Di bara ni pinahan do nian Lesem hian do nian,"Di kandang hewan peliharaan rupanya, sangat sederhana sekali rupanya.",review_fix,doc_0053_s014,1406,2-1,1,needs_review,flag_only,undetermined,undetermined,pending_human,high,Beberapa baris puisi telah digabung. Batas larik tidak selalu batas kalimat. Perlu versi berlarik dan adjudikasi sebelum ditetapkan sebagai satu kalimat UD.,0,45,0,69
doc_0053_s015,doc_0053,Literary,Poems,labse,unresolved,Alai Ho ma gabe dalan hangoluan Parmahan ni nasa jolma Abara pangunsandean ni akka naloja,"Tetapi Engkaulah yang menjadi jalan kehidupan, Gembala bagi semua manusia, Bahu tempat bersandar bagi mereka yang lelah.",review_fix,doc_0053_s015,1480,3-1,1,needs_review,flag_only,undetermined,undetermined,pending_human,high,Beberapa baris puisi telah digabung. Batas larik tidak selalu batas kalimat. Perlu versi berlarik dan adjudikasi sebelum ditetapkan sebagai satu kalimat UD.,0,89,0,120
doc_0053_s016,doc_0053,Literary,Poems,labse,1-1,Ho ma i Tuhan,Itulah Engkau Tuhan.,clean_auto,doc_0053_s016,164,1-1,1,candidate_1_1,unchanged,undetermined,not_assessed,pending_human,routine,,0,13,0,20
doc_0053_s017,doc_0053,Literary,Poems,labse,unresolved,Pulik-pulik ido somal umbahen holip Dang songoni Ho Tuhan Sude do toguon-Mu asa unang adong nalilu,Terpisah-pisah itu sudah biasa membuat tersembunyi. Tidak seperti itu Engkau Tuhan. Semuanya Kau tuntun agar tidak ada yang tersesat.,review_fix,doc_0053_s017,1488,3-1,1,needs_review,flag_only,undetermined,undetermined,pending_human,high,Beberapa baris puisi telah digabung. Batas larik tidak selalu batas kalimat. Perlu versi berlarik dan adjudikasi sebelum ditetapkan sebagai satu kalimat UD.,0,98,0,133
doc_0053_s018,doc_0053,Literary,Poems,labse,unresolved,Unang adong mago jala magopu Jala talu maralohon musu Burik-burik ido rohakku tu Ho Tuhan,"Jangan ada yang hilang dan hancur, Dan kalah melawan musuh. Hancur luluh hatiku kepada-Mu Tuhan.",review_fix,doc_0053_s018,1481,3-1,1,needs_review,flag_only,undetermined,undetermined,pending_human,high,Beberapa baris puisi telah digabung. Batas larik tidak selalu batas kalimat. Perlu versi berlarik dan adjudikasi sebelum ditetapkan sebagai satu kalimat UD.,0,89,0,96
doc_0053_s019,doc_0053,Literary,Poems,labse,1-1,"Sipata ganggu, sipata lilu","Terkadang ragu, terkadang tersesat",review_fix,doc_0053_s019,1335,1-1,1,candidate_1_1,unchanged,undetermined,not_assessed,pending_human,routine,,0,26,0,34
doc_0053_s020,doc_0053,Literary,Poems,labse,unresolved,Pilit-pilit ido ngolukku Tuhan Alai dang laho Ho Lan gabe jumonok ro,"Berliku-liku hidupku ini Tuhan. Tetapi Engkau tidak pergi, Malah menjadi semakin dekat datang.",review_fix,doc_0053_s020,1487,3-1,1,needs_review,flag_only,undetermined,undetermined,pending_human,high,Beberapa baris puisi telah digabung. Batas larik tidak selalu batas kalimat. Perlu versi berlarik dan adjudikasi sebelum ditetapkan sebagai satu kalimat UD.,0,68,0,94
doc_0053_s021,doc_0053,Literary,Poems,labse,unresolved,"Manumpahi simanjujung, mengebati tondikku Asa saut ma ahu Tuhan","Memberkati kepala, menghinggapi jiwaku, agar jadi sukseslah aku Tuhan.",review_fix,doc_0053_s021,1402,2-1,1,needs_review,flag_only,undetermined,undetermined,pending_human,high,Beberapa baris puisi telah digabung. Batas larik tidak selalu batas kalimat. Perlu versi berlarik dan adjudikasi sebelum ditetapkan sebagai satu kalimat UD.,0,63,0,70
doc_0053_s022,doc_0053,Literary,Poems,labse,unresolved,Marbulusan di holong-Mu Asa lasma ahu Torangma ahu,"Mengalir dalam kasih-Mu, Agar hangatlah aku, Teranglah aku.",review_fix,doc_0053_s022,1482,3-1,1,needs_review,flag_only,undetermined,undetermined,pending_human,high,Beberapa baris puisi telah digabung. Batas larik tidak selalu batas kalimat. Perlu versi berlarik dan adjudikasi sebelum ditetapkan sebagai satu kalimat UD.,0,50,0,59
doc_0053_s023,doc_0053,Literary,Poems,labse,1-1,"Tutu marsitutu, ido Ho Tuhan","Sungguh amat benar, itulah Engkau ya Tuhan",review_fix,doc_0053_s023,1320,1-1,1,candidate_1_1,unchanged,undetermined,not_assessed,pending_human,routine,,0,28,0,42
doc_0053_s024,doc_0053,Literary,Poems,labse,unresolved,"Lilu marulak-ulak lilu, ima ahu Tuhan","Sungguh, Engkaulah itu Tuhan, Sesat berulang-ulang sesat, itulah aku Tuhan.",clean_auto,doc_0053_s024,165,1-1,1,needs_review,flag_only,undetermined,undetermined,pending_human,high,"Indonesia menambahkan Sungguh, Engkaulah itu Tuhan dari refrain lain. Bandingkan dengan s001 dan s023.",0,37,0,75
doc_0054_s000,doc_0054,Literary,Poems,labse,unresolved,Dang sitiop hujur hita amang Alai parroha napiccur,"Kita bukanlah pemegang tombak bapak, tetapi orang yang berhati tajam",review_fix,doc_0054_s000,1414,2-1,1,needs_review,flag_only,undetermined,undetermined,pending_human,high,Beberapa baris puisi telah digabung. Batas larik tidak selalu batas kalimat. Perlu versi berlarik dan adjudikasi sebelum ditetapkan sebagai satu kalimat UD.,0,50,0,68
doc_0054_s002,doc_0054,Literary,Poems,labse,unresolved,Di ruhut-ruhut ni hangoluan,"yang mengutamakan kebenaran dalam aturan-aturan kehidupan,",clean_auto,doc_0054_s002,166,1-1,1,needs_review,flag_only,undetermined,undetermined,pending_human,high,Indonesia memuat penegakan kebenaran yang tampak berkaitan dengan s003. Periksa batas baris puisi.,0,27,0,58
doc_0054_s003,doc_0054,Literary,Poems,labse,unresolved,Napatindangkon hasintongan Di ganup roha namatolpangan,"Yang mendirikan kebenaran, di setiap hati yang hancur.",review_fix,doc_0054_s003,1419,2-1,1,needs_review,flag_only,undetermined,undetermined,pending_human,high,Beberapa baris puisi telah digabung. Batas larik tidak selalu batas kalimat. Perlu versi berlarik dan adjudikasi sebelum ditetapkan sebagai satu kalimat UD.,0,54,0,54
doc_0054_s004,doc_0054,Literary,Poems,labse,1-1,Hata ma on,"Ini hanyalah kata,",clean_auto,doc_0054_s004,167,1-1,1,candidate_1_1,unchanged,undetermined,not_assessed,pending_human,routine,,0,10,0,18
doc_0054_s005,doc_0054,Literary,Poems,labse,1-1,Alai gabe arta di parjalangan,tetapi menjadi harta di perantauan.,clean_auto,doc_0054_s005,168,1-1,1,candidate_1_1,unchanged,undetermined,not_assessed,pending_human,routine,,0,29,0,35
doc_0054_s006,doc_0054,Literary,Poems,labse,1-1,Nonang ma on,Ini hanyalah cerita,review_fix,doc_0054_s006,1334,1-1,1,candidate_1_1,unchanged,undetermined,not_assessed,pending_human,routine,,0,12,0,19
doc_0054_s007,doc_0054,Literary,Poems,labse,1-1,Alai gabe ulos tu nasa pamatang,tetapi menjadi ulos (pelindung/pedoman) bagi seluruh tubuh,clean_auto,doc_0054_s007,169,1-1,1,candidate_1_1,unchanged,undetermined,not_assessed,pending_human,routine,,0,31,0,58
doc_0055_s000,doc_0055,Literary,Poems,labse,1-1,Taripar dolok pe ho,"Meskipun kau menyeberangi gunung,",clean_auto,doc_0055_s000,170,1-1,1,candidate_1_1,unchanged,undetermined,not_assessed,pending_human,routine,,0,19,0,33
doc_0055_s001,doc_0055,Literary,Poems,labse,unresolved,sai tading do hodok di nakkokan naparjolo ido sai manjou ho,Selalu tertinggal keringat di tanjakan pertama itulah yang selalu memanggilmu.,review_fix,doc_0055_s001,1490,3-1,1,needs_review,flag_only,undetermined,undetermined,pending_human,high,Beberapa baris puisi telah digabung. Batas larik tidak selalu batas kalimat. Perlu versi berlarik dan adjudikasi sebelum ditetapkan sebagai satu kalimat UD.,0,59,0,78
doc_0055_s002,doc_0055,Literary,Poems,labse,1-1,asa mulak patiurhon holom,Supaya pulang untuk menerangi kegelapan,review_fix,doc_0055_s002,1322,1-1,1,candidate_1_1,unchanged,undetermined,not_assessed,pending_human,routine,,0,25,0,39
doc_0055_s003,doc_0055,Literary,Poems,labse,unresolved,tu tano dohot natua-tua,"Meskipun kau menyeberangi danau,",clean_auto,doc_0055_s003,171,1-1,1,needs_review,flag_only,undetermined,undetermined,pending_human,high,Toba tentang tanah dan orang tua tidak sepadan dengan Indonesia tentang menyeberangi danau. Periksa s003-s004.,0,23,0,32
doc_0055_s004,doc_0055,Literary,Poems,labse,unresolved,namangasahon nasa holong Taripar tao pe ho sai tading do ilu,"Yang mengandalkan segala kasih, Menyeberangi danau pun kau akan selalu tertinggal air mata.",review_fix,doc_0055_s004,1491,3-1,1,needs_review,flag_only,undetermined,undetermined,pending_human,high,Beberapa baris puisi telah digabung. Batas larik tidak selalu batas kalimat. Perlu versi berlarik dan adjudikasi sebelum ditetapkan sebagai satu kalimat UD.,0,60,0,91
doc_0055_s005,doc_0055,Literary,Poems,labse,unresolved,namanetek tu galumbang di topi ni solu ido sai manjou ho,Yang menetes ke gelombang di tepi perahu itulah yang selalu memanggilmu.,review_fix,doc_0055_s005,1489,3-1,1,needs_review,flag_only,undetermined,undetermined,pending_human,high,Beberapa baris puisi telah digabung. Batas larik tidak selalu batas kalimat. Perlu versi berlarik dan adjudikasi sebelum ditetapkan sebagai satu kalimat UD.,0,56,0,72
doc_0055_s006,doc_0055,Literary,Poems,labse,unresolved,asa mulak asa rap hita mardaunpogu,Agar pulang agar kita sama-sama memakan daun pogu.,review_fix,doc_0055_s006,1469,3-1,1,needs_review,flag_only,undetermined,undetermined,pending_human,high,Beberapa baris puisi telah digabung. Batas larik tidak selalu batas kalimat. Perlu versi berlarik dan adjudikasi sebelum ditetapkan sebagai satu kalimat UD.,0,34,0,50
doc_0055_s007,doc_0055,Literary,Poems,labse,unresolved,di toru turpuk ni gaol jonokhon bona ni bulu,"Di bawah rimbunan pohon pisang, berdekatan dengan pangkal bambu.",review_fix,doc_0055_s007,1409,2-1,1,needs_review,flag_only,undetermined,undetermined,pending_human,high,Beberapa baris puisi telah digabung. Batas larik tidak selalu batas kalimat. Perlu versi berlarik dan adjudikasi sebelum ditetapkan sebagai satu kalimat UD.,0,44,0,64
doc_0056_s000,doc_0056,Literary,Poems,labse,1-1,Tung so tarjou ahu be ho inong,"Sungguh, aku tak bisa lagi memanggilmu, Ibu.",clean_auto,doc_0056_s000,172,1-1,1,candidate_1_1,unchanged,undetermined,not_assessed,pending_human,medium,"Pasangan persis berulang pada doc_0056_s000, doc_0056_s007. Tidak dihapus karena pengulangan puisi dapat sah.",0,30,0,44
doc_0056_s001,doc_0056,Literary,Poems,labse,1-1,Tung so tarhirap ahu be ho inong,"Sungguh, aku tak bisa lagi membangunkanmu, Ibu.",clean_auto,doc_0056_s001,173,1-1,1,candidate_1_1,unchanged,undetermined,not_assessed,pending_human,medium,"Pasangan persis berulang pada doc_0056_s001, doc_0056_s008. Tidak dihapus karena pengulangan puisi dapat sah.",0,32,0,47
doc_0056_s002,doc_0056,Literary,Poems,labse,1-1,Hape godang sialuhonon,"Padahal banyak yang ingin dicurahkan,",clean_auto,doc_0056_s002,174,1-1,1,candidate_1_1,unchanged,undetermined,not_assessed,pending_human,routine,,0,22,0,37
doc_0056_s007,doc_0056,Literary,Poems,labse,1-1,Tung so tarjou ahu be ho inong,"Sungguh, aku tak bisa lagi memanggilmu, Ibu.",clean_auto,doc_0056_s007,175,1-1,1,candidate_1_1,unchanged,undetermined,not_assessed,pending_human,medium,"Pasangan persis berulang pada doc_0056_s000, doc_0056_s007. Tidak dihapus karena pengulangan puisi dapat sah.",0,30,0,44
doc_0056_s008,doc_0056,Literary,Poems,labse,1-1,Tung so tarhirap ahu be ho inong,"Sungguh, aku tak bisa lagi membangunkanmu, Ibu.",clean_auto,doc_0056_s008,176,1-1,1,candidate_1_1,unchanged,undetermined,not_assessed,pending_human,medium,"Pasangan persis berulang pada doc_0056_s001, doc_0056_s008. Tidak dihapus karena pengulangan puisi dapat sah.",0,32,0,47
doc_0056_s009,doc_0056,Literary,Poems,labse,1-1,Nion gellengmu nasaleleng on mangagohon holong,Ini anakmu yang selama ini menyia-nyiakan kasih sayang.,clean_auto,doc_0056_s009,177,1-1,1,candidate_1_1,unchanged,undetermined,not_assessed,pending_human,routine,,0,46,0,55
doc_0056_s010,doc_0056,Literary,Poems,labse,unresolved,Holongmu inong Holong nasai tiris dinasa uashu,"Kasihmu Ibu, kasih yang selalu menetes di setiap dahagaku.",review_fix,doc_0056_s010,1394,2-1,1,needs_review,flag_only,undetermined,undetermined,pending_human,high,Beberapa baris puisi telah digabung. Batas larik tidak selalu batas kalimat. Perlu versi berlarik dan adjudikasi sebelum ditetapkan sebagai satu kalimat UD.,0,46,0,58
doc_0056_s013,doc_0056,Literary,Poems,labse,1-1,"Bege, begema inong","Dengar, dengarkanlah Ibu,",clean_auto,doc_0056_s013,178,1-1,1,candidate_1_1,unchanged,undetermined,not_assessed,pending_human,medium,"Pasangan persis berulang pada doc_0056_s013, doc_0056_s015. Tidak dihapus karena pengulangan puisi dapat sah.",0,18,0,25
doc_0056_s014,doc_0056,Literary,Poems,labse,1-1,Ende nalungun di tonga borngin nahohom,Lagu sedih di tengah malam yang sunyi.,clean_auto,doc_0056_s014,179,1-1,1,candidate_1_1,unchanged,undetermined,not_assessed,pending_human,routine,,0,38,0,38
doc_0056_s015,doc_0056,Literary,Poems,labse,1-1,"Bege, begema inong","Dengar, dengarkanlah Ibu,",clean_auto,doc_0056_s015,180,1-1,1,candidate_1_1,unchanged,undetermined,not_assessed,pending_human,medium,"Pasangan persis berulang pada doc_0056_s013, doc_0056_s015. Tidak dihapus karena pengulangan puisi dapat sah.",0,18,0,25
doc_0056_s020,doc_0056,Literary,Poems,labse,1-1,Hupasahat las ni rohakku,"Aku sampaikan kegembiraanku,",clean_auto,doc_0056_s020,181,1-1,1,candidate_1_1,unchanged,undetermined,not_assessed,pending_human,routine,,0,24,0,28
doc_0056_s023,doc_0056,Literary,Poems,labse,1-1,"Bege, bege, begema inong","Dengar, dengar, dengarkanlah Ibu",clean_auto,doc_0056_s023,182,1-1,1,candidate_1_1,unchanged,undetermined,not_assessed,pending_human,routine,,0,24,0,32
doc_0056_s024,doc_0056,Literary,Poems,labse,1-1,Ende ni sulim bulu,"Lagu dari seruling bambu,",clean_auto,doc_0056_s024,183,1-1,1,candidate_1_1,unchanged,undetermined,not_assessed,pending_human,routine,,0,18,0,25
doc_0056_s026,doc_0056,Literary,Poems,labse,1-1,Naung mulak sian nalilu,Yang telah kembali dari kesesatan,clean_auto,doc_0056_s026,184,1-1,1,candidate_1_1,unchanged,undetermined,not_assessed,pending_human,routine,,0,23,0,33
doc_0057_s000,doc_0057,Literary,Poems,labse,1-1,Ho do borukku,Engkaulah anak perempuanku,clean_auto,doc_0057_s000,185,1-1,1,candidate_1_1,unchanged,undetermined,not_assessed,pending_human,routine,,0,13,0,26
doc_0057_s001,doc_0057,Literary,Poems,labse,1-1,tappuk ni ate atekki,harapan hatiku,clean_auto,doc_0057_s001,186,1-1,1,candidate_1_1,unchanged,undetermined,not_assessed,pending_human,routine,,0,20,0,14
doc_0057_s002,doc_0057,Literary,Poems,labse,1-1,ho do borukku,engkaulah anak perempuanku,clean_auto,doc_0057_s002,187,1-1,1,candidate_1_1,unchanged,undetermined,not_assessed,pending_human,routine,,0,13,0,26
doc_0057_s003,doc_0057,Literary,Poems,labse,1-1,tappuk ni pusu pusukki,harapan hidupku,clean_auto,doc_0057_s003,188,1-1,1,candidate_1_1,unchanged,undetermined,not_assessed,pending_human,routine,,0,22,0,15
doc_0057_s004,doc_0057,Literary,Poems,labse,1-1,Burju burju maho,Bagus-baguslah kau,clean_auto,doc_0057_s004,189,1-1,1,candidate_1_1,unchanged,undetermined,not_assessed,pending_human,routine,,0,16,0,18
doc_0057_s006,doc_0057,Literary,Poems,labse,1-1,asa dapot ho,agar dapatmu,clean_auto,doc_0057_s006,190,1-1,1,candidate_1_1,unchanged,undetermined,not_assessed,pending_human,routine,,0,12,0,12
doc_0057_s007,doc_0057,Literary,Poems,labse,1-1,na sinitta ni rohami,cita-cita yang kau mimpikan,clean_auto,doc_0057_s007,191,1-1,1,candidate_1_1,unchanged,undetermined,not_assessed,pending_human,routine,,0,20,0,27
doc_0057_s008,doc_0057,Literary,Poems,labse,1-1,Molo matua sogot ahu,Kalau nanti sudah tua aku,clean_auto,doc_0057_s008,192,1-1,1,candidate_1_1,unchanged,undetermined,not_assessed,pending_human,routine,,0,20,0,25
doc_0057_s009,doc_0057,Literary,Poems,labse,1-1,ho do manarihon ahu,engkau yang memperhatikan aku,clean_auto,doc_0057_s009,193,1-1,1,candidate_1_1,unchanged,undetermined,not_assessed,pending_human,routine,,0,19,0,29
doc_0057_s010,doc_0057,Literary,Poems,labse,1-1,molo matinggang ahu inang,kalau nanti aku terjatuh,clean_auto,doc_0057_s010,194,1-1,1,candidate_1_1,unchanged,undetermined,not_assessed,pending_human,routine,,0,25,0,24
doc_0057_s011,doc_0057,Literary,Poems,labse,1-1,ho do namanogu-nogu ahu,engkau yang menuntunku,clean_auto,doc_0057_s011,195,1-1,1,candidate_1_1,unchanged,undetermined,not_assessed,pending_human,routine,,0,23,0,22
doc_0057_s012,doc_0057,Literary,Poems,labse,1-1,Ai ho do borukku,Engkaulah anak perempuanku,clean_auto,doc_0057_s012,196,1-1,1,candidate_1_1,unchanged,undetermined,not_assessed,pending_human,routine,,0,16,0,26
doc_0057_s014,doc_0057,Literary,Poems,labse,1-1,sai sahat ma da na di rohami,semoga tercapai yang kau inginkan,clean_auto,doc_0057_s014,197,1-1,1,candidate_1_1,unchanged,undetermined,not_assessed,pending_human,routine,,0,28,0,33
doc_0057_s015,doc_0057,Literary,Poems,labse,1-1,ai ho do borukku,engkaulah anak perempuanku,clean_auto,doc_0057_s015,198,1-1,1,candidate_1_1,unchanged,undetermined,not_assessed,pending_human,routine,,0,16,0,26
doc_0057_s017,doc_0057,Literary,Poems,labse,1-1,sai sahatma da na di rohami,semoga tercapai yang kau inginkan,clean_auto,doc_0057_s017,199,1-1,1,candidate_1_1,unchanged,undetermined,not_assessed,pending_human,routine,,0,27,0,33
doc_0058_s000,doc_0058,Educational,Book Summary,labse,1-1,Buku Hosmos ni Carl Sagan tudos tu sada dalan na mamboan hita mandalani tano na so hatudosan na bidang jala hahomion.,Buku Kosmos karya Carl Sagan bagaikan portal yang membawa kita menjelajahi alam semesta yang super luas dan penuh misteri.,clean_auto,doc_0058_s000,200,1-1,1,candidate_1_1,unchanged,undetermined,not_assessed,pending_human,routine,,0,117,0,122
doc_0058_s001,doc_0058,Educational,Book Summary,labse,1-1,"Bayangkon ma, portibi holan sada orbuk do di lapangan bola molo ta pa tudos tu kosmos na tung massai balga situtu i!","Bayangkan, Bumi cuma setitik debu di lapangan sepak bola dibandingkan dengan kosmos yang super duper besar!",clean_auto,doc_0058_s001,201,1-1,1,candidate_1_1,unchanged,undetermined,not_assessed,pending_human,routine,,0,116,0,107
doc_0058_s002,doc_0058,Educational,Book Summary,labse,1-1,Parjoloan 1: Rura Pasir ni Lautan Kosmik,Bagian 1: Pantai Samudera Kosmik,clean_auto,doc_0058_s002,202,1-1,1,candidate_1_1,unchanged,undetermined,not_assessed,pending_human,routine,,0,40,0,32
doc_0058_s003,doc_0058,Educational,Book Summary,labse,1-1,Bindu 1: Rimangima songon dia metmet ni hita di tano na so hatudosan on.,Bab 1: Membayangkan betapa kecilnya kita di alam semesta.,clean_auto,doc_0058_s003,203,1-1,1,candidate_1_1,unchanged,undetermined,not_assessed,pending_human,routine,,0,72,0,57
doc_0058_s004,doc_0058,Educational,Book Summary,labse,1-1,Tano on tudos orbuk na martitik di lapangan bola!,Bumi ibarat setitik debu di lapangan sepak bola!,clean_auto,doc_0058_s004,204,1-1,1,candidate_1_1,unchanged,undetermined,not_assessed,pending_human,routine,,0,49,0,48
doc_0058_s005,doc_0058,Educational,Book Summary,labse,1-1,"Olo ma tutu, metmet jala serep do pangkilalaan i?","Waw, kerasa kecil dan rendah hati gak tuh?",clean_auto,doc_0058_s005,205,1-1,1,candidate_1_1,unchanged,undetermined,not_assessed,pending_human,routine,,0,49,0,42
doc_0058_s006_a,doc_0058,Educational,Book Summary,labse,1-1,Bindu 2: Hita dipatandahon tu angka astronom na balga songon Galileo Galilei dohot Johannes Kepler.,Bab 2: Kita diajak berkenalan dengan para astronom keren seperti Galileo Galilei dan Johannes Kepler.,review_fix_split,doc_0058_s006_a,1363,1-2,1,structural_1_1_reviewed,legacy_label_corrected,sentence_candidate,medium,pending_human,routine,Teks tersimpan sudah berupa satu unit pada tiap sisi. Label lama dipertahankan pada original_alignment_type. Makna belum divalidasi anotator.,0,99,0,101
doc_0058_s006_b,doc_0058,Educational,Book Summary,labse,1-1,Angka panjumpaan nasida manoro angka pangaramotan jala mambungka dalan laho mangantusi tano na so hatudosan i lam denggan.,Penemuan mereka menantang dogma dan membuka jalan untuk memahami alam semesta dengan lebih baik.,review_fix_split,doc_0058_s006_b,1364,1-2,1,structural_1_1_reviewed,legacy_label_corrected,sentence_candidate,medium,pending_human,routine,Teks tersimpan sudah berupa satu unit pada tiap sisi. Label lama dipertahankan pada original_alignment_type. Makna belum divalidasi anotator.,0,122,0,96
doc_0058_s007,doc_0058,Educational,Book Summary,labse,1-1,"Bindu 3: Mandalani angka planet di tata surya, suang songon atmosfer, parangena, dohot satelit-na.","Bab 3: Menjelajahi planet-planet di tata surya, termasuk atmosfer, fitur permukaan, dan satelitnya.",clean_auto,doc_0058_s007,206,1-1,1,candidate_1_1,unchanged,undetermined,not_assessed,pending_human,routine,,0,98,0,99
doc_0058_s008,doc_0058,Educational,Book Summary,labse,1-1,Adong do na gabe tudoson ni hangoluan di planet na asing songon Mars!,Ada kemungkinan kehidupan di planet lain seperti Mars lho!,clean_auto,doc_0058_s008,207,1-1,1,candidate_1_1,unchanged,undetermined,not_assessed,pending_human,routine,,0,69,0,58
doc_0058_s009,doc_0058,Educational,Book Summary,labse,1-1,Bindu 4: Patudoshon portibion dohot Venus dohot Mars.,Bab 4: Membandingkan Bumi dengan Venus dan Mars.,clean_auto,doc_0058_s009,208,1-1,1,candidate_1_1,unchanged,undetermined,not_assessed,pending_human,routine,,0,53,0,48
doc_0058_s010,doc_0058,Educational,Book Summary,labse,1-1,"Dipaboa do taringot parasingan ni atmosfer, las niari, dohot aekna nadipatorang ro di ujungna.","Perbedaan atmosfer, suhu, dan airnya dibahas tuntas.",clean_auto,doc_0058_s010,209,1-1,1,candidate_1_1,unchanged,undetermined,not_assessed,pending_human,medium,"Rasio panjang >=2 dengan sisi terpanjang >=10 unit spasi. Ini indikator pemeriksaan, bukan bukti salah terjemahan.",0,94,0,52
doc_0058_s011,doc_0058,Educational,Book Summary,labse,1-1,Hita pe marsiajar taringot muse fek rumah kaca dohot pangkorhonna tu planet i laho maringanan.,Kita juga belajar tentang efek rumah kaca dan pengaruhnya pada kelayakhunian planet.,clean_auto,doc_0058_s011,210,1-1,1,candidate_1_1,unchanged,undetermined,not_assessed,pending_human,routine,,0,94,0,84
doc_0058_s012,doc_0058,Educational,Book Summary,labse,1-1,Parjoloan 2: Sada Soara di Fugue Kosmik,Bagian 2: Satu Suara dalam Fugue Kosmik,clean_auto,doc_0058_s012,211,1-1,1,candidate_1_1,unchanged,undetermined,not_assessed,pending_human,routine,,0,39,0,39
doc_0058_s013__r01,doc_0058,Educational,Book Summary,labse,1-1,Bindu 5: Mangeahi proses evolusi ni bintang.,Bab 5: Menyelami proses evolusi bintang.,review_ok,doc_0058_s013,1376,1-2,1,structural_1_1_reviewed,split_exact_spans,sentence_candidate,high,pending_human,routine,Batas setelah bintang. dipisahkan tanpa mengubah kata. Unit kedua berupa fragmen penjelas.,0,44,0,40
doc_0058_s013__r02,doc_0058,Educational,Book Summary,labse,1-1,"Sian hatutubuna di nebula, sahat tu hamateanna gabe supernova.","Dari lahirnya di nebula, hingga kematiannya sebagai supernova.",review_ok,doc_0058_s013,1376,1-2,2,structural_1_1_reviewed,split_exact_spans,fragment_or_heading,high,pending_human,medium,"Batas setelah bintang. dipisahkan tanpa mengubah kata. Unit kedua berupa fragmen penjelas. | Satu unit berpadanan, bukan klaim satu kalimat lengkap. Tinjau kelayakan UD.",44,106,41,103
doc_0058_s015,doc_0058,Educational,Book Summary,labse,1-1,"Bindu 6: Hita didongani mandalani nebula, inganan hatutubu dohot hamatean ni bintang.","Bab 6: Kita diajak menjelajahi nebula, tempat lahir dan mati bintang.",clean_auto,doc_0058_s015,212,1-1,1,candidate_1_1,unchanged,undetermined,not_assessed,pending_human,routine,,0,85,0,69
doc_0058_s016,doc_0058,Educational,Book Summary,labse,1-1,Hita pe marsiajar taringot pembentukan elemen-elemen na massai borat di bagasan nebula dohot parohana di panjadihon planet.,Kita juga belajar tentang pembentukan elemen-elemen heavier di dalam nebula dan peran mereka dalam pembentukan planet.,clean_auto,doc_0058_s016,213,1-1,1,candidate_1_1,unchanged,undetermined,not_assessed,pending_human,routine,,0,123,0,118
doc_0058_s017,doc_0058,Educational,Book Summary,labse,1-1,Bindu 7:Marpanandaan tu bintang neutron dohot hona-hona na holom.,Bab 7: Berkenalan dengan bintang neutron dan lubang hitam.,clean_auto,doc_0058_s017,214,1-1,1,candidate_1_1,unchanged,undetermined,not_assessed,pending_human,routine,,0,65,0,58
doc_0058_s018,doc_0058,Educational,Book Summary,labse,1-1,"Gogo ni Sintak na So Hatudosan, hinsuna, dohot pangkorhonna tu parpeak dohot tingki di ullos tuntas.","Gravitasi ekstrem, kepadatan, dan efeknya pada ruang dan waktu dibahas tuntas.",clean_auto,doc_0058_s018,215,1-1,1,candidate_1_1,unchanged,undetermined,not_assessed,pending_human,routine,,0,100,0,78
doc_0058_s019,doc_0058,Educational,Book Summary,labse,1-1,Adong do na gabe lubang ut-ut dohot pardalanan ni tingki!,Ada kemungkinan lubang cacing dan perjalanan waktu lho!,clean_auto,doc_0058_s019,216,1-1,1,candidate_1_1,unchanged,undetermined,not_assessed,pending_human,routine,,0,57,0,55
doc_0058_s020,doc_0058,Educational,Book Summary,labse,1-1,Bindu 8: Mambahas tingki dibagasan parpeak ni kosmik.,Bab 8: Membahas konsep waktu dalam konteks kosmik.,clean_auto,doc_0058_s020,217,1-1,1,candidate_1_1,unchanged,undetermined,not_assessed,pending_human,routine,,0,53,0,50
doc_0058_s021,doc_0058,Educational,Book Summary,labse,1-1,"Dilatasi waktu, relativitas, dohot paradoks pardalanan ni tingki di ulloshon dohot las ni roha.","Dilatasi waktu, relativitas, dan paradoks perjalanan waktu dibahas dengan seru.",clean_auto,doc_0058_s021,218,1-1,1,candidate_1_1,unchanged,undetermined,not_assessed,pending_human,routine,,0,95,0,79
doc_0058_s022,doc_0058,Educational,Book Summary,labse,1-1,Parjoloan 3: Hatean ni Portibi .,Bagian 3: Keselarasan Dunia,clean_auto,doc_0058_s022,219,1-1,1,candidate_1_1,unchanged,undetermined,not_assessed,pending_human,routine,,0,32,0,27
doc_0058_s023,doc_0058,Educational,Book Summary,labse,1-1,Bindu 9: Hatorangan taringot tu panjadihon ni galaksi.,Bab 9: Peggambaran tentang pembentukan galaksi.,clean_auto,doc_0058_s023,220,1-1,1,candidate_1_1,unchanged,undetermined,not_assessed,pending_human,routine,,0,54,0,47
doc_0058_s024,doc_0058,Educational,Book Summary,labse,1-1,Sian halo gas dohot orbuk sahat tu parpeak ni spiral dohot elips.,Dari halo gas dan debu hingga struktur spiral dan elips.,clean_auto,doc_0058_s024,221,1-1,1,candidate_1_1,unchanged,undetermined,not_assessed,pending_human,routine,,0,65,0,56
doc_0058_s025,doc_0058,Educational,Book Summary,labse,1-1,Mambahas galaksi dohot parange ni bintang dohot gas di patorang dohot las ni roha.,Klasifikasi galaksi dan pergerakan bintang dan gas di dalamnya dibahas dengan menarik.,clean_auto,doc_0058_s025,222,1-1,1,candidate_1_1,unchanged,undetermined,not_assessed,pending_human,routine,,0,82,0,86
doc_0058_s026,doc_0058,Educational,Book Summary,labse,1-1,"Bindu 10: Mamparpanandaan tu quasar, gogo na balga di tonga-tongani galaksi.","Bab 10: Mengenal quasar, sumber energi raksasa di pusat galaksi.",clean_auto,doc_0058_s026,223,1-1,1,candidate_1_1,unchanged,undetermined,not_assessed,pending_human,routine,,0,76,0,64
doc_0058_s027,doc_0058,Educational,Book Summary,labse,1-1,Parsalionan narara gabe sitindangi bidang ni tano on di ullos tuntas.,Pergeseran merah sebagai bukti ekspansi alam semesta dibahas dengan detail.,clean_auto,doc_0058_s027,224,1-1,1,candidate_1_1,unchanged,undetermined,not_assessed,pending_human,routine,,0,69,0,75
doc_0058_s028,doc_0058,Educational,Book Summary,labse,1-1,Bindu 11: Mangeahi teori Big Bang.,Bab 11: Menyelami teori Big Bang.,clean_auto,doc_0058_s028,225,1-1,1,candidate_1_1,unchanged,undetermined,not_assessed,pending_human,routine,,0,34,0,33
doc_0058_s029,doc_0058,Educational,Book Summary,labse,1-1,"Angka hatorangon sian sinondang perpeakan naparjolo kosmik, nukleosintesis Big Bang, dohot evolusi tano na so hatudosan na parjolo di ullos tuntas.","Bukti-bukti dari radiasi latar belakang kosmik, nukleosintesis Big Bang, dan evolusi alam semesta awal dibahas tuntas.",clean_auto,doc_0058_s029,226,1-1,1,candidate_1_1,unchanged,undetermined,not_assessed,pending_human,routine,,0,147,0,118
doc_0058_s030,doc_0058,Educational,Book Summary,labse,1-1,Teori inflasi dohot songon dia Big Bang boi masa dipatorang.,Teori inflasi dan bagaimana Big Bang mungkin terjadi juga dijelaskan.,clean_auto,doc_0058_s030,227,1-1,1,candidate_1_1,unchanged,undetermined,not_assessed,pending_human,routine,,0,60,0,69
doc_0058_s031,doc_0058,Educational,Book Summary,labse,1-1,Bindu 12: Mandalani na gabe tudosan ni paradianan ni tano na so hatudosan i.,Bab 12: Mengeksplorasi kemungkinan nasib masa depan alam semesta.,clean_auto,doc_0058_s031,228,1-1,1,candidate_1_1,unchanged,undetermined,not_assessed,pending_human,routine,,0,76,0,65
doc_0058_s032,doc_0058,Educational,Book Summary,labse,1-1,"Big Crunch, Big Freeze, manang Big Rip?","Big Crunch, Big Freeze, atau Big Rip?",clean_auto,doc_0058_s032,229,1-1,1,candidate_1_1,unchanged,undetermined,not_assessed,pending_human,routine,,0,39,0,37
doc_0058_s033,doc_0058,Educational,Book Summary,labse,1-1,Hita pe marsiajar taringot pangantusion gogo na holom dohot materi na holom dohot pangkorhonna tu evolusi portibi on.,Kita juga belajar tentang konsep energi gelap dan materi gelap dan pengaruhnya pada evolusi alam semesta.,clean_auto,doc_0058_s033,230,1-1,1,candidate_1_1,unchanged,undetermined,not_assessed,pending_human,routine,,0,117,0,105
doc_0058_s034,doc_0058,Educational,Book Summary,labse,1-1,Parjoloan 4: Banua Ginjang dohot Naraka,Bagian 4: Heaven and Hell,clean_auto,doc_0058_s034,231,1-1,1,candidate_1_1,unchanged,undetermined,not_assessed,pending_human,routine,,0,39,0,25
doc_0058_s035,doc_0058,Educational,Book Summary,labse,1-1,Bindu 13: Hita didongani mangeahi turi-turian ni pardalanan ruang angkasa.,Bab 13: Kita diajak menelusuri sejarah penjelajahan ruang angkasa.,clean_auto,doc_0058_s035,232,1-1,1,candidate_1_1,unchanged,undetermined,not_assessed,pending_human,routine,,0,74,0,66
doc_0058_s036,doc_0058,Educational,Book Summary,labse,1-1,"Ulaon ni Sputnik, Vostok, Apollo, dohot Voyager di ullos dohot las ni roha.","Misi Sputnik, Vostok, Apollo, dan Voyager dibahas dengan seru.",clean_auto,doc_0058_s036,233,1-1,1,candidate_1_1,unchanged,undetermined,not_assessed,pending_human,routine,,0,75,0,62
doc_0058_s037,doc_0058,Educational,Book Summary,labse,1-1,Bindu 14: Manimbang parpeak ni hita di tano na so hatudosan i dohot songon dia parbinotoan kosmik i boi manguba parnidaanta tu portibi on.,Bab 14: Merenungkan tempat kita di alam semesta dan bagaimana pengetahuan kosmik dapat mengubah cara pandang kita terhadap dunia.,clean_auto,doc_0058_s037,234,1-1,1,candidate_1_1,unchanged,undetermined,not_assessed,pending_human,routine,,0,138,0,129
doc_0058_s038,doc_0058,Educational,Book Summary,labse,1-1,"Buku Kosmos i ndada holan taringot sains/parbinotoan taringot tano on, alai taringot las ni roha na naeng mamboto, mangeahi, dohot parpeanta di tano na so hatudosan i.","Buku Kosmos bukan hanya tentang sains, tapi juga tentang rasa ingin tahu, eksplorasi, dan tempat kita di alam semesta.",clean_auto,doc_0058_s038,235,1-1,1,candidate_1_1,unchanged,undetermined,not_assessed,pending_human,routine,,0,167,0,118
doc_0058_s039,doc_0058,Educational,Book Summary,labse,1-1,Buku on ingkon jahaon ni ganup na naeng mandalani angka nalomang ni kosmos dohot manjumpahon alus ni angka sungkun-sungkun na balga taringot hangoluan.,Buku ini wajib dibaca bagi siapa saja yang ingin menjelajahi misteri kosmos dan menemukan jawaban atas pertanyaan-pertanyaan besar tentang kehidupan.,clean_auto,doc_0058_s039,236,1-1,1,candidate_1_1,unchanged,undetermined,not_assessed,pending_human,routine,,0,151,0,149
doc_0058_s041,doc_0058,Educational,Book Summary,labse,1-1,"On holan ringkasan na jempek, godang dope angka na mamboan si las niroha na asing di Pustaha Kosmos (molo na di ginjang).","Ini hanya ringkasan singkat, masih banyak hal menarik lainnya di buku Sapiens.",clean_auto,doc_0058_s041,237,1-1,1,candidate_1_1,unchanged,undetermined,not_assessed,pending_human,routine,,0,121,0,78
doc_0058_s042,doc_0058,Educational,Book Summary,labse,1-1,Unang lupa jaha buku aslina laho mangarimpas parbinotoan na lobi lengkap!,Jangan lupa baca buku aslinya untuk mendapatkan pengalaman yang lebih lengkap!,clean_auto,doc_0058_s042,238,1-1,1,candidate_1_1,unchanged,undetermined,not_assessed,pending_human,medium,"Pasangan persis berulang pada doc_0058_s042, doc_0059_s031. Tidak dihapus karena pengulangan puisi dapat sah.",0,73,0,78
doc_0059_s000,doc_0059,Educational,Book Summary,labse,1-1,Buku Sapiens ni Yuval Noah Harari i manjou hita mandalani pardalanan ni jolma sian tingki naung salpu sahat tu sadarion.,Buku Sapiens karya Yuval Noah Harari mengajak kita menjelajahi perjalanan manusia dari masa lalu hingga sekarang.,clean_auto,doc_0059_s000,239,1-1,1,candidate_1_1,unchanged,undetermined,not_assessed,pending_human,routine,,0,120,0,113
doc_0059_s001,doc_0059,Educational,Book Summary,labse,1-1,"Bayangkon ma, jolma na parjolo holan pinahan na som som, mar evolusi gabe spesies na tung massai timbul di Portibi on!","Bayangkan, manusia yang dulunya cuma hewan biasa, berevolusi menjadi spesies paling top di Bumi!",clean_auto,doc_0059_s001,240,1-1,1,candidate_1_1,unchanged,undetermined,not_assessed,pending_human,routine,,0,118,0,96
doc_0059_s002,doc_0059,Educational,Book Summary,labse,1-1,Parjoloan 1: Revolusi Kognitif,Bagian 1: Revolusi Kognitif,clean_auto,doc_0059_s002,241,1-1,1,candidate_1_1,unchanged,undetermined,not_assessed,pending_human,routine,,0,30,0,27
doc_0059_s003,doc_0059,Educational,Book Summary,labse,1-1,Bindu 1: Pinahan Siborgo-borgo na Marroha: Didongani hita marnida songon dia do Homo sapiens i marpeak sian primata na asing.,Bab 1: Binatang Buas Berakal: Kita diajak ngeliat gimana Homo sapiens berkembang dari primata lain.,clean_auto,doc_0059_s003,242,1-1,1,candidate_1_1,unchanged,undetermined,not_assessed,pending_human,routine,,0,125,0,99
doc_0059_s004,doc_0059,Educational,Book Summary,labse,1-1,"Sai lam timbul do utokutokna dohot gogo ni parnidaanna, na tung marasing do i sian pinahan.","Otak dan kemampuan berpikirnya makin canggih, beda banget sama hewan.",clean_auto,doc_0059_s004,243,1-1,1,candidate_1_1,unchanged,undetermined,not_assessed,pending_human,routine,,0,91,0,69
doc_0059_s005,doc_0059,Educational,Book Summary,labse,1-1,"Bindu 2: Revolusi Kognitif: Hira-hira 70.000 taon naung salpu, masa do Revolusi Kognitif na manguba parngoluon ni jolma i.","Bab 2: Revolusi Kognitif: Sekitar 70.000 tahun lalu, terjadi Revolusi Kognitif yang mengubah cara hidup manusia.",clean_auto,doc_0059_s005,244,1-1,1,candidate_1_1,unchanged,undetermined,not_assessed,pending_human,routine,,0,122,0,112
doc_0059_s006,doc_0059,Educational,Book Summary,labse,1-1,"Godang do angka na mambahen revolusi on masa, songon parsalisian ni ari dohot parsalisian ni ulaon pardongan-dongan.","Ada banyak faktor yang bikin revolusi ini terjadi, kayak perubahan iklim dan sosial.",clean_auto,doc_0059_s006,245,1-1,1,candidate_1_1,unchanged,undetermined,not_assessed,pending_human,routine,,0,116,0,84
doc_0059_s007,doc_0059,Educational,Book Summary,labse,1-1,"Bindu 3: Api: Revolusi Mamarsan: Panjumpaan di api i targoar do manguba tung massai balga evolusi ni jolma i, nang sian parange (biologis) nang sian pardongan-dongan (sosial).","Bab 3: Api: Revolusi Memasak: Penemuan api ternyata ngubah banget evolusi manusia, baik secara biologis maupun sosial.",clean_auto,doc_0059_s007,246,1-1,1,candidate_1_1,unchanged,undetermined,not_assessed,pending_human,routine,,0,175,0,118
doc_0059_s008,doc_0059,Educational,Book Summary,labse,1-1,"Mangaloppa sipanganon i gabe lam mura jala lam margogo, lam tu timbulna dohot utokutok i.","Masak makanan jadi lebih mudah dan bergizi, otak pun makin berkembang.",clean_auto,doc_0059_s008,247,1-1,1,candidate_1_1,unchanged,undetermined,not_assessed,pending_human,routine,,0,89,0,70
doc_0059_s009,doc_0059,Educational,Book Summary,labse,1-1,Bindu 4: Satahi: Revolusi Hata: Nangkok do gogo ni hata i tung massai ringkot di parpeak ni adat dohot peradaban ni jolma i.,Bab 4: Gosip: Revolusi Bahasa: Bahasa punya peran super penting dalam perkembangan budaya dan peradaban manusia.,clean_auto,doc_0059_s009,248,1-1,1,candidate_1_1,unchanged,undetermined,not_assessed,pending_human,routine,,0,124,0,112
doc_0059_s010,doc_0059,Educational,Book Summary,labse,1-1,"Marhite hata, boi do jolma i marsiajar parbinotoan, marsiurupan, jala targoar do marningot angka na so boi idaon.","Dengan bahasa, manusia bisa berbagi pengetahuan, kerjasama, dan bahkan mikir abstrak.",clean_auto,doc_0059_s010,249,1-1,1,candidate_1_1,unchanged,undetermined,not_assessed,pending_human,routine,,0,113,0,85
doc_0059_s011,doc_0059,Educational,Book Summary,labse,1-1,Parjoloan 2: Revolusi Marsiulaon Tano,Bagian 2: Revolusi Pertanian,clean_auto,doc_0059_s011,250,1-1,1,candidate_1_1,unchanged,undetermined,not_assessed,pending_human,routine,,0,37,0,28
doc_0059_s012,doc_0059,Educational,Book Summary,labse,1-1,"Bindu 5: Revolusi Marsiulaon Tano: Hira-hira 10.000 taon naung salpu, jolma i maruba sian marburu-papunguhon tu marsiulaon tano.","Bab 5: Revolusi Pertanian: Sekitar 10.000 tahun lalu, manusia beralih dari berburu-mengumpulkan ke bertani.",clean_auto,doc_0059_s012,251,1-1,1,candidate_1_1,unchanged,undetermined,not_assessed,pending_human,routine,,0,128,0,107
doc_0059_s013,doc_0059,Educational,Book Summary,labse,1-1,"Revolusi on manguba godang, sian bilangan ni jolma, parngoluan, sahat tu uhum pardonganan.","Revolusi ini ngubah banyak hal, mulai dari jumlah manusia, gaya hidup, sampai struktur sosial.",clean_auto,doc_0059_s013,252,1-1,1,candidate_1_1,unchanged,undetermined,not_assessed,pending_human,routine,,0,90,0,94
doc_0059_s014,doc_0059,Educational,Book Summary,labse,1-1,Bindu 6: Angka Suansuanan dohot Pinahan na Manjinakkon Jolma: Domestikasi suansuanan dohot pinahan targoar do manguba parale-aleon ni jolma i dohot alam.,Bab 6: Tanaman dan Ternak Menjinakkan Manusia: Domestikasi tanaman dan hewan ternyata mengubah hubungan manusia dengan alam.,clean_auto,doc_0059_s014,253,1-1,1,candidate_1_1,unchanged,undetermined,not_assessed,pending_human,routine,,0,153,0,124
doc_0059_s015,doc_0059,Educational,Book Summary,labse,1-1,Adong do pangkorhon na denggan dohot na so denggan!,Ada dampak positif dan negatifnya lho!,clean_auto,doc_0059_s015,254,1-1,1,candidate_1_1,unchanged,undetermined,not_assessed,pending_human,routine,,0,51,0,38
doc_0059_s016,doc_0059,Educational,Book Summary,labse,1-1,Bindu 7: Roda: Revolusi Pardalanan: Panjumpaan di roda i mar revolusi tu pardalanan dohot parbinotoan.,Bab 7: Roda: Revolusi Transportasi: Penemuan roda merevolusi transportasi dan perdagangan.,clean_auto,doc_0059_s016,255,1-1,1,candidate_1_1,unchanged,undetermined,not_assessed,pending_human,routine,,0,102,0,90
doc_0059_s017,doc_0059,Educational,Book Summary,labse,1-1,Harajaon-harajaon pe boi do marbalga hatop jala infrastruktur lam tu timbulna.,Kerajaan-kerajaan pun bisa berkembang pesat dan infrastruktur makin canggih.,clean_auto,doc_0059_s017,256,1-1,1,candidate_1_1,unchanged,undetermined,not_assessed,pending_human,routine,,0,78,0,76
doc_0059_s018,doc_0059,Educational,Book Summary,labse,1-1,"Bindu 8: Hepeng: Sistem Haporseaon na Saluhutna: Hepeng, gabe sistem haporseaon na saluhutna, targoar do adong sejarah na ganjang!","Bab 8: Uang: Sistem Kepercayaan Universal: Uang, sebagai sistem kepercayaan universal, ternyata punya sejarah panjang lho!",clean_auto,doc_0059_s018,257,1-1,1,candidate_1_1,unchanged,undetermined,not_assessed,pending_human,routine,,0,130,0,122
doc_0059_s019,doc_0059,Educational,Book Summary,labse,1-1,Hepeng manguba parulaon ni jolma i marbinotoan dohot marsiurupan gabe lobi kompleks.,Uang ngubah cara manusia berdagang dan kerjasama jadi lebih kompleks.,clean_auto,doc_0059_s019,258,1-1,1,candidate_1_1,unchanged,undetermined,not_assessed,pending_human,routine,,0,84,0,69
doc_0059_s020,doc_0059,Educational,Book Summary,labse,1-1,Parjoloan 3: Hasadaon ni Bangso Manisia,Bagian 3: Penyatuan Umat Manusia,clean_auto,doc_0059_s020,259,1-1,1,candidate_1_1,unchanged,undetermined,not_assessed,pending_human,routine,,0,39,0,32
doc_0059_s021,doc_0059,Educational,Book Summary,labse,1-1,Bindu 9: Hasadaon ni Bangso Manisia: Jolma i di ujungna gabe spesies na mangarajai di portibion.,Bab 9: Penyatuan Umat Manusia: Manusia akhirnya menjadi spesies dominan di planet ini.,clean_auto,doc_0059_s021,260,1-1,1,candidate_1_1,unchanged,undetermined,not_assessed,pending_human,routine,,0,96,0,86
doc_0059_s022,doc_0059,Educational,Book Summary,labse,1-1,"Godang do angka na mambahen on masa, songon parbinotoan, imperialisme, dohot panjumpaan na imbaru.","Ada banyak faktor yang bikin hal ini terjadi, kayak perdagangan, imperialisme, dan penemuan baru.",clean_auto,doc_0059_s022,261,1-1,1,candidate_1_1,unchanged,undetermined,not_assessed,pending_human,routine,,0,98,0,97
doc_0059_s023,doc_0059,Educational,Book Summary,labse,1-1,"Bindu 10: Podang, Kuman, dohot Baja: Faktor geografis dohot parsalisian ni ari, ndada bangso manang budaya, na maroha di parpeak ni peradaban ni jolma i na mardongan.","Bab 10: Senjata, Kuman, dan Baja: Faktor geografis dan iklim, bukan ras atau budaya, yang berperan dalam perkembangan peradaban manusia yang berbeda.",clean_auto,doc_0059_s023,262,1-1,1,candidate_1_1,unchanged,undetermined,not_assessed,pending_human,routine,,0,166,0,149
doc_0059_s024,doc_0059,Educational,Book Summary,labse,1-1,"Podang, kuman, dohot baja targoar do adong pangkorhon na balga!","Senjata, kuman, dan baja ternyata punya pengaruh besar lho!",clean_auto,doc_0059_s024,263,1-1,1,candidate_1_1,unchanged,undetermined,not_assessed,pending_human,routine,,0,63,0,59
doc_0059_s025,doc_0059,Educational,Book Summary,labse,1-1,Bindu 11: Harajaon dohot Agama: Harajaon dohot agama i marsiolian do mardongan solhot.,Bab 11: Kerajaan dan Agama: Kerajaan dan agama saling terkait erat.,clean_auto,doc_0059_s025,264,1-1,1,candidate_1_1,unchanged,undetermined,not_assessed,pending_human,routine,,0,86,0,67
doc_0059_s026,doc_0059,Educational,Book Summary,labse,1-1,"Harajaon i ringkot stabilitas dohot ekspansi, alai agama i mangalehon lapatan dohot parsaripeon.","Kerajaan butuh stabilitas dan ekspansi, sedangkan agama menawarkan makna dan komunitas.",clean_auto,doc_0059_s026,265,1-1,1,candidate_1_1,unchanged,undetermined,not_assessed,pending_human,routine,,0,96,0,87
doc_0059_s027,doc_0059,Educational,Book Summary,labse,1-1,"Parale-aleon nasida boi do denggan (mambahen gereja, pansarian ni agama) manang na so denggan (parporangan salib, reformasi Protestan).","Hubungan mereka bisa positif (membangun gereja, penyebaran agama) atau negatif (perang salib, reformasi Protestan).",clean_auto,doc_0059_s027,266,1-1,1,candidate_1_1,unchanged,undetermined,not_assessed,pending_human,routine,,0,135,0,115
doc_0059_s028,doc_0059,Educational,Book Summary,labse,1-1,"Panghorhon dohot Catatan Buku Sapiens i ndada holan taringot sejarah, alai taringot songon dia do jolma i marningot, marparange, dohot marsiolian.","Pengaruh dan Catatan Buku Sapiens itu tidak hanya tentang sejarah, tetapi tentang bagaimana manusia itu mengingat, berperilaku, dan berinteraksi.",review_fix,doc_0059_s028,1451,2-1,1,structural_1_1_reviewed,legacy_label_corrected,sentence_candidate,medium,pending_human,routine,Teks tersimpan sudah berupa satu unit pada tiap sisi. Label lama dipertahankan pada original_alignment_type. Makna belum divalidasi anotator.,0,146,0,145
doc_0059_s029,doc_0059,Educational,Book Summary,labse,1-1,Buku on ingkon jahaon ni ganup na naeng mangantusi asal-usul dohot ari sogot ni bangso manisia.,Buku ini wajib dibaca bagi siapa saja yang ingin memahami asal-usul dan masa depan umat manusia.,clean_auto,doc_0059_s029,267,1-1,1,candidate_1_1,unchanged,undetermined,not_assessed,pending_human,routine,,0,95,0,96
doc_0059_s030,doc_0059,Educational,Book Summary,labse,1-1,"Sipasingot: On holan ringkasan na jempek, godang dope angka na marsomba na asing di buku Sapiens.","Catatan: Ini hanya ringkasan singkat, masih banyak hal menarik lainnya di buku Sapiens.",review_ok,doc_0059_s030,1365,1-2,1,structural_1_1_reviewed,legacy_label_corrected,sentence_candidate,medium,pending_human,routine,Teks tersimpan sudah berupa satu unit pada tiap sisi. Label lama dipertahankan pada original_alignment_type. Makna belum divalidasi anotator.,0,97,0,87
doc_0059_s031,doc_0059,Educational,Book Summary,labse,1-1,Unang lupa jaha buku aslina laho mangarimpas parbinotoan na lobi lengkap!,Jangan lupa baca buku aslinya untuk mendapatkan pengalaman yang lebih lengkap!,clean_auto,doc_0059_s031,268,1-1,1,candidate_1_1,unchanged,undetermined,not_assessed,pending_human,medium,"Pasangan persis berulang pada doc_0058_s042, doc_0059_s031. Tidak dihapus karena pengulangan puisi dapat sah.",0,73,0,78
doc_0060_s000,doc_0060,Educational,Book Summary,labse,1-1,Buku on tung massai direkomendasihon ni dosen na mangajar Mini MBA di Binus.,Buku ini sangat direkomendasikan oleh dosen pengajar Mini MBA di Binus.,clean_auto,doc_0060_s000,269,1-1,1,candidate_1_1,unchanged,undetermined,not_assessed,pending_human,routine,,0,76,0,71
doc_0060_s001,doc_0060,Educational,Book Summary,labse,1-1,"Parjolo, hujaha ma satongkin versi terjemahan-na di Gramedia.","Sebelumnya, saya sempat baca-baca sekilas versi terjemahannya di Gramedia.",clean_auto,doc_0060_s001,270,1-1,1,candidate_1_1,unchanged,undetermined,not_assessed,pending_human,routine,,0,61,0,74
doc_0060_s002,doc_0060,Educational,Book Summary,labse,1-1,Alai boasa ma hatana i hurang marsomba?,Tapi kok bahasanya kurang menarik.,clean_auto,doc_0060_s002,271,1-1,1,candidate_1_1,unchanged,undetermined,not_assessed,pending_human,routine,,0,39,0,34
doc_0060_s003,doc_0060,Educational,Book Summary,labse,1-1,"Sai husungkun-sungkun ma, alani panurirangon i do na hurang pas manang tutu do isi ni buku i holan hatahata rompang songon godang ni buku na somal?","Saya sempat bertanya-tanya, karena penerjemahannya yang kurang pas atau memang isi bukunya yang cuma omong kosong seperti banyak buku pada umumnya.",clean_auto,doc_0060_s003,272,1-1,1,candidate_1_1,unchanged,undetermined,not_assessed,pending_human,routine,,0,147,0,147
doc_0060_s004,doc_0060,Educational,Book Summary,labse,1-1,"Alai, dung direkomendasihon sahalak dosen di bidang na sarupa, tontu ma gabe marasing.","Namun, setelah direkomendasikan oleh seorang dosen di bidang yang sama tentu jadi lain cerita.",clean_auto,doc_0060_s004,273,1-1,1,candidate_1_1,unchanged,undetermined,not_assessed,pending_human,routine,,0,86,0,94
doc_0060_s005,doc_0060,Educational,Book Summary,labse,1-1,Hutuhor buku versi English-na marhite online.,Saya langsung membeli buku versi englishnya lewat online.,clean_auto,doc_0060_s005,274,1-1,1,candidate_1_1,unchanged,undetermined,not_assessed,pending_human,routine,,0,45,0,57
doc_0060_s006,doc_0060,Educational,Book Summary,labse,1-1,Dung sahat buku i tu hita.,Begitu buku saya terima.,clean_auto,doc_0060_s006,275,1-1,1,candidate_1_1,unchanged,undetermined,not_assessed,pending_human,routine,,0,26,0,24
doc_0060_s007,doc_0060,Educational,Book Summary,labse,1-1,"Kesan parjolo i ma, gaya panuraton ni buku on tung massai tarsunggul do jala mihal.","Kesan pertama adalah, gaya penulisan buku ini sangat renyah dan ringan.",clean_auto,doc_0060_s007,276,1-1,1,candidate_1_1,unchanged,undetermined,not_assessed,pending_human,routine,,0,83,0,71
doc_0060_s008,doc_0060,Educational,Book Summary,labse,1-1,Alai bindu panjahana i taringot ekonomi dohot parhepengon.,Padahal topik pembahasannya tentang ekonomi dan keuangan.,clean_auto,doc_0060_s008,277,1-1,1,candidate_1_1,unchanged,undetermined,not_assessed,pending_human,routine,,0,58,0,57
doc_0060_s009,doc_0060,Educational,Book Summary,labse,1-1,"Balga dohot hantusal-na pe pas do, ndang hantusan jala ndang hapisasan.","Ukuran dan ketebalannya pun cukup, tidak ketebalan dan tidak ketipisan.",clean_auto,doc_0060_s009,278,1-1,1,candidate_1_1,unchanged,undetermined,not_assessed,pending_human,routine,,0,71,0,71
doc_0060_s010,doc_0060,Educational,Book Summary,labse,1-1,"Marhite hata na asing, very well designed.","Dengan kata lain, very well designed.",clean_auto,doc_0060_s010,279,1-1,1,candidate_1_1,unchanged,undetermined,not_assessed,pending_human,routine,,0,42,0,37
doc_0060_s012,doc_0060,Educational,Book Summary,labse,1-1,Buku on mamungka dohot mambahas boasa ma godang jolma na marroha hape nasida mambuat uhum parhepengon na gabe tabortabo jala na so boi antusan ni jolma na asing.,Buku ini memulai dengan membahas mengapa banyak orang waras namun mereka mengambil keputusan keuangan yang terlihat gila dan tidak dapat dimengerti orang lain.,clean_auto,doc_0060_s012,280,1-1,1,candidate_1_1,unchanged,undetermined,not_assessed,pending_human,routine,,0,161,0,159
doc_0060_s013,doc_0060,Educational,Book Summary,labse,1-1,Aha do na mambahen nasida songon i?,Apa yang menyebabkan mereka begitu?,clean_auto,doc_0060_s013,281,1-1,1,candidate_1_1,unchanged,undetermined,not_assessed,pending_human,routine,,0,35,0,35
doc_0060_s014,doc_0060,Educational,Book Summary,labse,1-1,Targoar do fenomena i dibina panghorhon na parjolo ni situasi ekonomi tingki nasida balga.,Ternyata fenomena tersebut disebabkan oleh latar belakang situasi ekonomi ketika mereka tumbuh dewasa.,clean_auto,doc_0060_s014,282,1-1,1,candidate_1_1,unchanged,undetermined,not_assessed,pending_human,routine,,0,90,0,102
doc_0060_s015,doc_0060,Educational,Book Summary,labse,1-1,Alani aha na hataon tabortabo ni sahalak jolma dihatahon som som ni jolma na asing.,Jadi apa yang dianggap gila oleh seseorang dianggap biasa saja oleh orang lainnya.,clean_auto,doc_0060_s015,283,1-1,1,candidate_1_1,unchanged,undetermined,not_assessed,pending_human,routine,,0,83,0,82
doc_0060_s016,doc_0060,Educational,Book Summary,labse,1-1,Boasa ma adong dope jolma na mamboli karcis lotere?,Mengapa masih ada orang yang membeli karcis lotere?,clean_auto,doc_0060_s016,284,1-1,1,candidate_1_1,unchanged,undetermined,not_assessed,pending_human,routine,,0,51,0,51
doc_0060_s017,doc_0060,Educational,Book Summary,labse,1-1,Alana halaki pogos.,Karena mereka miskin.,clean_auto,doc_0060_s017,285,1-1,1,candidate_1_1,unchanged,undetermined,not_assessed,pending_human,routine,,0,19,0,21
doc_0060_s018,doc_0060,Educational,Book Summary,labse,1-1,Hapogoson i mambahen nasida porsea ndang dapotan nasida hasangapon na dihalashon ni halak parruas na tonga manang na di ginjangna.,Kemiskinan tersebut membuat mereka yakin mereka tidak akan dapat menikmati kemewahan yang dinikmati oleh masyarakat kelas menengah atau di atasnya.,clean_auto,doc_0060_s018,286,1-1,1,candidate_1_1,unchanged,undetermined,not_assessed,pending_human,routine,,0,130,0,147
doc_0060_s019,doc_0060,Educational,Book Summary,labse,1-1,"Di nasida, angka jolma na boi mamboli jabu sandiri... i ma angka jolma na mangolu di parnipion.","Bagi mereka, orang-orang yang bisa membeli rumah sendiri, bisa menyekolahkan anaknya sampai perguruan tinggi, membeli mobil baru, mempunyai asuransi kesehatan, rumahnya di cluster yang aman adalah orang-orang yang hidup di alam mimpi.",clean_auto,doc_0060_s019,287,1-1,1,candidate_1_1,unchanged,undetermined,not_assessed,pending_human,routine,,0,95,0,234
doc_0060_s020,doc_0060,Educational,Book Summary,labse,1-1,Jala naeng patulushon nipi i nasida marhite lotere.,Dan mereka ingin mencapai impian itu lewat lotere.,clean_auto,doc_0060_s020,288,1-1,1,candidate_1_1,unchanged,undetermined,not_assessed,pending_human,routine,,0,51,0,50
doc_0060_s021,doc_0060,Educational,Book Summary,labse,1-1,Pasu-pasu dohot Marsitaon,Hoki dan Apes,clean_auto,doc_0060_s021,289,1-1,1,candidate_1_1,unchanged,undetermined,not_assessed,pending_human,routine,,0,25,0,13
doc_0060_s022,doc_0060,Educational,Book Summary,labse,1-1,Bill Gates boi gabe pengusaha software na monang alana marpasu-pasu ibana boi marsingkola di singkola na mora.,Bill Gates bisa menjadi pengusaha software yang sukses karena dia hoki bisa bersekolah di sebuah sekolah kaya.,clean_auto,doc_0060_s022,290,1-1,1,candidate_1_1,unchanged,undetermined,not_assessed,pending_human,routine,,0,110,0,110
doc_0060_s023,doc_0060,Educational,Book Summary,labse,1-1,Jala singkola i marpasu-pasu do boi adong sahalak guru na mamajuhon pangalompaon ni komputer (di tingki i komputer tung massai balga jala arga situtu) asa adong dalan ni ianakkon na tu komputer jala ture di ari sogot.,Dan sekolah tersebut hoki bisa punya seorang guru yang memperjuangkan pembelian komputer (waktu itu komputer sangat besar dan sangat mahal) supaya anak didiknya punya akses ke komputer dan siap untuk masa depan.,clean_auto,doc_0060_s023,291,1-1,1,candidate_1_1,unchanged,undetermined,not_assessed,pending_human,routine,,0,217,0,211
doc_0060_s024,doc_0060,Educational,Book Summary,labse,1-1,"Jadi boi do hataonta, Bill Gates boi samora sadarion alana ibana marpasu-pasu.","Jadi kita bisa bilang, Bill Gates bisa sekaya sekarang karena dia hoki.",clean_auto,doc_0060_s024,292,1-1,1,candidate_1_1,unchanged,undetermined,not_assessed,pending_human,routine,,0,78,0,71
doc_0060_s025,doc_0060,Educational,Book Summary,labse,1-1,"Alai, molo mambahas hoki i targoar do hita ingkon mambahas sibolaon, i ma marsitaon.","Namun, membicarakan hoki berarti kita harus membicarakan sisi sebelahnya, yaitu apes.",clean_auto,doc_0060_s025,293,1-1,1,candidate_1_1,unchanged,undetermined,not_assessed,pending_human,routine,,0,84,0,85
doc_0060_s026,doc_0060,Educational,Book Summary,labse,1-1,"Di tingki di singkola na sarupa, adong do dua ale-ale ni Bill Gates.","Sewaktu di sekolah yang sama, Bill Gates punya dua teman.",clean_auto,doc_0060_s026,294,1-1,1,candidate_1_1,unchanged,undetermined,not_assessed,pending_human,routine,,0,68,0,57
doc_0060_s027,doc_0060,Educational,Book Summary,labse,1-1,Goarna i ma Kent Evans dohot Paul Allen.,Namanya Kent Evans dan Paul Allen.,clean_auto,doc_0060_s027,295,1-1,1,candidate_1_1,unchanged,undetermined,not_assessed,pending_human,routine,,0,40,0,34
doc_0060_s028,doc_0060,Educational,Book Summary,labse,1-1,"Dung balga nasida, dipajongjong Bill dohot Paul ma Microsoft rap.",Ketika dewasa Bill dan Paul mendirikan Microsoft bersama.,clean_auto,doc_0060_s028,296,1-1,1,candidate_1_1,unchanged,undetermined,not_assessed,pending_human,routine,,0,65,0,57
doc_0060_s029,doc_0060,Educational,Book Summary,labse,1-1,Dung i aha ma na masa tu Kent?,Lalu apa yang terjadi dengan Kent?,clean_auto,doc_0060_s029,297,1-1,1,candidate_1_1,unchanged,undetermined,not_assessed,pending_human,routine,,0,30,0,34
doc_0060_s030,doc_0060,Educational,Book Summary,labse,1-1,Ingkon gabe sahalak founder Microsoft do ibana hape Kent marsitao.,Seharusnya Kent bisa menjadi salah satu founder Microsoft namun Kent mengalami nasib apes.,clean_auto,doc_0060_s030,298,1-1,1,candidate_1_1,unchanged,undetermined,not_assessed,pending_human,routine,,0,66,0,90
doc_0060_s031,doc_0060,Educational,Book Summary,labse,1-1,Kent monding tingki manaik dolok.,Kent tewas ketika naik gunung.,clean_auto,doc_0060_s031,299,1-1,1,candidate_1_1,unchanged,undetermined,not_assessed,pending_human,routine,,0,33,0,30
doc_0060_s032,doc_0060,Educational,Book Summary,labse,1-1,"Marhite i, boi do sipunihonta, panghulaan sandiri i ndada faktor panentu.","Dengan begitu, kita bisa simpulkan, usaha individu bukan faktor penentu.",clean_auto,doc_0060_s032,300,1-1,1,candidate_1_1,unchanged,undetermined,not_assessed,pending_human,routine,,0,73,0,72
doc_0060_s033,doc_0060,Educational,Book Summary,labse,1-1,"Adong do faktor na asing na manontuhon hasusorna, i ma faktor hoki dohot apes.","Ada faktor lain yang menentukan hasil akhirnya, yaitu faktor hoki dan apes.",clean_auto,doc_0060_s033,301,1-1,1,candidate_1_1,unchanged,undetermined,not_assessed,pending_human,routine,,0,78,0,75
doc_0060_s034,doc_0060,Educational,Book Summary,labse,1-1,"Jala alani i, unang ma gabe tudos manilai monang ni hepeng ni sahalak jolma manang diri sandiri alana faktor panentu i ndada panghulaan nasida sandiri alai adong do unsur Pasu-pasu dohot Marsitaon.","Dan karena itu, janganlah terlalu kejam menilai kesuksesan finansial seseorang atau pun diri sendiri karena faktor penentu bukanlah usaha mereka sendiri tapi ada unsur hoki dan apes.",clean_auto,doc_0060_s034,302,1-1,1,candidate_1_1,unchanged,undetermined,not_assessed,pending_human,routine,,0,197,0,182
doc_0060_s035,doc_0060,Educational,Book Summary,labse,1-1,"Targoar pe, Robert Shiller, na monang Nobel Ekonomi, mandok hoki i tutu do maroha di hasusor na ujung.","Bahkan, Robert Shiller, pemenang Nobel Ekonomi mengatakan hoki memang berperan dalam hasil akhir.",clean_auto,doc_0060_s035,303,1-1,1,candidate_1_1,unchanged,undetermined,not_assessed,pending_human,routine,,0,102,0,97
doc_0060_s036,doc_0060,Educational,Book Summary,labse,1-1,Roha na Tuk,Merasa Cukup,clean_auto,doc_0060_s036,304,1-1,1,candidate_1_1,unchanged,undetermined,not_assessed,pending_human,routine,,0,11,0,12
doc_0060_s037,doc_0060,Educational,Book Summary,labse,1-1,Godang do jolma naung massai mora hape tarpajak di bagasan i.,Banyak orang yang sudah super duper kaya namun mereka terjebak di dalamnya.,clean_auto,doc_0060_s037,305,1-1,1,candidate_1_1,unchanged,undetermined,not_assessed,pending_human,routine,,0,61,0,75
doc_0060_s038,doc_0060,Educational,Book Summary,labse,unresolved,Nasida ndang boi manunda jala sai naeng lobi dope.,Mereka tidak dapat berhenti dan selalu ingin lebih. Mereka belum mengenal rasa cukup.,review_ok,doc_0060_s038,1347,1-2,1,needs_review,flag_only,undetermined,undetermined,pending_human,high,Kalimat Indonesia Mereka belum mengenal rasa cukup tidak mempunyai kalimat padanan eksplisit di Toba.,0,50,0,85
doc_0060_s039,doc_0060,Educational,Book Summary,labse,1-1,Pangidoan na sai naeng lobi on godang do na mambahen nasida gabe tullang tu hamagoan songon ditutup alana tarboto mangalaon uhum holan laho pamahahon haingotanna laho mandapot na lobi dope.,Keinginan untuk selalu lebih ini banyak yang membuat mereka terjerumus dalam kehancuran seperti dipenjara karena terbukti melanggar hukum demi memuaskan kerakusannya untuk mendapatkan yang lebih lagi.,clean_auto,doc_0060_s039,306,1-1,1,candidate_1_1,unchanged,undetermined,not_assessed,pending_human,routine,,0,189,0,200
doc_0060_s040,doc_0060,Educational,Book Summary,labse,1-1,Hagagatan ni Bunga na Mangebang,Keajaiban Bunga Berbunga,clean_auto,doc_0060_s040,307,1-1,1,candidate_1_1,unchanged,undetermined,not_assessed,pending_human,routine,,0,31,0,24
doc_0060_s041,doc_0060,Educational,Book Summary,labse,1-1,Warren Buffet boi samora sadarion ndada alana ibana investor na mangalehon hasusor na timbul situtu marsiolian.,Warren Buffet bisa sekaya sekarang bukan karena dia adalah investor yang memberikan hasil tertinggi berturut-turut.,clean_auto,doc_0060_s041,308,1-1,1,candidate_1_1,unchanged,undetermined,not_assessed,pending_human,routine,,0,111,0,115
doc_0060_s042,doc_0060,Educational,Book Summary,labse,1-1,"Alai, alana hot do ibana marinvestasi sian na poso jala mangkorhon hasusor na tuk.","Namun, karena beliau konsisten berinvestasi sejak muda dan menghasilkan hasil yang cukup.",clean_auto,doc_0060_s042,309,1-1,1,candidate_1_1,unchanged,undetermined,not_assessed,pending_human,routine,,0,82,0,89
doc_0060_s043,doc_0060,Educational,Book Summary,labse,1-1,Jala hasusor na tarsongon i mandapot pangapulan sian compounding interest manang bunga na mangebang.,Dan hasil secukupnya tersebut mendapat percepatan dari compounding interest atau bunga berbunga.,clean_auto,doc_0060_s043,310,1-1,1,candidate_1_1,unchanged,undetermined,not_assessed,pending_human,routine,,0,100,0,96
doc_0060_s044,doc_0060,Educational,Book Summary,labse,1-1,"Songon umpama, otik-otik gabe rura.","Seperti pribahasa, dikit-dikit menjadi bukit.",clean_auto,doc_0060_s044,311,1-1,1,candidate_1_1,unchanged,undetermined,not_assessed,pending_human,routine,,0,35,0,45
doc_0060_s045,doc_0060,Educational,Book Summary,labse,1-1,Gabe Mora manang Mangarajai Hatiuron,Menjadi kaya atau menguasai pencerahan,review_fix,doc_0060_s045,1339,1-2,1,structural_1_1_reviewed,legacy_label_corrected,fragment_or_heading,medium,pending_human,medium,"Teks tersimpan sudah berupa satu unit pada tiap sisi. Label lama dipertahankan pada original_alignment_type. Makna belum divalidasi anotator. | Judul, fragmen, atau pengantar ujaran. Satu pasangan tidak otomatis satu kalimat lengkap.",0,36,0,38
doc_0060_s046_a,doc_0060,Educational,Book Summary,labse,1-1,"Godang do jolma na boi gabe mora dohot mura, hape talu nasida manjaga hangoluan asa sai mora.","Banyak orang yang bisa menjadi kaya dengan mudah, tapi mereka gagal menjaga kehidupannya agar tetap kaya.",review_fix_split,doc_0060_s046_a,1354,1-2,1,structural_1_1_reviewed,legacy_label_corrected,sentence_candidate,medium,pending_human,routine,Teks tersimpan sudah berupa satu unit pada tiap sisi. Label lama dipertahankan pada original_alignment_type. Makna belum divalidasi anotator.,0,93,0,105
doc_0060_s046_b,doc_0060,Educational,Book Summary,labse,1-1,"Asa, pusat ni rohatta ingkon unang ma eahi investasi na mangalehon pandapatan na sasadia na tung timbul, hape ndang tolap hita maniop resikona molo marsitaon.","Maka, pusat hati kita janganlah mengejar investasi yang memberikan pendapatan yang sebesar-besarnya, padahal kita tidak sanggup menahan risikonya kalau rugi.",review_fix_split,doc_0060_s046_b,1355,1-2,1,structural_1_1_reviewed,legacy_label_corrected,sentence_candidate,medium,pending_human,routine,Teks tersimpan sudah berupa satu unit pada tiap sisi. Label lama dipertahankan pada original_alignment_type. Makna belum divalidasi anotator.,0,158,0,157
doc_0060_s046_c,doc_0060,Educational,Book Summary,labse,1-1,Eahii investasi na mangalehon pandapatan na tuk na ringkot boi do hita mangatur resiko asa ndang be hancur hita molo marsitaon.,"Kejarlah investasi yang memberikan pendapatan yang cukup dan penting, yang bisa kita atur risikonya agar kita tidak hancur jika mengalami kerugian.",review_fix_split,doc_0060_s046_c,1356,1-2,1,structural_1_1_reviewed,legacy_label_corrected,sentence_candidate,medium,pending_human,routine,Teks tersimpan sudah berupa satu unit pada tiap sisi. Label lama dipertahankan pada original_alignment_type. Makna belum divalidasi anotator.,0,127,0,147
doc_0060_s047,doc_0060,Educational,Book Summary,labse,1-1,Marujung di Tails jala Monang,Berakhir di Tails Dan Menang,clean_auto,doc_0060_s047,312,1-1,1,candidate_1_1,unchanged,undetermined,not_assessed,pending_human,routine,,0,29,0,28
doc_0060_s048,doc_0060,Educational,Book Summary,labse,1-1,Di parbinotoan statistik probabilitas adong do goarna Tails.,Dalam ilmu statistik probabilitas ada namanya istilah Tails.,clean_auto,doc_0060_s048,313,1-1,1,candidate_1_1,unchanged,undetermined,not_assessed,pending_human,routine,,0,60,0,60
doc_0060_s049,doc_0060,Educational,Book Summary,labse,1-1,Istilah on marujuk tu hagabean ni parsidungon na marujung tu sibolaon na massai dao sian kurva panirang.,Istilah ini mengacu kepada kemungkinan percobaan berakhir ke sisi terjauh dari kurva distribusi.,clean_auto,doc_0060_s049,314,1-1,1,candidate_1_1,unchanged,undetermined,not_assessed,pending_human,routine,,0,104,0,96
doc_0060_s050,doc_0060,Educational,Book Summary,labse,1-1,"Alai, di pangulahian ni investasi, hadirna situasi tail on bohado mambahen hita gabe mora dohot hatop.","Namun, dalam berinvestasi, justru munculnya situasi tail ini malah bisa membuat kita kaya mendadak.",clean_auto,doc_0060_s050,315,1-1,1,candidate_1_1,unchanged,undetermined,not_assessed,pending_human,routine,,0,102,0,99
doc_0060_s051,doc_0060,Educational,Book Summary,labse,1-1,"Di dunia startup adong do sipaingot, laho monang ingkon patimbulonmu do bilangan ni hataluonmu.","Dalam dunia startup ada semboyan, to be successful you have to increase your failure rate.",clean_auto,doc_0060_s051,316,1-1,1,candidate_1_1,unchanged,undetermined,not_assessed,pending_human,routine,,0,95,0,90
doc_0060_s052,doc_0060,Educational,Book Summary,labse,1-1,"Ingkon jangkonon hita do fenomena tails on na jotjot masa di dunia bisnis, investasi dohot parhepengon.","Kita harus menerima fenomena tails ini akan sering terjadi dalam dunia bisnis , investasi dan keuangan.",clean_auto,doc_0060_s052,317,1-1,1,candidate_1_1,unchanged,undetermined,not_assessed,pending_human,routine,,0,103,0,103
doc_0060_s053,doc_0060,Educational,Book Summary,labse,1-1,"Marhite i, nangpe jotjot do hita talu alai di tingki na sada masa do hita tails jala mandapot hasusor na massai balga.","Dengan begitu, walaupun kita mungkin sering gagal namun pada satu waktu kita akan mengalami tails dan mendapatkan hasil yang sangat besar.",clean_auto,doc_0060_s053,318,1-1,1,candidate_1_1,unchanged,undetermined,not_assessed,pending_human,routine,,0,118,0,138
doc_0060_s054,doc_0060,Educational,Book Summary,labse,1-1,"Di dunia perfilman Indonesia, adong do hata na hot, “Som som do parmonang i talu parjolo"".","Dalam dunia perfilman Indonesia, ada adagium, “Biasa jagoan mah kalah dulu baru menang”.",clean_auto,doc_0060_s054,319,1-1,1,candidate_1_1,unchanged,undetermined,not_assessed,pending_human,routine,,0,90,0,88
doc_0060_s056_a,doc_0060,Educational,Book Summary,labse,1-1,Manginganan hepeng na massai godang ndada tujuan na parjolo.,Memiliki uang yang sangat banyak bukanlah tujuan utama.,review_fix_split,doc_0060_s056_a,1374,1-2,1,structural_1_1_reviewed,legacy_label_corrected,sentence_candidate,medium,pending_human,routine,Teks tersimpan sudah berupa satu unit pada tiap sisi. Label lama dipertahankan pada original_alignment_type. Makna belum divalidasi anotator.,0,60,0,55
doc_0060_s056_b,doc_0060,Educational,Book Summary,labse,1-1,Alana hasusor na timbul situtu i ma tingki boi do hita mangalehon-alehon manghabishon tingki.,Karena hasil akhir paling tinggi adalah ketika kita bisa memiiliki kebebasan untuk menghabiskan waktu.,review_fix_split,doc_0060_s056_b,1375,1-2,1,structural_1_1_reviewed,legacy_label_corrected,sentence_candidate,medium,pending_human,routine,Teks tersimpan sudah berupa satu unit pada tiap sisi. Label lama dipertahankan pada original_alignment_type. Makna belum divalidasi anotator.,0,93,0,102
doc_0060_s057,doc_0060,Educational,Book Summary,labse,1-1,"Amerika Serikat i ma huta na massai mora di sejarah ni portibi, hape otik do pangisina na las roha.",Amerika Serikat adalah negara terkaya dalam sejarah dunia namun rata-rata penduduknya sedikit sekali yang bahagia.,clean_auto,doc_0060_s057,320,1-1,1,candidate_1_1,unchanged,undetermined,not_assessed,pending_human,routine,,0,99,0,114
doc_0060_s058_a,doc_0060,Educational,Book Summary,labse,1-1,Targoar do ndang las roha nasida songon di taon 1950-an tingki hatiuron nasida massai dao di toru ni sadarion.,Bahkan tidak sebahagia di tahun 1950-an ketika kekayaan mereka jauh di bawah sekarang.,review_fix_split,doc_0060_s058_a,1369,1-2,1,structural_1_1_reviewed,legacy_label_corrected,fragment_or_heading,medium,pending_human,medium,"Teks tersimpan sudah berupa satu unit pada tiap sisi. Label lama dipertahankan pada original_alignment_type. Makna belum divalidasi anotator. | Judul, fragmen, atau pengantar ujaran. Satu pasangan tidak otomatis satu kalimat lengkap.",0,110,0,86
doc_0060_s058_b,doc_0060,Educational,Book Summary,labse,1-1,"Pangkorhon i ma, ditukar nasida do haleon-aleon nasida manghabishon tingki holan laho mandapot hatiuron na lobi balga dope.",Penyebabnya adalah mereka menukar kebebasan mereka untuk menghabiskan waktu demi mendapatkan kekayaan yang lebih besar lagi.,review_fix_split,doc_0060_s058_b,1370,1-2,1,structural_1_1_reviewed,legacy_label_corrected,sentence_candidate,medium,pending_human,routine,Teks tersimpan sudah berupa satu unit pada tiap sisi. Label lama dipertahankan pada original_alignment_type. Makna belum divalidasi anotator.,0,123,0,124
doc_0060_s059,doc_0060,Educational,Book Summary,labse,1-1,Sai Manabun ma,Teruslah Menabung,clean_auto,doc_0060_s059,321,1-1,1,candidate_1_1,unchanged,undetermined,not_assessed,pending_human,routine,,0,14,0,17
doc_0060_s060,doc_0060,Educational,Book Summary,labse,1-1,Mambahen hatiuron ndang adong hubunganna dohot balgana pandapotan alai sadia balgana hepeng na ditabungmu.,Membangun kekayaan tidak ada hubungannya dengan besarnya pendapatan tapi berapa besar uang yang anda tabung.,clean_auto,doc_0060_s060,322,1-1,1,candidate_1_1,unchanged,undetermined,not_assessed,pending_human,routine,,0,106,0,108
doc_0060_s061,doc_0060,Educational,Book Summary,labse,1-1,Godang dope na asing na disurat di bagasan bukuna i hape hupas ma sahat tu on.,Masih banyak lagi yang ditulis di dalam bukunya namun saya cukupkan sampai di sini.,clean_auto,doc_0060_s061,323,1-1,1,candidate_1_1,unchanged,undetermined,not_assessed,pending_human,routine,,0,78,0,83
doc_0061_s000,doc_0061,Educational,Quotes,labse,1-1,Goar ni Buku: Huta na Pantas Marparbinotoan jala na Hot,Judul buku : Kota Cerdas Berkelanjutan,clean_auto,doc_0061_s000,324,1-1,1,candidate_1_1,unchanged,undetermined,not_assessed,pending_human,routine,,0,55,0,38
doc_0061_s001,doc_0061,Educational,Quotes,labse,1-1,"Panurat: Nirwono Joga, dohot donganna (dkk)","Penulis : Nirwono Joga, dkk",clean_auto,doc_0061_s001,325,1-1,1,candidate_1_1,unchanged,undetermined,not_assessed,pending_human,routine,,0,43,0,27
doc_0061_s002,doc_0061,Educational,Quotes,labse,1-1,Penerbit: PT. Gramedia Pustaka Utama,Penerbit : PT. Gramedia Pustaka Utama,clean_auto,doc_0061_s002,326,1-1,1,candidate_1_1,unchanged,undetermined,not_assessed,pending_human,routine,,0,36,0,37
doc_0061_s004,doc_0061,Educational,Quotes,labse,1-1,"Buku Huta na Pantas Marparbinotoan na sinurat ni Nirwono Joga dohot dongan na, i ma buku na mambahas taringot tudosan na ringkot di bagasan na pajongjong huta na pantas marparbinotoan jala na hot, i ma sian na marparange, pangaturon ni inganan, pangaloion, dohot pangangkatahon.","Buku Kota Cerdas Berkelanjutan karya Nirwono Joga dan kawan-kawan merupakan buku yang membahas mengenai isu strategis dalam membangun perkotaan yang cerdas berkelanjutan mulai dari perencanaan, penataan ruang, pengelolaan, dan pengembangan.",clean_auto,doc_0061_s004,327,1-1,1,candidate_1_1,unchanged,undetermined,not_assessed,pending_human,routine,,0,278,0,240
doc_0061_s005,doc_0061,Educational,Quotes,labse,1-1,"Huta gabe pusat ni ulaon ni bangso nang pamarentahan ingkon patujolohon nilai-nilai na denggan tu parngoluon tano, denggan tu parngoluon pardangingan, dohot na hot.","Kota sebagai pusat kegiatan masyarakat maupun pemerintahan perlu mengedepankan nilai-nilai ramah lingkungan, ramah sosial, dan keberlanjutan.",clean_auto,doc_0061_s005,328,1-1,1,candidate_1_1,unchanged,undetermined,not_assessed,pending_human,routine,,0,164,0,141
doc_0061_s006,doc_0061,Educational,Quotes,labse,1-1,"Pangallanggaran ni huta na pantas marparbinotoan jala na hot i, ingkon manimbangon godang ragam ni parsiajaran, sian parsiajaran parngoluon pardangingan, parsiajaran parngoluon tano, parsiajaran parngoluon inganan, dohot parsiajaran parngoluon parhepengon.","Pembangunan kota cerdas berkelanjutan perlu mempertimbangkan berbagai aspek mulai dari aspek sosial budaya, aspek lingkungan, aspek tata ruang, dan aspek ekonomi.",clean_auto,doc_0061_s006,329,1-1,1,candidate_1_1,unchanged,undetermined,not_assessed,pending_human,routine,,0,256,0,162
doc_0061_s007,doc_0061,Educational,Quotes,labse,1-1,"Andorang so diulahon dope pangallanggaran ni huta na pantas marparbinotoan jala na hot i, ingkon tontuon jolo angka parsoalan na jotjot masa di huta bolon.","Sebelum melakukan pembangunan kota cerdas berkelanjutan, perlu mengidentifikasi permasalahan yang kerap terjadi di perkotaan.",clean_auto,doc_0061_s007,330,1-1,1,candidate_1_1,unchanged,undetermined,not_assessed,pending_human,routine,,0,155,0,125
doc_0061_s008,doc_0061,Educational,Quotes,labse,1-1,"Di bagasan buku on, dipatorangon adong onom parsoalan, i ma parsatongkinan ni parngoluon pardangingan dohot parpangarantoan, parsoalan pangaturon ni inganan, parngoluon tano ekologis ni huta bolon, ruji-ruji ni ulaon ni huta, paraloan ni huta dohot luat, dohot ulaon na ringkot dohot inganan parbagasan.","Dalam buku ini dijelaskan terdapat enam permasalahan, diantaranya kohesi sosial demografis, permasalahan tata ruang, lingkungan ekologis perkotaan, kerangka kerja perkotaan, kesenjangan desa-kota, dan pelayanan dasar serta pemukiman.",clean_auto,doc_0061_s008,331,1-1,1,candidate_1_1,unchanged,undetermined,not_assessed,pending_human,routine,,0,303,0,233
doc_0061_s009,doc_0061,Educational,Quotes,labse,1-1,"Molo naeng mangulahon pangallanggaran na hot, ingkon marpangunsandean tu Sustainable Development Goals (SDGs) na gabe padan rap laho patontu tano na dumenggan.",Untuk melakukan pembangunan berkelanjutan perlu mengacu pada Sustainable Development Goals(SDGs) yang menjadi kesepakatan bersama untuk mewujudkan bumi yang lebih baik.,clean_auto,doc_0061_s009,332,1-1,1,candidate_1_1,unchanged,undetermined,not_assessed,pending_human,routine,,0,159,0,168
doc_0061_s010,doc_0061,Educational,Quotes,labse,1-1,Parangean di pangallanggaran ni huta diulahon rap di holang-holang ni pamarentah dohot natorop laho masisalpuan di na marparangehon angka haputusan.,Perencanaan dalam pembangunan perkotaan dilaksanakan secara terpadu antara pemerintah dan publik untuk saling berpartisipasi dalam penyusunan kebijakan.,clean_auto,doc_0061_s010,333,1-1,1,candidate_1_1,unchanged,undetermined,not_assessed,pending_human,routine,,0,148,0,152
doc_0061_s011,doc_0061,Educational,Quotes,labse,1-1,"Tujuan ni panurat na manurat buku on i ma, laho mangalehon taringot tu tudosan na ringkot di pangallanggaran ni huta dohot parange laho mangulahon pangallanggaran ni huta na pantas marparbinotoan jala na hot.",Tujuan penulis menulis buku ini adalah untuk memberikan informasi mengenai isu strategis pembangunan kota dan tata cara untuk melakukan pembangunan kota cerdas berkelanjutan.,clean_auto,doc_0061_s011,334,1-1,1,candidate_1_1,unchanged,undetermined,not_assessed,pending_human,routine,,0,208,0,174
doc_0061_s012,doc_0061,Educational,Quotes,labse,1-1,"Pangalehonon ni inganan laho mandokkon hata tu natorop dohot dongan sapunguan di na marparangehon ulaon i, gabe ulaon na sinurung di tikki pangallanggaran dohot panoranghon huta na hot.",Penyediaan ruang aspirasi untuk masyarakat maupun komunitas dalam penyusunan strategi akan menjadi solutif kerjasama saat pelaksanaan pembangunan maupun penyelenggaraan kota berkelanjutan.,clean_auto,doc_0061_s012,335,1-1,1,candidate_1_1,unchanged,undetermined,not_assessed,pending_human,routine,,0,185,0,188
doc_0061_s013,doc_0061,Educational,Quotes,labse,1-1,Pajongjongon huta ingkon mangihuthon parbinsaran ni tingki dohot na manggampanghon ulaon ni natorop songon panghulaan aplikasi.,Pembangunan kota perlu mengikuti perkembangan zaman dengan mempermudah layanan publik seperti penggunaan aplikasi.,clean_auto,doc_0061_s013,336,1-1,1,candidate_1_1,unchanged,undetermined,not_assessed,pending_human,routine,,0,127,0,114
doc_0061_s014,doc_0061,Educational,Quotes,labse,1-1,I ma gabe patuduhon huta na pantas marparbinotoan na mangondolhon parripe ni teknologi songon ulaon di panoranghon ni huta.,Hal ini menjadi indikasi smart city yang melibatkan peran teknologi sebagai sarana penyelenggaraan perkotaan.,clean_auto,doc_0061_s014,337,1-1,1,candidate_1_1,unchanged,undetermined,not_assessed,pending_human,routine,,0,123,0,109
doc_0061_s015,doc_0061,Educational,Quotes,labse,1-1,Pardalanan-dalanan i ma gabe ugas dohot parbinotoan ni huta laho mandapot sumber ni hepeng.,Pariwisata merupakan aset dan investasi kota dalam memperoleh sumber pendapatan.,clean_auto,doc_0061_s015,338,1-1,1,candidate_1_1,unchanged,undetermined,not_assessed,pending_human,routine,,0,91,0,80
doc_0061_s016,doc_0061,Educational,Quotes,labse,1-1,"Ugasan dohot arta na tading sian tingki naung salpu i, boi gabe nilai ni parngoluon pardangingan di luat i.",Pusaka dan benda peninggalan zaman dulu dapat menjadi sebuah nilai jatidiri bagi kebudayaan setempat.,clean_auto,doc_0061_s016,339,1-1,1,candidate_1_1,unchanged,undetermined,not_assessed,pending_human,routine,,0,107,0,101
doc_0061_s017,doc_0061,Educational,Quotes,labse,1-1,"Di sisian na asing, i boi gabe pardalanan-dalanan na marpangunsandean tu pangangkatahonon ni parhepengon di humaliang ni i.","Disisi lain, hal tersebut dapat berpotensi menjadi pariwisata yang berkorelasi dengan peningkatan ekonomi sekitar.",clean_auto,doc_0061_s017,340,1-1,1,candidate_1_1,unchanged,undetermined,not_assessed,pending_human,routine,,0,123,0,114
doc_0061_s018,doc_0061,Educational,Quotes,labse,1-1,Pangallanggaran ni huta na pantas marparbinotoan jala na hot i ingkon manimbangon artian sian sude inganan na adong.,Pembangunan kota cerdas berkelanjutan perlu mempertimbangkan potensi dari tiap kawasan.,clean_auto,doc_0061_s018,341,1-1,1,candidate_1_1,unchanged,undetermined,not_assessed,pending_human,routine,,0,116,0,87
doc_0061_s019,doc_0061,Educational,Quotes,labse,1-1,"Di bagasan buku on, dipatontu parange laho mangangkatahon artian ni luat na boi gabe na sinurung di huta i.",Dalam buku ini menyediakan tata cara mengembangkan potensi wilayah yang dapat menjadi primadona suatu kota.,clean_auto,doc_0061_s019,342,1-1,1,candidate_1_1,unchanged,undetermined,not_assessed,pending_human,routine,,0,107,0,107
doc_0061_s020,doc_0061,Educational,Quotes,labse,1-1,Songon tudosan ulaon na pajongjong huta pulo na manimbangon parngoluon tano dohot hiras tu mara.,Sebagai contoh strategi membangun kota kepulauan yang memperhatikan faktor lingkungan dan tanggap bencana.,clean_auto,doc_0061_s020,343,1-1,1,candidate_1_1,unchanged,undetermined,not_assessed,pending_human,routine,,0,96,0,106
doc_0061_s021,doc_0061,Educational,Quotes,labse,1-1,Parangean green city ingkon dibahen sian hulu sahat tu hilir asa marlinting parngoluon tano i jala unang gabe dibahen mara.,Perencanaan green city perlu didesain mulai dari hulu hingga hilir agar ketahanan lingkungan terjaga dan tidak menimbulkan bencana.,clean_auto,doc_0061_s021,344,1-1,1,candidate_1_1,unchanged,undetermined,not_assessed,pending_human,routine,,0,123,0,131
doc_0061_s022,doc_0061,Educational,Quotes,labse,1-1,"Songon tudosan pangaturon ni pangusehonon dohot pangaloion ni uran na so suman i, boi gabe parsoalan molo nunga godang jolma na maringanan di huta i.",Sebagai contoh penataan sanitasi dan pengelolaan sampah yang kacau dapat menjadi persoalan ketika suatu kota telah dihuni banyak masyarakat.,clean_auto,doc_0061_s022,345,1-1,1,candidate_1_1,unchanged,undetermined,not_assessed,pending_human,routine,,0,149,0,140
doc_0061_s023,doc_0061,Educational,Quotes,labse,1-1,"Dungi, angka na masa taringot hasosakan, pangalaon, dohot polusi boi gabe sahit ni huta.","Selain itu, problema kemacetan, kriminalitas, dan polusi dapat menjadi urban ills.",clean_auto,doc_0061_s023,346,1-1,1,candidate_1_1,unchanged,undetermined,not_assessed,pending_human,routine,,0,88,0,82
doc_0061_s024,doc_0061,Educational,Quotes,labse,1-1,"Patik ni pangallanggaran ni huta na rata-rata jala na hot i, ingkon manimbangon parbinsaran ni huta na boi masa di tingki na naeng ro di luat i.",Prinsip pembangunan kota hijau berkelanjutan perlu mempertimbangkan dinamika perkotaan yang mungkin terjadi di masa mendatang pada suatu wilayah.,clean_auto,doc_0061_s024,347,1-1,1,candidate_1_1,unchanged,undetermined,not_assessed,pending_human,routine,,0,144,0,145
doc_0061_s025,doc_0061,Educational,Quotes,labse,1-1,Panarion pangallanggaran ingkon marnida parsiajaran parngoluon pardangingan di luat i laho mangarimpun parngoluon pardangingan na imbang.,Perencanaan pembangunan perlu melihat aspek karakteristik wilayah setempat untuk menjaga keseimbangan sosial budaya.,clean_auto,doc_0061_s025,348,1-1,1,candidate_1_1,unchanged,undetermined,not_assessed,pending_human,routine,,0,137,0,116
doc_0061_s026,doc_0061,Educational,Quotes,labse,1-1,Buku on balga situtu di na mangulas pangallanggaran ni huta asa hot.,Buku ini sangat kompleks dalam membahas pembangunan perkotaan agar keberlanjutan.,clean_auto,doc_0061_s026,349,1-1,1,candidate_1_1,unchanged,undetermined,not_assessed,pending_human,routine,,0,68,0,81
doc_0061_s027,doc_0061,Educational,Quotes,labse,1-1,Pangaturon ni inganan gabe na ringkot situtu didongani pangaloion ni parngoluon tano dohot pangaturon ni natorop asa boi masisalpuan dohot pamarentah.,Penataan ruang menjadi hal penting diiringi pengelolaan lingkungan dan pengorganisasian masyarakatnya agar dapat bersinergi dengan pemerintah.,clean_auto,doc_0061_s027,350,1-1,1,candidate_1_1,unchanged,undetermined,not_assessed,pending_human,routine,,0,150,0,142
doc_0061_s028,doc_0061,Educational,Quotes,labse,1-1,"Tung massai tangkas dipangke gabe sitiruon pni pamarentah dohot natorop di pangallanggaran ni luat, dumenggan ma muse di tingki saonari Indonesia na marparangehon pangallanggaran ni bona ni huta na imbaru.","Sangat cocok digunakan sebagai acuan pemerintah maupun masyarakat dalam pembangunan wilayah, terlebih lagi saat ini Indonesia sedang merencanakan pembangunan ibukota baru.",clean_auto,doc_0061_s028,351,1-1,1,candidate_1_1,unchanged,undetermined,not_assessed,pending_human,routine,,0,205,0,171
doc_0061_s029,doc_0061,Educational,Quotes,labse,1-1,"Diparsinta parangean ni haputusan di ari sogo mamungka sian Rencana Tatanan Ingangan dohot Wilayah (RTRW) sahat tu Rencana Detail Tatanan Ingangan (RDTR) boi ma mangondolhon parsiajaran parngoluon tano, parngoluon pardangingan, parhepengon, dohot parpulikuan asa tujuan ni pangallanggaran ni luat i boi hombar dohot Sustainable Development Goals (SDGs).","Diharapkan penyusunan kebijakan kedepan mulai dari Rencana Tata Ruang dan Wilayah (RTRW) hingga Rencana Detail Tata Ruang(RDTR) dapat mengakomodasi aspek lingkungan, sosial budaya, ekonomi, dan politik sehingga tujuan pembangunan suatu wilayah dapat sesuai dengan Sustainable Development Goals (SDGs).",review_fix,doc_0061_s029,1368,1-2,1,structural_1_1_reviewed,legacy_label_corrected,sentence_candidate,medium,pending_human,medium,Teks tersimpan sudah berupa satu unit pada tiap sisi. Label lama dipertahankan pada original_alignment_type. Makna belum divalidasi anotator. | Segmen >45 unit spasi. Panjang saja tidak menjadi alasan pemecahan.,0,353,0,301
doc_0062_s000,doc_0062,Contemporary Media,Wiki,labse,1-1,Goar ni Buku : Unang Bahen Parsoalan na Metmet Gabe Parsoalan na Balga,Judul Buku : Jangan Membuat Masalah Kecil Jadi Masalah Besar,clean_auto,doc_0062_s000,352,1-1,1,candidate_1_1,unchanged,undetermined,not_assessed,pending_human,routine,,0,70,0,60
doc_0062_s001,doc_0062,Contemporary Media,Wiki,labse,1-1,Panurat : Richard Carlson,Penulis : Richard Carlson,clean_auto,doc_0062_s001,353,1-1,1,candidate_1_1,unchanged,undetermined,not_assessed,pending_human,routine,,0,25,0,25
doc_0062_s002,doc_0062,Contemporary Media,Wiki,labse,1-1,Panabur : PT Gramedia Pustaka Utama,Penerbit : PT Gramedia Pustaka Utama,clean_auto,doc_0062_s002,354,1-1,1,candidate_1_1,unchanged,undetermined,not_assessed,pending_human,routine,,0,35,0,36
doc_0062_s003,doc_0062,Contemporary Media,Wiki,labse,unresolved,Hata na Taringot : “Marsihaholongan ma dohot na so tupa hatorangan ni roha.”,"Kutipan: ""Saling mengasihi sajalah dengan yang tidak masuk di akal oleh hati.",review_fix,doc_0062_s003,1351,1-2,1,needs_review,flag_only,undetermined,undetermined,pending_human,high,Tanda kutip Indonesia belum tertutup. Periksa kelengkapan kutipan pada sumber asli.,0,76,0,77
doc_0062_s004,doc_0062,Contemporary Media,Wiki,labse,1-1,Buku “Unang Bahen Parsoalan na Metmet Gabe Parsoalan na Balga” sinurathon ni Richard Carlson i ma terjemahan sian buku aslina na margoar “Don’t Sweat to Small Stuff”.,“Jangan Membuat Masalah Kecil Jadi Masalah Besar” karya Richard Carlson merupakan terjemahan dari buku aslinya yang berjudul “Don’t Sweat to Small Stuff”.,clean_auto,doc_0062_s004,355,1-1,1,candidate_1_1,unchanged,undetermined,not_assessed,pending_human,routine,,0,166,0,154
doc_0062_s005,doc_0062,Contemporary Media,Wiki,labse,1-1,"Secara garis bolon, buku on mangalehon gombaran taringot tu parangeonta marnida angka parsoalan na taadopi.","Secara garis besar, buku ini memberikan suatu gambaran mengenai cara kita memandang permasalahan yang dihadapi.",clean_auto,doc_0062_s005,356,1-1,1,candidate_1_1,unchanged,undetermined,not_assessed,pending_human,routine,,0,107,0,111
doc_0062_s006,doc_0062,Contemporary Media,Wiki,labse,1-1,"Buku na papintor diri on pe manorangkon taringot tu parangeonta laho mangalului parnidaan na imbaru di na marnida parsoalan, na paojakhon parhataion na denggan, dohot na pajongjong pangaloion diri marhite pengalaman ni sandiri.","Buku self improvement ini juga menjelaskan mengenai cara kita untuk mencari perspektif atau sudut pandang baru dalam memandang suatu permasalahan, membentuk komunikasi yang efektif, dan membangun manajemen diri berdasarkan pengalaman pribadi.",clean_auto,doc_0062_s006,357,1-1,1,candidate_1_1,unchanged,undetermined,not_assessed,pending_human,routine,,0,227,0,242
doc_0062_s007,doc_0062,Contemporary Media,Wiki,labse,1-1,"Marhite hata na gampang, buku on patuduhon parange laho pajongjong parngoluon partondion dohot parbinotoan taringot tu holong ni roha na ringkot di jolma na mangadopi parsoalan, asa boi mambuat parange na dumenggan dohot manguba somal naung leleng na mangalo gabe somal na imbaru na boi “mangalului parnidaan na asing”.","Dengan bahasa yang sederhana, buku ini menyajikan cara untuk membangun spiritual dan emotional quotient yang dibutuhkan oleh orang yang sedang menghadapi masalah agar mampu mengambil sikap yang lebih baik dan mengubah kebiasaan lama yang “reaktif” menjadi kebiasaan baru yang mampu “mencari perspektif lain”.",clean_auto,doc_0062_s007,358,1-1,1,candidate_1_1,unchanged,undetermined,not_assessed,pending_human,medium,Segmen >45 unit spasi. Panjang saja tidak menjadi alasan pemecahan.,0,319,0,308
doc_0062_s008,doc_0062,Contemporary Media,Wiki,labse,1-1,"Marhite parnidaan na denggan, tapasina-sina ma marsihaholongan dohot dirinta, lobi peduli tu ngolunta, dohot fokus tu parsoalan na taadopi di tingki saonari.","Dengan perspektif yang positif, kita akan belajar untuk berdamai dengan diri sendiri, lebih peduli dengan hidup kita, dan fokus pada masalah yang dihadapi di masa kini.",clean_auto,doc_0062_s008,359,1-1,1,candidate_1_1,unchanged,undetermined,not_assessed,pending_human,routine,,0,157,0,168
doc_0062_s009,doc_0062,Contemporary Media,Wiki,labse,1-1,"Hagogoan na manguasai diri sandiri i muse, mangurupi rohanta gabe lobi sonang.",Kemampuan mengontrol diri tersebut kemudian membantu batin kita menjadi lebih tenang.,clean_auto,doc_0062_s009,360,1-1,1,candidate_1_1,unchanged,undetermined,not_assessed,pending_human,routine,,0,78,0,85
doc_0062_s010,doc_0062,Contemporary Media,Wiki,labse,1-1,"Godang sian angka parpeak ni buku on na pamanuhon roha angka na majaha taringot tu na toktong na so ingkon dipahinsa laho paubahon, songon tudosan dongan saripe.","Beberapa bagian dalam buku ini banyak menyadarkan para pembaca mengenai realitas yang tidak perlu dipaksakan untuk diubah, misalnya pasangan.",clean_auto,doc_0062_s010,361,1-1,1,candidate_1_1,unchanged,undetermined,not_assessed,pending_human,routine,,0,161,0,141
doc_0062_s011,doc_0062,Contemporary Media,Wiki,labse,1-1,"Paubahon sada na so ringkot diuba i, holan manambai dohot patolhas parsoalan.",Mengubah sesuatu yang sebenarnya tidak perlu diubah hanya akan menambah bahkan memperpanjang masalah.,clean_auto,doc_0062_s011,362,1-1,1,candidate_1_1,unchanged,undetermined,not_assessed,pending_human,routine,,0,77,0,101
doc_0062_s012,doc_0062,Contemporary Media,Wiki,labse,1-1,"Adong pigapiga parsoalan na toktong na diurupi si Richard Carlson, na gabe siboto roha dohot pasonang roha pe, na tama situtu laho diulas lobi leleng.","Setidaknya ada beberapa kasus nyata yang ditangani oleh Richard Carlson, yang juga berprofesi sebagai psikoterapis dan motivator, yang menarik untuk dibahas lebih lanjut.",clean_auto,doc_0062_s012,363,1-1,1,candidate_1_1,unchanged,undetermined,not_assessed,pending_human,routine,,0,150,0,170
doc_0062_s013,doc_0062,Contemporary Media,Wiki,labse,1-1,"Songon tudosan, adong pigapiga jolma na marpanagaman na boi paubahon sada par peak asa dos dohot na diparsinta nasida.",Misalnya ada beberapa orang yang menaruh harapan dapat mengubah suatu kondisi agar sesuai dengan yang mereka harapkan.,clean_auto,doc_0062_s013,364,1-1,1,candidate_1_1,unchanged,undetermined,not_assessed,pending_human,routine,,0,118,0,118
doc_0062_s014,doc_0062,Contemporary Media,Wiki,labse,1-1,"Panagaman i gabe parsoalan ma di nasida ai diujungna ro ma hagaleon, hansit ni roha na balga, holso ni roha, elat, parbadaan, sahat tu na sega parale-aleon.","Harapan tersebut akan menjadi masalah bagi orang-orang tersebut sebab akan berujung pada kekecewaan, depresi, stress, kebencian, konflik, sampai rusaknya sebuah relasi.",clean_auto,doc_0062_s014,365,1-1,1,candidate_1_1,unchanged,undetermined,not_assessed,pending_human,routine,,0,156,0,168
doc_0062_s015,doc_0062,Contemporary Media,Wiki,labse,1-1,"Alani i, marhite buku on, dipangido si Richard Carlson do na laho mangurupi angka na majaha dohot na marungutungut di bagasan parsoalan asa mananda na so saluhut boi diubah songon na taparsinta ai holan gabe patambaon parsoalan na taadopi gabe lobi maol dohot balga.","Oleh sebab itu, melalui buku ini, Richard Carlson berusaha menolong para pembaca yang sedang bergumul dengan sebuah masalah untuk sadar bahwa tidak semua hal dapat diubah seperti apa yang kita mau karena hanya akan mengakibatkan permasalahan yang dihadapi menjadi lebih sulit dan bertambah besar.",clean_auto,doc_0062_s015,366,1-1,1,candidate_1_1,unchanged,undetermined,not_assessed,pending_human,routine,,0,266,0,296
doc_0063_s000,doc_0063,Educational,Book Summary,labse,1-1,Goar : Ikigai: Rahasia ni Jepang Laho Mangolu na Leleng jala Sonang,Judul : Ikigai: The Japanese Secret to a Long and Happy Life,clean_auto,doc_0063_s000,367,1-1,1,candidate_1_1,unchanged,undetermined,not_assessed,pending_human,routine,,0,67,0,60
doc_0063_s001,doc_0063,Educational,Book Summary,labse,1-1,Taon : 2017,Tahun : 2017,clean_auto,doc_0063_s001,368,1-1,1,candidate_1_1,unchanged,undetermined,not_assessed,pending_human,routine,,0,11,0,12
doc_0063_s002,doc_0063,Educational,Book Summary,labse,1-1,Panurat : Héctor García dohot Francesc Miralles,Penulis : Héctor García and Francesc Miralles,clean_auto,doc_0063_s002,369,1-1,1,candidate_1_1,unchanged,undetermined,not_assessed,pending_human,routine,,0,47,0,45
doc_0063_s003,doc_0063,Educational,Book Summary,labse,1-1,Panabur : Penguin Books,Penerbit : Penguin Books,clean_auto,doc_0063_s003,370,1-1,1,candidate_1_1,unchanged,undetermined,not_assessed,pending_human,medium,"Pasangan persis berulang pada doc_0063_s003, doc_0064_s003. Tidak dihapus karena pengulangan puisi dapat sah.",0,23,0,24
doc_0063_s004,doc_0063,Educational,Book Summary,labse,1-1,Hata na Taringot : “Lamo i maralo situtu dohot hatorangan ni ngolu.,Quotes : “Being in a hurry is inversely proportional to quality of life.,clean_auto,doc_0063_s004,371,1-1,1,candidate_1_1,unchanged,undetermined,not_assessed,pending_human,routine,,0,67,0,72
doc_0063_s005,doc_0063,Educational,Book Summary,labse,unresolved,"Songon hata ni natua-tua, ‘Marlas ma ho na lampolampo, asa sahat ho na dao.’ Molo nunga tapasuda na haporluon i, ngolu dohot tingki i mandapot artian na imbaru.”","As the old saying goes, ‘Walk slowly and you’ll go far.’ When we leave urgency behind, life and time take on new meaning​”",clean_auto,doc_0063_s005,372,1-1,1,needs_review,flag_only,undetermined,undetermined,pending_human,high,"Isi kolom Indonesia berbahasa Inggris. Memerlukan terjemahan Indonesia yang divalidasi, bukan sekadar perubahan segmentasi.",0,161,0,122
doc_0063_s007,doc_0063,Educational,Book Summary,labse,1-1,Adong do tikina ro godang ragam ni sungkunsungkun taringot tu artian dohot lumban ni ngolunta sadarion.,Terkadang muncul berbagai pertanyaan mengenai sebenarnya apa makna dan tujuan dari hidup kita selama ini.,clean_auto,doc_0063_s007,373,1-1,1,candidate_1_1,unchanged,undetermined,not_assessed,pending_human,routine,,0,103,0,105
doc_0063_s008,doc_0063,Educational,Book Summary,labse,1-1,Aha i laho mangolu na leleng satoropna manang na laho mandapot saluhut na taparsinta?,Apakah itu untuk hidup selama mungkin atau untuk menggapai semua keinginan kita?,clean_auto,doc_0063_s008,374,1-1,1,candidate_1_1,unchanged,undetermined,not_assessed,pending_human,routine,,0,85,0,80
doc_0063_s009,doc_0063,Educational,Book Summary,labse,1-1,"Dung i, boasa adong pigapiga jolma na mamboto aha na naeng ulahonon nasida, alai di sisian na asing adong pigapiga jolma na holan mangolu di bagasan hapultahan?","Lalu mengapa beberapa orang tahu apa yang ingin mereka lakukan, tetapi di sisi lain beberapa orang hanya hidup dalam kebingungan?",clean_auto,doc_0063_s009,375,1-1,1,candidate_1_1,unchanged,undetermined,not_assessed,pending_human,routine,,0,160,0,129
doc_0063_s010,doc_0063,Educational,Book Summary,labse,1-1,"I ma gabe ulaon na ringkot ni Ikigai, sada konsep na mangondolhon lumban na boi mangurupi hita mangalului lumban dohot artian ni ngolunta sadarion.","Itulah peran penting dari Ikigai, suatu konsep yang memuat alasan untuk dapat membantu kita menemukan tujuan dan makna dari hidup kita selama ini.",clean_auto,doc_0063_s010,376,1-1,1,candidate_1_1,unchanged,undetermined,not_assessed,pending_human,routine,,0,147,0,146
doc_0063_s011,doc_0063,Educational,Book Summary,labse,1-1,"Konsep Ikigai i mansai susa do, alai natorop di Jepang mangartihon Ikigai gampang na songon ‘sada lumban boasa hita hehe di manogot’ manang ‘sada lumban laho mangolu’",Konsep Ikigai sesungguhnya cukup abstrak namun masyarakat Jepang mengartikan Ikigai secara sederhana sebagai ‘suatu alasan mengapa kita bangun di pagi hari’ atau ‘suatu alasan untuk hidup’.,clean_auto,doc_0063_s011,377,1-1,1,candidate_1_1,unchanged,undetermined,not_assessed,pending_human,routine,,0,166,0,189
doc_0063_s012,doc_0063,Educational,Book Summary,labse,1-1,"Hombar tu natorop ni Jepang, saluhut jolma do mar Ikigai di bagasan dirina be.","Menurut masyarakat Jepang, semua orang memiliki Ikigai dalam diri masing-masing.",clean_auto,doc_0063_s012,378,1-1,1,candidate_1_1,unchanged,undetermined,not_assessed,pending_human,routine,,0,78,0,80
doc_0063_s013,doc_0063,Educational,Book Summary,labse,1-1,"Ikigai i marongsong do na dao di bagasan dirinta, gabe adong pigapiga jolma na holan marhite tingki na satongkin laho manjumpanghon i, jala adong pigapiga jolma na mamangke tingki na leleng laho manjumpanghon Ikigai-na.",Ikigai kita tersembunyi jauh di dalam diri kita sehingga beberapa orang butuh waktu singkat untuk menemukannya dan beberapa orang lain butuh waktu yang lama untuk menemukan Ikigai-nya.,clean_auto,doc_0063_s013,379,1-1,1,candidate_1_1,unchanged,undetermined,not_assessed,pending_human,routine,,0,219,0,184
doc_0063_s014,doc_0063,Educational,Book Summary,labse,1-1,"Dung jumpang Ikigai di bagasan diri, dapotonta ma panghori laho mangolu dohot leleng nang sonang, asa boi hita mangolu na sun ringkot.",Dengan ditemukannya Ikigai dalam diri maka kita akan menemukan motivasi untuk menjalani hidup lebih lama dan bahagia sehingga kita dapat live to the fullest.,clean_auto,doc_0063_s014,380,1-1,1,candidate_1_1,unchanged,undetermined,not_assessed,pending_human,routine,,0,134,0,157
doc_0063_s015,doc_0063,Educational,Book Summary,labse,1-1,"Buku Ikigai: The Japanese Secret to a Long and Happy Life i manorangkon taringot tu pigapiga lumban na ringkot dohot somal na diulahon ni jolma Jepang laho mangolu sonang jala leleng umur, songon dia nasida mangan, songon dia nasida marulaon, dohot songon dia nasida paojakhon parsatongkinan ni dongan sapunguan.","Buku Ikigai: The Japanese Secret to a Long and Happy Life menjelaskan mengenai beberapa faktor kunci dan kebiasan apa saja yang dilakukan orang Jepang untuk hidup bahagia dan berumur panjang, seperti bagaimana mereka makan, bagaimana mereka beraktivitas, dan bagaimana mereka membina kolaborasi komunitas.",clean_auto,doc_0063_s015,381,1-1,1,candidate_1_1,unchanged,undetermined,not_assessed,pending_human,medium,Segmen >45 unit spasi. Panjang saja tidak menjadi alasan pemecahan.,0,312,0,305
doc_0063_s016,doc_0063,Educational,Book Summary,labse,1-1,"Godang do isi ni buku holan marsitutu tu parngoluan ni pangisisi Okinawa, sada Pulo di Jepang na tarbarita margoar pulo halelengan ni umur alana angka jolma na nunga marumur saratus taon i ndada holan mangolu leleng, alai mangolu do nasida dohot sonang jala dao sian sahit.","Sebagian besar isi buku akan berfokus kepada kehidupan penduduk Okinawa, sebuah Pulau di Jepang yang terkenal dengan julukan pulau awet muda karena para centenarian tidak hanya hidup lebih lama namun mereka hidup dengan bahagia dan lebih jarang menderita penyakit.",clean_auto,doc_0063_s016,382,1-1,1,candidate_1_1,unchanged,undetermined,not_assessed,pending_human,medium,Segmen >45 unit spasi. Panjang saja tidak menjadi alasan pemecahan.,0,273,0,264
doc_0063_s017,doc_0063,Educational,Book Summary,labse,1-1,"Nunga diulahon nasida Ikigai i marhite ratusan taon, sian pinompar sahat tu pinompar.",Mereka telah mempraktikkan Ikigai selama ratusan tahun secara turun temurun.,clean_auto,doc_0063_s017,383,1-1,1,candidate_1_1,unchanged,undetermined,not_assessed,pending_human,routine,,0,85,0,76
doc_0063_s018,doc_0063,Educational,Book Summary,labse,1-1,"Alani i, boi ma nasida mangolu na leleng dohot sonang.",Alhasil dengan pola hidup tersebut mereka dapat hidup lebih lama dan bahagia.,clean_auto,doc_0063_s018,384,1-1,1,candidate_1_1,unchanged,undetermined,not_assessed,pending_human,routine,,0,54,0,77
doc_0064_s000,doc_0064,Educational,Book Summary,labse,1-1,Goar : Angka Na Tarida Molo Ditingki Marsalampu Ho,Judul : The Things You Can See Only When You Slow Down,clean_auto,doc_0064_s000,385,1-1,1,candidate_1_1,unchanged,undetermined,not_assessed,pending_human,routine,,0,50,0,54
doc_0064_s001,doc_0064,Educational,Book Summary,labse,1-1,Taon Haruar : 2018,Tahun Terbit : 2018,clean_auto,doc_0064_s001,386,1-1,1,candidate_1_1,unchanged,undetermined,not_assessed,pending_human,routine,,0,18,0,19
doc_0064_s002,doc_0064,Educational,Book Summary,labse,1-1,Panurat : Haemin Sunim,Penulis : Haemin Sunim,clean_auto,doc_0064_s002,387,1-1,1,candidate_1_1,unchanged,undetermined,not_assessed,pending_human,routine,,0,22,0,22
doc_0064_s003,doc_0064,Educational,Book Summary,labse,1-1,Panabur : Penguin Books,Penerbit : Penguin Books,clean_auto,doc_0064_s003,388,1-1,1,candidate_1_1,unchanged,undetermined,not_assessed,pending_human,medium,"Pasangan persis berulang pada doc_0063_s003, doc_0064_s003. Tidak dihapus karena pengulangan puisi dapat sah.",0,23,0,24
doc_0064_s004,doc_0064,Educational,Book Summary,labse,unresolved,"Hata na Taringot : Molo gabe elat roham marnida ngolu ni sasahalak, ingot ma pizza na di bagasan iklan.","Quotes : If you envy someone’s life, remember the pizza in the ad.",clean_auto,doc_0064_s004,389,1-1,1,needs_review,flag_only,undetermined,undetermined,pending_human,high,Kutipan pada kolom Indonesia berbahasa Inggris. Tentukan apakah dipertahankan sebagai kutipan asing atau diterjemahkan oleh anotator.,0,103,0,66
doc_0064_s005,doc_0064,Educational,Book Summary,labse,1-1,I dohot dohot tarida lobi denggan sian na toktongna.,Itu juga terlihat lebih baik dari biasanya,review_fix,doc_0064_s005,1359,1-2,1,structural_1_1_reviewed,legacy_label_corrected,sentence_candidate,medium,pending_human,routine,Teks tersimpan sudah berupa satu unit pada tiap sisi. Label lama dipertahankan pada original_alignment_type. Makna belum divalidasi anotator.,0,52,0,42
doc_0064_s006,doc_0064,Educational,Book Summary,labse,1-1,"Portibi on marhusor mansai hatop, alai ndang berarti ingkon songon i hita.","Dunia bergerak dengan cepat, tetapi tidak berarti kita juga harus begitu.",clean_auto,doc_0064_s006,390,1-1,1,candidate_1_1,unchanged,undetermined,not_assessed,pending_human,routine,,0,74,0,73
doc_0064_s007,doc_0064,Educational,Book Summary,labse,1-1,"Marhite buku on, guru meditasi Zen Haemin Sunim manjou hita laho pamanuhon roha, molo nunga marsalampu, hita, portibi on pe marsalampu ma rap dohot hita.","Melalui buku ini, guru meditasi Zen Haemin Sunim mengajak kita untuk menyadari bahwa ketika melambatkan diri, dunia juga akan melambat bersama kita.",clean_auto,doc_0064_s007,391,1-1,1,candidate_1_1,unchanged,undetermined,not_assessed,pending_human,routine,,0,153,0,148
doc_0064_s008,doc_0064,Educational,Book Summary,labse,1-1,"Buku na sinurat ni Haemin Sunim, na gabe biksu dohot mantan dosen di perguruan tinggi liberal arts di Massachusetts, i, marisihon pigapiga esai na jempek dohot hata na uli sian godang tokoh dohot surat na badia na boi gabe panimbangan ni ngolu.",Buku yang ditulis Haemin Sunim yang merupakan seorang biksu dan mantan dosen di perguruan tinggi liberal arts di Massachusetts ini memuat beberapa esai pendek dan kata mutiara dari berbagai tokoh dan kitab suci yang dapat menjadi refleksi hidup.,clean_auto,doc_0064_s008,392,1-1,1,candidate_1_1,unchanged,undetermined,not_assessed,pending_human,routine,,0,244,0,245
doc_0064_s009,doc_0064,Educational,Book Summary,labse,1-1,Bab na parjolo taringot tu “Rest” i do na pinillit gabe pamungkaan ni buku on.,Bab pertama mengenai “Rest” dipilih untuk menjadi pembuka buku ini.,clean_auto,doc_0064_s009,393,1-1,1,candidate_1_1,unchanged,undetermined,not_assessed,pending_human,routine,,0,78,0,67
doc_0064_s010,doc_0064,Educational,Book Summary,labse,1-1,"Hata na jempek ni Haemin Sunim na sinurat laho mangalusi sungkunsungkun di media sosialna i, mangalusi tu holso ni roha ni jolma na nunga gabe parpeak ni ngolu na imbaru.",Pesan-pesan singkat Haemin Sunim yang ditulis untuk menjawab pertanyaan di media sosialnya menyasar kepada kekhawatiran manusia yang sudah menjadi bagian dalam kehidupan modern.,clean_auto,doc_0064_s010,394,1-1,1,candidate_1_1,unchanged,undetermined,not_assessed,pending_human,routine,,0,170,0,177
doc_0064_s011,doc_0064,Educational,Book Summary,labse,1-1,"Rap ma hita mangalului dalan na sahat tu na imbang dohot hasonangan ni tondi di tongatonga ni godang tuntutan ni ngolu siganup ari, marhite angka na gampang, songon maradian dohot na paojakhon parsatongkinan na denggan di holang-holang ni jolma.","Bersama-sama kita akan mencari jalan menuju keseimbangan dan kedamaian batin di tengah berbagai tuntutan hidup sehari-hari lewat hal-hal sederhana, seperti beristirahat dan membangun hubungan baik antar manusia.",clean_auto,doc_0064_s011,395,1-1,1,candidate_1_1,unchanged,undetermined,not_assessed,pending_human,routine,,0,245,0,211
doc_0064_s012,doc_0064,Educational,Book Summary,labse,1-1,"Buku on marisihon ualu bab na manggombarhon ualu parpeak, songon parsatongkinan, holong, sahat tu partondion.","Buku ini berisi delapan bab yang menggambarkan delapan bidang, seperti hubungan, cinta, hingga kerohanian.",clean_auto,doc_0064_s012,396,1-1,1,candidate_1_1,unchanged,undetermined,not_assessed,pending_human,routine,,0,109,0,106
doc_0064_s013,doc_0064,Educational,Book Summary,labse,1-1,Buku on marisihon panogunogu tu haginjatan dohot hasonangan na tarida di bagasan ualu bab i.,Buku ini memuat petunjuk menuju kesejahteraan dan kebahagiaan yang termanifestasikan ke dalam delapan bab.,clean_auto,doc_0064_s013,397,1-1,1,candidate_1_1,unchanged,undetermined,not_assessed,pending_human,routine,,0,92,0,106
doc_0064_s014,doc_0064,Educational,Book Summary,labse,1-1,Haemin pe mangondolhon ringkotna paojakhon parsatongkinan na lobi bagas dohot dongan jolma dohot na marholong ni roha tu diri sandiri.,Haemin juga menekankan pentingnya menjalin hubungan yang lebih dalam dengan orang lain dan berbelas kasih terhadap diri sendiri.,clean_auto,doc_0064_s014,398,1-1,1,candidate_1_1,unchanged,undetermined,not_assessed,pending_human,routine,,0,134,0,128
doc_0064_s015,doc_0064,Educational,Book Summary,labse,1-1,"Alani i, hata na pinangido na laho disampaikan i balga situtu.","Oleh karenanya, pesan yang coba disampaikan sangat mendalam.",clean_auto,doc_0064_s015,399,1-1,1,candidate_1_1,unchanged,undetermined,not_assessed,pending_human,routine,,0,62,0,60
doc_0064_s016,doc_0064,Educational,Book Summary,labse,1-1,Haemin di na manurat tubu-tubu ni roha i ndang tompu mangalehon poda na gampang manang panogunogu na langsung songon buku pature diri na asing.,Haemin dalam menuliskan gagasan tidak secara tersurat memberikan tips atau instruksi langsung seperti buku self improvement lainnya.,clean_auto,doc_0064_s016,400,1-1,1,candidate_1_1,unchanged,undetermined,not_assessed,pending_human,routine,,0,143,0,132
doc_0064_s017,doc_0064,Educational,Book Summary,labse,1-1,"Langka ni hata na dipatupa i, manghori angka namajaha laho marpanimbangon.",Rangkaian kalimat yang disajikan mendorong pembaca untuk berkontemplasi.,clean_auto,doc_0064_s017,401,1-1,1,candidate_1_1,unchanged,undetermined,not_assessed,pending_human,routine,,0,74,0,72
doc_0064_s018,doc_0064,Educational,Book Summary,labse,1-1,Marsalampu jala dijalo ni roha i ma panagaman ni panurat molo naeng dijaha buku on.,Pelan-pelan dan diresapi adalah harapan penulis ketika ingin membaca buku ini.,clean_auto,doc_0064_s018,402,1-1,1,candidate_1_1,unchanged,undetermined,not_assessed,pending_human,routine,,0,83,0,78
doc_0064_s019,doc_0064,Educational,Book Summary,labse,1-1,Angka namajaha i gabe sonang ma marnida gombaran na gok rupa na patontu hasonangan.,Pembaca akan dimanjakan dengan visual penuh warna yang menenangkan.,clean_auto,doc_0064_s019,403,1-1,1,candidate_1_1,unchanged,undetermined,not_assessed,pending_human,routine,,0,83,0,67
doc_0065_s000,doc_0065,Educational,Book Summary,labse,1-1,"Barita ni Sang Alkemis i dipungka ma di tikki si Santiago, sada anak ni parmahan, na marpangkirimon laho patupahon nipi na, i ma manjumpanghon arta na marongsong na so tupa suda sahat tu pitu sundut.","Kisah Sang Alkemis dimulai ketika Santiago, seorang anak gembala, berniat untuk mewujudkan mimpinya, yakni menemukan harta terpendam yang tidak akan habis sampai tujuh turunan.",clean_auto,doc_0065_s000,404,1-1,1,candidate_1_1,unchanged,undetermined,not_assessed,pending_human,routine,,0,199,0,176
doc_0065_s001,doc_0065,Educational,Book Summary,labse,1-1,Lobi pos ma rohana dungo dibege ramalan ni parnamburi i.,Ia semakin yakin setelah mendengar ramalan si peramal.,clean_auto,doc_0065_s001,405,1-1,1,candidate_1_1,unchanged,undetermined,not_assessed,pending_human,routine,,0,56,0,54
doc_0065_s002_a,doc_0065,Educational,Book Summary,labse,1-1,Lobi pos ma rohana dungo dibege namburi ni parnamburi i.,Lebih tenanglah hatinya bangun mendengar embun pagi hari itu.,review_fix_split,doc_0065_s002_a,1404,2-1,1,structural_1_1_reviewed,legacy_label_corrected,sentence_candidate,medium,pending_human,routine,Teks tersimpan sudah berupa satu unit pada tiap sisi. Label lama dipertahankan pada original_alignment_type. Makna belum divalidasi anotator.,0,56,0,61
doc_0065_s002_b,doc_0065,Educational,Book Summary,labse,1-1,"Jempek turiturian i, laho mangalului nipi na, diparsuar ma saluhut pinahan parmahananna i.","Singkat cerita, untuk mencari mimpinya, disebarkanlah seluruh hewan gembalaannya itu.",review_fix_split,doc_0065_s002_b,1405,2-1,1,structural_1_1_reviewed,legacy_label_corrected,sentence_candidate,medium,pending_human,routine,Teks tersimpan sudah berupa satu unit pada tiap sisi. Label lama dipertahankan pada original_alignment_type. Makna belum divalidasi anotator.,0,90,0,85
doc_0065_s003,doc_0065,Educational,Book Summary,labse,1-1,"Di tikki nunga dipungka pardalananna, ditopot ma si Melchizedek, sada baoa na nunga matua na mangalehon godang poda taringot tu ngolu.","Ketika sudah memulai perjalanannya, ia berjumpa dengan Melchizedek, seorang lelaki paruh baya yang memberikannya banyak nasihat perihal kehidupan.",clean_auto,doc_0065_s003,406,1-1,1,candidate_1_1,unchanged,undetermined,not_assessed,pending_human,routine,,0,134,0,146
doc_0065_s004,doc_0065,Educational,Book Summary,labse,1-1,"Andorang so marsirang dope nasida nadua, dilehon si Melchizedek ma dua batu pangurupion na margoar Urim dohot Tumim laho manjaha angka pertanda.","Sebelum keduanya berpisah, Melchizedek memberikan dua buah batu penolong bernama Urim dan Tumim untuk membaca tanda-tanda.",clean_auto,doc_0065_s004,407,1-1,1,candidate_1_1,unchanged,undetermined,not_assessed,pending_human,routine,,0,144,0,122
doc_0065_s005,doc_0065,Educational,Book Summary,labse,1-1,Dung i dipodahon ma tu si Santiago asa unang tupa mansadi marpinipi dohot asa tongtong mangihuthon angka pertanda.,Ia pun berpesan kepada Santiago untuk tidak pernah berhenti bermimpi dan selalu mengikuti pertanda.,clean_auto,doc_0065_s005,408,1-1,1,candidate_1_1,unchanged,undetermined,not_assessed,pending_human,routine,,0,114,0,99
doc_0065_s006,doc_0065,Educational,Book Summary,labse,1-1,"Dungkon pajumpang dohot baoa na matua i, diparjumpangkon si Santiago ma pardalananna dohot roha na gok.","Usai bertemu dengan si lelaki tua, Santiago kembali melanjutkan perjalanannya dengan hati penuh.",clean_auto,doc_0065_s006,409,1-1,1,candidate_1_1,unchanged,undetermined,not_assessed,pending_human,routine,,0,103,0,96
doc_0065_s007,doc_0065,Educational,Book Summary,labse,1-1,Tompu ma pajumpang ibana dohot sada nampuna lapau teh na naeng gale alana so adong sipanuhor na ro tusi.,"Tiba-tiba, ia bertemu dengan seorang pemilik kedai teh yang hampir bangkrut karena tidak ada pembeli yang mampir ke kedainya.",clean_auto,doc_0065_s007,410,1-1,1,candidate_1_1,unchanged,undetermined,not_assessed,pending_human,routine,,0,104,0,125
doc_0065_s008,doc_0065,Educational,Book Summary,labse,1-1,"Nangpe songon i, nampuna lapau teh i marroha na denggan do.","Kendati demikian, si pemilik kedai teh mempunyai hati yang baik.",clean_auto,doc_0065_s008,411,1-1,1,candidate_1_1,unchanged,undetermined,not_assessed,pending_human,routine,,0,59,0,64
doc_0065_s009,doc_0065,Educational,Book Summary,labse,1-1,Dilehon ma sagalas teh na dumenggan tu si Santiago asa boi maradian satongkin.,Ia memberikan segelas teh terbaik untuk Santiago supaya si pengelana bisa bersantai sejenak.,clean_auto,doc_0065_s009,412,1-1,1,candidate_1_1,unchanged,undetermined,not_assessed,pending_human,routine,,0,78,0,92
doc_0065_s010,doc_0065,Educational,Book Summary,labse,1-1,"Di tikki marnida gelas pangalehonon i, tompu ma dapot bisuk si Santiago.","Saat melihat gelas penyajian, Santiago langsung mendapat ilham.",clean_auto,doc_0065_s010,413,1-1,1,candidate_1_1,unchanged,undetermined,not_assessed,pending_human,routine,,0,72,0,63
doc_0065_s011,doc_0065,Educational,Book Summary,labse,1-1,"Di pudian, marhite hagogoan manjaha gorat ni ibana, dipodahon si Santiago ma tu nampuna lapau teh i asa paubaon panginuman na somal dohot panginuman batu na tiur na godang dijejerhon do jolo ni lapau na.","Pada akhirnya, dengan kemampuan membaca pertanda yang dimilikinya, Santiago menyarankan si pemilik kedai teh untuk mengganti gelas sajian yang biasa dengan gelas kristal yang banyak dijejerkan di depan kedainya.",clean_auto,doc_0065_s011,414,1-1,1,candidate_1_1,unchanged,undetermined,not_assessed,pending_human,routine,,0,203,0,211
doc_0065_s012,doc_0065,Educational,Book Summary,labse,1-1,"Di bagasan tingki na satongkin, ratusan panuhor ma na ro patorop lapau teh ni baoa i.","Dalam waktu singkat, ratusan pembeli langsung meramaikan kedai teh orang tersebut.",clean_auto,doc_0065_s012,415,1-1,1,candidate_1_1,unchanged,undetermined,not_assessed,pending_human,routine,,0,85,0,82
doc_0065_s013,doc_0065,Educational,Book Summary,labse,1-1,Godang ma hepeng na didapot si Santiago sian ulaon i.,Santiago pun mendapatkan banyak uang dari bisnis itu.,clean_auto,doc_0065_s013,416,1-1,1,candidate_1_1,unchanged,undetermined,not_assessed,pending_human,routine,,0,53,0,53
doc_0065_s014,doc_0065,Educational,Book Summary,labse,1-1,"Alai, alana so puas dope rohana, ditinggalhon ma si partigatiga teh i jala dipatorus pardalananna.","Akan tetapi, karena belum puas, ia meninggalkan si penjual teh dan melanjutkan perjalanannya.",clean_auto,doc_0065_s014,417,1-1,1,candidate_1_1,unchanged,undetermined,not_assessed,pending_human,routine,,0,98,0,93
doc_0065_s015,doc_0065,Educational,Book Summary,labse,1-1,"Lao sian pajumpang dohot partigatiga teh i, pajumpang do si Santiago dohot baoa sian Inggris na mangaranto laho manjumpanghon Sang Alkemis na diparsinta boi mamalumhon godang ragam ni sahit dohot sada borua na margoar Fatima.","Selain bertemu dengan penjual teh, Santiago juga berpapasan dengan laki-laki asal Inggris yang mengembara untuk menemukan Sang Alkemis yang dipercaya mampu menyembuhkan berbagai penyakit dan seorang perempuan bernama Fatima.",clean_auto,doc_0065_s015,418,1-1,1,candidate_1_1,unchanged,undetermined,not_assessed,pending_human,routine,,0,225,0,224
doc_0065_s016,doc_0065,Educational,Book Summary,labse,1-1,"Marhite pajumpangna dohot baoa Inggris i, di paingot muse si Santiago taringot tu marsitutu dohot manghaporseai nipi.","Melalui pertemuannya dengan si laki-laki Inggris, Santiago kembali diingatkan perihal kegigihan dan mempercayai mimpi.",clean_auto,doc_0065_s016,419,1-1,1,candidate_1_1,unchanged,undetermined,not_assessed,pending_human,routine,,0,117,0,118
doc_0065_s017,doc_0065,Educational,Book Summary,labse,1-1,"Di sisian na i, marhite si Fatima, marsiajar si Santiago taringot tu holong na toktong na pasohot rohana.","Sementara itu, melalui Fatima, Santiago belajar soal cinta sejati yang menghangatkan hatinya.",clean_auto,doc_0065_s017,420,1-1,1,candidate_1_1,unchanged,undetermined,not_assessed,pending_human,routine,,0,105,0,93
doc_0065_s018,doc_0065,Educational,Book Summary,labse,1-1,Anak ni parmahan i torus ma laho mardalan-dalan holan asa jumpang dohot arta na marongsong i.,Anak gembala itu kembali melanjutkan petualangannya untuk menemukan harta terpendam.,clean_auto,doc_0065_s018,421,1-1,1,candidate_1_1,unchanged,undetermined,not_assessed,pending_human,routine,,0,93,0,84
doc_0065_s019,doc_0065,Educational,Book Summary,labse,1-1,"Di tongatonga ni dalan, pajumpang ma ibana dohot jolma na leleng dilului baoa Inggris i, i ma Sang Alkemis.","Di tengah jalan, ia bertemu dengan sosok yang selama ini dicari oleh si lelaki Inggris, yakni Sang Alkemis.",clean_auto,doc_0065_s019,422,1-1,1,candidate_1_1,unchanged,undetermined,not_assessed,pending_human,routine,,0,107,0,107
doc_0065_s020,doc_0065,Educational,Book Summary,labse,1-1,Parhataion nasida nadua balga jala na manghori roha.,Percakapan keduanya berlangsung intens dan inspiratif.,clean_auto,doc_0065_s020,423,1-1,1,candidate_1_1,unchanged,undetermined,not_assessed,pending_human,routine,,0,52,0,54
doc_0065_s021,doc_0065,Educational,Book Summary,labse,1-1,"Didokkon Sang Alkemis i, holan sada do na gabe pangambati laho mancapai sininta ni roha, i ma biar ni roha di na gale.",Sang Alkemis mengatakan bahwa satu-satunya hal yang menjadi penghalang dalam mencapai cita-cita adalah rasa takut akan kegagalan.,clean_auto,doc_0065_s021,424,1-1,1,candidate_1_1,unchanged,undetermined,not_assessed,pending_human,routine,,0,118,0,129
doc_0065_s022,doc_0065,Educational,Book Summary,labse,1-1,"Di tikki naeng sahat si Santiago tu lumban na, tompu ma diambati sada punguan parjahat.","Ketika Santiago hampir mencapai tujuannya, tiba-tiba saja ia dihadang oleh sekelompok perompak.",clean_auto,doc_0065_s022,425,1-1,1,candidate_1_1,unchanged,undetermined,not_assessed,pending_human,routine,,0,87,0,95
doc_0065_s023,doc_0065,Educational,Book Summary,labse,1-1,"Di tongatonga ni parpeak na maol i, diingot si Santiago ma pardalanan na dohot saluhut poda na binoan ni angka doli-doli na pistar.","Di tengah kondisi terjepit seperti itu, Santiago mengingat perjalanannya dan semua pesan yang disampaikan oleh para orang bijak.",clean_auto,doc_0065_s023,426,1-1,1,candidate_1_1,unchanged,undetermined,not_assessed,pending_human,routine,,0,131,0,128
doc_0065_s024,doc_0065,Educational,Book Summary,labse,1-1,"Dungkon diboto ringkasan ni parpeak ni buku i, tapamanat ma panguasan ni turiturian Sang Alkemis.","Setelah mengetahui sinopsisnya, mari tengok review novel Sang Alkemis.",clean_auto,doc_0065_s024,427,1-1,1,candidate_1_1,unchanged,undetermined,not_assessed,pending_human,routine,,0,97,0,70
doc_0066_s000,doc_0066,Educational,News Article,labse,1-1,Panangkasion on martujuan laho manangkasion hagogoan ni parsiajar Fakultas Ilmu Komputer dohot Ilmu Informasi (JTIK) Universitas Negeri Makassar (UNM) di bidang Parbinotoan na Binagunan.,Penelitian ini bertujuan untuk menganalisis kemampuan mahasiswa Fakultas Ilmu Komputer dan Ilmu Informasi (JTIK) Universitas Negeri Makassar (UNM) pada bidang kecerdasan buatan (AI).,clean_auto,doc_0066_s000,428,1-1,1,candidate_1_1,unchanged,undetermined,not_assessed,pending_human,routine,,0,186,0,182
doc_0066_s001,doc_0066,Educational,News Article,labse,1-1,"Marhite paruhalan na masaliputan dohot panggombaran ni panangkasion marhite hitungan, dipahombar ma data marhite sungkun-sungkun na sinurat na marisihon angka parpeak songon hatorangan di ulu ni poda ni AI, hagogoan manggunahon aplikasi AI, dohot pamotoan taringot tu parsoalan parange di panggunahon ni AI.","Dengan menggunakan pendekatan lintas disiplin dan desain penelitian kuantitatif, data dikumpulkan melalui kuesioner yang mencakup aspek-aspek seperti pemahaman konsep dasar AI, kemampuan menggunakan aplikasi AI, dan kesadaran akan masalah etika dalam penggunaan AI.",clean_auto,doc_0066_s001,429,1-1,1,candidate_1_1,unchanged,undetermined,not_assessed,pending_human,routine,,0,307,0,265
doc_0066_s002,doc_0066,Educational,News Article,labse,1-1,"Hombar tu panangkasioin, godang do parsiajar JTIK UNM marhatorangan na denggan taringot tu AI di ulaon siganup ari, alai ingkon dipapintor dope sian parange.","Berdasarkan survei, mayoritas mahasiswa JTIK UNM memiliki pemahaman yang baik tentang AI dan dapat menggunakan aplikasi AI dalam aktivitas sehari-hari, namun masih perlu perbaikan dari segi etika.",clean_auto,doc_0066_s002,430,1-1,1,candidate_1_1,unchanged,undetermined,not_assessed,pending_human,routine,,0,157,0,196
doc_0066_s003,doc_0066,Educational,News Article,labse,1-1,"Parbinotoan on boi mangurupi universitas marparangehon AI na dumenggan, na mangurupi parsiajaran AI na gogo dohot na manghori parsiajar laho mangulahon panangkasion taringot tu AI.","Wawasan ini dapat membantu universitas merancang program AI yang lebih baik, mendukung pendidikan AI yang efektif, dan memotivasi mahasiswa untuk melakukan penelitian terkait AI.",clean_auto,doc_0066_s003,431,1-1,1,candidate_1_1,unchanged,undetermined,not_assessed,pending_human,routine,,0,180,0,178
doc_0066_s004,doc_0066,Educational,News Article,labse,1-1,Panangkasion on pe mangalehon parbinotoan taringot tu parbinsaran ni AI di bagasan sains dohot na marsada-sada tu hatorangan AI di universitas dohot natorop.,Studi ini juga memberikan wawasan mengenai perkembangan AI dalam sains dan berkontribusi terhadap,clean_auto,doc_0066_s004,432,1-1,1,candidate_1_1,unchanged,undetermined,not_assessed,pending_human,routine,,0,157,0,97
doc_0066_s005,doc_0066,Educational,News Article,labse,1-1,"Alani i, penelitian on mangalehon panangkasion na lobi lanjut taringot tu panghori ni parbinotoan taringot AI tu dalan ni ulaon ni siswa dungkon tamat, paraloan parbinotoan AI di sandok inganan parsiajaran, dohot na manontu pangambati dohot parsatongkinan ni kompetensi AI dohot longolongo taringot tu AI.","Oleh karena itu, penelitian ini memberikan pengkajian yang lebih lama/mendalam tentang pengaruh pengetahuan mengenai AI terhadap jalur pekerjaan siswa setelah tamat, penolakan (paraloan) pengetahuan AI di seluruh lingkungan pembelajaran, dan yang menentukan hambatan serta pemberhentian kompetensi AI dan kebimbangan tentang AI.",review_fix,doc_0066_s005,1384,1-3,1,structural_1_1_reviewed,legacy_label_corrected,sentence_candidate,medium,pending_human,routine,Teks tersimpan sudah berupa satu unit pada tiap sisi. Label lama dipertahankan pada original_alignment_type. Makna belum divalidasi anotator.,0,305,0,328
doc_0066_s006,doc_0066,Educational,News Article,labse,unresolved,Na marguna gabe ulu ni pardalanan ni proyek panangkasion na taringot tu i di kampus.,Proyek penelitian terkait di kampus.,clean_auto,doc_0066_s006,433,1-1,1,needs_review,flag_only,undetermined,undetermined,pending_human,high,Indonesia sangat memendekkan isi Toba. Periksa kesepadanan sebelum dipakai sebagai rujukan.,0,84,0,36
doc_0067_s000,doc_0067,Educational,News Article,labse,1-1,Parbinotoan na Binagunan i ma hata sian Industrial Society 4.0 dohot Society 5.0.,"Artificial Intelligence (AI) adalah istilah dari Industrial Society 4.0 dan Society 5.0. yang merupakan sebuah ""program komputer, pembelajaran mesin, perangkat keras dan perangkat lunak"".",clean_auto,doc_0067_s000,434,1-1,1,candidate_1_1,unchanged,undetermined,not_assessed,pending_human,routine,,0,81,0,187
doc_0067_s001_a,doc_0067,Educational,News Article,labse,1-1,"I ma sada program komputer, parsiajaran ni mesin, parhorasan na toltol dohot parhorasan na lambok.","Itu adalah sebuah program komputer, pembelajaran mesin, kecerdasan yang keras dan kecerdasan yang lembut.",review_fix_split,doc_0067_s001_a,1407,2-1,1,structural_1_1_reviewed,legacy_label_corrected,sentence_candidate,medium,pending_human,routine,Teks tersimpan sudah berupa satu unit pada tiap sisi. Label lama dipertahankan pada original_alignment_type. Makna belum divalidasi anotator.,0,98,0,105
doc_0067_s001_b,doc_0067,Educational,News Article,labse,1-1,Parbinotoan na Binagunan on manggunahon sada ilmu sian parhorasan na toltol dohot parhorasan na lambok na marhitehon paruhalan sian pature-turehon na dibalikkon sian pola neokognitron na marulaon di utokutok ni jolma.,Kecerdasan Buatan ini menggunakan ilmu dari kecerdasan keras dan lembut melalui sumber perbaikan yang dibalikkan dari pola neokognitron yang bekerja di otak manusia.,review_fix_split,doc_0067_s001_b,1408,2-1,1,structural_1_1_reviewed,legacy_label_corrected,sentence_candidate,medium,pending_human,routine,Teks tersimpan sudah berupa satu unit pada tiap sisi. Label lama dipertahankan pada original_alignment_type. Makna belum divalidasi anotator.,0,217,0,165
doc_0067_s002,doc_0067,Educational,News Article,labse,1-1,"Produk ni Industri 4.0 on godang do digunahon di parbinsaran dohot aplikasi siganup ari di ragam ni bidang, tarlumobi di parsiajaran.","Produk Industri 4.0 ini banyak digunakan dalam pengembangan dan aplikasi sehari-hari di berbagai bidang, termasuk pendidikan.",clean_auto,doc_0067_s002,435,1-1,1,candidate_1_1,unchanged,undetermined,not_assessed,pending_human,routine,,0,133,0,125
doc_0067_s003,doc_0067,Educational,News Article,labse,1-1,"Lumban ni panangkasion on i ma laho patonggorhon ulaon ni AI di parsiajaran, jala metode na digunahon i ma metode panangkasion marhite sifat.","Tujuan dari penelitian ini adalah untuk memperjelas peran AI dalam pendidikan, dan metode yang digunakan adalah metode penelitian kualitatif.",clean_auto,doc_0067_s003,436,1-1,1,candidate_1_1,unchanged,undetermined,not_assessed,pending_human,routine,,0,141,0,141
doc_0067_s004,doc_0067,Educational,News Article,labse,1-1,"Di bagasan portibi ni parsiajaran, Parbinotoan na Binagunan i digunahon laho manghombarhon parsiajaran tu dirina be ni ganup parsinghola.","Dalam dunia pendidikan, kecerdasan buatan digunakan untuk mempersonalisasi pembelajaran setiap siswa.",review_ok,doc_0067_s004,1350,1-2,1,structural_1_1_reviewed,legacy_label_corrected,sentence_candidate,medium,pending_human,routine,Teks tersimpan sudah berupa satu unit pada tiap sisi. Label lama dipertahankan pada original_alignment_type. Makna belum divalidasi anotator.,0,137,0,101
doc_0067_s005,doc_0067,Educational,News Article,labse,1-1,"Parsusunon AI on mangurupi laho mambahen gombaran parsiajaran ni ganup parsinghola, jala mangalehon dalan asa parsiajaran i dipahombar dohot hagogoan, parange marsiajar, dohot pangalaman ni ganup parsinghola.","Sistem AI ini membantu membuat profil pembelajaran untuk setiap siswa, memungkinkan materi pembelajaran disesuaikan dengan kemampuan, gaya belajar, dan pengalaman setiap siswa.",clean_auto,doc_0067_s005,437,1-1,1,candidate_1_1,unchanged,undetermined,not_assessed,pending_human,routine,,0,208,0,176
doc_0067_s006,doc_0067,Educational,News Article,labse,1-1,"Hagunaon ni teknologi AI di parpeak ni parsiajaran mangurupi angka guru di godang ragam ni ulaon tarlumobi di bidang pangaturion songon manontuhon balga ni nilai di ujungna hombar tu panontuhon ni nilai, na manjadihon parsiajaran na lobi tompu, dohot na mangurupi ulaon ni guru dohot parsinghola di ulaon marsiajar dohot mangajar.","Implementasi teknologi AI di bidang pendidikan mempermudah para pendidik dalam berbagai urusan terutama dalam bidang administratif seperti menentukan nilai akhir berdasarkan bobot dan penilaian, menciptakan pembelajaran yang lebih aktif, serta mempermudah tugas guru dan siswa dalam kegiatan belajar dan mengajar.",clean_auto,doc_0067_s006,438,1-1,1,candidate_1_1,unchanged,undetermined,not_assessed,pending_human,medium,Segmen >45 unit spasi. Panjang saja tidak menjadi alasan pemecahan.,0,330,0,313
doc_0068_s000,doc_0068,Educational,News Article,labse,1-1,Panangkasion on laho manggombarhon panggarisan ni hata sipaingot na hombar taringot tu holong ni roha di hata Batak Toba.,Penelitian ini bertujuan untuk mendeskripsikan kategorisasi metafora konseptual cinta dalam bahasa Batak Toba.,clean_auto,doc_0068_s000,439,1-1,1,candidate_1_1,unchanged,undetermined,not_assessed,pending_human,routine,,0,121,0,110
doc_0068_s001,doc_0068,Educational,News Article,labse,1-1,Sura-sura na dipargunahon i ma sura na sinurat dohot hata na somal.,Data yang digunakan adalah data tulis dan data lisan.,clean_auto,doc_0068_s001,440,1-1,1,candidate_1_1,unchanged,undetermined,not_assessed,pending_human,routine,,0,67,0,53
doc_0068_s002,doc_0068,Educational,News Article,labse,1-1,"Sura-sura na sinurat dapot sian ragam ni suhut songon ende-ende, buku turi-turian dohot hata ni ende, jala hata na somal dapot marhite sungkun-sungkun dohot angka na mangalehon barita.","Data tulis diperoleh dari berbagai sumber seperti puisi, novel dan lirik lagu, sedangkan data lisan diperoleh melalui wawancara dengan informan.",clean_auto,doc_0068_s002,441,1-1,1,candidate_1_1,unchanged,undetermined,not_assessed,pending_human,routine,,0,184,0,144
doc_0068_s003,doc_0068,Educational,News Article,labse,1-1,Dalan na digunahon laho pahombarhon sura-sura i ma dalan mananginangi dohot dalan marhata.,Metode yang digunakan untuk mengumpulkan data adalah metode simak dan metode cakap.,clean_auto,doc_0068_s003,442,1-1,1,candidate_1_1,unchanged,undetermined,not_assessed,pending_human,routine,,0,90,0,83
doc_0068_s004,doc_0068,Educational,News Article,labse,1-1,Hapistaran na dipargunahon laho mangalehon barita i ma dalan mananginangi dohot marhusip .,Teknik yang digunakan adalah teknik lanjutan yaitu teknik libat cakap.,clean_auto,doc_0068_s004,443,1-1,1,candidate_1_1,unchanged,undetermined,not_assessed,pending_human,routine,,0,90,0,70
doc_0068_s005,doc_0068,Educational,News Article,labse,1-1,Hapistaran mangamanati rap marhata i didongani dohot mambegei dohot manurat.,Teknik simak libat cakap didukung dengan teknik rekam dan teknik catat.,clean_auto,doc_0068_s005,444,1-1,1,candidate_1_1,unchanged,undetermined,not_assessed,pending_human,routine,,0,76,0,71
doc_0068_s006,doc_0068,Educational,News Article,labse,1-1,Dalan marhusip i dipargunahon do nang laho mangalului parbinotoan na di dok.,Metode cakap juga digunakan untuk mengumpulkan data lisan.,clean_auto,doc_0068_s006,445,1-1,1,candidate_1_1,unchanged,undetermined,not_assessed,pending_human,routine,,0,76,0,58
doc_0068_s007,doc_0068,Educational,News Article,labse,1-1,Dalan marhata pe dipake do laho mangalului barita taringot tu pangalaman holong ni roha ni angka namabotosa.,Metode cakap digunakan untuk menggali informasi tentang pengalaman cinta informan.,clean_auto,doc_0068_s007,446,1-1,1,candidate_1_1,unchanged,undetermined,not_assessed,pending_human,routine,,0,108,0,82
doc_0068_s008,doc_0068,Educational,News Article,labse,1-1,Dung i hata i dipahombar ma hombar tu parbagiananna.,Selanjutnya data dikumpulkan berdasarkan kategorisasinya.,clean_auto,doc_0068_s008,447,1-1,1,candidate_1_1,unchanged,undetermined,not_assessed,pending_human,routine,,0,52,0,57
doc_0068_s009,doc_0068,Educational,News Article,labse,1-1,Angka hata i dipareso marhite dalan mangompashon lahomandumpanghon partalian natarida di angka siboto barita dohot na manghori roha di linggoman ni na situjuon.,Data dianalisis menggunakan metode padan untuk membandingkan peristiwa konkret pada ranah sumber dan peristiwa emosi pada ranah sasaran.,clean_auto,doc_0068_s009,448,1-1,1,candidate_1_1,unchanged,undetermined,not_assessed,pending_human,routine,,0,160,0,136
doc_0068_s010,doc_0068,Educational,News Article,labse,1-1,Parbinotoan ni Hata Sipaingot na Hombar digunahon laho mambahen ulu ni poda hata na manggombarhon taringot tu holong ni roha.,Teori Metafora Konseptual digunakan untuk mengkonseptualisasikan ekspresi metaforis cinta.,clean_auto,doc_0068_s010,449,1-1,1,candidate_1_1,unchanged,undetermined,not_assessed,pending_human,medium,"Rasio panjang >=2 dengan sisi terpanjang >=10 unit spasi. Ini indikator pemeriksaan, bukan bukti salah terjemahan.",0,125,0,90
doc_0068_s011,doc_0068,Educational,News Article,labse,1-1,"Na ro sian panangkasion i patuduhon adong ma sampulu sada parbagianan, i ma parbagianan holong ni roha gabe hasadaon di bagasan inganan na mar ranting ni parbagianan holong ni roha gabe api; parbagianan holong ni roha gabe parbue na mar ranting ni parbagianan holong ni roha songonsuansuanan, holong ni roha gabe na tinigatiga na arga, holong ni roha gabe bagunan, holong ni roha gabe parrohahon na marongsong, holong ni roha gabe ubat, dohot holong ni roha gabe sipanganon; panggarisan holong ni roha gabe pardalanan; panggarisan holong ni roha gabe gogo na mar ranting ni parbagianan holong ni roha gabe gogo ni pamatang, holong ni roha gabe gogo na ro sian jadian na ojak, dohot holong ni roha gabe gogo ni tondi; panggarisan holong ni roha gabe hasadaon na mar mar ranting ni parbagianan holong ni roha gabe tali; panggarisan holong ni roha gabe pinahan na rimsak; panggarisan holong ni roha gabe na marsitaonon; panggarisan holong ni roha gabe parporangan; panggarisan holong ni roha gabe api; dohot panggarisan holong ni roha gabe haholsomon.","Hasil penelitian menunjukkan bahwa terdapat sebelas kategori, yaitu kategori cinta sebagai entitas dalam wadah memiliki subkategori cinta sebagai api; kategori cinta sebagai benda memiliki subkategori cinta sebagai tanaman, cinta sebagai komoditas berharga, cinta sebagai bangunan, cinta sebagai objek tersembunyi, cinta sebagai obat, dan cinta sebagai makanan; kategori cinta sebagai perjalanan; kategori cinta sebagai daya memiliki subkategori cinta sebagai daya fisik, cinta sebagai daya alami, dan cinta sebagai daya psikologis; kategori cinta sebagai kesatuan memiliki subkategori cinta sebagai tali; kategori cinta sebagai binatang buas; kategori cinta sebagai korban; kategori cinta sebagai perang; kategori cinta sebagai api; dan kategori cinta sebagai keinginan.",clean_auto,doc_0068_s011,450,1-1,1,candidate_1_1,unchanged,undetermined,not_assessed,pending_human,medium,Segmen >45 unit spasi. Panjang saja tidak menjadi alasan pemecahan.,0,1048,0,771
doc_0068_s012,doc_0068,Educational,News Article,labse,1-1,"Panggarisan holong ni roha gabe parbue i ma panggarisan hata sipaingot na godang situtu digunahon di hata Batak Toba, dohot na mar ranting parbagianon na torop.","Kategori cinta sebagai benda merupakan kategori metafora cinta yang paling banyak digunakan dalam bahasa Batak Toba, sekaligus juga memiliki subkategori terbanyak.",clean_auto,doc_0068_s012,451,1-1,1,candidate_1_1,unchanged,undetermined,not_assessed,pending_human,routine,,0,160,0,163
doc_0069_s000,doc_0069,Educational,News Article,labse,1-1,Panangkasion on mambahas taringot tu pargombaran ni angka hata-hata taringot tu tikkian naung salpu dohot parange ni bangso na dapot di buku parsiajaran.,Penelitian ini membahas mengenai penerjemahan istilah-istilah sejarah dan budaya yang ditemukan pada buku pelajaran.,clean_auto,doc_0069_s000,452,1-1,1,candidate_1_1,unchanged,undetermined,not_assessed,pending_human,routine,,0,153,0,116
doc_0069_s001,doc_0069,Educational,News Article,labse,1-1,"Angka buku parsiajaran, tarlumobi buku muatan lokal, diparangehon laho mangalehon barita taringot tu hata dohot luat na disi.","Buku-buku pelajaran, khususnya buku muatan lokal dirancang untuk memberikan informasi terkait bahasa dan daerah setempat.",clean_auto,doc_0069_s001,453,1-1,1,candidate_1_1,unchanged,undetermined,not_assessed,pending_human,routine,,0,125,0,121
doc_0069_s002,doc_0069,Educational,News Article,labse,1-1,"Asa, angka buku on ndang holan marsitutu tu sada hagogoan sambing, alai adong do parsoalan songon parange ni bangso, parsaoran, politik dohot na asing.","Sehingga, buku-buku ini tidak hanya berfokus pada satu keahlian saja, namun terdapat topik-topik seperti budaya, sosial, politik dan lain-lain.",clean_auto,doc_0069_s002,454,1-1,1,candidate_1_1,unchanged,undetermined,not_assessed,pending_human,routine,,0,151,0,143
doc_0069_s003,doc_0069,Educational,News Article,labse,1-1,Panangkasion on marsitutu tu buku parsiajaran Hata dohot Turiturian Batak Toba.,Penelitian ini berfokus buku pelajaran Bahasa dan Sastra Batak Toba.,clean_auto,doc_0069_s003,455,1-1,1,candidate_1_1,unchanged,undetermined,not_assessed,pending_human,routine,,0,79,0,68
doc_0069_s004,doc_0069,Educational,News Article,labse,1-1,Lumban ni panangkasion on i ma laho manangkasion angka hata taringot tu sejarah dohot budaya na dapot di buku parsiajaran Hata dohot Sastra Batak Toba dohot manggombarhon angka na pinillit ni hata na dipake di na mangalehon hata angka hata sejarah dohot budaya na dapot.,Adapun tujuan dari penelitian ini adalah untuk menganalisis istilah-istilah sejarah dan budaya yang ditemukan dalam buku pelajaran Bahasa dan Sastra Batak Toba dan mendeskripsikan pilihan-pilihan kata yang digunakan dalam menerjemahkan istilah-istilah sejarah dan budaya yang ditemukan.,clean_auto,doc_0069_s004,456,1-1,1,candidate_1_1,unchanged,undetermined,not_assessed,pending_human,routine,,0,270,0,286
doc_0069_s005,doc_0069,Educational,News Article,labse,1-1,"Dalan na dipargunahon di panangkasion on i ma manggombarhon marhite sifat, i ma marhite data na parjolo i ma marhite dalan pahombaron data na marhite mamanat surat-surat, manungkun angka namaboto barita dohot panangkasion ni surat na taringot tu i.","Metode yang digunakan dalam penelitian ini merupakan deskriptif kualitatif yaitu dengan menggunakan data primer yaitu dengan teknik pengumpulan data yang dilakukan dengan mengkaji dokumen, wawancara narasumber dan penelusuran pustaka terkait.",clean_auto,doc_0069_s005,457,1-1,1,candidate_1_1,unchanged,undetermined,not_assessed,pending_human,routine,,0,248,0,242
doc_0069_s006,doc_0069,Educational,News Article,labse,1-1,Barita na digunahon i ma pitu barita na marhata Batak na adong di buku muatan lokal Parsiajaran Hata dohot Sastra Batak Toba 3 edisi 1 taon 2011.,Data yang digunakan adalah tujuh cerita berbahasa batak yang terdapat dalam buku muatan lokal Pelajaran Bahasa dan Sastra Batak Toba 3 edisi 1 tahun 2011.,clean_auto,doc_0069_s006,458,1-1,1,candidate_1_1,unchanged,undetermined,not_assessed,pending_human,routine,,0,145,0,154
doc_0069_s007,doc_0069,Educational,News Article,labse,1-1,"Pitu barita i dilehon hata sian hata Batak Toba tu hata Indonesia marhite kamus hata Batak, panangkasion ni surat dohot siboto barita.","Tujuh cerita tersebut diterjemahkan dari bahasa Batak Toba ke Bahasa Indonesia dengan menggunakan kamus bahasa batak, penelusuran pustaka dan narasumber.",clean_auto,doc_0069_s007,459,1-1,1,candidate_1_1,unchanged,undetermined,not_assessed,pending_human,routine,,0,134,0,153
doc_0069_s008,doc_0069,Educational,News Article,labse,1-1,Panangkasion on manggunahon teori ni ulu ni poda pangalehonon hata parange ni bangso sian Newmark (1988) dohot ulu ni tahi pangalehonon hata sian Baker.,Penelitian ini menggunakan teori konsep penerjemahan budaya oleh Newmark (1988) dan strategi penerjemahan oleh Baker (1992).,clean_auto,doc_0069_s008,460,1-1,1,candidate_1_1,unchanged,undetermined,not_assessed,pending_human,routine,,0,152,0,124
doc_0069_s009,doc_0069,Educational,News Article,labse,1-1,"Sian na ro ni panangkasion dapot ma panggarisan parpeak, adat ni huta, parange gabe panggarisan na balga situtu ro marombalom 23 (dua puluh tolu) hata, dung i, panggarisan budaya sosial marombalom 9 (sia) hata, panggarisan ekologi marombalom 7 (pitu) hata, dohot panggarisan budaya na tompu marombalom 6 (onom) hata.","Dari hasil analisis ditemukan bahwa kategori organisasi,adat istiadat, aktivitas sebagai kategori yang paling dominan muncul sebanyak 23 ungkapan, lalu, kategori budaya sosial sebanyak 9 ungkapan, kategori ekologi sebanyak 7 ungkapan, dan Kategori budaya material sebanyak 6 ungkapan.",clean_auto,doc_0069_s009,461,1-1,1,candidate_1_1,unchanged,undetermined,not_assessed,pending_human,medium,Segmen >45 unit spasi. Panjang saja tidak menjadi alasan pemecahan.,0,316,0,284
doc_0069_s010,doc_0069,Educational,News Article,labse,1-1,"Ulu ni tahi na godang situtu digunahon i ma paarubahan hata, hata na hombar na lobi somal, tambahan barita dohot patongtonghon hata.","Strategi yang paling banyak digunakan adalah parafrase, padanan istilah yang lebih umum, tambahan informasi dan mempertahankan istilah.",clean_auto,doc_0069_s010,462,1-1,1,candidate_1_1,unchanged,undetermined,not_assessed,pending_human,routine,,0,132,0,135
doc_0069_s011,doc_0069,Educational,News Article,labse,1-1,"Hata na Ringkot: Tikki naung salpu, Parange ni Bangso, Pargombaran/Pangalehon Hata, Hata Luat, Batak Toba","Kata Kunci: Sejarah, Budaya, Penerjemahan, Bahasa Daerah, Batak Toba",clean_auto,doc_0069_s011,463,1-1,1,candidate_1_1,unchanged,undetermined,not_assessed,pending_human,routine,,0,105,0,68
doc_0070_s000,doc_0070,Educational,News Article,labse,1-1,"Ulaon panulingkian on marlapatan laho mananda parange ni Usaha Mikro, metmet, dohot Menengah (UMKM) di bagasan pahehehon parhepengon ni Indonesia, jala laho mananda gogo na adong dohot pangambat na ro tu UMKM.","Penelitian ini bertujuan untuk mengidentifikasi peran Usaha Mikro, Kecil, dan Menengah (UMKM) dalam pengembangan ekonomi Indonesia serta menganalisis potensi dan hambatan yang dihadapi oleh UMKM.",clean_auto,doc_0070_s000,464,1-1,1,candidate_1_1,unchanged,undetermined,not_assessed,pending_human,routine,,0,209,0,195
doc_0070_s001,doc_0070,Educational,News Article,labse,1-1,Mardongan angka na salpu ringkot ni parange ni UMKM di bagasan hata parhepengon ni Indonesia.,Dengan latar belakang pentingnya peran UMKM dalam perekonomian Indonesia.,clean_auto,doc_0070_s001,465,1-1,1,candidate_1_1,unchanged,undetermined,not_assessed,pending_human,routine,,0,93,0,73
doc_0070_s002,doc_0070,Educational,News Article,labse,1-1,Dalan panulingkian na dipangke ima sulingkian pustaka.,Metode penelitian yang digunakan adalah kajian pustaka.,clean_auto,doc_0070_s002,466,1-1,1,candidate_1_1,unchanged,undetermined,not_assessed,pending_human,routine,,0,54,0,55
doc_0070_s003,doc_0070,Educational,News Article,labse,1-1,"Na ro sian panulingkian patuduhon ia UMKM maringanan parange na balga di bagasan pajongjong parhepengon ni Indonesia, alai tongtong mangadopi parsoalan songon dalan na hurang tu parhepengon, hurang ni namangatusi laho manogu, dohot pangambat di bagasan panjualan dohot panjebar ni sigadison.","Hasil penelitian menunjukkan bahwa UMKM memiliki peran yang signifikan dalam pembangunan ekonomi Indonesia, namun masih menghadapi tantangan seperti akses terbatas terhadap modal, kurangnya infrastruktur pendukung, dan kendala dalam pemasaran dan distribusi produk.",clean_auto,doc_0070_s003,467,1-1,1,candidate_1_1,unchanged,undetermined,not_assessed,pending_human,routine,,0,291,0,265
doc_0070_s004,doc_0070,Educational,News Article,labse,1-1,Hagogoon sian panulingkian on manat ringkotna mamikkiri patik na tigor laho manogu hatubuan dohot hagogoon ni UMKM asa boi maringanan parange na umele di bagasan manggorgarhon parhepengon ni Indonesia marbilang dohot na manjangkon.,Kesimpulan dari penelitian ini menekankan pentingnya merumuskan kebijakan yang tepat untuk mendukung pertumbuhan dan daya saing UMKM agar dapat berperan lebih efektif dalam menggerakkan ekonomi Indonesia secara inklusif dan berkelanjutan.,clean_auto,doc_0070_s004,468,1-1,1,candidate_1_1,unchanged,undetermined,not_assessed,pending_human,routine,,0,231,0,238
doc_0071_s000,doc_0071,Educational,News Article,labse,1-1,Hatoropan ni parhehe ni parbinotoan dohot Panggabean tu rupa Digital nunga mamboan parhepongon digital na tardapot sian hatoropan ni parhehe ni parbungaan dohot transaksi parjualan na marharoroan sian parbinotoan sonari.,Pesatnya perkembangan teknologi dan digitalisasi telah menghadirkan ekonomi digital yang ditandai dengan tingginya perkembangan bisnis dan transaksi perdagangan berbasis teknologi.,clean_auto,doc_0071_s000,469,1-1,1,candidate_1_1,unchanged,undetermined,not_assessed,pending_human,routine,,0,220,0,180
doc_0071_s001,doc_0071,Educational,News Article,labse,1-1,Parhepengon digital maringanan gogo na balga laho manogu hatubuan ni parhepengon.,Ekonomi digital memiliki potensi yang besar untuk mendorong pertumbuhan ekonomi.,clean_auto,doc_0071_s001,470,1-1,1,candidate_1_1,unchanged,undetermined,not_assessed,pending_human,routine,,0,81,0,80
doc_0071_s002,doc_0071,Educational,News Article,labse,1-1,Ulaon panulingkian on marlapatan laho manulingkian dampak ni parhepengon digital tu hatubuan ni parhepengon di Indonesia.,Penelitian ini bertujuan untuk mengkaji dampak ekonomi digital terhadap pertumbuhan ekonomi di Indonesia.,clean_auto,doc_0071_s002,471,1-1,1,candidate_1_1,unchanged,undetermined,not_assessed,pending_human,routine,,0,121,0,105
doc_0071_s003,doc_0071,Educational,News Article,labse,1-1,Panulingkian on diulahon marhite dalan na marhite kualitatif dohot dalan manggombarhon.,Penelitian ini dilakukan dengan menggunakan metode kualitatif dengan pendekatan deskriptif.,clean_auto,doc_0071_s003,472,1-1,1,candidate_1_1,unchanged,undetermined,not_assessed,pending_human,routine,,0,87,0,91
doc_0071_s004,doc_0071,Educational,News Article,labse,1-1,Dalan ni panulingkian dapot sian Badan Pusat Statistik (BPS).,Data penelitian diperoleh dari Badan Pusat Statistik (BPS).,clean_auto,doc_0071_s004,473,1-1,1,candidate_1_1,unchanged,undetermined,not_assessed,pending_human,routine,,0,61,0,59
doc_0071_s005,doc_0071,Educational,News Article,labse,1-1,Na ro sian panulingkian patuduhon ia parhepengon digital maringanan ahas nauli tu hatubuan ni parhepengon di Indonesia.,Hasil penelitian menunjukkan bahwa ekonomi digital memiliki dampak positif terhadap pertumbuhan ekonomi di Indonesia.,clean_auto,doc_0071_s005,474,1-1,1,candidate_1_1,unchanged,undetermined,not_assessed,pending_human,routine,,0,119,0,117
doc_0071_s006,doc_0071,Educational,News Article,labse,1-1,On tarida sian manginsopna arga ni panjualanan parhepengon digital dohot manginsopna parbagianan ni parhepengon digital tu PDB ni Indonesia.,Hal ini terlihat dari meningkatnya nilai transaksi ekonomi digital dan meningkatnya kontribusi ekonomi digital terhadap PDB Indonesia.,clean_auto,doc_0071_s006,475,1-1,1,candidate_1_1,unchanged,undetermined,not_assessed,pending_human,routine,,0,140,0,134
doc_0071_s007_a,doc_0071,Educational,News Article,labse,1-1,"Alai, parhepengon digital tongtong maringanan potensi laho mamboan dampak na roru tu hatubuan ni parhepengon.","Namun, keuangan digital tetap menyimpan potensi untuk membawa dampak yang buruk bagi pertumbuhan keuangan.",review_fix_split,doc_0071_s007_a,1460,2-1,1,structural_1_1_reviewed,legacy_label_corrected,sentence_candidate,medium,pending_human,routine,Teks tersimpan sudah berupa satu unit pada tiap sisi. Label lama dipertahankan pada original_alignment_type. Makna belum divalidasi anotator.,0,109,0,106
doc_0071_s007_b,doc_0071,Educational,News Article,labse,1-1,"Laho pabalgaon ahas na uli ni parhepengon digital tu hatubuan ni ekonomi, pamarentah ingkon mangulahon ragam hata na sinurathon.","Untuk memperbesar dampak yang baik dari keuangan digital terhadap pertumbuhan ekonomi, pemerintah harus melaksanakan berbagai kebijakan/aturan tertulis.",review_fix_split,doc_0071_s007_b,1461,2-1,1,structural_1_1_reviewed,legacy_label_corrected,sentence_candidate,medium,pending_human,routine,Teks tersimpan sudah berupa satu unit pada tiap sisi. Label lama dipertahankan pada original_alignment_type. Makna belum divalidasi anotator.,0,128,0,152
doc_0072_s000,doc_0072,Educational,News Article,labse,1-1,Makalah on martujuan laho pasahathon usulan ni parange na tigor ni halak Kristen tu panggabeon parhepengon ni portibi dohot parsahiton ni hapogoson di tongatonga ni hagaleon ni portibi.,Makalah ini bertujuan untuk menyajikan usulan sikap etis umat Kristen terhadap globalisasi ekonomi dan problem kemiskinan di tengah resesi global dunia.,clean_auto,doc_0072_s000,476,1-1,1,candidate_1_1,unchanged,undetermined,not_assessed,pending_human,routine,,0,185,0,152
doc_0072_s001,doc_0072,Educational,News Article,labse,1-1,Usulan on ringkot didao ala ni halak Kristen jotjot mangulahon na hona sandiri haporseaon na marlapatan tu haluaon ni tondi.,Usulan ini dipandang perlu karena umat Kristen seringkali melakukan privatisasi iman yang berorientasi pada keselamatan jiwa.,clean_auto,doc_0072_s001,477,1-1,1,candidate_1_1,unchanged,undetermined,not_assessed,pending_human,routine,,0,124,0,125
doc_0072_s002,doc_0072,Educational,News Article,labse,1-1,"Di pihak na asing, gareja tongtong manghaposi soara na marsurirang laho mangulahon dang sadalan tu pamarentah laho mangatasi parsahiton ni hapogoson alai hurang marhatigoran parange ni sada-sada dohot hatorangan ni analisa parhepengon na tigor.","Di sisi lain, gereja juga kerap mengandalkan suara profetis untuk melakukan protes terhadap pemerintah untuk mengatasi problem kemiskinan tetapi kurang memperhatikan peranan individu dan pemahaman analisa ekonomi yang tepat.",clean_auto,doc_0072_s002,478,1-1,1,candidate_1_1,unchanged,undetermined,not_assessed,pending_human,routine,,0,244,0,224
doc_0072_s003,doc_0072,Educational,News Article,labse,1-1,Surat on marusaha laho mangukkap hagogoon ni onan parsaoran parhepengon di bagasan parhepengon ni portibion laho pasaehon parsahiton ni hapogoson ni portibi marhite manggaru prinsip haporseaon na marsibolahan na boi diulahon halak Kristen secara sada-sada di bagasan ngolu parkarejoan nasida.,Tulisan ini berupaya untuk menguak potensi kekuatan pasar kapitalisme dalam globalisasi ekonomi untuk mengatasi problem kemiskinan dunia dengan mengintegrasikan prinsip keadilan distributif yang dapat diaplikasikan umat Kristen secara individu dalam kehidupan pekerjaan mereka.,clean_auto,doc_0072_s003,479,1-1,1,candidate_1_1,unchanged,undetermined,not_assessed,pending_human,routine,,0,292,0,277
doc_0072_s004,doc_0072,Educational,News Article,labse,1-1,"Di bagasan parusahaonna, panurat mamangke dalan manggombarhon parsiajaran pustaha marhite marnida sian parrohaon parhepengon sulingkian Bibel dohot parrohaon na tigor ni halak Kristen songon na diusulhon ni ragam teolog di bagasan sejarah tudos di bagasan tradisi reformed.","Dalam upayanya, penulis menggunakan metode kualitatif studi pustaka dengan melihat dari sudut pandang ekonomi, tinjauan Alkitab dan sudut pandang etis umat Kristen sebagaimana diusulkan oleh pelbagai teolog dalam sejarah khususnya dalam tradisi reformed.",clean_auto,doc_0072_s004,480,1-1,1,candidate_1_1,unchanged,undetermined,not_assessed,pending_human,routine,,0,273,0,254
doc_0072_s005_a,doc_0072,Educational,News Article,labse,1-1,"Songon panutup, panurat manjou halak Kristen laho maringanan di bagasan manggulmit hapogoson ni portibi dohot ragam parange na tigor marhite parrohaon na giot di bagasan onan parhepengon portibi na diimbangi dohot pangulahon na ojak haporseaon na marsibolahan.","Sebagai penutup, penulis memanggil orang-orang Kristen untuk hidup di dalam mengentaskan kemiskinan dunia dan ragam perilaku yang adil melalui hati yang tulus di dalam pasar keuangan dunia yang diimbangi dengan perbuatan yang berlandaskan kepercayaan yang berkesinambungan.",review_fix_split,doc_0072_s005_a,1456,2-1,1,structural_1_1_reviewed,legacy_label_corrected,sentence_candidate,medium,pending_human,routine,Teks tersimpan sudah berupa satu unit pada tiap sisi. Label lama dipertahankan pada original_alignment_type. Makna belum divalidasi anotator.,0,260,0,273
doc_0072_s005_b,doc_0072,Educational,News Article,labse,1-1,"Hata Kunci: Parhepengon ni portibi, hapogoson ni portibi, parange na tigor, haporseaon na marsibolahan.","Kata Kunci: Keuangan dunia, kemiskinan dunia, perilaku yang adil, kepercayaan yang berkesinambungan.",review_fix_split,doc_0072_s005_b,1457,2-1,1,structural_1_1_reviewed,legacy_label_corrected,fragment_or_heading,medium,pending_human,medium,"Teks tersimpan sudah berupa satu unit pada tiap sisi. Label lama dipertahankan pada original_alignment_type. Makna belum divalidasi anotator. | Judul, fragmen, atau pengantar ujaran. Satu pasangan tidak otomatis satu kalimat lengkap.",0,103,0,100
doc_0073_s000,doc_0073,Educational,News Article,labse,1-1,"Guru ima sada na ringkot di bagasan hamajuon ni sisean taringot tu parbinotoan, dohot taringot tu haporseaon.","Pendidik merupakan sosok yang penting di dalam keberhasilan siswa baik secara akademis, maupun kerohanian.",clean_auto,doc_0073_s000,481,1-1,1,candidate_1_1,unchanged,undetermined,not_assessed,pending_human,routine,,0,109,0,106
doc_0073_s001,doc_0073,Educational,News Article,labse,1-1,"Godang do parange ni guru Kristen, sada sian i ima songon sipangajar haporseaon.","Ada banyak peran dari guru Kristen, salah satunya ialah sebagai pembimbing rohani.",clean_auto,doc_0073_s001,482,1-1,1,candidate_1_1,unchanged,undetermined,not_assessed,pending_human,routine,,0,80,0,82
doc_0073_s002,doc_0073,Educational,News Article,labse,1-1,"Panulingkian on martumpu tu songon dia guru Kristen di bagasan parangena mangeahi angka sisean di bagasan mamangke haojakon hakaristenon songon haporseaon, holong, hasabaron, sipasi-pasi, dohot angka na asing tu dalan parsiajaran dohot parsaoran dohot sisean.","Penelitian ini berfokus pada bagaimana guru Kristen dalam perannya menginspirasi para siswa dalam menerapkan prinsip-prinsip Kekristenan seperti iman, kasih, pengampunan, keteladanan, dan lain sebagainya ke dalam proes pembelajaran dan hubungan dengan siswa.",clean_auto,doc_0073_s002,483,1-1,1,candidate_1_1,unchanged,undetermined,not_assessed,pending_human,routine,,0,259,0,258
doc_0073_s003,doc_0073,Educational,News Article,labse,1-1,Panulingkian on mamangke metode panulingkian na marhite sifat-manggombarhon dohot parnidaan ni pustaha.,Penelitian ini menggunakan metode penelitian kualitatif-deskriptif dengan pendekatan studi kepustakaan.,clean_auto,doc_0073_s003,484,1-1,1,candidate_1_1,unchanged,undetermined,not_assessed,pending_human,routine,,0,103,0,103
doc_0073_s004,doc_0073,Educational,News Article,labse,1-1,Na ro sian panulingkian patuduhon ia guru agama Kristen songon sipangajar maringanan parange na ringkot di bagasan patubuhon parange sisean asa nasida boi mamangke haojakon hakristenan.,Hasil penelitian menunjukkan bahwa guru agama Kristen sebagai pembimbing berperan penting dalam membentuk karakter siswa sehingga mereka mampu menerapkan prinsip-prinsip kristiani.,clean_auto,doc_0073_s004,485,1-1,1,candidate_1_1,unchanged,undetermined,not_assessed,pending_human,routine,,0,185,0,180
doc_0073_s005,doc_0073,Educational,News Article,labse,1-1,"Guru ndada holan mandalu parbinotoan, alai tongtong mangalehon eak-eak tu angka sisean asa boi patimbulhon haporseaon nasida.","Guru tidak hanya mentransfer ilmu pengetahuan, tetapi juga memberikan inspirasi kepada siswa untuk dapat meningkatkan kerohanian mereka.",clean_auto,doc_0073_s005,486,1-1,1,candidate_1_1,unchanged,undetermined,not_assessed,pending_human,routine,,0,125,0,136
doc_0073_s006,doc_0073,Educational,News Article,labse,1-1,"Molo pangajarion haporseaon diulahon dohot uli, gabe tontong haporseaon nasida na uele ma.","Ketika pembimbingan rohani dijalankan dengan baik, maka kerohanian mereka akan lebih baik pula.",clean_auto,doc_0073_s006,487,1-1,1,candidate_1_1,unchanged,undetermined,not_assessed,pending_human,routine,,0,90,0,95
doc_0073_s007,doc_0073,Educational,News Article,labse,1-1,"Dohot songon i, guru Kristen boi manogu angka sisean laho mangonjar di bagasan haporseaon dohot parange, pasirsirhon nasida gabe sada-sada na marhadomuan dohot marhapantason na patuduhon holong ni Kristus di bagasan luat.","Dengan demikian, pendidik Kristen dapat membantu para siswa untuk bertumbuh dalam iman dan karakter, mempersiapkan mereka menjadi individu yang bertanggung jawab dan bermoral yang mencerminkan kasih Kristus dalam masyarakat.",clean_auto,doc_0073_s007,488,1-1,1,candidate_1_1,unchanged,undetermined,not_assessed,pending_human,routine,,0,221,0,224
doc_0073_s008,doc_0073,Educational,News Article,labse,1-1,"Pasirsirhon ngolu ndada holan di portibi on sahat, alai tongtong ro tu bagasan harajaon ni Debata.","Mempersiapkan kehidupan bukan hanya di dunia ini saja, tetapi sampai ke dalam kerajaan Allah.",clean_auto,doc_0073_s008,489,1-1,1,candidate_1_1,unchanged,undetermined,not_assessed,pending_human,routine,,0,98,0,93
doc_0074_s000,doc_0074,Educational,News Article,labse,1-1,"Ulaon panulingkian on mambahas taringot tangiang di bagasan parrohaon ni halak Kristen, taringot tu songon dia dohot boasa halak Kristen ringkot martamiang marhite pangajarion ni Bibel.","Penelitian ini membahas tentang doa dalam perspektif Kristen, tentang bagaimana dan mengapa orang Kristen penting untuk berdoa berdasarkan ajaran Alkitab.",clean_auto,doc_0074_s000,490,1-1,1,candidate_1_1,unchanged,undetermined,not_assessed,pending_human,routine,,0,185,0,154
doc_0074_s001,doc_0074,Educational,News Article,labse,1-1,Dalan panulingkian na dipangke ima sulingkian pustaha.,Metode penelitian yang digunakan adalah studi literatur.,clean_auto,doc_0074_s001,491,1-1,1,candidate_1_1,unchanged,undetermined,not_assessed,pending_human,routine,,0,54,0,56
doc_0074_s002,doc_0074,Educational,News Article,labse,1-1,Ganup pustaha ditiopi marhite martumpu tu situktuhan tangiang di bagasan Bibel dohot hatorangan ni angka Ompu na Pantas na di Tingki na Salpu ni gareja taringot tu ringkotna parange tangiang dohot na ojak.,Setiap literatur dianalisis dengan memfokuskan pada topik doa dalam Alkitab serta uraian tokoh-tokoh sejarah gereja mengenai pentingnya praktik doa dan hakekatnya.,clean_auto,doc_0074_s002,492,1-1,1,candidate_1_1,unchanged,undetermined,not_assessed,pending_human,routine,,0,205,0,163
doc_0074_s003,doc_0074,Educational,News Article,labse,1-1,Na ro sian panulingkian patuduhon ia tangiang di bagasan hakaristenon ndada paraloan laho mamangke Debata manang mangaritir-Ibana mangulahon sada di halak-Na.,Hasil penelitian menunjukkan bahwa doa dalam kekristenan bukanlah alat untuk memperalat Tuhan atau memaksa-Nya melakukan sesuatu bagi umat-Nya.,clean_auto,doc_0074_s003,493,1-1,1,candidate_1_1,unchanged,undetermined,not_assessed,pending_human,routine,,0,158,0,143
doc_0074_s004,doc_0074,Educational,News Article,labse,1-1,"Tangiang ndang jadi maringanan na sian hadiran dohot na dibahen-bahen (instrumental), alai ingkon tulus dohot marhite Bibel.","Doa tidak boleh bersifat naturalis dan artifisial (instrumental), tetapi harus tulus dan berdasarkan Alkitab.",clean_auto,doc_0074_s004,494,1-1,1,candidate_1_1,unchanged,undetermined,not_assessed,pending_human,routine,,0,124,0,109
doc_0074_s005,doc_0074,Educational,News Article,labse,1-1,"Pangantusion ni panulingkian on ima tangiang di bagasan hakaristenon ingkon diantusi songon parsaoran na sian roha na sintong dohot Debata, patoguhon parsaoran Sasinggangan manang rampak angka na asing dohot-Ibana.","Kesimpulan penelitian ini adalah bahwa doa dalam kekristenan harus dipahami sebagai komunikasi yang tulus dengan Tuhan, memperkuat hubungan pribadi maupun kolektif dengan-Nya.",clean_auto,doc_0074_s005,495,1-1,1,candidate_1_1,unchanged,undetermined,not_assessed,pending_human,routine,,0,214,0,175
doc_0075_s000,doc_0075,Contemporary Media,Wiki,labse,1-1,Huria Kristen Batak Protestan,Huria Kristen Batak Protestan,clean_auto,doc_0075_s000,496,1-1,1,candidate_1_1,unchanged,undetermined,not_assessed,pending_human,routine,,0,29,0,29
doc_0075_s001,doc_0075,Contemporary Media,Wiki,labse,1-1,"Huria Karisten Batak Protestan (dipajempek gabe HKBP) ima sada huria Kristen Protestan na marpusaka Lutheranisme di tonga-tonga ni halak Batak, tarlumobi halak Batak Toba.","Huria Kristen Batak Protestan (disingkat sebagai HKBP) adalah gereja yang berdenominasi Kristen Protestan dengan warisan tradisi Lutheranisme di kalangan masyarakat Batak, umumnya Batak Toba.",clean_auto,doc_0075_s001,497,1-1,1,candidate_1_1,unchanged,undetermined,not_assessed,pending_human,routine,,0,171,0,191
doc_0075_s002,doc_0075,Contemporary Media,Wiki,labse,1-1,Gareja on ma gareja na umbalga sian gareja Protestan na adong di Indonesia.,Gereja ini merupakan yang terbesar di antara gereja-gereja Protestan yang ada di Indonesia.,clean_auto,doc_0075_s002,498,1-1,1,candidate_1_1,unchanged,undetermined,not_assessed,pending_human,routine,,0,75,0,91
doc_0075_s003,doc_0075,Contemporary Media,Wiki,labse,1-1,"Somalna parsombaonna tarhona Gareja Reformasi Bolanda (na ipengaruhi penjajahan Bolanda di Indonesia) dohot Pietisme of the Rheinische Missionsgesellschaft (RMG), na manjadi ojahan ni gareja i.","Gereja ini menggunakan gaya ibadah yang dipengaruhi oleh Gereja Reformed Belanda (yang dipengaruhi oleh kolonialisme Belanda di Indonesia) dan Pietisme dari Rheinische Missionsgesellschaft (RMG), yang menjadi dasar gereja.",clean_auto,doc_0075_s003,499,1-1,1,candidate_1_1,unchanged,undetermined,not_assessed,pending_human,routine,,0,193,0,222
doc_0075_s004,doc_0075,Contemporary Media,Wiki,labse,1-1,"HKBP ojak tanggal 7 Oktober 1861, hinorhon ni parbaritanaulion ni halak Batak di luat Tapanuli.","HKBP didirikan pada tanggal 7 Oktober 1861, sebagai hasil dari penginjilan masyarakat Batak di daerah Tapanuli.",clean_auto,doc_0075_s004,500,1-1,1,candidate_1_1,unchanged,undetermined,not_assessed,pending_human,routine,,0,95,0,111
doc_0075_s005,doc_0075,Contemporary Media,Wiki,labse,1-1,"Nuaeng on, HKBP nunga lobi sian 6.500.000 ruas, dohot hira-hira 3.800 huria na marserak di sandok Indonesia.","Saat ini, HKBP memiliki lebih dari 6.500.000 jemaat, dengan sekitar 3.800 gereja tersebar di seluruh Indonesia.",clean_auto,doc_0075_s005,501,1-1,1,candidate_1_1,unchanged,undetermined,not_assessed,pending_human,routine,,0,108,0,111
doc_0075_s006,doc_0075,Contemporary Media,Wiki,labse,1-1,"Angkup ni i, HKBP pe adong do pigapiga huria di luar negeri, isara di Eropa, Singapura, Malaysia, dohot Amerika Serikat.","Selain itu, HKBP juga memiliki beberapa gereja di luar negeri, seperti Eropa, Singapura, Malaysia, dan Amerika Serikat.",clean_auto,doc_0075_s006,502,1-1,1,candidate_1_1,unchanged,undetermined,not_assessed,pending_human,routine,,0,120,0,119
doc_0075_s007,doc_0075,Contemporary Media,Wiki,labse,1-1,On mambaen ia manjadi organisasi agama patolu targodang i Indonesia sidung Nahdlatul Ulama dot Muhammadiyah.,Hal ini menjadikan gereja tersebut sebagai organisasi keagamaan terbesar ketiga di Indonesia setelah Nahdlatul Ulama dan Muhammadiyah.,clean_auto,doc_0075_s007,503,1-1,1,candidate_1_1,unchanged,undetermined,not_assessed,pending_human,routine,,0,108,0,134
doc_0075_s008,doc_0075,Contemporary Media,Wiki,labse,1-1,"HKBP markantor pusat di Pearaja, maringanan di Hutatoruan V, Tarutung, Kabupaten Tapanuli Utara, Sumatera Utara.","HKBP berkantor pusat di Pearaja, yang terletak di Hutatoruan V, Tarutung, Kabupaten Tapanuli Utara, Sumatera Utara.",clean_auto,doc_0075_s008,504,1-1,1,candidate_1_1,unchanged,undetermined,not_assessed,pending_human,routine,,0,112,0,115
doc_0075_s009,doc_0075,Contemporary Media,Wiki,labse,1-1,"Kompleks kantor HKBP, pusat administrasi ni punguan, maringanan di bagasan luas 20 hektar.","Kompleks perkantoran HKBP, pusat administrasi organisasi HKBP, berada di dalam area berukuran 20 hektar.",clean_auto,doc_0075_s009,505,1-1,1,candidate_1_1,unchanged,undetermined,not_assessed,pending_human,routine,,0,90,0,104
doc_0075_s010,doc_0075,Contemporary Media,Wiki,labse,1-1,"Kompleks on ma na gabe pusat ni sude operasional ni huria HKBP jala gabe kantor ni uluan ni huria (na targoar Ephorus, lapatanna uskup).","Kompleks ini merupakan pusat bagi seluruh operasi gerejawi HKBP sekaligus kantor bagi pemimpin gereja tersebut (yang dikenal sebagai Ephorus, yang berarti uskup).",clean_auto,doc_0075_s010,506,1-1,1,candidate_1_1,unchanged,undetermined,not_assessed,pending_human,routine,,0,136,0,162
doc_0075_s011,doc_0075,Contemporary Media,Wiki,labse,1-1,Ephorus ni HKBP nuaeng ima Victor Tinambunan.,Adapun Ephorus HKBP saat ini ialah Victor Tinambunan.[7],clean_auto,doc_0075_s011,507,1-1,1,candidate_1_1,unchanged,undetermined,not_assessed,pending_human,routine,,0,45,0,56
doc_0075_s012,doc_0075,Contemporary Media,Wiki,labse,1-1,"HKBP ruas ni Komuni ni angka Huria di Indonesia (PGI), Dewan Gereja-gereja Asia (CCA), Persatuan Pemberdayaan Jerman (UEM), dohot Dewan Gereja-gereja Sedunia (WCC).","HKBP adalah anggota Persekutuan Gereja-gereja di Indonesia (PGI), anggota Dewan Gereja-gereja Asia (CCA), UEM Jerman, dan anggota Dewan Gereja-Gereja Sedunia (WCC).",clean_auto,doc_0075_s012,508,1-1,1,candidate_1_1,unchanged,undetermined,not_assessed,pending_human,routine,,0,164,0,164
doc_0075_s013,doc_0075,Contemporary Media,Wiki,labse,1-1,"Songon huria Lutheran, laos HKBP do ruas ni Federasi Dunia Lutheran (LWF), na markantor pusat di Jenewa, Swiss.","Sebagai gereja yang berasaskan ajaran Lutheran, HKBP juga menjadi anggota dari Federasi Lutheran Sedunia (LWF) yang berpusat di Jenewa, Swiss.",clean_auto,doc_0075_s013,509,1-1,1,candidate_1_1,unchanged,undetermined,not_assessed,pending_human,routine,,0,111,0,142
doc_0075_s014,doc_0075,Contemporary Media,Wiki,labse,1-1,"Nang pe gumodang halak Batak Toba maringanan di huria on, alai HKBP ungkap do tu sude suku bangso.","Kendati mayoritas gereja tersebut diisi oleh jemaat dari suku Batak Toba, HKBP terbuka bagi seluruh kelompok etnis.",clean_auto,doc_0075_s014,510,1-1,1,candidate_1_1,unchanged,undetermined,not_assessed,pending_human,routine,,0,98,0,115
doc_0075_s016,doc_0075,Contemporary Media,Wiki,labse,1-1,"Punguan Kristen Batak Protestan (Huria Kristen Batak Protestan) dipajongjong tanggal 7 Oktober 1861, dung adong konferensi na pinatupa ni opat missionaris di Sipirok Carl Wilhelm Heine, Karl Johann Klammer, Friedrich Wilhelm Betz, dohot Gerritt van Asselt.","Huria Kristen Batak Protestan didirikan pada tanggal 7 Oktober 1861 setelah dilakukannya konferensi oleh empat misionaris di Sipirok, yaitu Carl Wilhelm Heine, Karl Johann Klammer, Friederich Wilhelm Betz, dan Gerritt van Asselt.",clean_auto,doc_0075_s016,511,1-1,1,candidate_1_1,unchanged,undetermined,not_assessed,pending_human,routine,,0,256,0,229
doc_0075_s017,doc_0075,Contemporary Media,Wiki,labse,1-1,"Opat Zending i sian Rheinische Missionsgesellschaft (RMG), sada organisasi zending na dohot pararathon hakristenon di Kalimantan.","Keempat misionaris tersebut berasal dari Rheinische Missionsgesellschaft (RMG), organisasi misi yang juga melakukan penyebaran agama Kristen di Kalimantan.",clean_auto,doc_0075_s017,512,1-1,1,candidate_1_1,unchanged,undetermined,not_assessed,pending_human,routine,,0,129,0,155
doc_0075_s018,doc_0075,Contemporary Media,Wiki,labse,1-1,"Tai, mangihutkon Porang Banjar dot larangan Bolanda tu usaho zending i luat i, RMG mamutuskon giot manggeser fokus zendingna tu Sumatera.","Namun, seiring dengan terjadinya Perang Banjar dan adanya larangan untuk usaha misionaris di daerah itu oleh Belanda, maka RMG memutuskan untuk mengalihkan perhatian misinya ke Sumatera.",clean_auto,doc_0075_s018,513,1-1,1,candidate_1_1,unchanged,undetermined,not_assessed,pending_human,routine,,0,137,0,186
doc_0075_s019,doc_0075,Contemporary Media,Wiki,labse,1-1,"Di taon 1862, Ludwig Nommensen, naung ditugashon RMG gabe misi, sahat ma tu Pelabuhan Barus.","Pada tahun 1862, Ludwig Nommensen, yang telah mendapat tugas misi dari RMG, sampai ke Pelabuhan Barus.",clean_auto,doc_0075_s019,514,1-1,1,candidate_1_1,unchanged,undetermined,not_assessed,pending_human,routine,,0,92,0,102
doc_0075_s020,doc_0075,Contemporary Media,Wiki,labse,1-1,"Dipungka ma ulaonna di Sipirok, dungi pinda ma ibana tu Rura Silindung laho mangurupi harararat ni hakristenon disi di bona ni taon 1864.","Ia memulai tugasnya di Sipirok, kemudian ke lembah Silindung untuk membantu penyebaran Kristen di sana pada awal tahun 1964.",clean_auto,doc_0075_s020,515,1-1,1,candidate_1_1,unchanged,undetermined,not_assessed,pending_human,routine,,0,137,0,124
doc_0075_s021,doc_0075,Contemporary Media,Wiki,labse,1-1,"Di na mangulahon tohonanna i, diurupi angka uluan daerah (raja huta) na marragam do ibana, isara Pontas Lumbantobing.","Dalam melakukan misinya, ia dibantu oleh berbagai pemimpin wilayah (raja huta) seperti Pontas Lumbantobing.",clean_auto,doc_0075_s021,516,1-1,1,candidate_1_1,unchanged,undetermined,not_assessed,pending_human,routine,,0,117,0,107
doc_0075_s022,doc_0075,Contemporary Media,Wiki,labse,1-1,"Ia juo ibantu missionaris RMG na lain, songon P.","Selain itu, ia juga dibantu oleh misionaris RMG lainnya seperti P.",clean_auto,doc_0075_s022,517,1-1,1,candidate_1_1,unchanged,undetermined,not_assessed,pending_human,routine,,0,48,0,66
doc_0075_s023,doc_0075,Contemporary Media,Wiki,labse,1-1,"H. Johannsen dot August Mohri, tarlobi-lobi mangajarkon hakristenon tu penduduk setempat lewat pajongjongkon sikola-sikola mission.","H. Johannsen dan August Mohri, terutama dalam memberi ajaran Kekristenan kepada penduduk lokal melalui pembentukan sekolah misi.",clean_auto,doc_0075_s023,518,1-1,1,candidate_1_1,unchanged,undetermined,not_assessed,pending_human,routine,,0,131,0,128
doc_0075_s024_a,doc_0075,Contemporary Media,Wiki,labse,1-1,"Alai, godang do tokoh daerah di Tanah Batak mangarajumi hadirion ni misionaris songon sada tanda parmaraan jala songon mata-mata tu pamarenta penjajah, tarlumobi angka na marpihak tu Sisingamangaraja XII.","Tetapi, banyak tokoh daerah di Tanah Batak menganggap kehadiran misionaris sebagai sebuah tanda bahaya dan sebagai mata-mata bagi pemerintah penjajah, terlebih bagi mereka yang berpihak kepada Sisingamangaraja XII.",review_fix_split,doc_0075_s024_a,1452,2-1,1,structural_1_1_reviewed,legacy_label_corrected,sentence_candidate,medium,pending_human,routine,Teks tersimpan sudah berupa satu unit pada tiap sisi. Label lama dipertahankan pada original_alignment_type. Makna belum divalidasi anotator.,0,204,0,214
doc_0075_s024_b,doc_0075,Contemporary Media,Wiki,labse,1-1,"Di taon 1876, nunga lam torop torop ni halak Kristen di luat Silindung sahat tu 2.000 halak, na gabe pelopor ni huria Batak Toba di bagasan HKBP.","Pada tahun 1876, sudah semakin banyak jumlah orang Kristen di daerah Silindung mencapai 2.000 orang, yang menjadi pelopor gereja Batak Toba di dalam HKBP.",review_fix_split,doc_0075_s024_b,1453,2-1,1,structural_1_1_reviewed,legacy_label_corrected,sentence_candidate,medium,pending_human,routine,Teks tersimpan sudah berupa satu unit pada tiap sisi. Label lama dipertahankan pada original_alignment_type. Makna belum divalidasi anotator.,0,145,0,154
doc_0075_s025,doc_0075,Contemporary Media,Wiki,labse,1-1,Keberhasilan ni tohonanna gabe diangkat RMG ibana gabe uluan ni huria (ephorus) di taon 1881.,Keberhasilan misinya membuatnya diangkat menjadi pemimpin gereja (ephorus) oleh RMG pada tahun 1881.,clean_auto,doc_0075_s025,519,1-1,1,candidate_1_1,unchanged,undetermined,not_assessed,pending_human,routine,,0,93,0,100
doc_0075_s026,doc_0075,Contemporary Media,Wiki,labse,1-1,"Di taon 1910, nunga rarat huria HKBP tu sandok luat Tapanuli Utara.","Pada tahun 1910, gereja HKBP telah tersebar ke seluruh wilayah Tapanuli Utara.",clean_auto,doc_0075_s026,520,1-1,1,candidate_1_1,unchanged,undetermined,not_assessed,pending_human,routine,,0,67,0,78
doc_0075_s027,doc_0075,Contemporary Media,Wiki,labse,1-1,"Di tingki parmonding ni Nommensen di taon 1918, nunga lobi sian 180.000 halak parminggu di HKBP, 34 halak Pandita, jala 788 halak guru parmahanion.","Pada waktu Nommensen meninggal pada tahun 1918, HKBP telah memiliki lebih dari 180.000 umat, 34 pendeta, dan 788 guru pendeta.",clean_auto,doc_0075_s027,521,1-1,1,candidate_1_1,unchanged,undetermined,not_assessed,pending_human,routine,,0,147,0,126
doc_0075_s028,doc_0075,Contemporary Media,Wiki,labse,1-1,"Di taon 1917, masa do dorong-dorong sian halak Batak laho mangalap uluan ni huria marhite pembentukan ni Punguan Kristen Batak (HKB) na pinatupa ni si Mangihut Hizkiel Manullang.","Pada tahun 1917, terdapat dorongan dari orang Batak untuk mengambil alih kepemimpinan gereja dengan terbentuknya Hatopan Kristen Batak (HKB) oleh Mangihut Hezekiel Manullang.",clean_auto,doc_0075_s028,522,1-1,1,candidate_1_1,unchanged,undetermined,not_assessed,pending_human,routine,,0,178,0,174
doc_0075_s029,doc_0075,Contemporary Media,Wiki,labse,1-1,"Di tingki kepemimpinan ni HKBP di toru ni Ephorus Johannes Warneck, masa do perpecahan di tongatonga ni fraksi HKB marhite pembentukan ni Hoeria Batak Kristen (na di pudian ni ari gabe Huria Kristen Indonesia) na pinatupa ni Sutan Maloe Panggabean.","Pada waktu HKBP dipimpin oleh Ephorus Johannes Warneck, terjadi skisma dari faksi HKB dengan dibentuknya Christen Batak Hoeria (yang kemudian menjadi Huria Kristen Indonesia) oleh Sutan Maloe Panggabean.",clean_auto,doc_0075_s029,523,1-1,1,candidate_1_1,unchanged,undetermined,not_assessed,pending_human,routine,,0,248,0,203
doc_0075_s030,doc_0075,Contemporary Media,Wiki,labse,1-1,"Dorongan on asa adong huria Batak na pinatupa ni halak Batak sandiri marpuncak do i di Sinode Godang taon 1930, na mananda HKBP songon huria na mandiri, pulik sian lembaga misina, i ma RMG.","Dorongan akan gereja Batak yang dikelola oleh orang Batak sendiri berbuah dalam Sinode Godang tahun 1930 yang mengakui HKBP sebagai gereja yang berdiri sendiri dan lepas dari lembaga misinya, RMG.",clean_auto,doc_0075_s030,524,1-1,1,candidate_1_1,unchanged,undetermined,not_assessed,pending_human,routine,,0,189,0,196
doc_0075_s031,doc_0075,Contemporary Media,Wiki,labse,1-1,"Alai, kepemimpinan ni HKBP tongtong do dikuasai Jerman sahat tu taon 1940, dung i diganti ma Ephorus E.","Meski demikian, kepemimpinan HKBP saat itu masih dikelola oleh orang Jerman hingga tahun 1940, ketika Ephorus E.",clean_auto,doc_0075_s031,525,1-1,1,candidate_1_1,unchanged,undetermined,not_assessed,pending_human,routine,,0,103,0,112
doc_0075_s032,doc_0075,Contemporary Media,Wiki,labse,1-1,Verwiebe gabe Kasianus Sirait.,Verwiebe digantikan oleh Kasianus Sirait.,clean_auto,doc_0075_s032,526,1-1,1,candidate_1_1,unchanged,undetermined,not_assessed,pending_human,routine,,0,30,0,41
doc_0075_s033,doc_0075,Contemporary Media,Wiki,labse,1-1,"Dung merdeka Indonesia, mulai ma HKBP margabung tu organisasi huria internasional dohot nasional.","Setelah Indonesia merdeka, HKBP mulai bergabung dengan organisasi gereja internasional dan nasional.",clean_auto,doc_0075_s033,527,1-1,1,candidate_1_1,unchanged,undetermined,not_assessed,pending_human,routine,,0,97,0,100
doc_0075_s034,doc_0075,Contemporary Media,Wiki,labse,1-1,Laos huria on ma sada sian huria na mangsahhon hajongjongan ni Dewan Gereja-gereja Sedunia di taon 1948 dohot Dewan Gereja-gereja di Indonesia (na di pudian ni ari gabe Komuni Gereja-gereja di Indonesia).,Gereja ini juga menjadi salah satu gereja yang meratifikasi pendirian Dewan Gereja-Gereja Sedunia pada tahun 1948 dan Dewan Gereja-Gereja di Indonesia (yang kemudian menjadi Persekutuan Gereja-Gereja di Indonesia).,clean_auto,doc_0075_s034,528,1-1,1,candidate_1_1,unchanged,undetermined,not_assessed,pending_human,routine,,0,204,0,214
doc_0075_s035,doc_0075,Contemporary Media,Wiki,labse,1-1,Dung i HKBP manjadi anggota Federasi Dunia Lutheran i taon 1952.,HKBP kemudian menjadi anggota Federasi Lutheran Sedunia pada tahun 1952.,clean_auto,doc_0075_s035,529,1-1,1,candidate_1_1,unchanged,undetermined,not_assessed,pending_human,routine,,0,64,0,72
doc_0075_s037,doc_0075,Contemporary Media,Wiki,labse,unresolved,"Dipature do HKBP hombar tu sistem keuskupan, suman tu angka huria na marsihohot tu sistem episkopal, isara ni Huria Katolik Roma, Huria Anglikan, Huria Metodis, dohot angka lan na asing.","HKBP ditata mengikuti sistem keuskupan, mirip dengan Gereja-gereja yang menganut sistem episkopal seperti Gereja Katolik Roma, Gereja Anglikan, Gereja Methodis, dll. Pimpinan tertingginya disebut Ephorus.",clean_auto,doc_0075_s037,530,1-1,1,needs_review,flag_only,undetermined,undetermined,pending_human,high,Kalimat terakhir Indonesia tentang Ephorus berpadanan dengan Toba s038. Perlu penyelarasan lintas baris.,0,186,0,204
doc_0075_s038,doc_0075,Contemporary Media,Wiki,labse,unresolved,Pamimpinna na tumimbo digoari do Ephorus.,Ephorus HKBP yang pertama adalah Pdt.,clean_auto,doc_0075_s038,531,1-1,1,needs_review,flag_only,undetermined,undetermined,pending_human,high,"Indonesia adalah awal penjelasan Ephorus pertama, sedangkan Toba mendefinisikan pimpinan tertinggi. Periksa s037-s039.",0,41,0,37
doc_0075_s039,doc_0075,Contemporary Media,Wiki,labse,unresolved,Ephorus HKBP na parjolo ima Pdt Dr.(H.C.) I.L.,Ephorus HKBP yang pertama adalah Pdt. Dr. (H.C.) I.L. Nommensen,review_fix,doc_0075_s039,1331,1-1,1,needs_review,flag_only,undetermined,undetermined,pending_human,high,"Nama Toba terpotong pada I.L., sedangkan Indonesia memuat Nommensen. Cari sumber asli sebelum melengkapi.",0,46,0,63
doc_0075_s041,doc_0075,Contemporary Media,Wiki,labse,1-1,"Ephorus diurupi sahalak Sekretaris Jenderal, jala mamungka sian taon 2004, ibana pe diurupi tolu kepala departemen.","Ephorus dibantu oleh seorang Sekretaris Jenderal, dan sejak tahun 2004 juga dibantu oleh tiga kepala departemen.",clean_auto,doc_0075_s041,532,1-1,1,candidate_1_1,unchanged,undetermined,not_assessed,pending_human,routine,,0,115,0,112
doc_0075_s042,doc_0075,Contemporary Media,Wiki,labse,1-1,"Di toruna adong do praeses na manguluhon angka distrik wilayah ni huria i, jala di toru ni angka distrik i adong do angka resort na niuluhon ni pandita resort, jala di tingkat na tumoru adong do angka huria marsadasada na niuluhon ni parhalado na gok tingki manang guru huria.","Di bawahnya adalah praeses yang memimpin distrik-distrik kewilayahan gereja, sementara di bawah distrik terdapat resort yang dipimpin oleh pendeta resort, dan di tingkat yang paling bawah adalah jemaat individual yang dipimpin oleh pelayan penuh waktu atau guru jemaat.",clean_auto,doc_0075_s042,533,1-1,1,candidate_1_1,unchanged,undetermined,not_assessed,pending_human,medium,Segmen >45 unit spasi. Panjang saja tidak menjadi alasan pemecahan.,0,276,0,269
doc_0075_s043,doc_0075,Contemporary Media,Wiki,labse,1-1,Nuaeng on nunga adong 32 Praeses di HKBP di sandok Indonesia on.,Saat ini HKBP mempunyai 32 Praeses yang tersebar di seluruh Indonesia.,clean_auto,doc_0075_s043,534,1-1,1,candidate_1_1,unchanged,undetermined,not_assessed,pending_human,routine,,0,64,0,70
doc_0075_s044,doc_0075,Contemporary Media,Wiki,labse,1-1,"Di panghobasionnasida, somalna sahalak pandita HKBP diurupi sahalak Guru Huria, jala jabatan na asing i ma Bibelvrouw dohot diakones.","Dalam pelayanannya, seorang pendeta HKBP biasanya dibantu oleh Guru Huria, sementara ada pula jabatan lain yaitu Bibelvrouw dan diakones.",clean_auto,doc_0075_s044,535,1-1,1,candidate_1_1,unchanged,undetermined,not_assessed,pending_human,routine,,0,133,0,137
doc_0075_s045,doc_0075,Contemporary Media,Wiki,labse,unresolved,"Di ari 27 Juli 1986, di Gereja HKBP Bukit Moria di Medan Baru, ditabalhon HKBP ma pandita parompuan na parjolo, i ma Pdt Noortje Parsaulian Lasni Rohana Lumbantoruan, S.Th.","Pada tanggal 27 Juli 1986, di gereja HKBP Bukit Moria, Medan Baru, untuk pertama kalinya HKBP menahbiskan seorang pendeta perempuan yaitu Pdt.",clean_auto,doc_0075_s045,536,1-1,1,needs_review,flag_only,undetermined,undetermined,pending_human,high,Indonesia terpotong pada Pdt. dan kehilangan nama yang tercantum pada Toba. Sumber asli diperlukan.,0,172,0,142
doc_0075_s046,doc_0075,Contemporary Media,Wiki,labse,unresolved,Pelantikan i diuluhon Pdt Ephorus G.H.M.,Pelantikannya dipimpin oleh Pdt Ephorus G.H.M.,review_fix,doc_0075_s046,1383,1-3,1,needs_review,flag_only,undetermined,undetermined,pending_human,high,Kedua sisi berhenti pada inisial G.H.M. Kesamaan bentuk tidak menjamin kalimat lengkap.,0,40,0,46
doc_0075_s048,doc_0075,Contemporary Media,Wiki,labse,1-1,"Di bulan Desember 2024 nunga adong 2.101 halak Pandita HKBP, 250 halak calon pandita, 244 halak calon guru huria, 50 halak calon guru huria, 491 halak pandita, 54 halak calon pandita, 345 halak calon diakones, jala 48 halak calon diakones.","Sampai Desember 2024, HKBP mempunyai 2.101 Pendeta, 250 Calon Pendeta, 244 Guru Huria (Guru Jemaat), 50 Calon Guru Huria (Calon Guru Jemaat), 491 Bibelvrouw, 54 Calon Bibelvrouw, 345 Diakones, dan 48 Calon Diakones.",clean_auto,doc_0075_s048,537,1-1,1,candidate_1_1,unchanged,undetermined,not_assessed,pending_human,routine,,0,239,0,215
doc_0075_s049,doc_0075,Contemporary Media,Wiki,labse,1-1,Jumlah ni parhalado dohot calon parhalado ima 3.583 halak.,Keseluruhan pelayan dan calon pelayan berjumlah 3.583 orang.,clean_auto,doc_0075_s049,538,1-1,1,candidate_1_1,unchanged,undetermined,not_assessed,pending_human,routine,,0,58,0,60
doc_0075_s050,doc_0075,Contemporary Media,Wiki,labse,1-1,"Jabatan Ephorus HKBP saonari ditiop Pdt Victor Tinambunan, na marhobas sian taon 2024 sahat tu taon 2028.","Saat ini jabatan Ephorus HKBP dipegang oleh Pdt. Victor Tinambunan, yang melayani mulai tahun 2024-2028.",review_ok,doc_0075_s050,1378,1-2,1,structural_1_1_reviewed,legacy_label_corrected,sentence_candidate,medium,pending_human,medium,Teks tersimpan sudah berupa satu unit pada tiap sisi. Label lama dipertahankan pada original_alignment_type. Makna belum divalidasi anotator. | Pola tanda baca berpotensi memuat beberapa kalimat. Periksa singkatan dan kutipan sebelum memecah.,0,105,0,104
doc_0076_s001,doc_0076,Contemporary Media,Wiki,labse,1-1,Ugamo Malim ima sada ugamo tradisional na marmula sian halak Batak.,Ugamo Malim (bahasa Indonesia: Kepercayaan Malim) adalah sebuah agama tradisional yang berasal dari masyarakat Batak.,clean_auto,doc_0076_s001,539,1-1,1,candidate_1_1,unchanged,undetermined,not_assessed,pending_human,routine,,0,67,0,117
doc_0076_s002,doc_0076,Contemporary Media,Wiki,labse,1-1,Pangihut ni sistem haporseaon on digoari do Parmalim.,Para penghayat aliran kepercayaan ini disebut sebagai seorang Parmalim.,clean_auto,doc_0076_s002,540,1-1,1,candidate_1_1,unchanged,undetermined,not_assessed,pending_human,routine,,0,53,0,71
doc_0076_s003,doc_0076,Contemporary Media,Wiki,labse,1-1,"Parmalim gumodang maringana di Sumatera Utara, khususna di luat na humaliang Danau Toba, songon Samosir, Tapanuli Utara, Toba, Humbang Hasundutan, dohot Simalungun.","Parmalim sebagian besar tersebar di Sumatera Utara, terutama di kawasan sekeliling Danau Toba, seperti Samosir, Tapanuli Utara, Toba, Humbang Hasundutan, dan Simalungun.",clean_auto,doc_0076_s003,541,1-1,1,candidate_1_1,unchanged,undetermined,not_assessed,pending_human,routine,,0,164,0,169
doc_0076_s004,doc_0076,Contemporary Media,Wiki,labse,1-1,"Parmalim pe godang do di luat na adong halak Batak na asing, songon Tapanuli Tengah, Tapanuli Selatan, Dairi, dohot Pakpak Bharat.","Parmalim juga menyebar di daerah dengan populasi Batak lainnya, seperti di Tapanuli Tengah, Tapanuli Selatan, Dairi, dan Pakpak Bharat.",clean_auto,doc_0076_s004,542,1-1,1,candidate_1_1,unchanged,undetermined,not_assessed,pending_human,routine,,0,130,0,135
doc_0076_s005,doc_0076,Contemporary Media,Wiki,labse,1-1,"Parmalim manghaporseai sada do Debata songon panompa ni portibion, na didok Mulajadi Nabolon.","Parmalim meyakini satu Tuhan sebagai pencipta alam semesta, disebut sebagai Mulajadi Nabolon (bahasa Indonesia: Sang Awal Penjadi Yang Agung).",clean_auto,doc_0076_s005,543,1-1,1,candidate_1_1,unchanged,undetermined,not_assessed,pending_human,routine,,0,93,0,142
doc_0076_s006,doc_0076,Contemporary Media,Wiki,labse,1-1,"Ugamo Malim ima udut ni habangunan parugamoon najolo naung diulahon halak Batak leleng andorang so ro dope hakaristenon Protestan, Islam, dohot Katolik.","Ugamo Malim merupakan kelanjutan sistem religi kuno yang telah lebih dahulu dianut oleh masyarakat Batak jauh sebelum masuknya agama Kristen Protestan, Islam, dan Kristen Katolik.",clean_auto,doc_0076_s006,544,1-1,1,candidate_1_1,unchanged,undetermined,not_assessed,pending_human,routine,,0,152,0,179
doc_0076_s007,doc_0076,Contemporary Media,Wiki,labse,1-1,"Sistem Ugamo na Jolo i sai mian di bagasan parsintongan ni partuturon ni Bangso i, alai so adong goarna “Ugamo” songon ugamo na marsada na asing di Portibi On.","Sistem religi kuno tersebut melekat dalam tata kehidupan masyarakatnya tanpa label ""agama"" layaknya agama-agama terorganisasi lainnya di dunia.",clean_auto,doc_0076_s007,545,1-1,1,candidate_1_1,unchanged,undetermined,not_assessed,pending_human,routine,,0,159,0,143
doc_0076_s008,doc_0076,Contemporary Media,Wiki,labse,1-1,Haborhatan ni Revitalisasii Ugamo Malim di tingki kepemim panguluhon si Singamangaraja XII mambuat langka laho paluahon parsintongan paragamaon ni Batak marhite na pahemba.,Awal mula Revitalisasi Ugamo Malim pada masa kepemimpinan Sisingamangaraja XII mengambil langkah untuk menyelamatkan kebenaran keagamaan orang Batak melalui pengembangannya.,review_fix,doc_0076_s008,1343,1-2,1,structural_1_1_reviewed,legacy_label_corrected,sentence_candidate,medium,pending_human,routine,Teks tersimpan sudah berupa satu unit pada tiap sisi. Label lama dipertahankan pada original_alignment_type. Makna belum divalidasi anotator.,0,172,0,173
doc_0076_s010,doc_0076,Contemporary Media,Wiki,labse,1-1,"Pngantusion ni halak Batak keagamaan marhite na mangulahon portibion songon ojahan ni hangoluan jala silehonlehon sian Mulajadi Nabolon na ingkon radotan, suang songoni mual hangoluan tu hadirionna sandiri dohot songon haroroan pansarian tu pargoluon na sandiri.","Masyarakat Batak memaknai religiusitas dengan memperlakukan alam sebagai tumpuan hidup dan anugerah Mulajadi Nabolon yang harus dijaga, baik sebagai sumber kehidupan bagi keberadaan dirinya maupun sebagai sumber penghidupan bagi keberlangsungan hidupnya.",clean_auto,doc_0076_s010,546,1-1,1,candidate_1_1,unchanged,undetermined,not_assessed,pending_human,routine,,0,262,0,254
doc_0076_s011,doc_0076,Contemporary Media,Wiki,labse,1-1,"Partondion na mamora portibion on dipadomu dohot hamauliateon dohot mangalehon diri tu Mulajadi Nabaolon, jala dijaga marhite horja na sarupa dohot pardalanan ni ngolu dohot pansarian.",Spiritualitas memelihara alam ciptaaan dipadukan dengan rasa syukur dan berserah diri pada Mulajadi Nabaolon dan dipelihara dengan ritual-ritual yang diselaraskan dengan kronologi kehidupan dan penghidupan.,clean_auto,doc_0076_s011,547,1-1,1,candidate_1_1,unchanged,undetermined,not_assessed,pending_human,routine,,0,184,0,206
doc_0076_s012,doc_0076,Contemporary Media,Wiki,labse,1-1,Di tonga-tonga ni angka ulaon i ma ulaon pelean tu Mulajdi Nabolon.,Di antara ritual tersebut adalah upacara persembahan (bahasa Batak: pelean) kepada Mulajdi Nabolon.,clean_auto,doc_0076_s012,548,1-1,1,candidate_1_1,unchanged,undetermined,not_assessed,pending_human,routine,,0,67,0,99
doc_0076_s013__r01,doc_0076,Contemporary Media,Wiki,labse,1-1,Ulaon paradehon angka alat ritual i dipatupa do dohot denggan hombar tu aturan dohot Parlape-lape na targoar “patik.”,"Aktivitas mempersiapkan perlengkapan ritual ini dilakukan dengan sangat teliti seturut tata laksana dan ketentuan yang disebut sebagai ""patik"".",review_ok,doc_0076_s013,1352,1-2,1,structural_1_1_reviewed,split_exact_spans,sentence_candidate,high,pending_human,routine,Dua kalimat tentang persiapan ritual dan penamaan kegiatan dipisahkan.,0,117,0,143
doc_0076_s013__r02,doc_0076,Contemporary Media,Wiki,labse,1-1,Ulaon mangatur pangaradeon ritual dohot pelean digoari do i “mang-ugamo-hon”.,Kegiatan menata persiapan ritual dan pelean disebut dengan “mang-ugamo-hon” (bahasa Indonesia: meng-agama-kan).,review_ok,doc_0076_s013,1352,1-2,2,structural_1_1_reviewed,split_exact_spans,sentence_candidate,high,pending_human,routine,Dua kalimat tentang persiapan ritual dan penamaan kegiatan dipisahkan.,118,195,144,255
doc_0076_s014,doc_0076,Contemporary Media,Wiki,labse,1-1,"""Ugamo"" lapatanna hinadenggan manang pangatur nauli.","""Ugamo"" artinya keberaturan atau penataan dengan benar.",clean_auto,doc_0076_s014,549,1-1,1,candidate_1_1,unchanged,undetermined,not_assessed,pending_human,routine,,0,52,0,55
doc_0076_s016__r01,doc_0076,Contemporary Media,Wiki,labse,1-1,"Halak na burju mangulahon horja digoari do i ""parugamo"" manang ""parugama.""",Orang-orang yang senantiasa melaksanakan upacara ritual disebut sebagai “parugamo” atau “parugama”.,review_ok,doc_0076_s016,1373,1-2,1,structural_1_1_reviewed,split_exact_spans,sentence_candidate,high,pending_human,routine,Dua kalimat definisi dan riwayat istilah dipisahkan.,0,74,0,99
doc_0076_s016__r02,doc_0076,Contemporary Media,Wiki,labse,1-1,"Istilah ""parugamo"" mulak tarbarita di tano Batak dung marbungaran ugamo na asing di tano Batak jala gabe sada identitas na marbeda di bagasan sistem haporseaon parugamoon pribumi Batak.",Sebutan “parugamo” kembali populer di Tanah Batak ketika agama lain menjadi tumbuh di tanah Batak dan menjadi identitas yang eksis dengan sistem keyakinan religiusitas asli Batak.,review_ok,doc_0076_s016,1373,1-2,2,structural_1_1_reviewed,split_exact_spans,sentence_candidate,high,pending_human,routine,Dua kalimat definisi dan riwayat istilah dipisahkan.,75,260,100,279
doc_0076_s017,doc_0076,Contemporary Media,Wiki,labse,1-1,"Molo di hata Batak, angka na mangihuthon dohot na meinternalisasi poda ni Ugamo Malim digoari do i “parugamo malim,” dipajempek gabe Parmalim.","Dalam bahasa Batak, orang yang mengikuti serta menghayati ajaran Ugamo Malim disebut ""parugamo malim"", disingkat Parmalim.",clean_auto,doc_0076_s017,550,1-1,1,candidate_1_1,unchanged,undetermined,not_assessed,pending_human,routine,,0,142,0,122
doc_0076_s019,doc_0076,Contemporary Media,Wiki,labse,unresolved,"Di hata Batak, punguan ni jolma na mangulahon ulaon na sarupa dohot tujuan na sarupa digoari do i ""punguan."" Parpunguan ni angka pangihut ni Ugamo Malim digoari do muse ""punguan parmalim.","Dalam bahasa Batak, sekumpulan orang yang melaksanakan satu kegiatan dengan satu tujuan disebut sebagai ""punguan"".",clean_auto,doc_0076_s019,551,1-1,1,needs_review,flag_only,undetermined,undetermined,pending_human,high,"Toba memuat dua definisi, Indonesia hanya definisi pertama tentang punguan.",0,187,0,114
doc_0076_s020,doc_0076,Contemporary Media,Wiki,labse,unresolved,Angka parpunguan na nidokna boi do,Kumpulan-kumpulan yang dikatakannya itu bisa saja,review_fix,doc_0076_s020,1341,1-2,1,needs_review,flag_only,undetermined,undetermined,pending_human,high,Kedua sisi terputus setelah boi do / bisa saja. Periksa hubungannya dengan daftar pada s021.,0,34,0,49
doc_0076_s021,doc_0076,Contemporary Media,Wiki,labse,1-1,"Sada inganan parsombaon, sada kesatuan parmalim tunggal, na niuluhon ni sada ulu punguan di sada bale parsantian.",Tempat beribadah satu unit parmalim yang dipimpin oleh seorang ulu punguan pada bale parsantian.,clean_auto,doc_0076_s021,552,1-1,1,candidate_1_1,unchanged,undetermined,not_assessed,pending_human,routine,,0,113,0,96
doc_0076_s022,doc_0076,Contemporary Media,Wiki,labse,1-1,"Ulu punguan ini melaksanakan tugas dan fungsi yang dipandat oleh seorang ihutan malim sian Bale Pasogit Partonggoan (pusat ibadah parmalim di Huta Tinggi, Laguboti, Toba).","Seorang ulu punguan ini menjalankan tugas dan fungsi yang diamanatkan oleh seorang ihutan malim dari Bale Pasogit Partonggoan (pusat peribadatan parmalim di Huta Tinggi, Laguboti, Toba).",clean_auto,doc_0076_s022,553,1-1,1,candidate_1_1,unchanged,undetermined,not_assessed,pending_human,routine,,0,171,0,186
doc_0076_s023,doc_0076,Contemporary Media,Wiki,labse,1-1,Sada organisasi penganut Ugamo Malim mangatur urusan non-agama dot administrasi.,Organisasi penghayat Ugamo Malim untuk urusan non-religiusitas dan administratif.,clean_auto,doc_0076_s023,554,1-1,1,candidate_1_1,unchanged,undetermined,not_assessed,pending_human,routine,,0,80,0,81
doc_0076_s025,doc_0076,Contemporary Media,Wiki,labse,1-1,"Di tingki dinasti Sisingamangaraja, adong do Bale Pasogit Pamujian di Bakkara.","Pada masa dinasti Sisingamangaraja, terdapat Bale Pasogit Pamujian di Bakkara.",clean_auto,doc_0076_s025,555,1-1,1,candidate_1_1,unchanged,undetermined,not_assessed,pending_human,routine,,0,78,0,78
doc_0076_s026_a,doc_0076,Contemporary Media,Wiki,labse,1-1,Inganan on ma pusat peribadahan dohot partondion ni halak Batak hatiha i.,Tempat inilah pusat peribadahan dan kerohanian orang Batak saat itu.,review_fix_split,doc_0076_s026_a,1432,2-1,1,structural_1_1_reviewed,legacy_label_corrected,sentence_candidate,medium,pending_human,routine,Teks tersimpan sudah berupa satu unit pada tiap sisi. Label lama dipertahankan pada original_alignment_type. Makna belum divalidasi anotator.,0,73,0,68
doc_0076_s026_b,doc_0076,Contemporary Media,Wiki,labse,1-1,"Alai, di tingki Porang Toba, na mangarampok Bakkara sahat tu tano, dohot do Bale Pasogit Pamujian i ditutung.","Tetapi, di saat Perang Toba, yang merampok Bakkara sampai ke tanah, ikut juga Bale Pasogit Pamujian itu dibakar.",review_fix_split,doc_0076_s026_b,1433,2-1,1,structural_1_1_reviewed,legacy_label_corrected,sentence_candidate,medium,pending_human,routine,Teks tersimpan sudah berupa satu unit pada tiap sisi. Label lama dipertahankan pada original_alignment_type. Makna belum divalidasi anotator.,0,109,0,112
doc_0076_s027__r01,doc_0076,Contemporary Media,Wiki,labse,unresolved,"Alani masuk ni pengaruh na asing dohot angka pergolakan di tatanan sosial na hinorhon ni penjajahan ni Bolanda dohot pararaton ni hakristenon, disuru Sisingamangaraja XII ma siseanna laho pajongjonghon sada “bale pasogit” (inganan ni “pamujian nabolon” ​​(inganan ni “pamujian nabolon” ​​(pamujian tu Nabolon) laho papunguhon angka na marsihohot di Nabololijadila). [citation needed]","Karena masuknya pengaruh asing dan tiimbulnya guncangan pada tatanan kehidupan masyarakat sebagai akibat penjajahan Belanda dan aktivitas penyebaran agama Kristen, Sisingamangaraja XII mengamanatkan kepada muridnya untuk mendirikan sebuah ""bale pasogit "" kelak sebagai wadah tempat ""pamujian nabolon” (bahasa Indonesia: pemujaan terhadap Yang Agung) yang menghimpun orang-orang yang setia dengan keyakinan terhadap Mulajadi Nabolon.[butuh rujukan]",clean_auto,doc_0076_s027,556,1-1,1,needs_review,split_exact_spans,sentence_candidate,high,pending_human,high,Kalimat peristiwa 1907 dipisahkan. Kalimat sebelumnya tetap ditahan karena pengulangan dan penanda rujukan. | Pengulangan tanda kurung dan pamujian nabolon serta penanda citation needed/butuh rujukan. Tahan untuk pemulihan teks sumber.,0,383,0,447
doc_0076_s027__r02,doc_0076,Contemporary Media,Wiki,labse,1-1,"Dung marujung ngolu ni Sisingamangaraja XII tanggal 17 Juni 1907, mandat on di ingot sahalak tokoh na manggoari dirina Nasiakbagi.","Setelah tewasnya Sisingamangaraja XII pada 17 Juni 1907, amanat tersebut kembali diingatkan oleh sosok yang menamakan diri sebagai Nasiakbagi.",clean_auto,doc_0076_s027,556,1-1,2,structural_1_1_reviewed,split_exact_spans,sentence_candidate,high,pending_human,routine,Kalimat peristiwa 1907 dipisahkan. Kalimat sebelumnya tetap ditahan karena pengulangan dan penanda rujukan.,384,514,447,589
doc_0076_s028,doc_0076,Contemporary Media,Wiki,labse,1-1,"Ditontuhon ibana do muse inganan dohot rupa ni bale pasogit, na laho pajongjongon ni Raja i di pudian ni ari.",Ia juga menunjuk tempat kedudukan dan rupa bale pasogit yang kelak akan didirikan oleh Raja Mulia.,clean_auto,doc_0076_s028,557,1-1,1,candidate_1_1,unchanged,undetermined,not_assessed,pending_human,routine,,0,109,0,98
doc_0076_s029,doc_0076,Contemporary Media,Wiki,labse,1-1,"Taringot tu mandat pajongjong bale pasogit, dilaporhon Yang Mulia Raja ma sangkapna i tu pamarenta Bolanda marhite Kantor Demang di Balige sekitar taon 1913.","Terkait amanah mendirikan bale pasogit, Raja Mulia melapor dan menyampaikan maksudnya kepada pemerintah Belanda melalui Kantor Demang di Balige pada sekitar tahun 1913.",clean_auto,doc_0076_s029,558,1-1,1,candidate_1_1,unchanged,undetermined,not_assessed,pending_human,routine,,0,157,0,168
doc_0076_s030,doc_0076,Contemporary Media,Wiki,labse,1-1,Dipatupa pamarenta Bolanda do penyelidikan taringot tu angka ulaon pararathon poda ni Ugamo Malim saleleng pigapiga taon.,Pemerintah Belanda mengadakan penyelidikan atas kegiatan penyebaran ajaran Ugamo Malim selama beberapa tahun.,clean_auto,doc_0076_s030,559,1-1,1,candidate_1_1,unchanged,undetermined,not_assessed,pending_human,routine,,0,121,0,109
doc_0076_s031,doc_0076,Contemporary Media,Wiki,labse,1-1,"Di taon 1921, diizinhon Bolanda ma Raja na Mulia pajongjonghon bale pasogit di Hutatinggi, Laguboti marhite Surat Controleur van Toba Nomor 1494/13 tanggal 25 Juni 1921.","Pada tahun 1921, Belanda mengizinkan Raja Mulia mendirikan bale pasogit di Hutatinggi, Laguboti melalui Surat Controleur van Toba Nomor 1494/13 per tanggal 25 Juni 1921.",clean_auto,doc_0076_s031,560,1-1,1,candidate_1_1,unchanged,undetermined,not_assessed,pending_human,routine,,0,169,0,169
doc_0076_s032,doc_0076,Contemporary Media,Wiki,labse,1-1,"Sian i, Ugamo Malim nunga secara terbuka mengembangkan temonita di toru ni Hubagi ritual, hapemimpinan ni Raja Na Sun Sangap Naipospos.","Sejak saat itu, Ugamo Malim secara terbuka melaksanakan upacara ritual dan pengembangan ajaran secara terpusat di Hutatinggi, Toba di bawah pimpinan Raja Mulia Naipospos.",clean_auto,doc_0076_s032,561,1-1,1,candidate_1_1,unchanged,undetermined,not_assessed,pending_human,routine,,0,135,0,170
doc_0076_s034,doc_0076,Contemporary Media,Wiki,labse,1-1,"Raja Singamangaraja, songon sada “malim” di halak Batak, dipodahon jala dipajongjong do tona parsombaon dohot pasangaphon Mulajadi Nabolon songon Debata Mulajadi.","Raja Si Singamangaraja sebagai malim (bahasa Indonesia: imam) bagi masyarakat Batak, mengajarkan dan menegakkan titah menyembah dan memuja Mulajadi Nabolon sebagai Tuhan Pencipta.",clean_auto,doc_0076_s034,562,1-1,1,candidate_1_1,unchanged,undetermined,not_assessed,pending_human,routine,,0,162,0,179
doc_0076_s035,doc_0076,Contemporary Media,Wiki,labse,1-1,Dibahen Sisingamangaraja ma goarna Raja Nasiakbagi Patuan Raja Malim.,Sisingamangaraja menenamakan dirinya sebagai Raja Nasiakbagi Patuan Raja Malim.,clean_auto,doc_0076_s035,563,1-1,1,candidate_1_1,unchanged,undetermined,not_assessed,pending_human,routine,,0,69,0,79
doc_0076_s036,doc_0076,Contemporary Media,Wiki,labse,1-1,Raja Mulia Naipospos ma sada sian siseanna.,Raja Mulia Naipospos merupakan salah satu muridnya.,clean_auto,doc_0076_s036,564,1-1,1,candidate_1_1,unchanged,undetermined,not_assessed,pending_human,routine,,0,43,0,51
doc_0076_s037,doc_0076,Contemporary Media,Wiki,labse,1-1,Raja Mulia Naipospos,Raja Mulia Naipospos,clean_auto,doc_0076_s037,565,1-1,1,candidate_1_1,unchanged,undetermined,not_assessed,pending_human,routine,,0,20,0,20
doc_0076_s038,doc_0076,Contemporary Media,Wiki,labse,1-1,"Dipabangkit jala dihaposi Raja Nasiakbagi ma muridna, Raja Mulia Naipospos manguluhon pangihutna dohot pararathon Ugamo Malim i.","Raja Nasiakbagi menunjuk dan mengamanahkan kepada muridnya, Raja Mulia Naipospos, untuk memimpin pengikutnya dan menyebarkan Ugamo Malim.",clean_auto,doc_0076_s038,566,1-1,1,candidate_1_1,unchanged,undetermined,not_assessed,pending_human,routine,,0,128,0,137
doc_0076_s039,doc_0076,Contemporary Media,Wiki,labse,1-1,Digoari do Raja sun sangap Naipospos Ihutan Bolon Parmalim.,Raja Mulia Naipospos disebut sebagai Ihutan Bolon Parmalim (bahasa Indonesia: pemimpin besar parmalim).,clean_auto,doc_0076_s039,567,1-1,1,candidate_1_1,unchanged,undetermined,not_assessed,pending_human,routine,,0,59,0,103
doc_0076_s040,doc_0076,Contemporary Media,Wiki,labse,1-1,Ibana ma na gabe sundut parjolo ni partogi ni Parmalim.,Ia menjadi generasi pertama pemimpin parmalim.,clean_auto,doc_0076_s040,568,1-1,1,candidate_1_1,unchanged,undetermined,not_assessed,pending_human,routine,,0,55,0,46
doc_0076_s041,doc_0076,Contemporary Media,Wiki,labse,1-1,Raja ungkap Naipospos,Raja Ungkap Naipospos,clean_auto,doc_0076_s041,569,1-1,1,candidate_1_1,unchanged,undetermined,not_assessed,pending_human,routine,,0,21,0,21
doc_0076_s042,doc_0076,Contemporary Media,Wiki,labse,1-1,"Udut tusi, anak sasada ni Raja Mulia Naipospos, Raja Ungkap Naipospos, manggantihon ibana di taon 1956 gabe sundut paduahon ni Ihutan Bolon Parmalim.","Selanjutnya, putera tunggal dari Raja Mulia Naipospos yang bernama Raja Ungkap Naipospos, meneruskan kepemimpinan pada tahun 1956 sebagai Ihutan Bolon Parmalim generasi kedua.",clean_auto,doc_0076_s042,570,1-1,1,candidate_1_1,unchanged,undetermined,not_assessed,pending_human,routine,,0,149,0,175
doc_0076_s043,doc_0076,Contemporary Media,Wiki,labse,1-1,"Taon 1939, andorang so gabe Ihutan Bolon Parmalim, dipajongjong ibana do Sikola Parmalim di Bale Pasogit Parmalim jala mandapot dukungan na gok sian Yang Mulia Raja i.","Pada tahun 1939, sebelum menjadi Ihutan Bolon Parmalim, ia mendirikan Parmalim School di Bale Pasogit Parmalim dan mendapat dukungan penuh dari Raja Mulia.",clean_auto,doc_0076_s043,571,1-1,1,candidate_1_1,unchanged,undetermined,not_assessed,pending_human,routine,,0,167,0,155
doc_0076_s044,doc_0076,Contemporary Media,Wiki,labse,1-1,"Sikola on ma na mangalehon parsikkolaan tu angka dakdanak Parmalim sian sude sudut Nusantara, memastikan nasida ndang tartading sian sikola zending Kristen.","Di sekolah ini, anak-anak parmalim dari semua pelosok bisa sekolah agar tidak ketinggalan dengan sekolah zending Kristen.",clean_auto,doc_0076_s044,572,1-1,1,candidate_1_1,unchanged,undetermined,not_assessed,pending_human,routine,,0,156,0,121
doc_0076_s045,doc_0076,Contemporary Media,Wiki,labse,1-1,"Dung mardeka Indonesia taon 1945, ditutup ma parsingkolaan on ala nunga dijalo angka dakdanak Parmalim tu parsingkolaan ni pamarenta di luatna be.","Setelah Indonesia merdeka pada tahun 1945, sekolah ini ditutup karena anak-anak parmalim sudah diterima pada sekolah pemerintah di tempat tinggal masing-masing.",clean_auto,doc_0076_s045,573,1-1,1,candidate_1_1,unchanged,undetermined,not_assessed,pending_human,routine,,0,146,0,160
doc_0076_s046,doc_0076,Contemporary Media,Wiki,labse,1-1,Di tingki hapemimpinanna Raja Ungkap mambaen hagorongan di pangajarion dohot pangintopan ni Parmalim.,"Selama kepemimpinannya, Raja Ungkap melakukan terobosan dalam pola pembinaan pengajaran parmalim.",clean_auto,doc_0076_s046,574,1-1,1,candidate_1_1,unchanged,undetermined,not_assessed,pending_human,routine,,0,101,0,97
doc_0076_s047,doc_0076,Contemporary Media,Wiki,labse,1-1,Disurathon ma poda jala dipararat tu sude Parmalim.,Ia menuliskan ajaran dan menyebarkannya kepada seluruh parmalim.,clean_auto,doc_0076_s047,575,1-1,1,candidate_1_1,unchanged,undetermined,not_assessed,pending_human,routine,,0,51,0,64
doc_0076_s048,doc_0076,Contemporary Media,Wiki,labse,1-1,"Dibahen ibana do muse partinandaan na tarsurat taringot tu angka poda i, jala dijaga do i dohot denggan.",Ia juga membuat ajaran-ajaran tertulis yang disimpan secara rapi.,clean_auto,doc_0076_s048,576,1-1,1,candidate_1_1,unchanged,undetermined,not_assessed,pending_human,medium,"Rasio panjang >=2 dengan sisi terpanjang >=10 unit spasi. Ini indikator pemeriksaan, bukan bukti salah terjemahan.",0,104,0,65
doc_0076_s049,doc_0076,Contemporary Media,Wiki,labse,1-1,"Andorang so i, poda ni Ugamo Malim nunga dipasahat marhite hata.","Sebelumnya, ajaran-ajaran Ugamo Malim hanya bersifat lisan.",clean_auto,doc_0076_s049,577,1-1,1,candidate_1_1,unchanged,undetermined,not_assessed,pending_human,routine,,0,64,0,59
doc_0076_s050,doc_0076,Contemporary Media,Wiki,labse,1-1,Laos dipahembang Raja Ungkap do rupa ni sibuk bagas joro Parmalim di Hutatinggi.,Raja Ungkap juga mengembangkan bangunan-bangunan fisik pusat peribadatan parmalim yang berada di Hutatinggi.,clean_auto,doc_0076_s050,578,1-1,1,candidate_1_1,unchanged,undetermined,not_assessed,pending_human,routine,,0,80,0,108
doc_0076_s051,doc_0076,Contemporary Media,Wiki,labse,1-1,"Tarmasuk ma i paturehon Bale Pasogit dohot pasingkophon fasilitas pendukungna, songon i nang pajongjonghon Bale Parpitaan, Bale Pangaminan, dohot Parhobasan.","Termasuk di antaranya, memperbaharui Bale Pasogit dan melengkapi fasilitas pendukungnya, serta mendirikan Bale Parpitaan, Bale Pangaminan, dan Parhobasan.",clean_auto,doc_0076_s051,579,1-1,1,candidate_1_1,unchanged,undetermined,not_assessed,pending_human,routine,,0,157,0,154
doc_0076_s052,doc_0076,Contemporary Media,Wiki,labse,1-1,Ibana do na mamulai renovasi ni Bale Pasogit Sisingamangaraja dohot Batu Siungkapungkapon di Bakkara di taon 1974.,Ia memprakarsai renovasi kembali Bale Pasogit Sisingamangaraja dan Batu Siungkapungkapon di Bakkara pada tahun 1974.,clean_auto,doc_0076_s052,580,1-1,1,candidate_1_1,unchanged,undetermined,not_assessed,pending_human,routine,,0,114,0,116
doc_0076_s053,doc_0076,Contemporary Media,Wiki,labse,1-1,Ibana do muse na mangatur hasuhuton Parmalim mangeahi pangaturion.,Ia juga mengorganisasikan parmailim secara administratif.,clean_auto,doc_0076_s053,581,1-1,1,candidate_1_1,unchanged,undetermined,not_assessed,pending_human,routine,,0,66,0,57
doc_0076_s054__r01,doc_0076,Contemporary Media,Wiki,labse,unresolved,"Mandapothon ujung ni ngoluna, tarsurat ma hasuhoton Ugamo Malim di Hutatinggi, Laguboti di inventaris penganut haporseaon tu Debata Mulajadi Nabolon marhite uhuma Departemen Pendidikan dan Kebudayaan Indonesia No.","Menjelang akhir hidupnya, Ugamo Malim di Hutatinggi, Laguboti, sudah terdaftar pada inventarisasi Penghayat Kepercayaan Terhadap Tuhan Yang Maha Esa melalui Surat Keputusan Departemen Pendidikan dan Kebudayaan RI No. I.136/F.3/N.1.1/1980.",review_ok,doc_0076_s054,1372,1-2,1,needs_review,split_exact_spans,sentence_candidate,high,pending_human,high,"Kalimat wafat dipisahkan dari kalimat nomor keputusan yang tidak lengkap pada sisi Toba. | Nomor keputusan hanya lengkap pada Indonesia. Batas kalimat sudah dipisahkan, kesepadanan bagian ini masih bermasalah.",0,213,0,238
doc_0076_s054__r02,doc_0076,Contemporary Media,Wiki,labse,1-1,"Raja Ungkap Naipospos marujung ngolu di ari Senin, 16 Pebruari 1981.","Raja Ungkap Naipospos meninggal pada hari Senin, 16 Februari 1981.",review_ok,doc_0076_s054,1372,1-2,2,structural_1_1_reviewed,split_exact_spans,sentence_candidate,high,pending_human,routine,Kalimat wafat dipisahkan dari kalimat nomor keputusan yang tidak lengkap pada sisi Toba.,214,282,239,305
doc_0076_s055,doc_0076,Contemporary Media,Wiki,labse,1-1,Raja Marnangkok Naipospos,Raja Marnangkok Naipospos,clean_auto,doc_0076_s055,582,1-1,1,candidate_1_1,unchanged,undetermined,not_assessed,pending_human,routine,,0,25,0,25
doc_0076_s056,doc_0076,Contemporary Media,Wiki,labse,1-1,"Dung marujung ngolu Raja Ungkap Naipospos, dipasahat ma hapemimpinan masyarakat Ugamo Malim di Huta Tinggi tu anakna sihahaan ima Raja Marnangkok Naipospos.","Setelah Raja Ungkap Naipospos wafat, kepemimpinan Ugamo Malim di Huta Tinggi diteruskan kepada putera sulungnya, yakni Raja Marnangkok Naipospos.",clean_auto,doc_0076_s056,583,1-1,1,candidate_1_1,unchanged,undetermined,not_assessed,pending_human,routine,,0,156,0,145
doc_0076_s057,doc_0076,Contemporary Media,Wiki,labse,1-1,Raja Marnangkok lahir tanggal 18 Juli 1939.,Raja Marnangkok lahir pada 18 Juli 1939.,clean_auto,doc_0076_s057,584,1-1,1,candidate_1_1,unchanged,undetermined,not_assessed,pending_human,routine,,0,43,0,40
doc_0076_s058,doc_0076,Contemporary Media,Wiki,labse,1-1,Gabe Ihutan Bolon Parmalim sundut patoluhon ma ibana.,Oa menjadi Ihutan Bolon Parmalim generasi ketiga.,clean_auto,doc_0076_s058,585,1-1,1,candidate_1_1,unchanged,undetermined,not_assessed,pending_human,routine,,0,53,0,49
doc_0076_s059,doc_0076,Contemporary Media,Wiki,labse,1-1,"Disusun jala disusun Raja Marnangkok ma angka poda dohot panogunoguon na tarsurat na tinompa ni Raja Ungkap Naipospos, dungi dipararat ma i tu masyarakat Parmalim.","Raja Marnangkok mengumpulkan dan membukukan ajaran dan bimbingan tertulis yang pernah dibuat Raja Ungkap Naipospos, kemudian menyebarluaskannya di kalangan parmalim.",clean_auto,doc_0076_s059,586,1-1,1,candidate_1_1,unchanged,undetermined,not_assessed,pending_human,routine,,0,163,0,165
doc_0076_s060,doc_0076,Contemporary Media,Wiki,labse,1-1,Raja Marnangkok Naipospos marujung ngolu di taon 2016 on.,Raja Marnangkok Naipospos meninggal pada tahun 2016.,clean_auto,doc_0076_s060,587,1-1,1,candidate_1_1,unchanged,undetermined,not_assessed,pending_human,routine,,0,57,0,52
doc_0076_s061,doc_0076,Contemporary Media,Wiki,labse,1-1,Raja Monang Naipospos,Raja Monang Naipospos,clean_auto,doc_0076_s061,588,1-1,1,candidate_1_1,unchanged,undetermined,not_assessed,pending_human,routine,,0,21,0,21
doc_0076_s062,doc_0076,Contemporary Media,Wiki,labse,1-1,"Sian taon 2017, kepemimpinan ni Parmalim digantihon anggi ni Raja Marnangkok Naipospos ima Raja Monang Naipospos, na manorus sahat tu sadari on.","Sejak tahun 2017, kepemimpinan parmalim dilanjutkan oleh adik dari Raja Marnangkok Naipospos, yakni Raja Monang Naipospos. , hingga saat ini.",clean_auto,doc_0076_s062,589,1-1,1,candidate_1_1,unchanged,undetermined,not_assessed,pending_human,routine,,0,144,0,141
doc_0076_s063,doc_0076,Contemporary Media,Wiki,labse,1-1,"Nunga dipahot Raja Monang Naipospos kerjasama dohot Direktorat PKT, Direktorat Jenderal Kebudayaan, Kementerian Pendidikan dan Kebudayaan, songon lembaga pamerintaon na pauli-uli angka parhatahian ni angka na porsea di ugamo na adong di Indonesia.","Raja Monang Naipospos meningkatkan kerjasama dengan Direktorat PKT, Dirjen Kebudayaan, Kemendikbud, sebagai lembaga pemerintah yang membina penghayat kepercayaan di Indonesia.",clean_auto,doc_0076_s063,590,1-1,1,candidate_1_1,unchanged,undetermined,not_assessed,pending_human,routine,,0,247,0,175
doc_0076_s064,doc_0076,Contemporary Media,Wiki,labse,1-1,Ia juo tarlibat i kagiatan lintas sektoral i tingkatan nasional giot mangoptimalkon parjuangan tu panggohi hak ni jolma tu angka na Porsea di Ugamo na adong di Indonesia.,Ia juga terlibat dalam aktivitas lintas sektoral tingkat nasional untuk mengoptimalkan perjuangan pemenuhan hak-hak sipil penghayat kepercayaan di Indonesia.,clean_auto,doc_0076_s064,591,1-1,1,candidate_1_1,unchanged,undetermined,not_assessed,pending_human,routine,,0,170,0,157
doc_0076_s066,doc_0076,Contemporary Media,Wiki,labse,1-1,"Ugamo Malim mangajarhon marsomba dohot pasahat diri tu Debata, Patik mangajarhon parenta dohot subang hombar tu lomo ni roha ni Debata, Poda Hamalimon manogunogu pamingkirion, pambahenan, dohot pangalaho maradophon dongan dohot portibi, jala Tona ima sibahenon ni Debata na pinasahat tu hajolmaon.","Ugamo Malim memiliki ajaran sujud dan berserah diri pada Tuhan, Patik berupa ajaran tentang Perintah dan Larangan sesuai kehendak Tuhan, Poda Hamalimon sebagai anutan berpikir bertindak dan berperilaku terhadap sesama dan alam, serta ""Tona"" sebagai amanah Tuhan yang disampaikan kepada Manusia.",clean_auto,doc_0076_s066,592,1-1,1,candidate_1_1,unchanged,undetermined,not_assessed,pending_human,routine,,0,297,0,294
doc_0076_s067,doc_0076,Contemporary Media,Wiki,labse,1-1,"Parmalim patupahon ritual ibadah na teratur ganup ari Sabtu songon bentuk hamauliateon, somba, dohot pasangaphon Mulajadi Nabolon, sitompa langit dohot tano.","Parmalim melaksanakan ritual peribadatan rutin setiap hari Sabtu (Marari Sabtu) sebagai wujud rasa syukur, pemujaan dan memuliakan Mulajadi Nabolon sang pencipta langit dan bumi.",clean_auto,doc_0076_s067,593,1-1,1,candidate_1_1,unchanged,undetermined,not_assessed,pending_human,routine,,0,157,0,178
doc_0076_s068,doc_0076,Contemporary Media,Wiki,labse,1-1,"Salain Maraisabtu, Parmalim juo mangaradoti marragam aturan parsombaan Ugamo Malim, tarmasuk ""Pameleon Bolon,"" sada umpama pangalehen hangoluan na ipatupa i bulan palimahon, umpama ""Mangan Napaet"" Hasesaan ni dosa i bulan pasampuludua, dohot sada hamauliateon parningotan hatutubu di tali ari padua dohot hajolmaon di ari patoluhon di bulan sipaha sada hombar tu kalender Batak.","Selain Maraisabtu Parmalim juga melaksanakan berbagai aturan peribadatan Ugamo Malim antara lain ""Pameleon Bolon"" sebagai ibadah ritual syukuran kehidupan yang dilaksanakan pada bulan ke-Lima (sipaha lima), ritual pengampunan dosa ""Mangan Napaet"" pada bulan ke-12 dan mensyukuri memperingati lahirnya utuan Tuhan kepada manusia yang dirayakan pada hari kedua dan ketiga bulan ke-satu ""sipaha sada"" sesuai kalender Batak.",clean_auto,doc_0076_s068,594,1-1,1,candidate_1_1,unchanged,undetermined,not_assessed,pending_human,medium,Segmen >45 unit spasi. Panjang saja tidak menjadi alasan pemecahan.,0,378,0,420
doc_0076_s070,doc_0076,Contemporary Media,Wiki,labse,1-1,Ndang adong dope data na togu taringot tu godang ni pangihut ni Parmalim.,Tidak ada data pasti yang menyebutkan berapa banyak jumlah pengikut dari Parmalim ini.,clean_auto,doc_0076_s070,595,1-1,1,candidate_1_1,unchanged,undetermined,not_assessed,pending_human,routine,,0,73,0,86
doc_0076_s071,doc_0076,Contemporary Media,Wiki,labse,1-1,"Alai, hira sude do pangihut ni punguan on maringanan di provinsi Sumatera Utara.","Namun pada dasarnya, pengikut aliran ini hampir semuanya berdomisili di provinsi Sumatera Utara.",clean_auto,doc_0076_s071,596,1-1,1,candidate_1_1,unchanged,undetermined,not_assessed,pending_human,routine,,0,80,0,96
doc_0076_s072,doc_0076,Contemporary Media,Wiki,labse,1-1,"Mangihuthon pamilang ni jolma 2010, asing ni onom ugamo na tarsurat jala diolophon pamarenta NKRI, dipamasuk do haporseaon na asing tu kolom, tarmasuk Parmalim.","Berdasarkan hasil Sensus Penduduk tahun 2010, selain 6 agama resmi yang diakui pemerintah Republik Indonesia, aliran kepercayaan dimasukkan dalam kolom Lainnya (Jumlah penganut agama), termasuk Parmalim.",clean_auto,doc_0076_s072,597,1-1,1,candidate_1_1,unchanged,undetermined,not_assessed,pending_human,routine,,0,160,0,203
doc_0076_s073,doc_0076,Contemporary Media,Wiki,labse,1-1,"Marhite parjolo pamilang ni jolma taon 2010, godang ni pangihut ni punguan on hira-hira 816 halak.","Bila dihitung dari hasil sementara Sensus 2010, maka jumlah pengikut aliran ini sekitar 816 jiwa (dihitung dari jumlah yang ada di Sumatera Utara).",clean_auto,doc_0076_s073,598,1-1,1,candidate_1_1,unchanged,undetermined,not_assessed,pending_human,routine,,0,98,0,147
doc_0076_s074,doc_0076,Contemporary Media,Wiki,labse,1-1,"Alai, panakasion ilmiah hira-hira mambahen godang ni nasida hira-hira 1.100 halak.","Akan tetapi, sesuai penelitian ilmiah dengan perkiraan kasar jumlah mereka kurang lebih 1.100 jiwa.",clean_auto,doc_0076_s074,599,1-1,1,candidate_1_1,unchanged,undetermined,not_assessed,pending_human,routine,,0,82,0,99
doc_0076_s075,doc_0076,Contemporary Media,Wiki,labse,1-1,Godangan angka na porsea di Parmalim maringanan di Kabupaten Toba Samosir.,Mayoritas pemeluk Parmalim ada di Kabupaten Toba Samosir.,review_fix,doc_0076_s075,1381,1-3,1,structural_1_1_reviewed,legacy_label_corrected,sentence_candidate,medium,pending_human,routine,Teks tersimpan sudah berupa satu unit pada tiap sisi. Label lama dipertahankan pada original_alignment_type. Makna belum divalidasi anotator.,0,74,0,57
doc_0076_s076,doc_0076,Contemporary Media,Wiki,labse,1-1,"Mangihuthon hatorangan sian Badan Statistik Sumatera Utara (BPS), godang ni pangihutna sahat tu 500 (0,36%) sian hira-hira 140.000 halak.","Masih dari data BPS Sumatera Utara, jumlah pengikutnya mencapai 500 jiwa (0.36%) dari sekitar 140.000 jiwa.",review_fix,doc_0076_s076,1382,1-3,1,structural_1_1_reviewed,legacy_label_corrected,sentence_candidate,medium,pending_human,routine,Teks tersimpan sudah berupa satu unit pada tiap sisi. Label lama dipertahankan pada original_alignment_type. Makna belum divalidasi anotator.,0,137,0,107
doc_0077_s000,doc_0077,Contemporary Media,Wiki,labse,1-1,Bangso Batak Toba,Suku Batak Toba,clean_auto,doc_0077_s000,600,1-1,1,candidate_1_1,unchanged,undetermined,not_assessed,pending_human,routine,,0,17,0,15
doc_0077_s001,doc_0077,Contemporary Media,Wiki,labse,1-1,"Batak Toba i ma sada rungu ni bangso Batak na ro sian Provinsi Sumatera Utara, Indonesia.","Batak Toba merupakan salah satu kelompok etnis Batak yang berasal dari Provinsi Sumatera Utara, Indonesia.",clean_auto,doc_0077_s001,601,1-1,1,candidate_1_1,unchanged,undetermined,not_assessed,pending_human,routine,,0,89,0,106
doc_0077_s002,doc_0077,Contemporary Media,Wiki,labse,1-1,"Wilayah hasahatan na umbalga ni rungu Batak Toba i ma Kabupaten Samosir, Kabupaten Toba, Kabupaten Humbang Hasundutan, Kabupaten Tapanuli Utara, dohot Kabupaten Tapanuli Tengah.","Wilayah persebaran utama kelompok etnis Batak Toba meliputi Kabupaten Samosir, Kabupaten Toba, Kabupaten Humbang Hasundutan, Kabupaten Tapanuli Utara, dan Kabupaten Tapanuli Tengah.",clean_auto,doc_0077_s002,602,1-1,1,candidate_1_1,unchanged,undetermined,not_assessed,pending_human,routine,,0,177,0,181
doc_0077_s003,doc_0077,Contemporary Media,Wiki,labse,1-1,"Wilayah hasahatan na asing i ma di Kabupaten Dairi, Kabupaten Simalungun, Kota Pematangsiantar, Kota Sibolga, Kabupaten Asahan, dohot Kota Medan.","Daerah persebaran utama lainnya adalah di Kabupaten Dairi, Kabupaten Simalungun, Kota Pematangsiantar, Kota Sibolga, Kabupaten Asahan, dan Kota Medan.",clean_auto,doc_0077_s003,603,1-1,1,candidate_1_1,unchanged,undetermined,not_assessed,pending_human,routine,,0,145,0,150
doc_0077_s004,doc_0077,Contemporary Media,Wiki,labse,1-1,Turi-turian Harajaon Batak (Kerajaan Batak) Parsorion dohot parbinotoan ni Ruma Bolon.,Cerita Sejarah Kerajaan Batak: Perjalanan dan pengetahuan tentang Rumah Bolon.,review_fix,doc_0077_s004,1464,3-1,1,structural_1_1_reviewed,legacy_label_corrected,fragment_or_heading,medium,pending_human,medium,"Teks tersimpan sudah berupa satu unit pada tiap sisi. Label lama dipertahankan pada original_alignment_type. Makna belum divalidasi anotator. | Judul, fragmen, atau pengantar ujaran. Satu pasangan tidak otomatis satu kalimat lengkap.",0,86,0,78
doc_0077_s006,doc_0077,Contemporary Media,Wiki,labse,1-1,"Di tingki Harajaon Batak na marpusat di Bangkara, Harajaon Batak na dibahen marhite pamarentaon dinasti ni Si Singamangaraja i, dibagi gabe opat luat na digoari Raja Maropat, i ma:","Pada masa Kerajaan Batak yang berpusat di Bangkara, Kerajaan Batak yang dalam pemerintahan dinasti Si Singamangaraja membagi Kerajaan Batak dalam empat wilayah yang disebut Raja Maropat, yaitu:",clean_auto,doc_0077_s006,604,1-1,1,candidate_1_1,unchanged,undetermined,not_assessed,pending_human,routine,,0,180,0,193
doc_0077_s008,doc_0077,Contemporary Media,Wiki,labse,1-1,Raja Maropat Silindung,Raja Maropat Silindung,clean_auto,doc_0077_s008,605,1-1,1,candidate_1_1,unchanged,undetermined,not_assessed,pending_human,routine,,0,22,0,22
doc_0077_s010,doc_0077,Contemporary Media,Wiki,labse,1-1,Raja Maropat Samosir,Raja Maropat Samosir,clean_auto,doc_0077_s010,606,1-1,1,candidate_1_1,unchanged,undetermined,not_assessed,pending_human,routine,,0,20,0,20
doc_0077_s012,doc_0077,Contemporary Media,Wiki,labse,1-1,Raja Maropat Humbang,Raja Maropat Humbang,clean_auto,doc_0077_s012,607,1-1,1,candidate_1_1,unchanged,undetermined,not_assessed,pending_human,routine,,0,20,0,20
doc_0077_s014,doc_0077,Contemporary Media,Wiki,labse,1-1,Raja Maropat Toba,Raja Maropat Toba,clean_auto,doc_0077_s014,608,1-1,1,candidate_1_1,unchanged,undetermined,not_assessed,pending_human,routine,,0,17,0,17
doc_0077_s015,doc_0077,Contemporary Media,Wiki,labse,1-1,Penjajahan ni Belanda,Penjajahan Belanda,clean_auto,doc_0077_s015,609,1-1,1,candidate_1_1,unchanged,undetermined,not_assessed,pending_human,routine,,0,21,0,18
doc_0077_s016,doc_0077,Contemporary Media,Wiki,labse,1-1,"Di tingki penjajahan ni Belanda, pamarenta Belanda pajongjong Keresidenan Tapanuli di taon 1910.","Pada masa penjajahan Belanda, pemerintah Belanda membentuk Keresidenan Tapanuli pada tahun 1910.",clean_auto,doc_0077_s016,610,1-1,1,candidate_1_1,unchanged,undetermined,not_assessed,pending_human,routine,,0,96,0,96
doc_0077_s017,doc_0077,Contemporary Media,Wiki,labse,1-1,"Keresidenan Tapanuli i dibagi gabe opat luat na digoari afdeling jala sadarion nunga diboto jolma i ma Kabupaten manang Kota, i ma:","Keresidenan Tapanuli terbagi atas empat wilayah yang disebut afdeling dan saat ini dikenal dengan kabupaten atau kota, yaitu:",clean_auto,doc_0077_s017,611,1-1,1,candidate_1_1,unchanged,undetermined,not_assessed,pending_human,routine,,0,131,0,125
doc_0077_s019,doc_0077,Contemporary Media,Wiki,labse,1-1,"Afdeling Padangsidimpuan, na sadarion nunga gabe Kabupaten Tapanuli Selatan, Kabupaten Mandailing Natal, Kabupaten Padang Lawas, Kabupaten Padang Lawas Utara, dohot Kota Padangsidimpuan.","Afdeling Padangsidimpuan, yang sekarang menjadi Kabupaten Tapanuli Selatan, Kabupaten Mandailing Natal, Kabupaten Padang Lawas, Kabupaten Padang Lawas Utara, dan Kota Padangsidimpuan.",clean_auto,doc_0077_s019,612,1-1,1,candidate_1_1,unchanged,undetermined,not_assessed,pending_human,routine,,0,186,0,183
doc_0077_s021,doc_0077,Contemporary Media,Wiki,labse,1-1,"Afdeling Nias, na sadarion nunga gabe Kabupaten Nias dohot Kabupaten Nias Selatan.","Afdeling Nias, yang sekarang menjadi Kabupaten Nias dan Kabupaten Nias Selatan.",clean_auto,doc_0077_s021,613,1-1,1,candidate_1_1,unchanged,undetermined,not_assessed,pending_human,routine,,0,82,0,79
doc_0077_s023,doc_0077,Contemporary Media,Wiki,labse,1-1,"Afdeling Sibolga dohot Ommnenlanden, na sadarion nunga gabe Kabupaten Tapanuli Tengah dohot Kota Sibolga.","Afdeling Sibolga dan Ommnenlanden, yang sekarang menjadi Kabupaten Tapanuli Tengah dan Kota Sibolga.",clean_auto,doc_0077_s023,614,1-1,1,candidate_1_1,unchanged,undetermined,not_assessed,pending_human,routine,,0,105,0,100
doc_0077_s024,doc_0077,Contemporary Media,Wiki,labse,1-1,"4.Afdeling Bataklanden, na sadarion nunga gabe Kabupaten Tapanuli Utara, Kabupaten Humbang Hasundutan, Kabupaten Toba, Kabupaten Samosir, Kabupaten Dairi, dohot Kabupaten Pakpak Bharat.","4. Afdeling Bataklanden, yang sekarang menjadi Kabupaten Tapanuli Utara, Kabupaten Humbang Hasundutan, Kabupaten Toba, Kabupaten Samosir, Kabupaten Dairi, dan Kabupaten Pakpak Bharat.",review_ok,doc_0077_s024,1377,1-2,1,structural_1_1_reviewed,legacy_label_corrected,sentence_candidate,medium,pending_human,medium,Teks tersimpan sudah berupa satu unit pada tiap sisi. Label lama dipertahankan pada original_alignment_type. Makna belum divalidasi anotator. | Pola tanda baca berpotensi memuat beberapa kalimat. Periksa singkatan dan kutipan sebelum memecah. | Ada titik diikuti huruf kapital tanpa spasi. Periksa singkatan atau batas kalimat.,0,185,0,183
doc_0077_s025,doc_0077,Contemporary Media,Wiki,labse,1-1,Penjajahan ni Jepang,Penjajahan Jepang,clean_auto,doc_0077_s025,615,1-1,1,candidate_1_1,unchanged,undetermined,not_assessed,pending_human,routine,,0,20,0,17
doc_0077_s026,doc_0077,Contemporary Media,Wiki,labse,1-1,"Di tingki penjajahan ni Jepang, parsintong ni pamarentaon di Keresidenan Tapanuli i ndorok (sai) soada muba.","Pada masa penjajahan Jepang, bentuk pemerintahan di Keresidenan Tapanuli hampir tak berubah.",clean_auto,doc_0077_s026,616,1-1,1,candidate_1_1,unchanged,undetermined,not_assessed,pending_human,routine,,0,108,0,92
doc_0077_s027,doc_0077,Contemporary Media,Wiki,labse,1-1,Pardimposan Kemerdekaan ni Republik Indonesia,Awal kemerdekaan Republik Indonesia,clean_auto,doc_0077_s027,617,1-1,1,candidate_1_1,unchanged,undetermined,not_assessed,pending_human,routine,,0,45,0,35
doc_0077_s028,doc_0077,Contemporary Media,Wiki,labse,1-1,"Dung merdeka, pamarenta ni Republik Indonesia sai manjadihon Tapanuli gabe sada keresidenan.","Setelah kemerdekaan, pemerintah Republik Indonesia pun tetap menjadikan Tapanuli menjadi sebuah keresidenan.",clean_auto,doc_0077_s028,618,1-1,1,candidate_1_1,unchanged,undetermined,not_assessed,pending_human,routine,,0,92,0,108
doc_0077_s029,doc_0077,Contemporary Media,Wiki,labse,1-1,Ferdinand Lumban Tobing ma Residen Tapanuli na parjolo.,Ferdinand Lumban Tobing merupakan Residen Tapanuli yang pertama.,clean_auto,doc_0077_s029,619,1-1,1,candidate_1_1,unchanged,undetermined,not_assessed,pending_human,routine,,0,55,0,64
doc_0077_s030,doc_0077,Contemporary Media,Wiki,labse,1-1,Adong do otik parubahan na masa di goar.,Ada sedikit perubahan dilakukan pada nama.,clean_auto,doc_0077_s030,620,1-1,1,candidate_1_1,unchanged,undetermined,not_assessed,pending_human,routine,,0,40,0,42
doc_0077_s031,doc_0077,Contemporary Media,Wiki,labse,1-1,Alai parsirangan (pembagian) ni luat i sai tongtong do.,Namun pembagian wilayah tetap sama.,clean_auto,doc_0077_s031,621,1-1,1,candidate_1_1,unchanged,undetermined,not_assessed,pending_human,routine,,0,55,0,35
doc_0077_s032,doc_0077,Contemporary Media,Wiki,labse,1-1,"Goar ni Afdeling Bataklanden umpamana, diuba gabe Luhak Tanah Batak, jala luhak na parjolo diangkat i ma Cornelius Sihombing na hea gabe Demang Silindung.",Nama Afdeling Bataklanden misalnya diubah menjadi Luhak Tanah Batak dan luhak pertama yang diangkat adalah Cornelius Sihombing yang pernah menjabat sebagai Demang Silindung.,clean_auto,doc_0077_s032,622,1-1,1,candidate_1_1,unchanged,undetermined,not_assessed,pending_human,routine,,0,154,0,173
doc_0077_s033,doc_0077,Contemporary Media,Wiki,labse,1-1,"Goar ni onderafdeling pe diganti gabe urung, jala angka demang na mamimpin onderafdeling diangkat gabe Kepala Urung.",Nama onderafdeling pun diganti menjadi urung dan para demang yang memimpin onderafdeing diangkat menjadi Kepala Urung.,clean_auto,doc_0077_s033,623,1-1,1,candidate_1_1,unchanged,undetermined,not_assessed,pending_human,routine,,0,116,0,118
doc_0077_s034,doc_0077,Contemporary Media,Wiki,labse,1-1,Onderdistrik pe gabe Urung Kecil na dipimpin Kepala Urung Kecil na jolo gabe Assistent Demang.,Onderdistrik pun menjadi Urung Kecil yang dipimpin oleh Kepala Urung Kecil yang dulu adalah sebagai Assistent Demang.,clean_auto,doc_0077_s034,624,1-1,1,candidate_1_1,unchanged,undetermined,not_assessed,pending_human,routine,,0,94,0,117
doc_0077_s035,doc_0077,Contemporary Media,Wiki,labse,1-1,"Dung dipardalani turi-turian (sejarah) i, pamarentaon di Keresidenan Tapanuli hea dibagi gabe opat kabupaten, i ma:","Seiring dengan perjalanan sejarah, pemerintahan di Keresidenan Tapanuli pernah dibagi dalam empat kabupaten, yaitu:",clean_auto,doc_0077_s035,625,1-1,1,candidate_1_1,unchanged,undetermined,not_assessed,pending_human,routine,,0,115,0,115
doc_0077_s044,doc_0077,Contemporary Media,Wiki,labse,1-1,Asing-asing ni Batak Toba (Kultural Batak Toba),Kultural Batak Toba,clean_auto,doc_0077_s044,626,1-1,1,candidate_1_1,unchanged,undetermined,not_assessed,pending_human,routine,,0,47,0,19
doc_0077_s045,doc_0077,Contemporary Media,Wiki,labse,1-1,Batak Toba i ma sada hasadaon (kesatuan) kultural.,Batak Toba adalah suatu kesatuan kultural.,clean_auto,doc_0077_s045,627,1-1,1,candidate_1_1,unchanged,undetermined,not_assessed,pending_human,routine,,0,50,0,42
doc_0077_s046,doc_0077,Contemporary Media,Wiki,labse,1-1,"Halak Batak Toba ndang pola ingkon maringanan di luat geografis Toba, nang pe asal-usulna sian Toba.","Batak Toba tidak mesti tinggal di wilayah geografis Toba, meski asal-muasal adalah Toba.",clean_auto,doc_0077_s046,628,1-1,1,candidate_1_1,unchanged,undetermined,not_assessed,pending_human,routine,,0,100,0,88
doc_0077_s047,doc_0077,Contemporary Media,Wiki,labse,1-1,"Sarupa dohot angka bangso (suku) na asing, etnis Batak Toba pe marsiurak (bermigrasi) tu luat-luat na lobi marjanji dohonon parngoluon na lobi denggan.","Sebagaimana suku-suku bangsa lain, etnis Batak Toba pun bermigrasi ke daerah-daerah yang lebih menjanjikan penghidupan yang lebih baik.",clean_auto,doc_0077_s047,629,1-1,1,candidate_1_1,unchanged,undetermined,not_assessed,pending_human,routine,,0,151,0,135
doc_0077_s048,doc_0077,Contemporary Media,Wiki,labse,1-1,"Umpamana, godangna (mayoritas) parmianan (penduduk) Silindung i ma marga-marga Hutabarat, Panggabean, Hutagalung, Simorangkir, Hutapea, dohot Lumbantobing.","Contoh, mayoritas penduduk asli Silindung adalah marga-marga Hutabarat, Panggabean, Hutagalung, Simorangkir, Hutapea, dan Lumbantobing.",clean_auto,doc_0077_s048,630,1-1,1,candidate_1_1,unchanged,undetermined,not_assessed,pending_human,routine,,0,155,0,135
doc_0077_s049,doc_0077,Contemporary Media,Wiki,labse,1-1,Haadonganna (padahal) onom marga i i ma pinompar (keturunan) ni Guru Mangaloksa na gabe anak paduahon (anak kedua) ni Raja Hasibuan di luat Toba.,Padahal keenam marga tersebut adalah keturunan Guru Mangaloksa yang merupakan anak kedua dari Raja Hasibuan di wilayah Toba.,clean_auto,doc_0077_s049,631,1-1,1,candidate_1_1,unchanged,undetermined,not_assessed,pending_human,routine,,0,145,0,124
doc_0077_s050,doc_0077,Contemporary Media,Wiki,labse,1-1,"Suang songon i ma marga Nasution na godang maringanan di luat Padangsidimpuan i ma hahadoli/anggi doli (saudara) ni marga Siahaan na di Balige, tontu (tentu) pinompar ni oppu (leluhur) na sarupa do nasida nadua.","Demikian pula marga Nasution yang kebanyakan tinggal wilayah Padangsidimpuan adalah saudara marga Siahaan di Balige, tentu kedua marga ini adalah turunan leluhur yang sama.",clean_auto,doc_0077_s050,632,1-1,1,candidate_1_1,unchanged,undetermined,not_assessed,pending_human,routine,,0,211,0,172
doc_0077_s051,doc_0077,Contemporary Media,Wiki,labse,1-1,"Batak Toba gabe hasadaon kultural tontu boi marsarak-sarak (menyebar) tu sandok luat laho manalpui (melintasi) batas-batas geografis ni asal ni oppu nasida, Si Raja Batak i ma luat Toba na tontu na di Huta Sianjur Mulamula na di lambung (lereng) ni Dolok (Gunung) Pusuk Buhit, hira-hira 45 minit manjamita (berkendara) sian Pangururan, Ibu kota Kabupaten Samosir, sadarion.","Batak Toba sebagai kesatuan kultural pasti dapat menyebar ke berbagai penjuru melintasi batas-batas geografis asal leluhurnya, Si Raja Batak yakni wilayah Toba yang secara spesifik adalah Desa Sianjur Mulamula terletak di lereng Gunung Pusuk Buhit, kira-kira 45 menit berkendara dari Pangururan, Ibu kota Kabupaten Samosir, sekarang.",clean_auto,doc_0077_s051,633,1-1,1,candidate_1_1,unchanged,undetermined,not_assessed,pending_human,medium,Segmen >45 unit spasi. Panjang saja tidak menjadi alasan pemecahan.,0,373,0,333
doc_0077_s052,doc_0077,Contemporary Media,Wiki,labse,1-1,Panolopan Kedaulatan Awal Taon 1950,Penyerahan kedaulatan awal 1950,clean_auto,doc_0077_s052,634,1-1,1,candidate_1_1,unchanged,undetermined,not_assessed,pending_human,routine,,0,35,0,31
doc_0077_s053,doc_0077,Contemporary Media,Wiki,labse,1-1,"Di tingki panolopan kedaulatan di parmulaan ni taon 1950, Keresidenan Tapanuli naung marsada di bagasan Provinsi Sumatera Utara dibagi gabe opat kabupaten na imbaru, i ma:","Ketika penyerahan kedaulatan pada permulaan 1950, Keresidenan Tapanuli yang sudah disatukan dalam Provinsi Sumatera Utara dibagi dalam empat kabupaten baru, yaitu:",clean_auto,doc_0077_s053,635,1-1,1,candidate_1_1,unchanged,undetermined,not_assessed,pending_human,routine,,0,171,0,163
doc_0077_s055,doc_0077,Contemporary Media,Wiki,labse,1-1,Kabupaten Tapanuli Utara (na jolo Kabupaten Tanah Batak),Kabupaten Tapanuli Utara (sebelumnya Kabupaten Tanah Batak),clean_auto,doc_0077_s055,636,1-1,1,candidate_1_1,unchanged,undetermined,not_assessed,pending_human,routine,,0,56,0,59
doc_0077_s057,doc_0077,Contemporary Media,Wiki,labse,1-1,Kabupaten Tapanuli Tengah (na jolo Kabupaten Sibolga),Kabupaten Tapanuli Tengah (sebelumnya Kabupaten Sibolga),clean_auto,doc_0077_s057,637,1-1,1,candidate_1_1,unchanged,undetermined,not_assessed,pending_human,routine,,0,53,0,56
doc_0077_s059,doc_0077,Contemporary Media,Wiki,labse,1-1,Kabupaten Tapanuli Selatan (na jolo Kabupaten Padangsidimpuan),Kabupaten Tapanuli Selatan (sebelumnya Kabupaten Padangsidimpuan),clean_auto,doc_0077_s059,638,1-1,1,candidate_1_1,unchanged,undetermined,not_assessed,pending_human,routine,,0,62,0,65
doc_0077_s063,doc_0077,Contemporary Media,Wiki,labse,1-1,"Tading-tadingan (Peninggalan) ni Parsidangan angka Raja, na adong di Tomok, Samosir.","Peninggalan Tempat Persidangan para Raja, yang ada di Tomok, Samosir.",review_fix,doc_0077_s063,1346,1-2,1,structural_1_1_reviewed,legacy_label_corrected,fragment_or_heading,medium,pending_human,medium,"Teks tersimpan sudah berupa satu unit pada tiap sisi. Label lama dipertahankan pada original_alignment_type. Makna belum divalidasi anotator. | Judul, fragmen, atau pengantar ujaran. Satu pasangan tidak otomatis satu kalimat lengkap.",0,84,0,69
doc_0077_s064,doc_0077,Contemporary Media,Wiki,labse,unresolved,"Di bulan Desember taon 2008, Keresidenan Tapanuli disadahon (disatukan) di bagasan Provinsi Sumatera Utara.",Kabupaten Toba Samosir dibentuk berdasarkan Undang-Undang No 12.,clean_auto,doc_0077_s064,639,1-1,1,needs_review,flag_only,undetermined,undetermined,pending_human,high,Kedua sisi membicarakan informasi berbeda. Indonesia terkait dasar hukum pada Toba s065.,0,107,0,64
doc_0077_s065,doc_0077,Contemporary Media,Wiki,labse,unresolved,"Luat Toba sadarion masuk tu wilayah ni Kabupaten Toba na mar-ibu kota di Balige. (Asalna: Kabupaten Toba Samosir na dibentuk marhite Undang-Undang No. 12 Taon 1998 taringot tu pajongjongon ni Kabupaten Daerah Tingkat II Toba Samosir dohot Kabupaten Mandailing Natal, di Daerah Tingkat I Provinsi Sumatera Utara.","Tahun 1998 tentang pembentukan Kabupaten Daerah Tingkat II Toba Samosir dan Kabupaten Mandailing Natal, di Daerah Tingkat I Provinsi Sumatera Utara.",clean_auto,doc_0077_s065,640,1-1,1,needs_review,flag_only,undetermined,undetermined,pending_human,high,Awal Toba tentang Balige tidak memiliki padanan di baris ini. Bagian dasar hukum tersebar pada Indonesia s064-s065.,0,311,0,148
doc_0077_s066,doc_0077,Contemporary Media,Wiki,labse,1-1,Kabupaten Toba Samosir on i ma pinahan (pemekaran) sian Daerah Tingkat II Kabupaten Tapanuli Utara.),Kabupaten Toba Samosir ini merupakan pemekaran dari Daerah Tingkat II Kabupaten Tapanuli Utara.,clean_auto,doc_0077_s066,641,1-1,1,candidate_1_1,unchanged,undetermined,not_assessed,pending_human,routine,,0,100,0,95
doc_0077_s068,doc_0077,Contemporary Media,Wiki,labse,1-1,Marga i ma sada bagian ni goar na gabe partanda sian keluarga dia ibana ro.,Marga adalah bagian nama yang merupakan pertanda dari keluarga mana ia berasal.,clean_auto,doc_0077_s068,642,1-1,1,candidate_1_1,unchanged,undetermined,not_assessed,pending_human,routine,,0,75,0,79
doc_0077_s069,doc_0077,Contemporary Media,Wiki,labse,1-1,Halak Batak sai tongtong do mar-goar marga na disungkun di pudian ni goarna.,Orang Batak selalu memiliki nama marga yang disebutkan diakhir nama.,clean_auto,doc_0077_s069,643,1-1,1,candidate_1_1,unchanged,undetermined,not_assessed,pending_human,routine,,0,76,0,68
doc_0077_s070,doc_0077,Contemporary Media,Wiki,labse,1-1,Goar marga on dapot sian pinompar ni baoa gabe garis keturunan patrilineal na muse tarpasahat tu angka pinomparna torus.,Nama marga ini diperoleh dari garis keturunan ayah sebagai garis keturunan patrilineal yang selanjutnya akan diwariskan kepada keturunannya secara terus menerus.,clean_auto,doc_0077_s070,644,1-1,1,candidate_1_1,unchanged,undetermined,not_assessed,pending_human,routine,,0,120,0,161
doc_0077_s071,doc_0077,Contemporary Media,Wiki,labse,1-1,"Godang do marga ni Halak Batak Toba, jala ganup marga adong do turi-turian be ganup.","Ada banyak marga orang Batak Toba, dan setiap marga memiliki sejarah silsilahnya masing-masing.",clean_auto,doc_0077_s071,645,1-1,1,candidate_1_1,unchanged,undetermined,not_assessed,pending_human,routine,,0,84,0,95
doc_0078_s002,doc_0078,Contemporary Media,Wiki,labse,1-1,"Jabu sian na robi ni halak Batak Toba digoari ma Ruma Bolon manang Jabu Bolon, na marbangunan opat ruji jala ganup tingki maringan lima pulu keluarga.","Rumah tradisional orang Batak Toba disebut Ruma Bolon atau Jabu Bolon, yang memiliki bangunan empat persegi panjang yang kadang-kadang ditempati oleh 50 keluarga.",clean_auto,doc_0078_s002,646,1-1,1,candidate_1_1,unchanged,undetermined,not_assessed,pending_human,routine,,0,150,0,162
doc_0078_s003,doc_0078,Contemporary Media,Wiki,labse,1-1,"Molo laho masuk tu Jabu Bolon on ingkon manangkangi tangga na maringan di parsitongaan ni jabu i, jala dampol do ragam ni anak tangga i.","Memasuki Rumah Bolon ini harus menaiki tangga yang terletak di tengah-tengah rumah, dengan jumlah anak tangga yang ganjil.",clean_auto,doc_0078_s003,647,1-1,1,candidate_1_1,unchanged,undetermined,not_assessed,pending_human,routine,,0,136,0,122
doc_0078_s004,doc_0078,Contemporary Media,Wiki,labse,1-1,Molo naeng masuk jolma tu jabu i ingkon manonggop ulu asa unang maol tarantuk tu balok na manalitali i.,"Bila orang hendak masuk rumah tersebut, harus menundukkan kepala agar tidak terbentur pada balok yang melintang.",clean_auto,doc_0078_s004,648,1-1,1,candidate_1_1,unchanged,undetermined,not_assessed,pending_human,routine,,0,103,0,112
doc_0078_s005,doc_0078,Contemporary Media,Wiki,labse,1-1,Manonggop ulu i lapatanna ma parbinotoan ni halak na ro tu nampuna jabu i.,Menundukkan kepala dimaknai sebagai wujud penghormatan tamu terhadap si pemilik rumah.,clean_auto,doc_0078_s005,649,1-1,1,candidate_1_1,unchanged,undetermined,not_assessed,pending_human,routine,,0,74,0,86
doc_0078_s006,doc_0078,Contemporary Media,Wiki,labse,1-1,"Asing sian jabu-jabu Batak na di luat sisik, pintu jabu na di luat Batak Toba i ma pintu kolong na adong di toru ni alatan ni jabu i.","Berbeda dengan rumah-rumah Batak di daerah pesisir, pintu rumah di daerah Batak Toba berupa pintu kolong yang terdapat di bawah lantai rumah.",clean_auto,doc_0078_s006,650,1-1,1,candidate_1_1,unchanged,undetermined,not_assessed,pending_human,routine,,0,133,0,141
doc_0078_s007,doc_0078,Contemporary Media,Wiki,labse,1-1,Bagian parbagasan ni jabu i so adong parsirangan ni bilut alai gabe sada bilut na balga na marukuran 20 sahat tu 40 pat.,Bagian dalam rumah tidak memiliki bagian dalam yang terpisah melainkan membentuk satu ruangan besar yang berukuran 20 sampai 40 kaki.,clean_auto,doc_0078_s007,651,1-1,1,candidate_1_1,unchanged,undetermined,not_assessed,pending_human,routine,,0,120,0,133
doc_0078_s008,doc_0078,Contemporary Media,Wiki,labse,1-1,Jabu Batak Toba na somalna dipajongjong marhite ragam ni bahan na denggan.,Rumah batak toba pada umumnya dibangun dengan menggunakan bahan-bahan bangunan yang bagus.,clean_auto,doc_0078_s008,652,1-1,1,candidate_1_1,unchanged,undetermined,not_assessed,pending_human,routine,,0,74,0,90
doc_0078_s009,doc_0078,Contemporary Media,Wiki,labse,1-1,Mangalehon tanda ni habisuhon na timbo situtu jala godang do sian jabu-jabu i diiasi dohot ukiran dohot gorga.,"Memperlihatkan tanda-tanda keahlian yang tinggi, dan banyak di antara rumah-rumah tersebut yang turut dihiasi dengan ukiran dan lukisan.[2]",clean_auto,doc_0078_s009,653,1-1,1,candidate_1_1,unchanged,undetermined,not_assessed,pending_human,routine,,0,110,0,139
doc_0078_s011,doc_0078,Contemporary Media,Wiki,labse,1-1,Pangkean sian narobi ni Batak Toba i ma Ulos.,Pakaian tradisional Batak toba adalah Ulos.,clean_auto,doc_0078_s011,654,1-1,1,candidate_1_1,unchanged,undetermined,not_assessed,pending_human,routine,,0,45,0,43
doc_0078_s012,doc_0078,Contemporary Media,Wiki,labse,1-1,"Di hata Batak Toba, ""ulos"" lapatanna ma kain.","Dalam bahasa Batak Toba, ""ulos"" berarti kain.",clean_auto,doc_0078_s012,655,1-1,1,candidate_1_1,unchanged,undetermined,not_assessed,pending_human,routine,,0,45,0,45
doc_0078_s013,doc_0078,Contemporary Media,Wiki,labse,1-1,Parlape-lape mangulahon ulos i ma marhite mangungkit marhite alat tonun.,Cara membuat ulos yaitu dengan cara ditenun menggunakan alat tenun bukan mesin.,clean_auto,doc_0078_s013,656,1-1,1,candidate_1_1,unchanged,undetermined,not_assessed,pending_human,routine,,0,72,0,79
doc_0078_s014,doc_0078,Contemporary Media,Wiki,labse,1-1,"Ramba na umbalga di ulos i ma Rara, Birong, dohot Boni na diiasi ragam ni tonunan sian bonang sere manang perak.","Warna dominan pada ulos adalah merah, hitam, dan putih yang dihiasi oleh ragam tenunan dari benang emas atau perak.",clean_auto,doc_0078_s014,657,1-1,1,candidate_1_1,unchanged,undetermined,not_assessed,pending_human,routine,,0,112,0,115
doc_0078_s015,doc_0078,Contemporary Media,Wiki,labse,1-1,"Di parmulaan ulos i dipangke dohot parbinotoan selendang manang sarung sambing, somal dipangke di ulaon na gomos manang ulaon adat Batak, alai nuaeng nunga godang jumpang di parbinotoan ni tanda mata, salongsong ni oran, tali hujur, ampang, pangkean, lapisan meja, dasi, pangihutan, dohot tutup ni jandela.","Mulanya ulos dikenakan di dalam bentuk selendang atau sarung saja, kerap digunakan pada perhelatan resmi atau upacara adat Batak, tetapi kini banyak dijumpai di dalam bentuk produk suvenir, sarung bantal, ikat pinggang, tas, pakaian, alas meja, dasi, dompet, dan gorden.",clean_auto,doc_0078_s015,658,1-1,1,candidate_1_1,unchanged,undetermined,not_assessed,pending_human,medium,Segmen >45 unit spasi. Panjang saja tidak menjadi alasan pemecahan.,0,306,0,270
doc_0078_s016,doc_0078,Contemporary Media,Wiki,labse,1-1,Ulos i pe ganup tingki dipasahat tu inang na gabegabean asa pinadali haroro ni poso-poso i tu portibi on jala asa dapot mangaramoti inang i sian ragam ni mara na ro di tingki parsahalaan panubuan.,Ulos juga kadang-kadang diberikan kepada sang ibu yang sedang mengandung supaya mempermudah lahirnya sang bayi ke dunia dan untuk melindungi ibu dari segala mara bahaya yang mengancam saat proses persalinan.,clean_auto,doc_0078_s016,659,1-1,1,candidate_1_1,unchanged,undetermined,not_assessed,pending_human,routine,,0,196,0,207
doc_0078_s017,doc_0078,Contemporary Media,Wiki,labse,1-1,"Godang do sian ulos i na nunga magopu ala so dipaula be, songon Ulos Raja, Ulos Ragi Botik, Ulos Gobar, Ulos Saput (ulos na dipangke mambungkusi bangke), dohot Ulos Sibolang.","Sebagian besar ulos telah punah karena tidak diproduksi lagi, seperti Ulos Raja, Ulos Ragi Botik, Ulos Gobar, Ulos Saput (ulos yang digunakan sebagai pembungkus jenazah), dan Ulos Sibolang.",clean_auto,doc_0078_s017,660,1-1,1,candidate_1_1,unchanged,undetermined,not_assessed,pending_human,routine,,0,174,0,189
doc_0078_s019,doc_0078,Contemporary Media,Wiki,labse,1-1,Hadatuon mamorang ni Batak Toba i ma Mossak.,Seni bela diri Batak Toba adalah Mossak.,clean_auto,doc_0078_s019,661,1-1,1,candidate_1_1,unchanged,undetermined,not_assessed,pending_human,routine,,0,44,0,40
doc_0078_s020,doc_0078,Contemporary Media,Wiki,labse,1-1,Goar Mossak laho maningting hadatuon mamorang di hata Batak Toba ganup tingki dipasada dohot hata Marmossak.,Kata Mossak untuk penamaan bela diri/silat dalam bahasa Batak Toba kadang kerap disamakan dengan kata Marmossak.,clean_auto,doc_0078_s020,662,1-1,1,candidate_1_1,unchanged,undetermined,not_assessed,pending_human,routine,,0,108,0,112
doc_0078_s021,doc_0078,Contemporary Media,Wiki,labse,1-1,"Hata Mossak holan laho mandok hadatuon mamorang, alai parmossak i ma sasahalak na marsiulahon hadatuon mamorang na timbo manang boi do i sahalak na marsiajar parsiajaran mamorang jala marsiulahon parsiajaran mamorang.","Kata mossak hanya untuk menyebut silat/bela diri, sedangkan parmossak merupakan seseorang yang mempunyai ilmu bela diri yang tinggi atau bisa juga orang yang mendalami ilmu bela diri dan memiliki ilmu bela diri.",clean_auto,doc_0078_s021,663,1-1,1,candidate_1_1,unchanged,undetermined,not_assessed,pending_human,routine,,0,217,0,211
doc_0078_s022,doc_0078,Contemporary Media,Wiki,labse,1-1,Mossak i diboto marsiulahon angka parsiajaran partondion jala dang sude jolma boi marsiajar i.,Mossak dikenal memiliki ilmu-ilmu kebatinan dan tidak sembarangan orang untuk mempelajarinya.,clean_auto,doc_0078_s022,664,1-1,1,candidate_1_1,unchanged,undetermined,not_assessed,pending_human,routine,,0,94,0,93
doc_0078_s023,doc_0078,Contemporary Media,Wiki,labse,1-1,"Alai, angka pinompar ni ilmu Mossak na tading pe ndang barani pasahathon manang mangajari ianakhonna langka Mossak on ala boi i mangaroha-rohai haporseaon tu Mula Jadi Nabolon","Bahkan, penerus-penerus ilmu Mossak yang tersisa tidak berani menurunkan atau mengajari anaknya jurus Mossak ini karena bisa memengaruhi kepercayaan terhadap Sang Maha Pencipta.",clean_auto,doc_0078_s023,665,1-1,1,candidate_1_1,unchanged,undetermined,not_assessed,pending_human,routine,,0,175,0,177
doc_0078_s025,doc_0078,Contemporary Media,Wiki,labse,1-1,On ma mansam ni ugasan mamorang sian narobi ni halak Batak Toba:,Berikut Jenis-jenis Senjata Tradisional Batak Toba:,clean_auto,doc_0078_s025,666,1-1,1,candidate_1_1,unchanged,undetermined,not_assessed,pending_human,medium,"Rasio panjang >=2 dengan sisi terpanjang >=10 unit spasi. Ini indikator pemeriksaan, bukan bukti salah terjemahan.",0,64,0,51
doc_0078_s026,doc_0078,Contemporary Media,Wiki,labse,1-1,- Piso Halasan,- Piso Halasan,clean_auto,doc_0078_s026,667,1-1,1,candidate_1_1,unchanged,undetermined,not_assessed,pending_human,routine,,0,14,0,14
doc_0078_s027,doc_0078,Contemporary Media,Wiki,labse,1-1,- Piso Gaja Dompak,- Piso Gaja Dompak,clean_auto,doc_0078_s027,668,1-1,1,candidate_1_1,unchanged,undetermined,not_assessed,pending_human,routine,,0,18,0,18
doc_0078_s028,doc_0078,Contemporary Media,Wiki,labse,1-1,- Tunggal Panaluan,- Tunggal Panaluan,clean_auto,doc_0078_s028,669,1-1,1,candidate_1_1,unchanged,undetermined,not_assessed,pending_human,routine,,0,18,0,18
doc_0078_s029,doc_0078,Contemporary Media,Wiki,labse,1-1,- Hujur Siringis,- Hujur Siringis,clean_auto,doc_0078_s029,670,1-1,1,candidate_1_1,unchanged,undetermined,not_assessed,pending_human,routine,,0,16,0,16
doc_0078_s030,doc_0078,Contemporary Media,Wiki,labse,1-1,- Silima Sarung,- Silima Sarung,clean_auto,doc_0078_s030,671,1-1,1,candidate_1_1,unchanged,undetermined,not_assessed,pending_human,routine,,0,15,0,15
doc_0078_s031,doc_0078,Contemporary Media,Wiki,labse,1-1,- Piso Sitolu Sarung,- Piso Sitolu Sarung,clean_auto,doc_0078_s031,672,1-1,1,candidate_1_1,unchanged,undetermined,not_assessed,pending_human,routine,,0,20,0,20
doc_0078_s032,doc_0078,Contemporary Media,Wiki,labse,1-1,- Piso Gading,- Piso Gading,clean_auto,doc_0078_s032,673,1-1,1,candidate_1_1,unchanged,undetermined,not_assessed,pending_human,routine,,0,13,0,13
doc_0078_s033,doc_0078,Contemporary Media,Wiki,labse,1-1,- Piso Sanalenggam,- Piso Sanalenggam,clean_auto,doc_0078_s033,674,1-1,1,candidate_1_1,unchanged,undetermined,not_assessed,pending_human,routine,,0,18,0,18
doc_0078_s034,doc_0078,Contemporary Media,Wiki,labse,1-1,- Piso Toba,- Piso Toba,clean_auto,doc_0078_s034,675,1-1,1,candidate_1_1,unchanged,undetermined,not_assessed,pending_human,routine,,0,11,0,11
doc_0078_s036,doc_0078,Contemporary Media,Wiki,labse,1-1,Tortor Sian Na Robi (Tortor),Tarian Tortor dari Zaman Dahulu,review_fix,doc_0078_s036,1358,1-2,1,structural_1_1_reviewed,legacy_label_corrected,fragment_or_heading,medium,pending_human,medium,"Teks tersimpan sudah berupa satu unit pada tiap sisi. Label lama dipertahankan pada original_alignment_type. Makna belum divalidasi anotator. | Judul, fragmen, atau pengantar ujaran. Satu pasangan tidak otomatis satu kalimat lengkap.",0,28,0,31
doc_0078_s037,doc_0078,Contemporary Media,Wiki,labse,1-1,Panortor tortor sian na robi ni bangso Batak Toba ima Tortor.,Tarian tradisional masyarakat Batak Toba adalah Tortor.,clean_auto,doc_0078_s037,676,1-1,1,candidate_1_1,unchanged,undetermined,not_assessed,pending_human,routine,,0,61,0,55
doc_0078_s038,doc_0078,Contemporary Media,Wiki,labse,1-1,Tortor ima bagian na ringkot di bagasan ulaon adat ni bangso Batak Toba.,Tortor merupakan bagian penting dalam upacara adat (ulaon adat) masyarakat Batak Toba.,clean_auto,doc_0078_s038,677,1-1,1,candidate_1_1,unchanged,undetermined,not_assessed,pending_human,routine,,0,72,0,86
doc_0078_s039,doc_0078,Contemporary Media,Wiki,labse,1-1,"Marhite Tortor, bangso Batak Toba pasahathon panghirimanna dohot tangiangna.","Melalui Tortor, masyarakat Batak Toba menyampaikan harapan dan doa-doanya.",clean_auto,doc_0078_s039,678,1-1,1,candidate_1_1,unchanged,undetermined,not_assessed,pending_human,routine,,0,76,0,74
doc_0078_s040,doc_0078,Contemporary Media,Wiki,labse,1-1,Pamaragan ni pangalaho dohot parrohaon marhite Tortor sai tongtong do maningting haadongan dohot tingki na niadopanna.,Peragaan sikap dan perasaan melalui Tortor selalu menggambarkan kondisi dan situasi yang dialami.,clean_auto,doc_0078_s040,679,1-1,1,candidate_1_1,unchanged,undetermined,not_assessed,pending_human,routine,,0,118,0,97
doc_0078_s041,doc_0078,Contemporary Media,Wiki,labse,1-1,Tarian Tortor i dipatujolo nunga adong di parbagasan adat Batak sian hira-hira abad 13.,Tarian Tortor diperkirakan telah ada dalam kebudayaan Batak sejak sekitar abad ke-13.,clean_auto,doc_0078_s041,680,1-1,1,candidate_1_1,unchanged,undetermined,not_assessed,pending_human,routine,,0,87,0,85
doc_0078_s042,doc_0078,Contemporary Media,Wiki,labse,1-1,Jala lapatan simbol di ganup rungguan ni Tortor ganup-ganup adong do lapatanna na maningting songon dia parlape-lape mangalehon pasu-pasu dohot mangalehon partanda antar marga gabe parbinotoan ni partuturon na denggan.,Adapun makna simbol dalam tiap gerakan Tortor masing-masing mempunyai arti yang menjelaskan bagaimana proses menghargai dan memberi penghormatan antar marga sebagai bentuk hubungan yang baik.,clean_auto,doc_0078_s042,681,1-1,1,candidate_1_1,unchanged,undetermined,not_assessed,pending_human,routine,,0,218,0,191
doc_0078_s043,doc_0078,Contemporary Media,Wiki,labse,1-1,"Di bagasan unsur partuturon ni bangso Batak, di tonga tonga ni hula-hula, dongan sabutuha, dohot boru angka rungguan sude maningting parsahalaan i marhite simbol ni rungguan na marhite-hite ni panortor.","Dalam unsur kekerabatan masyarakat Batak antara hulahula, dongan sabutuha, dan boru gerakan itu semua menjelaskan proses tersebut melalui simbol gerakan yang akan dibawakan oleh panortor.",clean_auto,doc_0078_s043,682,1-1,1,candidate_1_1,unchanged,undetermined,not_assessed,pending_human,routine,,0,202,0,187
doc_0078_s044,doc_0078,Contemporary Media,Wiki,labse,1-1,Parangkat Soara Sian Na Robi,Alat musik tardisional,clean_auto,doc_0078_s044,683,1-1,1,candidate_1_1,unchanged,undetermined,not_assessed,pending_human,routine,,0,28,0,22
doc_0078_s045,doc_0078,Contemporary Media,Wiki,labse,1-1,Parangkat soara ni Batak Toba tarbilang na marasing sian segi guna dohot sora na ro.,Alat musik Batak Toba tergolong unik dari segi fungsi dan suara yang dihasilkan.,clean_auto,doc_0078_s045,684,1-1,1,candidate_1_1,unchanged,undetermined,not_assessed,pending_human,routine,,0,84,0,80
doc_0078_s046,doc_0078,Contemporary Media,Wiki,labse,1-1,"Somalna, alat i dipatudu di ulaon-ulaon na tontu, songon ulaon adat hamatean, ulaon adat parbogason, dohot ulaon adat na asing.","Biasanya, alat tersebut akan ditampailkan pada acara – acara tertentu, seperti acara upacara adat kematian, upacara adat pernikahan dan upacara adat lainnya.",clean_auto,doc_0078_s046,685,1-1,1,candidate_1_1,unchanged,undetermined,not_assessed,pending_human,routine,,0,127,0,157
doc_0078_s047,doc_0078,Contemporary Media,Wiki,labse,1-1,"Alai nang pe songon i, di patudu doi muse laho mangiringi Tarian Tortor.","Selain itu, juga dipertontonkan untuk mengiringi tarian tortor.",clean_auto,doc_0078_s047,686,1-1,1,candidate_1_1,unchanged,undetermined,not_assessed,pending_human,routine,,0,72,0,63
doc_0078_s048,doc_0078,Contemporary Media,Wiki,labse,1-1,Bohal laho mangulahon parangkat soara sian na robi ni halak Batak Toba malo malo situtu.,Bahan untuk membuat alat musik tradisional suku Batak Toba sangatlah sederhana.,clean_auto,doc_0078_s048,687,1-1,1,candidate_1_1,unchanged,undetermined,not_assessed,pending_human,routine,,0,88,0,79
doc_0078_s049,doc_0078,Contemporary Media,Wiki,labse,1-1,"Ala masi tarbilang uning uningan tangan, gabe bahan laho mangulahon i sai tongtong do adong.","Karena masih tergolong alat musik manual, maka bahan untuk membuatnya selalu tersedia.",clean_auto,doc_0078_s049,688,1-1,1,candidate_1_1,unchanged,undetermined,not_assessed,pending_human,routine,,0,92,0,86
doc_0078_s050,doc_0078,Contemporary Media,Wiki,labse,1-1,"Hau, bulu, hulit pinahan, dohot ragam ni tina-tinaan na asing i ma bahan dasar ni i.","Kayu, bambu, kulit hewan, dan tumbuhan lain merupakan bahan bakunya.",clean_auto,doc_0078_s050,689,1-1,1,candidate_1_1,unchanged,undetermined,not_assessed,pending_human,routine,,0,84,0,68
doc_0078_s051,doc_0078,Contemporary Media,Wiki,labse,1-1,Adong do alat na ringkot bosi laho mangulahon i.,Ada beberapa alat yang memerlukan besi untuk membuatnya.,clean_auto,doc_0078_s051,690,1-1,1,candidate_1_1,unchanged,undetermined,not_assessed,pending_human,routine,,0,48,0,56
doc_0078_s052,doc_0078,Contemporary Media,Wiki,labse,1-1,On ma daftar alat musik tradisional ni Batak Toba:,Berikut ini daftar alat musik tradisional Batak toba:,clean_auto,doc_0078_s052,691,1-1,1,candidate_1_1,unchanged,undetermined,not_assessed,pending_human,routine,,0,50,0,53
doc_0078_s062,doc_0078,Contemporary Media,Wiki,labse,1-1,- Sarune Bolon,- Sarune Bolon,clean_auto,doc_0078_s062,692,1-1,1,candidate_1_1,unchanged,undetermined,not_assessed,pending_human,routine,,0,14,0,14
doc_0078_s066,doc_0078,Contemporary Media,Wiki,labse,1-1,Sipanganon ni halak Batak Toba ima ragam ni sipanganon na tarida tu hagaleon dohot adat mamora ni bangso Batak Toba.,Masakan Batak Toba adalah jenis masakan yang dipengaruhi seni dan tradisi memasak masyarakat Batak Toba.,clean_auto,doc_0078_s066,693,1-1,1,candidate_1_1,unchanged,undetermined,not_assessed,pending_human,routine,,0,116,0,104
doc_0078_s067,doc_0078,Contemporary Media,Wiki,labse,1-1,Lompa ni halak Batak Toba i ma sada ragam ni Masakan Batak.,Masakan Batak Toba merupakan salah satu jenis masakan Batak.,clean_auto,doc_0078_s067,694,1-1,1,candidate_1_1,unchanged,undetermined,not_assessed,pending_human,routine,,0,59,0,60
doc_0078_s068,doc_0078,Contemporary Media,Wiki,labse,1-1,Sada ciri ni masakan Batak ima las ni roha mamangke andaliman gabe sasapan na ringkot.,Salah satu ciri masakan Batak adalah kegemarannya menggunakan andaliman (Zanthoxylum acanthopodium) sebagai rempah utama.,clean_auto,doc_0078_s068,695,1-1,1,candidate_1_1,unchanged,undetermined,not_assessed,pending_human,routine,,0,86,0,121
doc_0078_s069,doc_0078,Contemporary Media,Wiki,labse,1-1,"Alani i, andaliman i ganup tingki digoari gabe ""Merica Batak"".","Karena itu, andaliman kadang dijuluki sebagai ""Merica Batak"".",clean_auto,doc_0078_s069,696,1-1,1,candidate_1_1,unchanged,undetermined,not_assessed,pending_human,routine,,0,62,0,61
doc_0078_s070,doc_0078,Contemporary Media,Wiki,labse,1-1,"Godang do halak Batak Toba nuaeng mar ugamo Karisten, songon halak di humaliangna.","Kebanyakan orang Batak Toba kini beragama Kristen, tidak seperti suku di sekitarnya.",clean_auto,doc_0078_s070,697,1-1,1,candidate_1_1,unchanged,undetermined,not_assessed,pending_human,routine,,0,82,0,84
doc_0078_s071,doc_0078,Contemporary Media,Wiki,labse,1-1,Godang do ragam ni sipanganon Batak Toba so tarbatasi aturan halal.,Kebanyakan hidangan Batak Toba tidak dibatasi oleh aturan halal.,clean_auto,doc_0078_s071,698,1-1,1,candidate_1_1,unchanged,undetermined,not_assessed,pending_human,routine,,0,67,0,64
doc_0078_s072,doc_0078,Contemporary Media,Wiki,labse,1-1,Jagal ni pinahan dohot gota diinum di bagasan parsantian ni halak Batak.,Daging babi dan darah dikonsumsi dalam tradisi kuliner Batak.,clean_auto,doc_0078_s072,699,1-1,1,candidate_1_1,unchanged,undetermined,not_assessed,pending_human,routine,,0,72,0,61
doc_0078_s073,doc_0078,Contemporary Media,Wiki,labse,1-1,"Godang do sipanganon na umuli di luat i diulahon sian daging babi, padahal i adong do sipanganon na diulahon sian ragam parbue ni na somal, alai adong do pe sipanganon na diolophon.","Banyak makanan terbaik daerah itu dibuat dari daging babi, serta makanan yang terbuat dari bahan-bahan yang tidak biasa, akan tetapi ada juga hidangan-hidangan halal.",clean_auto,doc_0078_s073,700,1-1,1,candidate_1_1,unchanged,undetermined,not_assessed,pending_human,routine,,0,181,0,166
doc_0078_s074,doc_0078,Contemporary Media,Wiki,labse,1-1,On ma sura sura ni sipanganon ni halak Batak Toba:,Berikut daftar masakan tradisonal khas Batak Toba:,clean_auto,doc_0078_s074,701,1-1,1,candidate_1_1,unchanged,undetermined,not_assessed,pending_human,routine,,0,50,0,50
doc_0078_s076,doc_0078,Contemporary Media,Wiki,labse,1-1,- Babi Panggang,- Babi Panggang,clean_auto,doc_0078_s076,702,1-1,1,candidate_1_1,unchanged,undetermined,not_assessed,pending_human,routine,,0,15,0,15
doc_0078_s077,doc_0078,Contemporary Media,Wiki,labse,1-1,- Dengke Mas Naniuara,- Dengke Mas Naniuara,clean_auto,doc_0078_s077,703,1-1,1,candidate_1_1,unchanged,undetermined,not_assessed,pending_human,routine,,0,21,0,21
doc_0078_s078,doc_0078,Contemporary Media,Wiki,labse,1-1,- Manuk Napinadar,- Manuk Napinadar,clean_auto,doc_0078_s078,704,1-1,1,candidate_1_1,unchanged,undetermined,not_assessed,pending_human,routine,,0,17,0,17
doc_0078_s079,doc_0078,Contemporary Media,Wiki,labse,1-1,- Lomok lomok,- Lomok lomok,clean_auto,doc_0078_s079,705,1-1,1,candidate_1_1,unchanged,undetermined,not_assessed,pending_human,routine,,0,13,0,13
doc_0078_s080,doc_0078,Contemporary Media,Wiki,labse,1-1,- Mie Gomak,- Mie Gomak,clean_auto,doc_0078_s080,706,1-1,1,candidate_1_1,unchanged,undetermined,not_assessed,pending_human,routine,,0,11,0,11
doc_0078_s083,doc_0078,Contemporary Media,Wiki,labse,1-1,- Sambal Batak,- Sambal Batak,clean_auto,doc_0078_s083,707,1-1,1,candidate_1_1,unchanged,undetermined,not_assessed,pending_human,routine,,0,14,0,14
doc_0078_s084,doc_0078,Contemporary Media,Wiki,labse,1-1,- Sambal Tuktuk,- Sambal Tuktuk,clean_auto,doc_0078_s084,708,1-1,1,candidate_1_1,unchanged,undetermined,not_assessed,pending_human,routine,,0,15,0,15
doc_0078_s087,doc_0078,Contemporary Media,Wiki,labse,1-1,- Juhu/Lappet (Kue Khas): - Lappet,- Juhu/Lappet (Kue Khas): - Lappet,review_fix,doc_0078_s087,1465,3-1,1,structural_1_1_reviewed,legacy_label_corrected,fragment_or_heading,medium,pending_human,medium,"Teks tersimpan sudah berupa satu unit pada tiap sisi. Label lama dipertahankan pada original_alignment_type. Makna belum divalidasi anotator. | Judul, fragmen, atau pengantar ujaran. Satu pasangan tidak otomatis satu kalimat lengkap.",0,34,0,34
doc_0078_s088,doc_0078,Contemporary Media,Wiki,labse,1-1,- Ombus ombus,- Ombusombus,clean_auto,doc_0078_s088,709,1-1,1,candidate_1_1,unchanged,undetermined,not_assessed,pending_human,routine,,0,13,0,12
doc_0078_s089,doc_0078,Contemporary Media,Wiki,labse,1-1,- Pohul pohul,- Pohulpohul,clean_auto,doc_0078_s089,710,1-1,1,candidate_1_1,unchanged,undetermined,not_assessed,pending_human,routine,,0,13,0,12
doc_0078_s091,doc_0078,Contemporary Media,Wiki,labse,1-1,- Itak gurgur,- Itakgurgur,clean_auto,doc_0078_s091,711,1-1,1,candidate_1_1,unchanged,undetermined,not_assessed,pending_human,routine,,0,13,0,12
doc_0078_s092,doc_0078,Contemporary Media,Wiki,labse,1-1,- Tipa tipa,- Tipatipa,clean_auto,doc_0078_s092,712,1-1,1,candidate_1_1,unchanged,undetermined,not_assessed,pending_human,routine,,0,11,0,10
doc_0078_s093,doc_0078,Contemporary Media,Wiki,labse,1-1,- Kacang Sihobuk,- Kacang Sihobuk,clean_auto,doc_0078_s093,713,1-1,1,candidate_1_1,unchanged,undetermined,not_assessed,pending_human,routine,,0,16,0,16
doc_0078_s095,doc_0078,Contemporary Media,Wiki,labse,1-1,- Dali Nihorbo,- Dali Nihorbo,clean_auto,doc_0078_s095,714,1-1,1,candidate_1_1,unchanged,undetermined,not_assessed,pending_human,routine,,0,14,0,14
doc_0078_s096,doc_0078,Contemporary Media,Wiki,labse,1-1,- Kopi Lintong,- Kopi Lintong,clean_auto,doc_0078_s096,715,1-1,1,candidate_1_1,unchanged,undetermined,not_assessed,pending_human,routine,,0,14,0,14
doc_0078_s097,doc_0078,Contemporary Media,Wiki,labse,1-1,- Tuak Batak,- Tuak Batak,clean_auto,doc_0078_s097,716,1-1,1,candidate_1_1,unchanged,undetermined,not_assessed,pending_human,routine,,0,12,0,12
doc_0079_s001,doc_0079,Contemporary Media,Wiki,labse,1-1,"Andorang bangso Batak Toba mamboto Ugamo Kristen, haporseaon ni oppu nasida, i ma Parmalim, nunga gabe haporseaon ni Halak Batak Toba torus-torusan.","Sebelum masyarakat Batak Toba mengenal agama Kristen, kepercayaan leluhur, yakni Parmalim, telah menjadi sebuah kepercayaan orang Batak Toba secara turun-temurun.",clean_auto,doc_0079_s001,717,1-1,1,candidate_1_1,unchanged,undetermined,not_assessed,pending_human,routine,,0,148,0,162
doc_0079_s002,doc_0079,Contemporary Media,Wiki,labse,1-1,"Alai, sian taon 1863, misionaris Lutheran na ro sian Jerman, i ma Ludwig Ingwer Nommensen manang na lobi diboto Halak Batak i ma Ingwer Ludwig Nommensen manang na digoari Nommensen, nunga sahat ibana di Tano Batak, dung i dipasahat ma Ugamo Kristen Protestan na maraliran Lutheranisme i di tonga-tonga ni bangso na di Tano Batak.","Namun, sejak tahun 1863, misionaris Lutheran asal Jerman yakni Ludwig Ingwer Nommensen atau orang Batak lebih mengenal dengan Ingwer Ludwig Nommensen atau dipanggil Nommensen, tiba di Tanah Batak, kemudian menyebarkan agama Kristen Protestan yang beraliran Lutheranisme tersebut di antara masyarakat tanah Batak.",clean_auto,doc_0079_s002,718,1-1,1,candidate_1_1,unchanged,undetermined,not_assessed,pending_human,medium,Segmen >45 unit spasi. Panjang saja tidak menjadi alasan pemecahan.,0,329,0,312
doc_0079_s003,doc_0079,Contemporary Media,Wiki,labse,1-1,"Andorang si Nommensen, nunga adong misionaris na asing na hea pasahathon Ugamo Kristen i di Tano Batak, alai so marparbue dope.","Sebelum Nommensen, beberapa misionaris telah menyebarkan agama Kristen di Tanah Batak, akan tetapi belum berhasil.",clean_auto,doc_0079_s003,719,1-1,1,candidate_1_1,unchanged,undetermined,not_assessed,pending_human,routine,,0,127,0,114
doc_0079_s004,doc_0079,Contemporary Media,Wiki,labse,1-1,"Nommensen ro sian Jerman, alai lobi diboto di Indonesia.","Nommensen berasal dari Jerman, tetapi lebih dikenal di Indonesia.",clean_auto,doc_0079_s004,720,1-1,1,candidate_1_1,unchanged,undetermined,not_assessed,pending_human,routine,,0,56,0,65
doc_0079_s005,doc_0079,Contemporary Media,Wiki,labse,1-1,Parbue ni ulaonna i ma Haroro ni sada gareja Protestan na maraliran Lutheran na umbalga di Indonesia di tonga-tonga ni etnis Batak Toba i ma Huria Kristen Batak Protestan (HKBP).,Hasil dari pekerjaannya adalah berdirinya sebuah gereja Protestan dengan aliran Lutheran terbesar di Indonesia yang ditengah-tengah etnis Batak Toba yaitu Huria Kristen Batak Protestan (HKBP).,clean_auto,doc_0079_s005,721,1-1,1,candidate_1_1,unchanged,undetermined,not_assessed,pending_human,routine,,0,178,0,192
doc_0079_s006,doc_0079,Contemporary Media,Wiki,labse,1-1,Parngoluan ni Halak Batak Andorang so ro dope Barita na Uli di Tano Batak,Konteks kehidupan orang Batak sebelum Injil masuk di Tanah Batak,clean_auto,doc_0079_s006,722,1-1,1,candidate_1_1,unchanged,undetermined,not_assessed,pending_human,routine,,0,73,0,64
doc_0079_s007,doc_0079,Contemporary Media,Wiki,labse,1-1,"Andorang panaruan ni Ugamo Kristen, bangso Batak i manghasuhuthon haporseaon na gabe parsaoran ni haporseaon animisme, Hindu dohot magi.","Sebelum penyebaran agama Kristen, masyarakat Batak menganut sistem kepercayaan yang merupakan campuran kepercayaan animisme, Hindu dan magi.[7] Masyarakat Batak memercayai Yang Maha Kuasa yang dikenal dengan nama Debata Asiasi yang menciptakan seluruh alam semesta.",clean_auto,doc_0079_s007,723,1-1,1,candidate_1_1,unchanged,undetermined,not_assessed,pending_human,routine,,0,136,0,265
doc_0079_s008_a,doc_0079,Contemporary Media,Wiki,labse,1-1,Bangso Batak porsea tu Debata na Marhagogoon na Balga na diboto dohot goar Debata Asiasi na manompa sandok Portibi.,Bangsa Batak percaya kepada Tuhan Yang Mahakuasa yang dikenal dengan nama Debata Asiasi yang menciptakan seluruh dunia.,review_fix_split,doc_0079_s008_a,1400,2-1,1,structural_1_1_reviewed,legacy_label_corrected,sentence_candidate,medium,pending_human,routine,Teks tersimpan sudah berupa satu unit pada tiap sisi. Label lama dipertahankan pada original_alignment_type. Makna belum divalidasi anotator.,0,115,0,119
doc_0079_s008_b,doc_0079,Contemporary Media,Wiki,labse,1-1,Debata Asiasi so mangatur na tinompana jala diparentahon tu Tolu Anakna i laho gabe dewa na mangatur Portibi.,Debata Asiasi tidak mengatur ciptaannya dan memerintahkan kepada Tiga Anaknya untuk menjadi dewa yang mengatur dunia.,review_fix_split,doc_0079_s008_b,1401,2-1,1,structural_1_1_reviewed,legacy_label_corrected,sentence_candidate,medium,pending_human,routine,Teks tersimpan sudah berupa satu unit pada tiap sisi. Label lama dipertahankan pada original_alignment_type. Makna belum divalidasi anotator.,0,109,0,117
doc_0079_s009,doc_0079,Contemporary Media,Wiki,labse,1-1,"Anak na parjolo digoari Batara Guru na gabe Dewa Hapataron, Soripada na gabe Dewa holong ni roha jala Mangala Bulan na gabe pusu ni hagaleon jala dewa na umgogo di antara tolu dewa on.","Anak pertama bernama Batara Guru yang merupakan Dewa Keadilan, Soripada yang merupakan dewa belas kasih dan Mangala Bulan yang merupakan sumber kejahatan dan dewa paling kuat di antara ketiga dewa ini.",clean_auto,doc_0079_s009,724,1-1,1,candidate_1_1,unchanged,undetermined,not_assessed,pending_human,routine,,0,184,0,201
doc_0079_s010,doc_0079,Contemporary Media,Wiki,labse,1-1,"Bangso Batak di tingki i porsea, ringkot situtu laho mangarisap roha Mangala Bulan ala dewa on porsea boi mangagohon ngolu nasida.",Masyarakat Batak pada masa itu percaya bahwa sangat penting untuk mengambil hati Mangala Bulan karena dewa ini dipercaya dapat menghancurkan kehidupan mereka.,clean_auto,doc_0079_s010,725,1-1,1,candidate_1_1,unchanged,undetermined,not_assessed,pending_human,routine,,0,130,0,158
doc_0079_s011,doc_0079,Contemporary Media,Wiki,labse,1-1,"Tolu dewa on pe so tudu mamimpin ala pasahathon do pamarentaon tu angka delegasi nasida na dibagi gabe tolu tingkat, i ma Debata Di Ginjang, Debata Di Toru dohot Debata Dos Tonga.","Ketiga dewa ini juga tidak langsung memimpin karena juga memercayakan pemerintahan kepada para delegasinya yang dibagi menjadi tiga tingkatan, yaitu Debata Di Ginjang (dewa atas), Debata Di Toru (dewa bawah dan Debata Dos Tonga (dewa tengah) .",clean_auto,doc_0079_s011,726,1-1,1,candidate_1_1,unchanged,undetermined,not_assessed,pending_human,routine,,0,179,0,243
doc_0079_s012,doc_0079,Contemporary Media,Wiki,labse,1-1,"Ale i sian angka dewa i, bangso Batak di tingki i pe porsea tu angka panunggu.","Selain para dewa, masyarakat batak pada masa tersebut juga percaya terhadap penunggu.",clean_auto,doc_0079_s012,727,1-1,1,candidate_1_1,unchanged,undetermined,not_assessed,pending_human,routine,,0,78,0,85
doc_0080_s000,doc_0080,Contemporary Media,Wiki,labse,1-1,Haroro ni Barita Nauli tu Tano Batak,Masuknya penginjil ke Tanah Batak,clean_auto,doc_0080_s000,728,1-1,1,candidate_1_1,unchanged,undetermined,not_assessed,pending_human,routine,,0,36,0,33
doc_0080_s001,doc_0080,Contemporary Media,Wiki,labse,1-1,Pandita na Sinuru ni Punguan Partangiangan Baptis Inggris,Penginjil utusan Pekabaran Injil Baptis Inggris,clean_auto,doc_0080_s001,729,1-1,1,candidate_1_1,unchanged,undetermined,not_assessed,pending_human,routine,,0,57,0,47
doc_0080_s002,doc_0080,Contemporary Media,Wiki,labse,1-1,"Di taon 1820, tolu misionaris sian Baptist Missionary Society, ima Nathan Ward, Evans Meers, dohot Richard Burton, disuru tu Bengkulu laho manjumpang Thomas Stamford Raffles.","Pada tahun 1820, tiga misionaris dari Baptist Missionary Society yaitu Nathan Ward, Evans Meers, dan Richard Burton dikirim ke Bengkulu untuk menemui Thomas Stamford Raffles.",clean_auto,doc_0080_s002,730,1-1,1,candidate_1_1,unchanged,undetermined,not_assessed,pending_human,routine,,0,174,0,174
doc_0080_s003,doc_0080,Contemporary Media,Wiki,labse,1-1,"Andorang i, tolu halak i mangulahon ulaon na di Sumatera di tolu luat na muba-uba.","Sebelumnya, mereka bertiga bertugas di Sumatra di tiga tempat berbeda.",clean_auto,doc_0080_s003,731,1-1,1,candidate_1_1,unchanged,undetermined,not_assessed,pending_human,routine,,0,82,0,70
doc_0080_s004,doc_0080,Contemporary Media,Wiki,labse,1-1,"Ward martugas di Bengkulu, Burton di Sibolga jala Meers di Padang.","Ward ditugaskan di Bengkulu, Burton di Sibolga dan Meers di Padang.",clean_auto,doc_0080_s004,732,1-1,1,candidate_1_1,unchanged,undetermined,not_assessed,pending_human,routine,,0,66,0,67
doc_0080_s005,doc_0080,Contemporary Media,Wiki,labse,1-1,"Dung i disuru Raffles ma nasida mandalani luat tu utara, tu luat parmianan ni Halak Batak na so mangolu dope di bagasan ugamo Kristen.","Kemudian Raffles menyarankan supaya mereka pergi ke utara, ke daerah tempat tinggal orang Batak yang masih belum menganut kristen.",clean_auto,doc_0080_s005,733,1-1,1,candidate_1_1,unchanged,undetermined,not_assessed,pending_human,routine,,0,134,0,130
doc_0080_s006,doc_0080,Contemporary Media,Wiki,labse,1-1,Borhat ma nasida di tanggal 30 April 1824 jala mangulahon pardalanan di sisik ni Tapanuli.,Mereka berangkat pada tanggal 30 April 1824 dan melakukan perjalanan di pesisir Tapanuli.,clean_auto,doc_0080_s006,734,1-1,1,candidate_1_1,unchanged,undetermined,not_assessed,pending_human,routine,,0,90,0,89
doc_0080_s007,doc_0080,Contemporary Media,Wiki,labse,1-1,"Dung dua jam manalpui natong jujuran, sahat ma nasida di huta Parik Debata na marbagasan tu luat ni Pagaran Lambung.","Setelah dua jam melewati dataran rerumputan, mereka tiba di desa Parik Debata mencakup wilayah dari Pagaran lambung.",clean_auto,doc_0080_s007,735,1-1,1,candidate_1_1,unchanged,undetermined,not_assessed,pending_human,routine,,0,116,0,116
doc_0080_s008,doc_0080,Contemporary Media,Wiki,labse,1-1,Pagaran Lambung i marisi 10 sahat tu 20 huta.,Pagaran lambung terdiri dari 10-20 desa.,clean_auto,doc_0080_s008,736,1-1,1,candidate_1_1,unchanged,undetermined,not_assessed,pending_human,routine,,0,45,0,40
doc_0080_s009,doc_0080,Contemporary Media,Wiki,labse,1-1,"Dijalo do nasida dohot denggan ni roha ni raja na disi jala dipasombu mondok samalam di jabu ni Pangulu Huta i, jala mandapot tanda kehormatan di manogotna.",Mereka disambut dengan baik oleh raja setempat dan dipersilakan menginap semalam di rumah kepala desa serta mendapatkan tanda kehormatan keesokan harinya.,clean_auto,doc_0080_s009,737,1-1,1,candidate_1_1,unchanged,undetermined,not_assessed,pending_human,routine,,0,156,0,154
doc_0080_s010,doc_0080,Contemporary Media,Wiki,labse,1-1,Dipasolhot nasida ma pardalananna jala manangali dalan saleleng 6 jam pardalanan andorang so maradian di huta na maringan di parsitongaan ni Pagaran Lambung.,Mereka melanjutkan perjalanan dan menyusuri rute selama 6 jam perjalanan sebelum beristirahat di desa yang berlokasi di tengah Pagaran Lambung.,clean_auto,doc_0080_s010,738,1-1,1,candidate_1_1,unchanged,undetermined,not_assessed,pending_human,routine,,0,157,0,143
doc_0080_s011_a,doc_0080,Contemporary Media,Wiki,labse,1-1,"Saleleng dua ari pardalanan, manalpui ma nasida di Huta Tinggi di ari senen dung 4 jam pardalanan sian inganan paradianan i.","Selama dua hari perjalanan, lewatlah mereka di Huta Tinggi pada hari Senin setelah 4 jam perjalanan dari tempat peristirahatan itu.",review_fix_split,doc_0080_s011_a,1428,2-1,1,structural_1_1_reviewed,legacy_label_corrected,sentence_candidate,medium,pending_human,routine,Teks tersimpan sudah berupa satu unit pada tiap sisi. Label lama dipertahankan pada original_alignment_type. Makna belum divalidasi anotator.,0,124,0,131
doc_0080_s011_b,doc_0080,Contemporary Media,Wiki,labse,1-1,"Pardalanan on ima parenta sian Raffles laho laho tu utara, ima Silindung .","Perjalanan ini adalah perintah dari Raffles untuk pergi ke utara, yaitu Silindung.",review_fix_split,doc_0080_s011_b,1429,2-1,1,structural_1_1_reviewed,legacy_label_corrected,sentence_candidate,medium,pending_human,routine,Teks tersimpan sudah berupa satu unit pada tiap sisi. Label lama dipertahankan pada original_alignment_type. Makna belum divalidasi anotator.,0,74,0,82
doc_0080_s012,doc_0080,Contemporary Media,Wiki,labse,1-1,Dipasolhot nasida ma 5 jam pardalanan sian Huta Tinggi jala mondok di sada sopo andorang so dipasolhot muse mardalanan di Selasa manogot manang di tanggal 4 Mei jala sahat ma nasida di Silindung.,Mereka melanjutkan 5 jam perjalanan dari Huta Tinggi dan bermalam di sebuah gubuk sebelum melanjutkan perjalanan pada selasa pagi atau tanggal 4 Mei dan tiba di Silindung.,clean_auto,doc_0080_s012,739,1-1,1,candidate_1_1,unchanged,undetermined,not_assessed,pending_human,routine,,0,195,0,171
doc_0080_s013_a,doc_0080,Contemporary Media,Wiki,labse,1-1,"Di parmulaan, sura sura pardalanan i dipatujolo sahat tu Tao Toba, alai marsundat do pardalanan i ala ni pangidion kolera na ingkon ditarami ni Ward.","Pada mulanya, rencana perjalanan itu diprioritaskan sampai ke Danau Toba, tetapi tertundalah perjalanan itu karena adanya wabah kolera yang harus dicegah oleh Ward.",review_fix_split,doc_0080_s013_a,1443,2-1,1,structural_1_1_reviewed,legacy_label_corrected,sentence_candidate,medium,pending_human,routine,Teks tersimpan sudah berupa satu unit pada tiap sisi. Label lama dipertahankan pada original_alignment_type. Makna belum divalidasi anotator.,0,149,0,164
doc_0080_s013_b,doc_0080,Contemporary Media,Wiki,labse,1-1,Ward ima sada sintua pangidion na marulaon mangida pangidion na manursar di luat i.,Ward adalah seorang tenaga kesehatan yang bekerja meninjau wabah yang menyebar di daerah itu.,review_fix_split,doc_0080_s013_b,1444,2-1,1,structural_1_1_reviewed,legacy_label_corrected,sentence_candidate,medium,pending_human,routine,Teks tersimpan sudah berupa satu unit pada tiap sisi. Label lama dipertahankan pada original_alignment_type. Makna belum divalidasi anotator.,0,83,0,93
doc_0080_s014,doc_0080,Contemporary Media,Wiki,labse,1-1,Mian ma nasida di Silindung saleleng saminggu jala borhat sian Silindung di pukul 7 manogot di tanggal 11 Mei.,Mereka tinggal di Silindung selama seminggu dan meninggalkan Silindung pada jam 7 pagi tanggal 11 Mei.,clean_auto,doc_0080_s014,740,1-1,1,candidate_1_1,unchanged,undetermined,not_assessed,pending_human,routine,,0,110,0,102
doc_0080_s015,doc_0080,Contemporary Media,Wiki,labse,1-1,"Di tingki sahat nasida di Silindung, dijalo do nasida dohot denggan ni roha ni raja na disi, alai marsundat do pardalanan parjamitaan na di tingki masa sala pamotoan dohot parmianan.","Saat mereka tiba di Silindung, mereka diterima dengan baik oleh raja setempat, namun perjalanan penginjilan mereka terhenti ketika terjadi salah paham dengan penduduk.",clean_auto,doc_0080_s015,741,1-1,1,candidate_1_1,unchanged,undetermined,not_assessed,pending_human,routine,,0,182,0,167
doc_0080_s016,doc_0080,Contemporary Media,Wiki,labse,1-1,"Parmianan i sala mamoto hata ni parjamita na mandok ingkon gabe gelleng harajaon nasida, songon dakdanak na gelleng.","Penduduk salah menafsirkan khotbah penginjil tersebut yang mengatakan bahwa kerajaan mereka harus menjadi lebih kecil, seperti anak kecil.",clean_auto,doc_0080_s016,742,1-1,1,candidate_1_1,unchanged,undetermined,not_assessed,pending_human,routine,,0,116,0,138
doc_0080_s017,doc_0080,Contemporary Media,Wiki,labse,1-1,"Parmianan i so lomo tusi, alani ima angka parjamita i dipabali di taon i.","Penduduk tidak suka hal ini, karena itu para penginjil tersebut diusir pada tahun itu juga.",clean_auto,doc_0080_s017,743,1-1,1,candidate_1_1,unchanged,undetermined,not_assessed,pending_human,routine,,0,73,0,91
doc_0080_s018,doc_0080,Contemporary Media,Wiki,labse,1-1,Angka misionaris i pe manabunon pasal sada sian Bibel tu bagasan hata Batak Toba.,Para misionaris tersebut juga menerjemahkan pasal satu dari Alkitab ke dalam bahasa Batak Toba.,clean_auto,doc_0080_s018,744,1-1,1,candidate_1_1,unchanged,undetermined,not_assessed,pending_human,routine,,0,81,0,95
doc_0080_s019,doc_0080,Contemporary Media,Wiki,labse,1-1,Parjamitaan Utusan American Board of Commissioners for Foreign Mission,Penginjil utusan American Board of Commissioners for Foreign Mission,clean_auto,doc_0080_s019,745,1-1,1,candidate_1_1,unchanged,undetermined,not_assessed,pending_human,routine,,0,70,0,68
doc_0080_s020,doc_0080,Contemporary Media,Wiki,labse,1-1,"Di parmulaan, Karl Gützlaff naeng martugas tu Sumatra, alai gagal ala ni haadongan ni luat na masa parbadaan.","Pada awalnya, Karl Gützlaff ingin ditugaskan ke Sumatra, tapi gagal karena keadaan lokasi yang sedang konflik.",clean_auto,doc_0080_s020,746,1-1,1,candidate_1_1,unchanged,undetermined,not_assessed,pending_human,routine,,0,109,0,110
doc_0080_s021,doc_0080,Contemporary Media,Wiki,labse,1-1,Parbadaan on i ma perang padri na gabe paubahon tujuan ni Gutzlaff tu Jakarta laho pasahathon parjamitaan tu Halak Tionghoa na mian disi.,Konflik ini merupakan perang padri yang akhirnya memindahkan tujuan Gutzlaff ke Jakarta untuk menyebarkan melakukan penginjilan kepada Tionghoa yang tinggal disana.,clean_auto,doc_0080_s021,747,1-1,1,candidate_1_1,unchanged,undetermined,not_assessed,pending_human,routine,,0,137,0,164
doc_0080_s022,doc_0080,Contemporary Media,Wiki,labse,unresolved,"Dung i di taon 1834, dua halak Amerika, ima Samuel Munson dohot Henry Lyman na gabe utusan ni gareja Kongregationalis Amerika na disuru ni The American Board of Commissioners for Foreign Mission di Boston laho masuk tu Sumatra.","Kemudian pada tahun 1834, dua orang Amerika, yaitu Samuel Munson dan Henry Lyman yang merupakan utusan gereja Kongregationalis Amerika yang diutus oleh The American Board of Commissioners for Foreign Mission (ABCFM) di Boston untuk masuk ke Sumatra.[14] Pada 17 Juni 1834 mereka tiba di Sibolga dan menetap beberapa hari di sana.",clean_auto,doc_0080_s022,748,1-1,1,needs_review,flag_only,undetermined,undetermined,pending_human,high,Indonesia menambahkan peristiwa 17 Juni 1834 yang sudah memiliki pasangan pada s023_a.,0,227,0,329
doc_0080_s023_a,doc_0080,Contemporary Media,Wiki,labse,1-1,Di 17 Juni 1834 sahat ma nasida di Sibolga jala mondok pigapiga ari disi.,Pada 17 Juni 1834 sampailah mereka di Sibolga dan bermalam beberapa hari di sana.,review_fix_split,doc_0080_s023_a,1395,2-1,1,structural_1_1_reviewed,legacy_label_corrected,sentence_candidate,medium,pending_human,routine,Teks tersimpan sudah berupa satu unit pada tiap sisi. Label lama dipertahankan pada original_alignment_type. Makna belum divalidasi anotator.,0,73,0,81
doc_0080_s023_b,doc_0080,Contemporary Media,Wiki,labse,1-1,"Di 23 Juni 1834, borhat ma nasida manuju dolok Silindung.","Pada 23 Juni 1834, berangkatlah mereka menuju pegunungan Silindung.",review_fix_split,doc_0080_s023_b,1396,2-1,1,structural_1_1_reviewed,legacy_label_corrected,sentence_candidate,medium,pending_human,routine,Teks tersimpan sudah berupa satu unit pada tiap sisi. Label lama dipertahankan pada original_alignment_type. Makna belum divalidasi anotator.,0,57,0,67
doc_0080_s024,doc_0080,Contemporary Media,Wiki,labse,1-1,"Di pardalanan, di tingki sahat di tombak Lombang Silindung, di borngin 28 Juni 1834, nasida diligi, ditangkup, jala dipamate di lambung ni Lobu Pining.","Dalam perjalanan, ketika tiba di pinggir Lembah Silindung, pada malam hari 28 Juni 1834, mereka dihadang, ditangkap, dan dibunuh di dekat Lobu Pining.",clean_auto,doc_0080_s024,749,1-1,1,candidate_1_1,unchanged,undetermined,not_assessed,pending_human,routine,,0,151,0,150
doc_0080_s025,doc_0080,Contemporary Media,Wiki,labse,1-1,"Pamatehon ima Raja Panggalamei, na gabe Raja di Pintubosi na mian di Singkak.","Pembunuhnya adalah Raja Panggalamei, yang merupakan Raja di Pintubosi yang tinggal di Singkak.",clean_auto,doc_0080_s025,750,1-1,1,candidate_1_1,unchanged,undetermined,not_assessed,pending_human,routine,,0,77,0,94
doc_0080_s026,doc_0080,Contemporary Media,Wiki,labse,1-1,Diulahon ibana ma pamateon i rap dohot bangsona.,Ia membunuh bersama dengan rakyatnya.,clean_auto,doc_0080_s026,751,1-1,1,candidate_1_1,unchanged,undetermined,not_assessed,pending_human,routine,,0,48,0,37
doc_0080_s027,doc_0080,Contemporary Media,Wiki,labse,1-1,Parjamitaan Utusan Rheinische Missionsgesellschaft,Penginjil utusan Rheinische Missionsgesellschaft,clean_auto,doc_0080_s027,752,1-1,1,candidate_1_1,unchanged,undetermined,not_assessed,pending_human,routine,,0,50,0,48
doc_0080_s028,doc_0080,Contemporary Media,Wiki,labse,1-1,"Ludwig Ingwer Nommensen, misionaris Jerman na marhasil pasahathon Injil di tonga-tonga ni Halak Batak Toba.","Ludwig Ingwer Nommensen, misionaris Jerman yang berhasil menyebarkan Injil di antara orang Batak Toba.",clean_auto,doc_0080_s028,753,1-1,1,candidate_1_1,unchanged,undetermined,not_assessed,pending_human,routine,,0,107,0,102
doc_0080_s029,doc_0080,Contemporary Media,Wiki,labse,1-1,"Di taon 1840, sada parbinoto na marbangso Jerman, ima Franz Wilhelm Junghuhn mangulahon pardalanan tu luat Batak jala dung i dipasahat surat taringot tu suku Batak.","Pada tahun 1840, seorang ilmuwan berkebangsaan Jerman, Franz Wilhelm Junghuhn melakukan perjalanan ke daerah Batak dan kemudian menerbitkan karangan tentang suku Batak.",clean_auto,doc_0080_s029,754,1-1,1,candidate_1_1,unchanged,undetermined,not_assessed,pending_human,routine,,0,164,0,168
doc_0080_s030_a,doc_0080,Contemporary Media,Wiki,labse,1-1,Di bagasan pustaha i dipodahon Junghuhn ma pamarenta kolonial i laho mangalogo zending Kristen laho manundati pangarejoan Islam di bagian utara ni Pulo Sumatra.,Di dalam buku itu Junghuhn menasihati pemerintah kolonial agar menyuruh zending Kristen untuk menghalangi penyebaran Islam di bagian utara Pulau Sumatera.,review_fix_split,doc_0080_s030_a,1454,2-1,1,structural_1_1_reviewed,legacy_label_corrected,sentence_candidate,medium,pending_human,routine,Teks tersimpan sudah berupa satu unit pada tiap sisi. Label lama dipertahankan pada original_alignment_type. Makna belum divalidasi anotator.,0,160,0,154
doc_0080_s030_b,doc_0080,Contemporary Media,Wiki,labse,1-1,"Surat i sahat ma tu angka uluan ni Lembaga Alkitab Nederlandsche Bijbelgenootschap di Belanda, sahat tu na disuru nasida sada ahli hata na margoar Herman Neubronner van der Tuuk laho manaliti hata Batak jala laho manerjemahon Bibel.","Surat itu sampailah kepada para pimpinan Lembaga Alkitab Nederlandsche Bijbelgenootschap di Belanda, hingga diutuslah oleh mereka seorang ahli bahasa bernama Herman Neubronner van der Tuuk untuk meneliti bahasa Batak dan untuk menerjemahkan Alkitab.",review_fix_split,doc_0080_s030_b,1455,2-1,1,structural_1_1_reviewed,legacy_label_corrected,sentence_candidate,medium,pending_human,routine,Teks tersimpan sudah berupa satu unit pada tiap sisi. Label lama dipertahankan pada original_alignment_type. Makna belum divalidasi anotator.,0,232,0,249
doc_0080_s031,doc_0080,Contemporary Media,Wiki,labse,1-1,"Van der Tuuk i ma Halak Barat na parjolo na mangulahon panalitian ilmiah taringot tu hata Batak, Lampung, Kawi, Bali.","Van der Tuuk adalah orang Barat pertama yang melakukan penelitian ilmiah tentang bahasa Batak, Lampung, Kawi, Bali.",clean_auto,doc_0080_s031,755,1-1,1,candidate_1_1,unchanged,undetermined,not_assessed,pending_human,routine,,0,117,0,115
doc_0080_s032,doc_0080,Contemporary Media,Wiki,labse,1-1,Ibana pe Halak Eropa na parjolo na mamareng Tao Toba jala manjumpang dohot Si Singamangaraja.,Ia juga orang Eropa pertama yang menatap Danau Toba dan bertemu dengan Si Singamangaraja.,clean_auto,doc_0080_s032,756,1-1,1,candidate_1_1,unchanged,undetermined,not_assessed,pending_human,routine,,0,93,0,89
doc_0080_s033,doc_0080,Contemporary Media,Wiki,labse,1-1,Lomo do rohana marsiulangan jala manjalo Halak Batak di jabuna.,Ia merasa senang berkomunikasi dan menyambut orang Batak di rumahnya.,clean_auto,doc_0080_s033,757,1-1,1,candidate_1_1,unchanged,undetermined,not_assessed,pending_human,routine,,0,63,0,69
doc_0080_s034,doc_0080,Contemporary Media,Wiki,labse,1-1,"Van der Tuuk mangalehon saran asa lembaga zending manuru angka penginjil tu Tapanuli, langsung tu luat na di parbagasan.","Van der Tuuk memberi saran supaya lembaga zending mengutus para penginjil ke Tapanuli, langsung ke daerah pedalamannya.",clean_auto,doc_0080_s034,758,1-1,1,candidate_1_1,unchanged,undetermined,not_assessed,pending_human,routine,,0,120,0,119
doc_0080_s035,doc_0080,Contemporary Media,Wiki,labse,1-1,"Taon 1857, pekabar Injil G.","Tahun 1857, pekabar Injil G.",clean_auto,doc_0080_s035,759,1-1,1,candidate_1_1,unchanged,undetermined,not_assessed,pending_human,routine,,0,27,0,28
doc_0080_s036,doc_0080,Contemporary Media,Wiki,labse,1-1,"Van Asselt, utusan sian huria na gelleng di Ermelo, Belanda, mangulahon panghobasion di Tapanuli Selatan.","Van Asselt, utusan dari jemaat kecil di Ermelo, Belanda, melakukan pelayanan di Tapanuli Selatan.",clean_auto,doc_0080_s036,760,1-1,1,candidate_1_1,unchanged,undetermined,not_assessed,pending_human,routine,,0,105,0,97
doc_0080_s037,doc_0080,Contemporary Media,Wiki,labse,1-1,Ditembus ibana pigapiga naposo jala dilehon pangajaran Kristiani tu nasida.,Ia menembus beberapa pemuda dan memberi mereka pengajaran Kristiani.,clean_auto,doc_0080_s037,761,1-1,1,candidate_1_1,unchanged,undetermined,not_assessed,pending_human,routine,,0,75,0,68
doc_0080_s038,doc_0080,Contemporary Media,Wiki,labse,1-1,"Di 31 Maret 1861, dua halak Batak na parjolo diurbasi, i ma: Jakobus Tampubolon dohot Simon Siregar.","Pada 31 Maret 1861, dua orang Batak pertama dibaptis, yaitu: Jakobus Tampubolon dan Simon Siregar.",clean_auto,doc_0080_s038,762,1-1,1,candidate_1_1,unchanged,undetermined,not_assessed,pending_human,routine,,0,100,0,98
doc_0080_s039,doc_0080,Contemporary Media,Wiki,labse,1-1,"Di taon na sarupa, tontuna di 7 Oktober 1861, diulahon rapat ni opat pandita di Sipirok, na diihuthon ni dua pandita Jerman, ima Pdt.","Pada tahun yang sama tepatnya pada 7 Oktober 1861, diadakan rapat empat pendeta di Sipirok, yang diikuti oleh dua pendeta Jerman, yaitu: Pdt.",clean_auto,doc_0080_s039,763,1-1,1,candidate_1_1,unchanged,undetermined,not_assessed,pending_human,routine,,0,133,0,141
doc_0080_s040,doc_0080,Contemporary Media,Wiki,labse,1-1,Heine dohot Pdt.,Heine dan Pdt.,clean_auto,doc_0080_s040,764,1-1,1,candidate_1_1,unchanged,undetermined,not_assessed,pending_human,routine,,0,16,0,14
doc_0080_s041,doc_0080,Contemporary Media,Wiki,labse,1-1,"Klemmer jala dohot dua pandita Belanda, ima Pdt.","Klemmer serta oleh dua pendeta Belanda, yaitu: Pdt.",clean_auto,doc_0080_s041,765,1-1,1,candidate_1_1,unchanged,undetermined,not_assessed,pending_human,routine,,0,48,0,51
doc_0080_s042,doc_0080,Contemporary Media,Wiki,labse,1-1,Betz dohot Pdt.,Betz dan Pdt.,clean_auto,doc_0080_s042,766,1-1,1,candidate_1_1,unchanged,undetermined,not_assessed,pending_human,routine,,0,15,0,13
doc_0080_s044,doc_0080,Contemporary Media,Wiki,labse,1-1,Diulahon nasida rapot laho pasahathon ulaon parbarita nauli tu Rheinische Missionsgesellschaft.,Mereka melakukan rapat untuk menyerahkan misi penginjilan kepada Rheinische Missionsgesellschaft.,clean_auto,doc_0080_s044,767,1-1,1,candidate_1_1,unchanged,undetermined,not_assessed,pending_human,routine,,0,95,0,97
doc_0080_s045,doc_0080,Contemporary Media,Wiki,labse,1-1,Ari i dirimpu ma gabe ari pajongjongon ni Huria Kristen Batak Protestan (HKBP).,Hari tersebut dianggap menjadi hari berdirinya Huria Kristen Batak Protestan (HKBP).,clean_auto,doc_0080_s045,768,1-1,1,candidate_1_1,unchanged,undetermined,not_assessed,pending_human,routine,,0,79,0,84
doc_0080_s046,doc_0080,Contemporary Media,Wiki,labse,1-1,Dung i Ludwig Ingwer Nommensen (1834 - 1918) sahat ma di Padang di taon 1862.,Kemudian Ludwig Ingwer Nommensen (1834 - 1918) tiba di Padang pada tahun 1862.,clean_auto,doc_0080_s046,769,1-1,1,candidate_1_1,unchanged,undetermined,not_assessed,pending_human,routine,,0,77,0,78
doc_0080_s047,doc_0080,Contemporary Media,Wiki,labse,1-1,Mian ibana di Barus pigapiga tingki laho marsiajar hata dohot adat Batak dohot Melayu.,Ia menetap di Barus beberapa saat untuk mempelajari bahasa dan adat Batak dan Melayu.,clean_auto,doc_0080_s047,770,1-1,1,candidate_1_1,unchanged,undetermined,not_assessed,pending_human,routine,,0,86,0,85
doc_0080_s048,doc_0080,Contemporary Media,Wiki,labse,1-1,Ibana sahat marhite badan Misi Rheinische Missionsgesellschaft.,Ia tiba melalui badan Misi Rheinische Missionsgesellschaft.,clean_auto,doc_0080_s048,771,1-1,1,candidate_1_1,unchanged,undetermined,not_assessed,pending_human,routine,,0,63,0,59
doc_0080_s049,doc_0080,Contemporary Media,Wiki,labse,1-1,"Dung i, di taon 1864, masuk ma ibana tu luat Silindung, parjolo di Huta Dame, dung i di Pearaja.","Kemudian, pada tahun 1864, ia masuk ke daerah Silindung, mula-mula di Huta Dame, kemudian di Pearaja (kini menjadi kantor pusat HKBP).",clean_auto,doc_0080_s049,772,1-1,1,candidate_1_1,unchanged,undetermined,not_assessed,pending_human,routine,,0,96,0,134
doc_0080_s050,doc_0080,Contemporary Media,Wiki,labse,1-1,"Di bagasan pasahathon barita nauli, Ludwig Ingwer Nommensen ditolopi ni Raja Pontas Lumbantobing laho mangolohon sian Barus tu Silindung dohot hatorangan na tarsurat na mandok ibana so maralus taringot tu haluaonna.","Dalam menyampaikan Injil, Ludwig Ingwer Nommensen dibantu oleh Raja Pontas Lumbantobing (Raja Batak pertama yang dibaptis) untuk mengantarnya dari Barus ke Silindung dengan catatan tertulis bahwa ia tidak bertanggung jawab atas keselamatannya.",clean_auto,doc_0080_s050,773,1-1,1,candidate_1_1,unchanged,undetermined,not_assessed,pending_human,routine,,0,215,0,243
doc_0080_s051,doc_0080,Contemporary Media,Wiki,labse,1-1,"Di parmulaan so dijalo do Nommensen dohot denggan ni roha ni parmianan, ala mabiar nasida tardampak bala ala manjalo halak na asing na so mamparsinta adat.","Pada awalnya Nommensen tidak diterima baik oleh penduduk, karena mereka takut kena bala karena menerima orang lain yang tidak memelihara adat.",clean_auto,doc_0080_s051,774,1-1,1,candidate_1_1,unchanged,undetermined,not_assessed,pending_human,routine,,0,155,0,142
doc_0080_s052,doc_0080,Contemporary Media,Wiki,labse,unresolved,"Di sada tingki, diulahon pesta oppu Siatas Barita, somalna disihi korban.","Pada satu saat, diadakan pesta nenek moyang Siatas Barita, biasanya disembelih korban. untuk membunuh Nommensen sebagai korban, yang pada saat itu hadir di situ.",clean_auto,doc_0080_s052,775,1-1,1,needs_review,flag_only,undetermined,undetermined,pending_human,high,Indonesia menambahkan rencana membunuh Nommensen yang memiliki pasangan pada s053_a.,0,73,0,161
doc_0080_s053_a,doc_0080,Contemporary Media,Wiki,labse,1-1,"Laho mamamate Nommensen gabe korban, na di tingki i adong disi.","Untuk membunuh Nommensen menjadi korban, yang pada saat itu ada di sana.",review_fix_split,doc_0080_s053_a,1420,2-1,1,structural_1_1_reviewed,legacy_label_corrected,fragment_or_heading,medium,pending_human,medium,"Teks tersimpan sudah berupa satu unit pada tiap sisi. Label lama dipertahankan pada original_alignment_type. Makna belum divalidasi anotator. | Judul, fragmen, atau pengantar ujaran. Satu pasangan tidak otomatis satu kalimat lengkap.",0,63,0,72
doc_0080_s053_b,doc_0080,Contemporary Media,Wiki,labse,1-1,"Di haadongan na songon on, ro Nommensen tu parmulaan jala mandok tu halak na godang:","Dalam keadaan seperti ini, datanglah Nommensen ke depan dan berkata kepada orang banyak:",review_fix_split,doc_0080_s053_b,1421,2-1,1,structural_1_1_reviewed,legacy_label_corrected,fragment_or_heading,medium,pending_human,medium,"Teks tersimpan sudah berupa satu unit pada tiap sisi. Label lama dipertahankan pada original_alignment_type. Makna belum divalidasi anotator. | Judul, fragmen, atau pengantar ujaran. Satu pasangan tidak otomatis satu kalimat lengkap.",0,84,0,88
doc_0080_s053_c,doc_0080,Contemporary Media,Wiki,labse,1-1,Tondi na manghatai marhite halak i nunga godang mangela hamu.,"“Roh yang berbicara melalui orang itu sudah banyak menipu kalian.""",review_fix_split,doc_0080_s053_c,1422,2-1,1,structural_1_1_reviewed,legacy_label_corrected,sentence_candidate,medium,pending_human,routine,Teks tersimpan sudah berupa satu unit pada tiap sisi. Label lama dipertahankan pada original_alignment_type. Makna belum divalidasi anotator.,0,61,0,66
doc_0080_s054,doc_0080,Contemporary Media,Wiki,labse,1-1,"I ma so tondi ni Siatas Barita, oppumuna, alai tondi hagaleon.","Itu bukan roh Siatas Barita, nenekmu, melainkan roh jahat.",clean_auto,doc_0080_s054,776,1-1,1,candidate_1_1,unchanged,undetermined,not_assessed,pending_human,routine,,0,62,0,58
doc_0080_s055,doc_0080,Contemporary Media,Wiki,labse,1-1,Songon dia ma oppumuna mangido mudar ni sada sian pinomparna!,Masakan nenekmu menuntut darah salah satu dari keturunannya!,clean_auto,doc_0080_s055,777,1-1,1,candidate_1_1,unchanged,undetermined,not_assessed,pending_human,routine,,0,61,0,60
doc_0080_s056,doc_0080,Contemporary Media,Wiki,labse,1-1,Tarsongot ma Sibaso i madabu tu tano.,Segera Sibaso jatuh ke tanah.,clean_auto,doc_0080_s056,778,1-1,1,candidate_1_1,unchanged,undetermined,not_assessed,pending_human,routine,,0,37,0,29
doc_0080_s057,doc_0080,Contemporary Media,Wiki,labse,1-1,— Ludwig Ingwer Nommensen,— Ludwig Ingwer Nommensen,clean_auto,doc_0080_s057,779,1-1,1,candidate_1_1,unchanged,undetermined,not_assessed,pending_human,routine,,0,25,0,25
doc_0080_s058,doc_0080,Contemporary Media,Wiki,labse,1-1,"Mangadopi haadongan na mangaringgoti, Nommensen sai tongtong ramah dohot lambok ni roha, sahat tu na lombo mambahen halak mago rohana jala ila mangulahon na so denggan tu ibana.","Menghadapi keadaan yang menekan, Nommensen tetap ramah dan lemah lembut, hingga lama-kelamaan membuat orang merasa enggan dan malu berbuat tidak baik padanya.",clean_auto,doc_0080_s058,780,1-1,1,candidate_1_1,unchanged,undetermined,not_assessed,pending_human,routine,,0,177,0,158
doc_0080_s059,doc_0080,Contemporary Media,Wiki,labse,1-1,"Di sada borngin di tingki angka raja i mian di jabuna sahat tu tolap borngin jala modom marsidomdom, dibuat Nommensen ma selimut jala ditutup tu badan nasida, sahat tu manogotna pupun ma nasida jala ila rohanasida, mamareng ulahon ni Nommensen na denggan.","Pada satu malam ketika para raja berada di rumahnya hingga larut malam dan tertidur lelap, Nommensen mengambil selimut dan menutupi badan mereka, hingga pagi hari mereka terbangun dan merasa malu, melihat perbuatan baik Nommensen.",clean_auto,doc_0080_s059,781,1-1,1,candidate_1_1,unchanged,undetermined,not_assessed,pending_human,routine,,0,255,0,230
doc_0080_s060,doc_0080,Contemporary Media,Wiki,labse,1-1,Sikap panolakan ni Raja Batak i masa ala ni hatahuton Nommensen i ma parmulaan sian pihak Belanda.,Sikap penolakan Raja Batak ini disebabkan kekhwatiran bahwa Nommensen adalah perintisan dari pihak Belanda.,clean_auto,doc_0080_s060,782,1-1,1,candidate_1_1,unchanged,undetermined,not_assessed,pending_human,routine,,0,98,0,107
doc_0080_s061,doc_0080,Contemporary Media,Wiki,labse,1-1,Parhusor Kekristenan dung Injil Masuk di Tano Batak,Perkembangan Kekristenan setelah Injil masuk di Tanah Batak,clean_auto,doc_0080_s061,783,1-1,1,candidate_1_1,unchanged,undetermined,not_assessed,pending_human,routine,,0,51,0,59
doc_0080_s062,doc_0080,Contemporary Media,Wiki,labse,1-1,Halak Batak na masuk Kristen mandapot ringgot jala dipabali sian huta parmiananna ala so lomo rohana mangalehon sumbangan tu ulaon-ulaon adat.,Orang Batak yang masuk Kristen mendapat tekanan dan diusir dari kampung halamannya karena tidak mau memberi sumbangan untuk upacara-upacara suku.,clean_auto,doc_0080_s062,784,1-1,1,candidate_1_1,unchanged,undetermined,not_assessed,pending_human,routine,,0,142,0,145
doc_0080_s063,doc_0080,Contemporary Media,Wiki,labse,1-1,"Haadongan na songon on mangalului nasida marsada di sada huta na manontu, ima Huta Dame.","Keadaan seperti ini memaksa mereka berkumpul pada satu kampung tersendiri, yaitu Huta Dame (kampung damai).",clean_auto,doc_0080_s063,785,1-1,1,candidate_1_1,unchanged,undetermined,not_assessed,pending_human,routine,,0,88,0,107
doc_0080_s064,doc_0080,Contemporary Media,Wiki,labse,1-1,"Dung pitu taon Nommensen mangulahon parjamitaan, Halak Batak na masuk Kristen marragam 1.250 halak.","Setelah tujuh tahun Nommensen melakukan penginjilan, orang Batak yang masuk Kristen berjumlah 1.250 jiwa.",clean_auto,doc_0080_s064,786,1-1,1,candidate_1_1,unchanged,undetermined,not_assessed,pending_human,routine,,0,99,0,105
doc_0080_s065,doc_0080,Contemporary Media,Wiki,labse,1-1,"Sampulu taon dung i di taon 1881, manaek ragamna lima lompit, sahat tu na ragam ni Halak Batak na masuk Kristen i ma hira-hira 6.250 halak.","Sepuluh tahun kemudian pada tahun 1881, jumlahnya naik lima kali lipat, hingga jumlah orang Batak yang masuk Kristen adalah sekitar 6.250 orang.",clean_auto,doc_0080_s065,787,1-1,1,candidate_1_1,unchanged,undetermined,not_assessed,pending_human,routine,,0,139,0,144
doc_0080_s066,doc_0080,Contemporary Media,Wiki,labse,1-1,"Di taon 1918, nunga tarsurat 185.731 halak Kristen di luat RMG Sumatera Utara.","Pada tahun 1918, sudah tercatat 185.731 orang Kristen di wilayah RMG Sumatera Utara.",clean_auto,doc_0080_s066,788,1-1,1,candidate_1_1,unchanged,undetermined,not_assessed,pending_human,routine,,0,78,0,84
doc_0080_s067,doc_0080,Contemporary Media,Wiki,labse,1-1,"Di taon 1881, diangkat Nommensen gabe Ephorus ni RMG.","Pada tahun 1881, Ludwig Ingwer Nommensen diangkat menjadi Ephorus oleh RMG.",clean_auto,doc_0080_s067,789,1-1,1,candidate_1_1,unchanged,undetermined,not_assessed,pending_human,routine,,0,53,0,75
doc_0080_s068,doc_0080,Contemporary Media,Wiki,labse,1-1,Jabatan i diparguruhon sahat tu na mate ibana di 23 Mei 1918.,Jabatan tersebut dipegangnya hingga ia meninggal dunia pada 23 Mei 1918.,clean_auto,doc_0080_s068,790,1-1,1,candidate_1_1,unchanged,undetermined,not_assessed,pending_human,routine,,0,61,0,72
doc_0080_s069,doc_0080,Contemporary Media,Wiki,labse,1-1,Halak Batak mangalehon goar tu Nommensen dohot goar Ompu i.,Orang Batak memberi gelar kepada Nommensen dengan sebutan Ompu i.,clean_auto,doc_0080_s069,791,1-1,1,candidate_1_1,unchanged,undetermined,not_assessed,pending_human,routine,,0,59,0,65
doc_0080_s070,doc_0080,Contemporary Media,Wiki,labse,1-1,"Di parmulaan, goar on i ma goar na tontu ni bangso Batak tu angka Singamangaraja.","Awalnya, gelar ini merupakan sebutan khusus masyarakat Batak kepada para Singamangaraja.",clean_auto,doc_0080_s070,792,1-1,1,candidate_1_1,unchanged,undetermined,not_assessed,pending_human,routine,,0,81,0,88
doc_0080_s071,doc_0080,Contemporary Media,Wiki,labse,1-1,Kristen Katolik dipasolhot di taon 1934 ni Misionaris Katolik Belanda na margoar Sybrandus Van Rossum.,Kristen Katolik diperkenalkan pada tahun 1934 oleh Missionaris Katolik Belanda bernama Sybrandus Van Rossum.,clean_auto,doc_0080_s071,793,1-1,1,candidate_1_1,unchanged,undetermined,not_assessed,pending_human,routine,,0,102,0,108
doc_0080_s072,doc_0080,Contemporary Media,Wiki,labse,1-1,"Kristen Katolik tarida bagak di parmulaan ni taon 1950-an, luat Batak Toba na maringanan Kristen Katolik na lumayan balga ima di humaliang ni Pulo Samosir dohot Tao Toba jala di humaliang ni Kecamatan Andam Dewi di luat Tapanuli Tengah.","Kristen Katolik bertumbuh signifikan pada awal tahin 1950 an, wilayah Batak Toba yang memiliki populasi Kristen Katolik yang cukup besar yakni disekitar Pulau Samosir dan Danau Toba serta di sekitar Kecamatan Andam Dewi di wilayah Tapanuli Tengah.",clean_auto,doc_0080_s072,794,1-1,1,candidate_1_1,unchanged,undetermined,not_assessed,pending_human,routine,,0,236,0,247
doc_0080_s073,doc_0080,Contemporary Media,Wiki,labse,1-1,"Sadarion, hira-hira ±11% torop ni halak Batak Toba ima sianuduran ni Gareja Katolik Roma.",Saat ini setidaknya ±11% populasi Batak Toba merupakan pengikut Gereja Katolik Roma.,clean_auto,doc_0080_s073,795,1-1,1,candidate_1_1,unchanged,undetermined,not_assessed,pending_human,routine,,0,89,0,84
doc_0080_s074,doc_0080,Contemporary Media,Wiki,labse,1-1,"Rap dohot Komunitas Protestan na maraliran Lutheran, Katolik Roma mamparsinta Adat Batak di bagasan komunitas ugamo.","Bersama dengan Komunitas Protestan beraliran Lutheran, Katolik Roma memelihara adat Batak dalam komunitas keagamaan.",clean_auto,doc_0080_s074,796,1-1,1,candidate_1_1,unchanged,undetermined,not_assessed,pending_human,routine,,0,116,0,116
doc_0081_s000,doc_0081,Contemporary Media,Wiki,labse,1-1,Hata Batak Toba,Bahasa Batak Toba,clean_auto,doc_0081_s000,797,1-1,1,candidate_1_1,unchanged,undetermined,not_assessed,pending_human,routine,,0,15,0,17
doc_0081_s001,doc_0081,Contemporary Media,Wiki,labse,1-1,"Hata Batak i ma hata na hinatahon ni Halak Batak Toba di humaliang ni Tao Toba, Pulo Samosir, dohot luat Tapanuli na di utara di Sumatera Utara, Indonesia.","Bahasa Batak adalah bahasa yang dituturkan oleh orang-orang Batak Toba di sekitar Danau Toba, Pulau Samosir, dan wilayah Tapanuli bagian utara di Sumatera Utara, Indonesia.",clean_auto,doc_0081_s001,798,1-1,1,candidate_1_1,unchanged,undetermined,not_assessed,pending_human,routine,,0,155,0,172
doc_0081_s002,doc_0081,Contemporary Media,Wiki,labse,1-1,Hata Batak Toba tarbagasan tu rumpun hata Austronesia jala gabe bagian sian kelompok hata-hata Batak.,Bahasa Batak Toba termasuk dalam rumpun bahasa Austronesia dan merupakan bagian dari kelompok bahasa-bahasa Batak.,clean_auto,doc_0081_s002,799,1-1,1,candidate_1_1,unchanged,undetermined,not_assessed,pending_human,routine,,0,101,0,114
doc_0081_s003,doc_0081,Contemporary Media,Wiki,labse,1-1,Sadarion dipatujolo hira-hira 2.000.000 halak na manghatai Hata Batak Toba na mian di bagian kulon dohot dangsina ni Tao Toba.,Saat ini diperkirakan terdapat kurang-lebih 2.000.000 orang penutur Bahasa Batak Toba yang tinggal di bagian barat dan selatan Danau Toba.,clean_auto,doc_0081_s003,800,1-1,1,candidate_1_1,unchanged,undetermined,not_assessed,pending_human,routine,,0,126,0,138
doc_0081_s004,doc_0081,Contemporary Media,Wiki,labse,1-1,"Sistem panuraton ni hata on di turi-turian hea mamangke Surat Batak, alai nuaeng angka na manghatai i sai tongtong do mamangke alfabet Latin laho manurat i.","Sistem penulisan bahasa ini dalam sejarahnya pernah menggunakan Surat Batak, tetapi saat ini para penuturnya hampir selalu menggunakan alfabet Latin untuk menuliskannya.",clean_auto,doc_0081_s004,801,1-1,1,candidate_1_1,unchanged,undetermined,not_assessed,pending_human,routine,,0,156,0,169
doc_0081_s005,doc_0081,Contemporary Media,Wiki,labse,1-1,"Herman Neubronner van der Tuuk i ma sada pionir na parjolo manaliti taringot tu Hata Batak Toba, i ma di bagasan ulahonanna manurat Bibel na marhata Batak Toba.","Herman Neubronner van der Tuuk adalah salah seorang pionir awal penelitian atas bahasa Batak Toba, yaitu dalam aktivitasnya menulis Alkitab berbahasa Batak Toba.",clean_auto,doc_0081_s005,802,1-1,1,candidate_1_1,unchanged,undetermined,not_assessed,pending_human,routine,,0,160,0,161
doc_0081_s006,doc_0081,Contemporary Media,Wiki,labse,1-1,"Hata Batak Toba lumobi sarupa dohot hata Batak Angkola dohot Batak Mandailing, alani i tolu etnis on lumobi mura do laho marsi-ulahon pamotoan i sada tu naasing molo dibandingkon dohot hata-hata Batak na asing (Simalungun, Karo, dohot Pakpak).","Bahasa Batak Toba agak lebih mirip dengan bahasa Batak Angkola dan Batak Mandailing, sehingga ketiga etnis ini lebih mudah untuk saling memahami satu sama lain dibandingkan dengan bahasa-bahasa Batak lainnya (Simalungun, Karo, dan Pakpak).",clean_auto,doc_0081_s006,803,1-1,1,candidate_1_1,unchanged,undetermined,not_assessed,pending_human,routine,,0,243,0,239
doc_0081_s007,doc_0081,Contemporary Media,Wiki,labse,1-1,"Hata Batak Toba so holan dipangke ni angka na manghatai na mian di luat ni Tao Toba, alai di luat na asing pe godang do pangusena, lumobi angka natua-tua na mian di ruar ni Tao Toba sai tongtong do mamangke hata i di tingki marsiulangan ganup ari tu ianakhonna, donganna sabangsa, dohot angka halak na mamoto Hata Batak Toba.","Bahasa Batak Toba tidak hanya digunakan oleh penutur yang tinggal di wilayah Danau Toba, tetapi di daerah lain juga terdapat banyak penggunanya, terlebih orang tua yang tinggal di luar Danau Toba masih menggunakan bahasa tersebut saat berkomunikasi sehari-hari kepada anaknya, sesama suku, dan orang-orang yang memahami bahasa Batak Toba.",clean_auto,doc_0081_s007,804,1-1,1,candidate_1_1,unchanged,undetermined,not_assessed,pending_human,medium,Segmen >45 unit spasi. Panjang saja tidak menjadi alasan pemecahan.,0,325,0,338
doc_0081_s009,doc_0081,Contemporary Media,Wiki,labse,1-1,Panalitian na Parjolo,Pengamatan awal,clean_auto,doc_0081_s009,805,1-1,1,candidate_1_1,unchanged,undetermined,not_assessed,pending_human,routine,,0,21,0,15
doc_0081_s010,doc_0081,Contemporary Media,Wiki,labse,1-1,"Di tonga-tonga ni panalitian na parjolo taringot tu Hata Batak Toba na diulahon ni halak sian ruar ni bangso Batak i ma tarsurat ni angka misionaris Baptis, i ma Nathan Ward, Evans Meers, dohot Richard Burton, na ro tu luat Silindung di taon 1824.","Di antara pengamatan awal terhadap bahasa Batak Toba yang dilakukan oleh orang dari luar masyarakat Batak adalah catatan para misionaris Baptis, yakni Nathan Ward, Evans Meers, dan Richard Burton, yang berkunjung ke wilayah Silindung pada tahun 1824.",clean_auto,doc_0081_s010,806,1-1,1,candidate_1_1,unchanged,undetermined,not_assessed,pending_human,routine,,0,247,0,250
doc_0081_s011,doc_0081,Contemporary Media,Wiki,labse,1-1,Dipauli nasida hata Batak i marparsarupoan dohot hata Melayu.,Mereka menilai bahwa bahasa Batak memiliki kesamaan dengan bahasa Melayu.,clean_auto,doc_0081_s011,807,1-1,1,candidate_1_1,unchanged,undetermined,not_assessed,pending_human,routine,,0,61,0,73
doc_0081_s012,doc_0081,Contemporary Media,Wiki,labse,1-1,"Molo sian parsaoran, sada sian tolu hata di hata Batak sarupa manang mirip dohot hata Melayu sahat tu na boi dipoto ni pakar hata Melayu.","Secara substansi, satu dari tiga kata dalam bahasa Batak sama atau mirip dengan bahasa Melayu sehingga dapat dikenali oleh pakar bahasa Melayu.",clean_auto,doc_0081_s012,808,1-1,1,candidate_1_1,unchanged,undetermined,not_assessed,pending_human,routine,,0,137,0,143
doc_0081_s013,doc_0081,Contemporary Media,Wiki,labse,1-1,"Nang pe adjektiva, verba, dohot adverbia marragam situtu, parubahon di verba marparjambaron na sarupa songon na diulahon di hata Melayu.","Meskipun adjektiva, verba, dan adverbia memiliki perbedaan yang sangat besar, perubahan pada verba memiliki prinsip yang sama seperti yang diterapkan pada bahasa Melayu.",clean_auto,doc_0081_s013,809,1-1,1,candidate_1_1,unchanged,undetermined,not_assessed,pending_human,routine,,0,136,0,169
doc_0081_s014,doc_0081,Contemporary Media,Wiki,labse,1-1,"Hata Batak lumobi godang prefiks dohot afiks molo dibandingkon dohot hata Melayu, tontuna tu hata ulaon, sahat tu hata pargogo na laho pasangophon haporluan panundungan hata ni bangso Batak na lambok dohot basar.","Bahasa Batak memiliki prefiks dan afiks yang lebih banyak dibandingkan bahasa Melayu, khususnya untuk nomina verba, bahkan partikel untuk memenuhi kebutuhan artikulasi dari masyarakat Batak yang lembut dan ramah.",clean_auto,doc_0081_s014,810,1-1,1,candidate_1_1,unchanged,undetermined,not_assessed,pending_human,routine,,0,212,0,212
doc_0081_s015,doc_0081,Contemporary Media,Wiki,labse,1-1,"Sada sian parubahon hata na mangarajai, i ma afiks ""-hon"" di hata Batak na mamangke na sarupa dohot afiks ""-kan"" di hata Melayu.","Salah satu perubahan kata yang paling mencolok, yaitu afiks ""-hon"" pada bahasa Batak yang penggunaannya sama dengan afiks ""-kan"" pada bahasa Melayu.",clean_auto,doc_0081_s015,811,1-1,1,candidate_1_1,unchanged,undetermined,not_assessed,pending_human,routine,,0,128,0,148
doc_0081_s016,doc_0081,Contemporary Media,Wiki,labse,1-1,Pangarejoan ni hata Sanskerta tu hata Batak lumobi balga molo dibandingkon tu hata Melayu ala so adong turunan hata sian hata Arab.,Pengaruh bahasa Sanskerta pada bahasa Batak lebih besar dibandingkan pada bahasa Melayu karena ketiadaan turunan bahasa dari bahasa Arab.,clean_auto,doc_0081_s016,812,1-1,1,candidate_1_1,unchanged,undetermined,not_assessed,pending_human,routine,,0,131,0,137
doc_0081_s017,doc_0081,Contemporary Media,Wiki,labse,1-1,Parsalisian dohot hata Melayu lumobi tarida tontu di ragam panuhunan siganup ari (hata tohop) sian ragam hata na tarsurat (hata habaitan).,Perbedaan dengan bahasa Melayu semakin terlihat jelas pada ragam percakapan sehari-sehari (hata tohop) dibandingkan ragam bahasa tulis (hata habaitan).,clean_auto,doc_0081_s017,813,1-1,1,candidate_1_1,unchanged,undetermined,not_assessed,pending_human,routine,,0,138,0,151
doc_0081_s018,doc_0081,Contemporary Media,Wiki,labse,1-1,"Ala huruf-hurufna marharoroan sian Sanskerta, jadi surat ni hata Batak i diparparjolo sian hambirang tu siamun.","Karena huruf-hurufnya bersumber dari Sanskerta, maka tulisan bahasa Batak dimulai dari kiri ke kanan.",clean_auto,doc_0081_s018,814,1-1,1,candidate_1_1,unchanged,undetermined,not_assessed,pending_human,routine,,0,111,0,101
doc_0081_s019,doc_0081,Contemporary Media,Wiki,labse,1-1,"Dung i di bagasan parulangan, susunan umpasa di hata Batak pe sarupa dohot pantun di hata Melayu.","Selain dalam komunikasi, susunan puisi (umpasa) dalam bahasa Batak juga mirip dengan pantun pada bahasa Melayu.",clean_auto,doc_0081_s019,815,1-1,1,candidate_1_1,unchanged,undetermined,not_assessed,pending_human,routine,,0,97,0,111
doc_0081_s020,doc_0081,Contemporary Media,Wiki,labse,1-1,"Umpasa alang-alang situtu do gabe tarsurat ala somalna holan dipangke tu dongan saroha, gabe orasi manang laho mangalului hamuliaon dohot parmuba-ubaan nang di tingki marsibada manang gabe sipanggokhi sahat tu na tarsurat memori ni angka suku Batak Toba i di bagasan umpasa.","Umpasa sangat jarang sekali dijadikan sebuah tulisan karena biasanya hanya digunakan kepada pasangan, sebagai orasi atau untuk mencari popularitas dan keunikan baik saat berdebat atau sebagai penghibur sehingga memori para suku Batak Toba saat itu terekam dalam umpasa.",clean_auto,doc_0081_s020,816,1-1,1,candidate_1_1,unchanged,undetermined,not_assessed,pending_human,routine,,0,274,0,269
doc_0081_s021,doc_0081,Contemporary Media,Wiki,labse,1-1,Panarion ni umpasa i diulahon ni dua halak naposobulung gabe sipanggokhi di ragam ni parsaoran na diulahon sian 10 (sapulu) sahat tu 12 (sapulu dua) jam torus-torusan dang mansohot.,Penampilan umpasa dilakukan oleh dua orang anak muda sebagai hiburan dalam beragam pertemuan yang dilaksanakan dari 10 hingga 12 jam secara terus menerus tanpa berhenti.,clean_auto,doc_0081_s021,817,1-1,1,candidate_1_1,unchanged,undetermined,not_assessed,pending_human,routine,,0,181,0,169
doc_0081_s022,doc_0081,Contemporary Media,Wiki,labse,1-1,"Dung i gabe sipanggokhi, dipangke nasida do umpasa i di bagasan panuhunan ganup ari laho mangalehon ringkot tu hata nasida.","Selain sebagai hiburan, mereka juga menggunakan umpasa dalam percakapan sehari-hari untuk memberikan penekanan terhadap pernyataan mereka.",clean_auto,doc_0081_s022,818,1-1,1,candidate_1_1,unchanged,undetermined,not_assessed,pending_human,routine,,0,123,0,138
doc_0081_s023,doc_0081,Contemporary Media,Wiki,labse,1-1,"Dibagi nasida umpasa gabe opat kelas, i ma tu dongan saroha, podah tu naposobulung, halak na so margogo dohot panghirimon tu Debata.","Mereka membagi umpasa menjadi empat kelas, yaitu untuk pasangan, nasihat untuk anak muda, orang tidak mampu dan aspirasi kepada Tuhan.",clean_auto,doc_0081_s023,819,1-1,1,candidate_1_1,unchanged,undetermined,not_assessed,pending_human,routine,,0,132,0,134
doc_0082_s000,doc_0082,Contemporary Media,News Article,labse,1-1,"Opat Ragam Kesenian Suku Batak, Hatorangan, dohot Sipatana","4 Kesenian Suku Batak, Penjelasan, dan Contohnya",clean_auto,doc_0082_s000,820,1-1,1,candidate_1_1,unchanged,undetermined,not_assessed,pending_human,routine,,0,58,0,48
doc_0082_s001,doc_0082,Contemporary Media,News Article,labse,1-1,Kesenian ni suku Batak tarida sian pigapiga seni na marparsimbolon jala mambedahon sian suku na asing.,Kesenian suku Batak terlihat dari beberapa seni yang memiliki ciri khas sekaligus membedakan dengan suku lain.,clean_auto,doc_0082_s001,821,1-1,1,candidate_1_1,unchanged,undetermined,not_assessed,pending_human,routine,,0,102,0,110
doc_0082_s002,doc_0082,Contemporary Media,News Article,labse,1-1,"Songon i ma, aha do angka kesenian luat Batak dohot sipatana?","Lantas, apa saja kesenian daerah Batak dan contohnya?",clean_auto,doc_0082_s002,822,1-1,1,candidate_1_1,unchanged,undetermined,not_assessed,pending_human,routine,,0,61,0,53
doc_0082_s003,doc_0082,Contemporary Media,News Article,labse,1-1,Bangso Batak sai godang dope mian di luat Provinsi Sumatra Utara.,Masyarakat suku Batak hingga kini banyak yang mendiami wilayah Provinsi Sumatra Utara.,clean_auto,doc_0082_s003,823,1-1,1,candidate_1_1,unchanged,undetermined,not_assessed,pending_human,routine,,0,65,0,86
doc_0082_s004,doc_0082,Contemporary Media,News Article,labse,1-1,"Alai, so otik pe na manursar tu luat na asing.","Akan tetapi, tidak sedikit pula yang menyebar ke kawasan lain.",clean_auto,doc_0082_s004,824,1-1,1,candidate_1_1,unchanged,undetermined,not_assessed,pending_human,routine,,0,46,0,62
doc_0082_s005,doc_0082,Contemporary Media,News Article,labse,1-1,"Songon suku na asing, suku Batak pe mar-parbadanan budaya sandiri di ragam ni sisi.","Sebagaimana suku lainnya, suku Batak pun memiliki kekhasan budaya sendiri dalam berbagai sisi.",clean_auto,doc_0082_s005,825,1-1,1,candidate_1_1,unchanged,undetermined,not_assessed,pending_human,routine,,0,83,0,94
doc_0082_s006,doc_0082,Contemporary Media,News Article,labse,1-1,On tarbagasan di sistem kesenian Batak nasida.,Ini termasuk di sistem kesenian Batak mereka.,clean_auto,doc_0082_s006,826,1-1,1,candidate_1_1,unchanged,undetermined,not_assessed,pending_human,routine,,0,46,0,45
doc_0082_s008,doc_0082,Contemporary Media,News Article,labse,1-1,Seni Ragit Jabu,Seni Bangunan,clean_auto,doc_0082_s008,827,1-1,1,candidate_1_1,unchanged,undetermined,not_assessed,pending_human,routine,,0,15,0,13
doc_0082_s009,doc_0082,Contemporary Media,News Article,labse,1-1,Kesenian suku Batak na parjolo i ma seni bangunan.,Kesenian suku Batak yang pertama ialah senin bangunan.,clean_auto,doc_0082_s009,828,1-1,1,candidate_1_1,unchanged,undetermined,not_assessed,pending_human,routine,,0,50,0,54
doc_0082_s010,doc_0082,Contemporary Media,News Article,labse,1-1,"Di bagasan seni suku Batak on, bangso i mar-jabu tradisional na digoari Ruma (ririt di uhum adat) manang Jabu.","Dalam seni suku Batak ini, masyarakat memiliki rumah tradisional yang dinamakan ruma (ririt di uhum adat) atau jabu.",clean_auto,doc_0082_s010,829,1-1,1,candidate_1_1,unchanged,undetermined,not_assessed,pending_human,routine,,0,110,0,116
doc_0082_s011,doc_0082,Contemporary Media,News Article,labse,1-1,Lapatan ni ririt di uhum adat i ma pusu ni uhum adat dohot pusu ni pangajaran ni bangso Batak.,Arti dari ririt di uhum adat adalah sumber hukum adat dan sumber pendidikan masyarakat Batak.,clean_auto,doc_0082_s011,830,1-1,1,candidate_1_1,unchanged,undetermined,not_assessed,pending_human,routine,,0,94,0,93
doc_0082_s012,doc_0082,Contemporary Media,News Article,labse,1-1,Kesenian Sumatra Utara di hal bangunan on marparsimbolon parsaoran ni seni pahat ulok dohot parguluan.,Kesenian Sumatera Utara dalam hal bangunan ini memiliki kekhasan paduan seni pahat ular dengan kerajinan.,clean_auto,doc_0082_s012,831,1-1,1,candidate_1_1,unchanged,undetermined,not_assessed,pending_human,routine,,0,102,0,105
doc_0082_s013,doc_0082,Contemporary Media,News Article,labse,1-1,Bentuk ni jabu i ma panggung na mar-tiang hayu bilog.,Bentuk rumah adalah panggung yang memiliki tiang berupa kayu bulat.,clean_auto,doc_0082_s013,832,1-1,1,candidate_1_1,unchanged,undetermined,not_assessed,pending_human,routine,,0,53,0,67
doc_0082_s014,doc_0082,Contemporary Media,News Article,labse,1-1,"Di ganup sude, adong do tiang na mar-pondasi sian batu.","Di tiap sudut, terdapat tiang dengan pondasinya dari batu.",clean_auto,doc_0082_s014,833,1-1,1,candidate_1_1,unchanged,undetermined,not_assessed,pending_human,routine,,0,55,0,58
doc_0082_s015,doc_0082,Contemporary Media,News Article,labse,1-1,Tiang na umbalga digoari tiang parsuhi jala batu pondasina digoari batu parsuhi.,Tiang terbesar dinamakan tiang parsuhi dan batu pondasinya disebut batu parsuhi.,clean_auto,doc_0082_s015,834,1-1,1,candidate_1_1,unchanged,undetermined,not_assessed,pending_human,routine,,0,80,0,80
doc_0082_s016,doc_0082,Contemporary Media,News Article,labse,1-1,Tanduk horbo dipasahat di atar kulon dohot siamun na gabe parbinotoan ni panghirimon (pengharapan).,Tanduk kerbau dipasang di atap barat dan timur yang menjadi lambang pengharapan.,clean_auto,doc_0082_s016,835,1-1,1,candidate_1_1,unchanged,undetermined,not_assessed,pending_human,routine,,0,99,0,80
doc_0082_s017,doc_0082,Contemporary Media,News Article,labse,1-1,Bagian badan ni jabu diulahon sian papan na poso jala dingding muka dohot pudian digohi ukiran banga-banga.,Bagian badan rumah terbuat dari papan tebal dan dinding muka belakang dipenuhi ukiran cicak.,clean_auto,doc_0082_s017,836,1-1,1,candidate_1_1,unchanged,undetermined,not_assessed,pending_human,routine,,0,107,0,92
doc_0082_s020,doc_0082,Contemporary Media,News Article,labse,1-1,Kesenian suku Batak na mangihut i ma seni manortor.,Kesenian suku Batak berikutnya ialah seni tari.,clean_auto,doc_0082_s020,837,1-1,1,candidate_1_1,unchanged,undetermined,not_assessed,pending_human,routine,,0,51,0,47
doc_0082_s021,doc_0082,Contemporary Media,News Article,labse,1-1,Suku Batak mar-kesenian tarian tradisional na digoari Tortor.,Suku Batak memiliki kesenian tarian tradisional yang disebut tor-tor.,clean_auto,doc_0082_s021,838,1-1,1,candidate_1_1,unchanged,undetermined,not_assessed,pending_human,routine,,0,61,0,69
doc_0082_s022,doc_0082,Contemporary Media,News Article,labse,1-1,"Tarian Batak Tortor marisi pigapiga ragam, i ma:","Tarian Batak tor-tor terdiri dari beberapa jenis, yakni:",clean_auto,doc_0082_s022,839,1-1,1,candidate_1_1,unchanged,undetermined,not_assessed,pending_human,routine,,0,48,0,56
doc_0082_s023,doc_0082,Contemporary Media,News Article,labse,1-1,"- Pangurdot: anggota badan na mar-rungguan i ma pat, tumit, dohot abara.","- Pangurdot: anggota badan yang bergerak yaitu kaki, tumit, dan bahu",clean_auto,doc_0082_s023,840,1-1,1,candidate_1_1,unchanged,undetermined,not_assessed,pending_human,routine,,0,72,0,68
doc_0082_s024,doc_0082,Contemporary Media,News Article,labse,1-1,"- Pangeal: anggota badan na mar-rungguan i ma hambing, tulang pudian dohot abara.","- Pangeal: anggota badan yang bergerak yaitu pinggang, tulang punggung dan bahu",clean_auto,doc_0082_s024,841,1-1,1,candidate_1_1,unchanged,undetermined,not_assessed,pending_human,routine,,0,81,0,79
doc_0082_s025,doc_0082,Contemporary Media,News Article,labse,1-1,"- Pandenggal: anggota badan na mar-rungguan i ma lengan, tolapak tangan sahat tu jari sitongaan.","- Pandenggal: anggota badan yang bergerak yaitu lengan, telapak tangan hingga jari tengah",clean_auto,doc_0082_s025,842,1-1,1,candidate_1_1,unchanged,undetermined,not_assessed,pending_human,routine,,0,96,0,89
doc_0082_s026,doc_0082,Contemporary Media,News Article,labse,1-1,- Siangkupna: anggota badan na mar-rungguan i ma holan rungkung.,- Siangkupna: anggota badan yang bergerak yaitu hanya leher,clean_auto,doc_0082_s026,843,1-1,1,candidate_1_1,unchanged,undetermined,not_assessed,pending_human,routine,,0,64,0,59
doc_0082_s027,doc_0082,Contemporary Media,News Article,labse,1-1,- Hapunana: anggota badan na mar-rungguan i ma holan bohi.,- Hapunana: anggota badan yang bergerak yaitu hanya wajah,clean_auto,doc_0082_s027,844,1-1,1,candidate_1_1,unchanged,undetermined,not_assessed,pending_human,routine,,0,58,0,57
doc_0082_s029,doc_0082,Contemporary Media,News Article,labse,1-1,Seni Gondang (Ogung Sabangunan),Senin musik (Seperangkat Gong),review_fix,doc_0082_s029,1329,1-1,1,candidate_1_1,unchanged,undetermined,not_assessed,pending_human,routine,,0,31,0,30
doc_0082_s030,doc_0082,Contemporary Media,News Article,labse,1-1,Kesenian suku Batak di hal seni musik na marparsimbolon digoari Ogung Sabangunan.,Kesenian suku Batak dalam hal seni musik yang khas disebut ogung sabangunan.,clean_auto,doc_0082_s030,845,1-1,1,candidate_1_1,unchanged,undetermined,not_assessed,pending_human,routine,,0,81,0,76
doc_0082_s031,doc_0082,Contemporary Media,News Article,labse,1-1,"Di bagasan mamangke musik on, diiringi opat gordang dohot lima taganing .","Dalam melantunkan musik ini, diiringi empat gendang dan lima taganing (gamelan Batak).",clean_auto,doc_0082_s031,846,1-1,1,candidate_1_1,unchanged,undetermined,not_assessed,pending_human,routine,,0,73,0,86
doc_0082_s032,doc_0082,Contemporary Media,News Article,labse,1-1,"Gordang ogung i mar-goar sandiri, i ma oloan, ihutan, doal, dohot jeret.","Gendang ogung memiliki nama-nama sendiri yakni oloan, ihutan, doal, dan jeret.",clean_auto,doc_0082_s032,847,1-1,1,candidate_1_1,unchanged,undetermined,not_assessed,pending_human,routine,,0,72,0,78
doc_0082_s033,doc_0082,Contemporary Media,News Article,labse,1-1,Seni musik Ogung Sabangunan somalna dipangke mangiringi tarian tor-tor.,Seni musik ogung sabangunan kerap dipakai mengiringi tari tor-tor.,clean_auto,doc_0082_s033,848,1-1,1,candidate_1_1,unchanged,undetermined,not_assessed,pending_human,routine,,0,71,0,66
doc_0082_s034,doc_0082,Contemporary Media,News Article,labse,1-1,"Parsaoran ni dua kesenian Batak i dibagi gabe opat ragam tarian, i ma:","Paduan kedua kesenian Batak tersebut terbagi ke dalam empat macam tarian, yakni:",clean_auto,doc_0082_s034,849,1-1,1,candidate_1_1,unchanged,undetermined,not_assessed,pending_human,routine,,0,70,0,80
doc_0082_s035,doc_0082,Contemporary Media,News Article,labse,1-1,- Tor-tor/Gondang Mula-mula: Tarian on diulahon dohot marsomba jala marlilut tu arah angin.,- Tor-tor/gondang mula-mula: tarian ini dilakukan dengan menyembah sambil berputar ke arah mata angin,clean_auto,doc_0082_s035,850,1-1,1,candidate_1_1,unchanged,undetermined,not_assessed,pending_human,routine,,0,91,0,101
doc_0082_s036,doc_0082,Contemporary Media,News Article,labse,1-1,"- Tor-tor/Gondang Mangido Pasu-pasu: Tarian on patuduhon tangan na manortor jala mar-lapatan podah, hata-hata, dohot amanat ni natua-tua.","- Tor-tor/gondang mangido pasu-pasu: tarian ini memperlihatkan tangan yang menari dan bermakna petuah, nasihat, dan amanat orang tua",clean_auto,doc_0082_s036,851,1-1,1,candidate_1_1,unchanged,undetermined,not_assessed,pending_human,routine,,0,137,0,132
doc_0082_s037,doc_0082,Contemporary Media,News Article,labse,1-1,- Tor-tor/Gondang Liat-liat: Tarian diulahon dohot manortor marlilut na manandahon keluarga mandapot las ni roha.,- Tor-tor/gondang liat-liat: tarian dilakukan dengan menari berkeliling yang menandakan keluarga mendapat kebahagiaan,clean_auto,doc_0082_s037,852,1-1,1,candidate_1_1,unchanged,undetermined,not_assessed,pending_human,routine,,0,113,0,117
doc_0082_s038,doc_0082,Contemporary Media,News Article,labse,1-1,- Tor-tor/Gondang Hasahatan: Tarian diulahon dohot manortor di inganan na mar-lapatan podah manang pasu-pasu ni Debata.,- Tor-tor/gondang hasahatan: tari dilakukan dengan menari di tempat yang memiliki makna petuah atau rahmat Tuhan,clean_auto,doc_0082_s038,853,1-1,1,candidate_1_1,unchanged,undetermined,not_assessed,pending_human,routine,,0,119,0,112
doc_0082_s040,doc_0082,Contemporary Media,News Article,labse,1-1,Seni Ulaon Tangan (Ulos),Seni Kerajinan,clean_auto,doc_0082_s040,854,1-1,1,candidate_1_1,unchanged,undetermined,not_assessed,pending_human,routine,,0,24,0,14
doc_0082_s041,doc_0082,Contemporary Media,News Article,labse,1-1,Kesenian suku Batak na parpudi i ma seni kerajinan.,Kesenian suku Batak yang terakhir ialah seni kerajinan.,clean_auto,doc_0082_s041,855,1-1,1,candidate_1_1,unchanged,undetermined,not_assessed,pending_human,routine,,0,51,0,55
doc_0082_s042,doc_0082,Contemporary Media,News Article,labse,1-1,Suku Batak mar-ragam ni kerajinan.,Suku Batak memiliki aneka rupa kerajinan.,clean_auto,doc_0082_s042,856,1-1,1,candidate_1_1,unchanged,undetermined,not_assessed,pending_human,routine,,0,34,0,41
doc_0082_s043,doc_0082,Contemporary Media,News Article,labse,1-1,Kerajinan na lumobi tarida i ma kain Ulos.,Kerajinan yang cukup tenar adalah kain ulos.,clean_auto,doc_0082_s043,857,1-1,1,candidate_1_1,unchanged,undetermined,not_assessed,pending_human,routine,,0,42,0,44
doc_0082_s044,doc_0082,Contemporary Media,News Article,labse,1-1,"Kain on mar-ragam ni jenis molo tarida sian gunana , i ma:","Kain ini memiliki beragam jenis dilihat dari fungsinya, yaitu:",clean_auto,doc_0082_s044,858,1-1,1,candidate_1_1,unchanged,undetermined,not_assessed,pending_human,routine,,0,58,0,62
doc_0082_s045,doc_0082,Contemporary Media,News Article,labse,1-1,- Ulos Lobu-lobu: i ma ulos ama tu anak dohot hela di tingki parbogason nasida.,"- Ulos lobu-lobu, yakni ulos ayah untuk putra dan menantu saat pernikahan mereka",clean_auto,doc_0082_s045,859,1-1,1,candidate_1_1,unchanged,undetermined,not_assessed,pending_human,routine,,0,79,0,80
doc_0082_s046,doc_0082,Contemporary Media,News Article,labse,1-1,- Ulos Hela: i ma ulos sian natua-tua ni boru tu hela.,"- Ulos hela, yaitu ulos pemberian dari orang tua pengantin perempuan",clean_auto,doc_0082_s046,860,1-1,1,candidate_1_1,unchanged,undetermined,not_assessed,pending_human,routine,,0,54,0,68
doc_0082_s047,doc_0082,Contemporary Media,News Article,labse,1-1,- Ulos Tondi: i ma ulos sian natua-tua tu boru nasida di tingki gabean na poso.,- Ulos tondi adalah ulos pemberian orang tua pada putrinya saat hamil tua,clean_auto,doc_0082_s047,861,1-1,1,candidate_1_1,unchanged,undetermined,not_assessed,pending_human,routine,,0,79,0,73
doc_0082_s048,doc_0082,Contemporary Media,News Article,labse,1-1,- Ulos Tujung: i ma ulos tu balu manang onding .,- Ulos tujung yaitu ulos untuk janda atau duda,clean_auto,doc_0082_s048,862,1-1,1,candidate_1_1,unchanged,undetermined,not_assessed,pending_human,routine,,0,48,0,46
doc_0082_s049,doc_0082,Contemporary Media,News Article,labse,1-1,- Ulos Saput: i ma ulos panutup bangke sian tulang ni na mate molo na mate i baoa.,- Ulos saput yaitu ulos penutup jenazah dari paman almarhum jika yang meninggal laki-laki,clean_auto,doc_0082_s049,863,1-1,1,candidate_1_1,unchanged,undetermined,not_assessed,pending_human,routine,,0,82,0,89
doc_0083_s000,doc_0083,Contemporary Media,News Article,labse,1-1,"Pariban: Idola sian Tano Jawa, Film Komedi Batak na Ditayanghon 9 Mei","Pariban: Idola dari Tanah Jawa, Film Komedi Batak yang Tayang 9 Mei",clean_auto,doc_0083_s000,864,1-1,1,candidate_1_1,unchanged,undetermined,not_assessed,pending_human,routine,,0,69,0,67
doc_0083_s001,doc_0083,Contemporary Media,News Article,labse,1-1,Film Pariban: Idola sian Tano Jawa sandiri i ma sada komedi na manurati taringot tu parjodohon.,Film Pariban: Idola dari Tanah Jawa sendiri adalah komedi yang mengisahkan tentang perjodohan.,clean_auto,doc_0083_s001,865,1-1,1,candidate_1_1,unchanged,undetermined,not_assessed,pending_human,routine,,0,95,0,94
doc_0083_s003,doc_0083,Contemporary Media,News Article,labse,1-1,Sitorus manang Moan i ma bao-bao pinompar Batak.,Sitorus alias Moan (Ganindra Bimo) merupakan lelaki keturunan Batak.,clean_auto,doc_0083_s003,866,1-1,1,candidate_1_1,unchanged,undetermined,not_assessed,pending_human,routine,,0,48,0,68
doc_0083_s004,doc_0083,Contemporary Media,News Article,labse,1-1,Ibana tubuan di Jakarta jala magodang di Bandung.,Dia lahir di Jakarta dan besar di Bandung.,clean_auto,doc_0083_s004,867,1-1,1,candidate_1_1,unchanged,undetermined,not_assessed,pending_human,routine,,0,49,0,42
doc_0083_s005,doc_0083,Contemporary Media,News Article,labse,1-1,Moan marhasil di hal finansial dohot parsaoran.,Moan sukses dalam hal finansial dan hubungan pertemanan.,clean_auto,doc_0083_s005,868,1-1,1,candidate_1_1,unchanged,undetermined,not_assessed,pending_human,routine,,0,47,0,56
doc_0083_s006,doc_0083,Contemporary Media,News Article,labse,1-1,Alai sai so boi dope ibana mar-panghataon taringot tu dongan saripena.,Namun dia masih belum bisa berkomitmen dalam hal pasangan hidup.,clean_auto,doc_0083_s006,869,1-1,1,candidate_1_1,unchanged,undetermined,not_assessed,pending_human,routine,,0,70,0,64
doc_0083_s007,doc_0083,Contemporary Media,News Article,labse,1-1,Ompu boru ni Moan sai manghatai situtu asa marbagas ibana.,Ibu Moan selalu cerewat agar dia menikah.,clean_auto,doc_0083_s007,870,1-1,1,candidate_1_1,unchanged,undetermined,not_assessed,pending_human,routine,,0,58,0,41
doc_0083_s008,doc_0083,Contemporary Media,News Article,labse,1-1,Dijodohhon ma ibana dohot Uli Silalahi di Samosir.,Dia dijodohkan dengan Uli Silalahi (Atiqah Hasiholan) di Samosir.,clean_auto,doc_0083_s008,871,1-1,1,candidate_1_1,unchanged,undetermined,not_assessed,pending_human,routine,,0,50,0,65
doc_0083_s009,doc_0083,Contemporary Media,News Article,labse,1-1,Uli i ma pariban manang ito ni Moan.,Uli merupakan pariban atau sepupu Moan.,clean_auto,doc_0083_s009,872,1-1,1,candidate_1_1,unchanged,undetermined,not_assessed,pending_human,routine,,0,36,0,39
doc_0083_s010,doc_0083,Contemporary Media,News Article,labse,1-1,Di parmulaan so lomo do roha ni Moan.,Awalnya Moan tidak setuju.,clean_auto,doc_0083_s010,873,1-1,1,candidate_1_1,unchanged,undetermined,not_assessed,pending_human,routine,,0,37,0,26
doc_0083_s011,doc_0083,Contemporary Media,News Article,labse,1-1,Diahap ibana so lomo roha ni halak kota dohot halak huta.,Dia merasa bahwa orang kota tidak cocok dengan orang desa.,clean_auto,doc_0083_s011,874,1-1,1,candidate_1_1,unchanged,undetermined,not_assessed,pending_human,routine,,0,57,0,58
doc_0083_s012,doc_0083,Contemporary Media,News Article,labse,1-1,"Alai ala ni holong rohana tu ompu boruna, borhat ma Moan manuju Samosir.","Namun karena rasa sayang dengan ibunya, Moan pun tetap berangkat menuju Samosir.",clean_auto,doc_0083_s012,875,1-1,1,candidate_1_1,unchanged,undetermined,not_assessed,pending_human,routine,,0,72,0,80
doc_0083_s013,doc_0083,Contemporary Media,News Article,labse,1-1,"Sahat Moan manjumpang dohot paribanna, sandok pangkilalaan ni Moan na parjolo taringot tu Uli nunga muba.","Sampai Moan bertemu dengan paribannya, segala prasangka awal Moan tentang Uli berubah sudah.",clean_auto,doc_0083_s013,876,1-1,1,candidate_1_1,unchanged,undetermined,not_assessed,pending_human,routine,,0,105,0,92
doc_0083_s014,doc_0083,Contemporary Media,News Article,labse,1-1,"Akka naasing sian angka parmain di atas, aktor dohot aktris na asing na dohot i ma Rizky Mocil, Rukman Rosadi, Dayu Wijanto, Djaitov Tigo, Lina Marpaung, Joe P Project, Surya Insomnia dohot Mc Danny.","Selain pemain di atas, aktor dan aktris lain yang ikut bergabung yaitu Rizky Mocil, Rukman Rosadi, Dayu Wijanto, Djaitov Tigo, Lina Marpaung, Joe P Project, Surya Insomnia dan Mc Danny.",clean_auto,doc_0083_s014,877,1-1,1,candidate_1_1,unchanged,undetermined,not_assessed,pending_human,routine,,0,199,0,185
doc_0084_s000,doc_0084,Contemporary Media,News Article,labse,1-1,Mamboto Ruma Bolon Adat Sumatra Utara: Ragit dohot Gunana,Mengenal Rumah Adat Bolon Sumatera Utara: Konstruksi & Fungsinya,clean_auto,doc_0084_s000,878,1-1,1,candidate_1_1,unchanged,undetermined,not_assessed,pending_human,routine,,0,57,0,64
doc_0084_s001,doc_0084,Contemporary Media,News Article,labse,1-1,"Hombar tu pangantusion na, jabu adat i ma jabu ni parmianan na parjolo di sada luat.","Sesuai dengan definisinya, rumah adat adalah rumah bagi penduduk asli suatu daerah.",clean_auto,doc_0084_s001,879,1-1,1,candidate_1_1,unchanged,undetermined,not_assessed,pending_human,routine,,0,84,0,83
doc_0084_s002,doc_0084,Contemporary Media,News Article,labse,1-1,"Hombar tu Kemendikbud Keberagaman di Sekitarku, jabu adat i ma parbue sian pangusena ragam ni paralat dohot teknologi.","Menurut Kemendikbud Keberagaman di Sekitarku, rumah adat merupakan hasil dari penggunaan peralatan dan teknologi.",clean_auto,doc_0084_s002,880,1-1,1,candidate_1_1,unchanged,undetermined,not_assessed,pending_human,routine,,0,118,0,113
doc_0084_s003,doc_0084,Contemporary Media,News Article,labse,1-1,"Alani i, bentuk ni jabu adat somalna patuduhon parsimbolon na manontu na manggambarhon ngolu ni sada bangso.","Oleh karena itu, bentuk rumah adat biasanya menunjukkan ciri khusus yang menggambarkan kehidupan suatu masyarakat.",clean_auto,doc_0084_s003,881,1-1,1,candidate_1_1,unchanged,undetermined,not_assessed,pending_human,routine,,0,108,0,114
doc_0084_s004,doc_0084,Contemporary Media,News Article,labse,1-1,On pe diparguruhon di Ruma Bolon Adat ni Halak Sumatra Utara.,Hal ini juga berlaku pada rumah adat bolon milik masyarakat Sumatra Utara.,clean_auto,doc_0084_s004,882,1-1,1,candidate_1_1,unchanged,undetermined,not_assessed,pending_human,routine,,0,61,0,74
doc_0084_s005,doc_0084,Contemporary Media,News Article,labse,1-1,"Hombar tu na tarida, parsimbolon ni Ruma Bolon Adat tarida sian balgana dohot atar na runcing di tombak muka dohot pudian.","Secara kasat mata, ciri khas rumah adat bolon terlihat dari ukurannya yang besar serta atapnya yang runcing pada tepian depan dan belakang.",clean_auto,doc_0084_s005,883,1-1,1,candidate_1_1,unchanged,undetermined,not_assessed,pending_human,routine,,0,122,0,139
doc_0084_s006,doc_0084,Contemporary Media,News Article,labse,1-1,"Hombar tu Album Arsitektur Tradisional Sumatra Utara na dipasahat ni Departemen Pendidikan dan Kebudayaan, Ruma Bolon Adat jolo dipangke gabe inganan mian ni angka halak na marnahis, tarbagasan raja, parmaisuri, dohot parparguru ni raja.","Menurut Album Arsitektur Tradisional Sumatra Utara terbitan Departemen Pendidikan dan Kebudayaan, rumah adat bolon dulunya digunakan sebagai tempat tinggal para bangsawan, termasuk raja, permaisuri, dan pengawal raja.",clean_auto,doc_0084_s006,884,1-1,1,candidate_1_1,unchanged,undetermined,not_assessed,pending_human,routine,,0,237,0,217
doc_0084_s007,doc_0084,Contemporary Media,News Article,labse,1-1,"Alai, marsihohot ni tingki, jabu on gabe jabu ni parmianan di luat i.","Namun, seiring berjalannya waktu rumah ini menjadi rumah bagi penduduk setempat.",clean_auto,doc_0084_s007,885,1-1,1,candidate_1_1,unchanged,undetermined,not_assessed,pending_human,routine,,0,69,0,80
doc_0084_s008,doc_0084,Contemporary Media,News Article,labse,1-1,"Pigapiga sian i dijadihon museum gabe objek wisata, sada sian i ma Ruma Bolon di huta adat Ompu Marjobu Situngkir, Kabupaten Samosir.","Beberapa diantaranya dimuseumkan untuk menjadi objek wisata, salah satunya rumah bolon di desa adat Ompu Marjobu Situngkir, Kabupaten Samosir.",clean_auto,doc_0084_s008,886,1-1,1,candidate_1_1,unchanged,undetermined,not_assessed,pending_human,routine,,0,133,0,142
doc_0084_s009,doc_0084,Contemporary Media,News Article,labse,1-1,Ragit Jabu Bolon Sumatra Utara,Konstruksi Rumah Bolon Sumatra Utara,clean_auto,doc_0084_s009,887,1-1,1,candidate_1_1,unchanged,undetermined,not_assessed,pending_human,routine,,0,30,0,36
doc_0084_s010,doc_0084,Contemporary Media,News Article,labse,1-1,Ruma Bolon Adat ni suku Batak Toba dipajongjong dohot bahan utama hayu.,Rumah adat bolon milik suku Batak Toba dibangun dengan bahan utama kayu.,clean_auto,doc_0084_s010,888,1-1,1,candidate_1_1,unchanged,undetermined,not_assessed,pending_human,routine,,0,71,0,72
doc_0084_s011,doc_0084,Contemporary Media,News Article,labse,1-1,Hayu-hayu laho mambangun Ruma Bolon disambung mamangke pasak di angka sude na asa boi jabu i jongjong gogo.,Kayu-kayu untuk membangun rumah bolon disambung menggunakan pasak di sudut-sudutnya agar rumah dapat berdiri kokoh.,clean_auto,doc_0084_s011,889,1-1,1,candidate_1_1,unchanged,undetermined,not_assessed,pending_human,routine,,0,107,0,115
doc_0084_s012,doc_0084,Contemporary Media,News Article,labse,1-1,"Ruma Bolon Adat mar-jenis panggung dohot jabu na dipajongjong sadumbal 1,75 meter sian parmukaan tano.","Rumah adat bolon berjenis panggung dengan rumah dibangun setinggi 1,75 meter dari permukaan tanah.",clean_auto,doc_0084_s012,890,1-1,1,candidate_1_1,unchanged,undetermined,not_assessed,pending_human,routine,,0,102,0,98
doc_0084_s013,doc_0084,Contemporary Media,News Article,labse,1-1,Dalan masuk tu bagasan jabu di bagian muka mamangke anak tangga na mar-ragam ganjil.,Akses masuk ke dalam rumah pada bagian depan menggunakan anak tangga berjumlah ganjil.,clean_auto,doc_0084_s013,891,1-1,1,candidate_1_1,unchanged,undetermined,not_assessed,pending_human,routine,,0,84,0,86
doc_0084_s014,doc_0084,Contemporary Media,News Article,labse,1-1,Sulang - sulang na mangalehon gogo di duru ni jabu digorga dohot ornamen gatip-gatip manang jenis ni ulok na marbisa.,Tiang-tiang penyangga kolong rumah diukir dengan ornamen gatip-gatip atau jenis ular berbisa.,clean_auto,doc_0084_s014,892,1-1,1,candidate_1_1,unchanged,undetermined,not_assessed,pending_human,routine,,0,117,0,93
doc_0084_s015,doc_0084,Contemporary Media,News Article,labse,1-1,"Hombar tu haporseaon ni parmianan di luat i, parjumpangan ni sasahalak dohot ulok gatip boi manandahon dua hal, sori na denggan manang sori na magale.","Sesuai dengan kepercayaan masyarakat setempat perjumpaan seseorang dengan ular gatip bisa menandakan dua hal, nasib baik atau nasib buruk.",clean_auto,doc_0084_s015,893,1-1,1,candidate_1_1,unchanged,undetermined,not_assessed,pending_human,routine,,0,150,0,138
doc_0084_s016,doc_0084,Contemporary Media,News Article,labse,1-1,Pintu masuk Ruma Bolon marsengaja diulahon otor asa halak na masuk ingkon manonggop ulu jolo.,Pintu masuk rumah bolon sengaja dibuat rendah agar orang yang masuk diharuskan menunduk terlebih dahulu.,clean_auto,doc_0084_s016,894,1-1,1,candidate_1_1,unchanged,undetermined,not_assessed,pending_human,routine,,0,93,0,104
doc_0084_s017,doc_0084,Contemporary Media,News Article,labse,1-1,On mar-lapatan filosofis na mandok suhut na ro ingkon mangalehon hamuliaon tu nampuna jabu.,Ini memiliki makna filosofis dimana tamu yang masuk harus menghormati tuan rumah.,clean_auto,doc_0084_s017,895,1-1,1,candidate_1_1,unchanged,undetermined,not_assessed,pending_human,routine,,0,91,0,81
doc_0084_s018,doc_0084,Contemporary Media,News Article,labse,1-1,Alaman dohot sisik hambirang siamun ni jabu somalna diiasi dohot ornamen halikkip.,Bagian depan dan sisi kiri kanan rumah biasanya dihias dengan ornamen halikkip.,clean_auto,doc_0084_s018,896,1-1,1,candidate_1_1,unchanged,undetermined,not_assessed,pending_human,routine,,0,82,0,79
doc_0084_s019,doc_0084,Contemporary Media,News Article,labse,1-1,Gorga halikkip i ma gorga geometris na mar-bentuk songon belah ketupat.,Motif halikkip merupakan motif geometris yang berbentuk seperti belah ketupat.,clean_auto,doc_0084_s019,897,1-1,1,candidate_1_1,unchanged,undetermined,not_assessed,pending_human,routine,,0,71,0,78
doc_0084_s020,doc_0084,Contemporary Media,News Article,labse,1-1,Motif on melambangkon hatoraturan dohot harintingan.,Motif ini melambangkan kerapian dan keteraturan.,clean_auto,doc_0084_s020,898,1-1,1,candidate_1_1,unchanged,undetermined,not_assessed,pending_human,routine,,0,52,0,48
doc_0084_s021,doc_0084,Contemporary Media,News Article,labse,1-1,Badan ni jabu somalna mar-bentuk persegi ganjang .,Badan rumah biasanya berbentuk persegi panjang dengan.,clean_auto,doc_0084_s021,899,1-1,1,candidate_1_1,unchanged,undetermined,not_assessed,pending_human,routine,,0,50,0,54
doc_0084_s022,doc_0084,Contemporary Media,News Article,labse,1-1,Bolga ni Ruma Bolon mambahen boi dimianan ni godang halak.,Ukuran rumah bolon yang besar membuatnya bisa dihuni oleh banyak orang.,clean_auto,doc_0084_s022,900,1-1,1,candidate_1_1,unchanged,undetermined,not_assessed,pending_human,routine,,0,58,0,71
doc_0084_s023,doc_0084,Contemporary Media,News Article,labse,1-1,"Hombar tu Radio Edukasi Kementerian Pendidikan dan Kemudayaan, Ruma Bolon somalna dimianan ni 5 sahat tu 6 keluarga.","Dikutip dari Radio Edukasi Kementerian Pendidikan dan Kemudayaan (Kemendikbud), rumah bolon biasanya dihuni oleh 5 hingga 6 keluarga.",clean_auto,doc_0084_s023,901,1-1,1,candidate_1_1,unchanged,undetermined,not_assessed,pending_human,routine,,0,116,0,133
doc_0084_s024,doc_0084,Contemporary Media,News Article,labse,1-1,"Songon na nunga dipajabar jolo, atar ni Ruma Bolon mar-bentuk runcing di bagian muka dohot bagian pudian.","Seperti yang telah dijabarkan sebelumnya, atap rumah bolon berbentuk runcing pada bagian depan dan bagian belakang.",clean_auto,doc_0084_s024,902,1-1,1,candidate_1_1,unchanged,undetermined,not_assessed,pending_human,routine,,0,105,0,115
doc_0084_s025,doc_0084,Contemporary Media,News Article,labse,1-1,"Hinaotikna, atar bagian muka ni jabu sengaja diulahon otor molo dibandingkon atar bagian pudian.","Uniknya, atap bagian depan rumah sengaja dibuat rendah dibanding atap bagian belakang.",clean_auto,doc_0084_s025,903,1-1,1,candidate_1_1,unchanged,undetermined,not_assessed,pending_human,routine,,0,96,0,86
doc_0084_s026,doc_0084,Contemporary Media,News Article,labse,1-1,On ala bagian pudian ni Ruma Bolon i ma luat na lumobi disakralhon ni parmianan di luat i.,Hal ini karena bagian belakang rumah bolon adalah wilayah yang paling disakralkan masyarakat setempat.,clean_auto,doc_0084_s026,904,1-1,1,candidate_1_1,unchanged,undetermined,not_assessed,pending_human,routine,,0,90,0,102
doc_0084_s027,doc_0084,Contemporary Media,News Article,labse,1-1,Guna dohot Bagian-bagian ni Ruma Bolon Sumatra Utara,Fungsi dan Bagian-bagian Rumah Bolon Sumatra Utara,clean_auto,doc_0084_s027,905,1-1,1,candidate_1_1,unchanged,undetermined,not_assessed,pending_human,routine,,0,52,0,50
doc_0084_s028,doc_0084,Contemporary Media,News Article,labse,1-1,"Hombar tu Wilujeng Dwi Windhiari di bagasan ""Yuk, Mengenal Rumah Tradisional Sumatra"", Ruma Bolon Adat mar-onom bagian.","Menurut Wilujeng Dwi Windhiari dalam ""Yuk, Mengenal Rumah Tradisional Sumatra"" rumah adat bolon memiliki enam bagian rumah.",clean_auto,doc_0084_s028,906,1-1,1,candidate_1_1,unchanged,undetermined,not_assessed,pending_human,routine,,0,119,0,123
doc_0084_s029,doc_0084,Contemporary Media,News Article,labse,1-1,Bagian-bagian i mar-guna na muba-uba.,Bagian-bagian tersebut memiliki fungsi yang berbeda-beda.,clean_auto,doc_0084_s029,907,1-1,1,candidate_1_1,unchanged,undetermined,not_assessed,pending_human,routine,,0,37,0,57
doc_0084_s030,doc_0084,Contemporary Media,News Article,labse,1-1,On ma bagian-bagian ni Ruma Bolon rap dohot gunana:,Berikut bagian-bagian rumah bolon beserta fungsinya:,clean_auto,doc_0084_s030,908,1-1,1,candidate_1_1,unchanged,undetermined,not_assessed,pending_human,routine,,0,51,0,52
doc_0084_s032,doc_0084,Contemporary Media,News Article,labse,1-1,Ruang Jabu Bona,Ruang jabu bona,clean_auto,doc_0084_s032,909,1-1,1,candidate_1_1,unchanged,undetermined,not_assessed,pending_human,routine,,0,15,0,15
doc_0084_s033,doc_0084,Contemporary Media,News Article,labse,1-1,Ruang Jabu Bona i ma ruangan na maringan di bagian pudian sude siamun.,Ruang jabu bona adalah ruangan yang letaknya di bagian belakang sudut kanan.,clean_auto,doc_0084_s033,910,1-1,1,candidate_1_1,unchanged,undetermined,not_assessed,pending_human,routine,,0,70,0,76
doc_0084_s034,doc_0084,Contemporary Media,News Article,labse,1-1,Ruangan on dimianan ni anggota keluarga na tumimbo di jabu i manang uluan keluarga.,Ruangan ini dihuni oleh anggota keluarga tertinggi di rumah tersebut atau kepala keluarga.,clean_auto,doc_0084_s034,911,1-1,1,candidate_1_1,unchanged,undetermined,not_assessed,pending_human,routine,,0,83,0,90
doc_0084_s035,doc_0084,Contemporary Media,News Article,labse,1-1,Bagian jabu on i ma na jolo dianggap na lumobi sakral.,Bagian rumah inilah yang dulunya dianggap paling sakral.,clean_auto,doc_0084_s035,912,1-1,1,candidate_1_1,unchanged,undetermined,not_assessed,pending_human,routine,,0,54,0,56
doc_0084_s037,doc_0084,Contemporary Media,News Article,labse,1-1,Ruang Jabu Soding,Ruang jabu soding,clean_auto,doc_0084_s037,913,1-1,1,candidate_1_1,unchanged,undetermined,not_assessed,pending_human,routine,,0,17,0,17
doc_0084_s038,doc_0084,Contemporary Media,News Article,labse,1-1,Ruang Jabu Soding i ma ruangan na maringan di pudian sude hambirang.,Ruang jabu soding adalah ruangan yang letaknya di belakang sebelah kiri.,clean_auto,doc_0084_s038,914,1-1,1,candidate_1_1,unchanged,undetermined,not_assessed,pending_human,routine,,0,68,0,72
doc_0084_s039,doc_0084,Contemporary Media,News Article,labse,1-1,Ruangan on somalna mar-adopan dohot Jabu Bong.,Ruangan ini umumnya berhadapan dengan jabu bong.,clean_auto,doc_0084_s039,915,1-1,1,candidate_1_1,unchanged,undetermined,not_assessed,pending_human,routine,,0,46,0,48
doc_0084_s040,doc_0084,Contemporary Media,News Article,labse,1-1,Ruang Jabu Soding somalna dipasombu tu anak boru nampuna jabu na nunga marbagas alai so mar-jabu sandiri dope.,Ruang jabu soding biasanya diperuntukkan bagi anak perempuan pemilik rumah yang sudah menikah namun belum memiliki rumah sendiri.,clean_auto,doc_0084_s040,916,1-1,1,candidate_1_1,unchanged,undetermined,not_assessed,pending_human,routine,,0,110,0,129
doc_0084_s041,doc_0084,Contemporary Media,News Article,labse,1-1,"Padahal i, ruang on pe somalna dipangke gabe ruang tamu manang tu panuhunan ulaon adat.","Selain itu, ruang ini juga biasa dimanfaatkan sebagai ruang tamu atau untuk penyelenggaraan upacara adat.",clean_auto,doc_0084_s041,917,1-1,1,candidate_1_1,unchanged,undetermined,not_assessed,pending_human,routine,,0,87,0,105
doc_0084_s043,doc_0084,Contemporary Media,News Article,labse,1-1,Ruang Jabu Suhat,Ruang jabu suhat,clean_auto,doc_0084_s043,918,1-1,1,candidate_1_1,unchanged,undetermined,not_assessed,pending_human,routine,,0,16,0,16
doc_0084_s044,doc_0084,Contemporary Media,News Article,labse,1-1,Ruang Jabu Suhat maringan di sude hambirang muka.,Ruang jabu suhat terletak di sudut kiri depan.,clean_auto,doc_0084_s044,919,1-1,1,candidate_1_1,unchanged,undetermined,not_assessed,pending_human,routine,,0,49,0,46
doc_0084_s045,doc_0084,Contemporary Media,News Article,labse,1-1,Ruangan mar-guna gabe kamar anak baoa na matua di bagasan keluarga na nunga marbagas.,Ruangan berfungsi sebagai kamar anak laki-laki tertua di dalam keluarga yang sudah menikah.,clean_auto,doc_0084_s045,920,1-1,1,candidate_1_1,unchanged,undetermined,not_assessed,pending_human,routine,,0,85,0,91
doc_0084_s047,doc_0084,Contemporary Media,News Article,labse,1-1,Ruang Tampar Piring,Ruang tampar piring,clean_auto,doc_0084_s047,921,1-1,1,candidate_1_1,unchanged,undetermined,not_assessed,pending_human,routine,,0,19,0,19
doc_0084_s048,doc_0084,Contemporary Media,News Article,labse,1-1,Ruang Tampar Piring maringan di lambung ni Jabu Suhat manang ruang tu anak baoa.,Ruang tampar piring letaknya di sebelah jabu suhat atau ruang untuk anak laki-laki.,clean_auto,doc_0084_s048,922,1-1,1,candidate_1_1,unchanged,undetermined,not_assessed,pending_human,routine,,0,80,0,83
doc_0084_s049,doc_0084,Contemporary Media,News Article,labse,1-1,Ruangan on somalna dipangke ni nampuna jabu laho manjalo tamu.,Ruangan ini biasanya dimanfaatkan oleh pemilik rumah untuk menyambut tamu.,clean_auto,doc_0084_s049,923,1-1,1,candidate_1_1,unchanged,undetermined,not_assessed,pending_human,routine,,0,62,0,74
doc_0084_s051,doc_0084,Contemporary Media,News Article,labse,1-1,Ruang Jabu Tonga Rona ni Jabu Rona,Ruang jabu tonga rona ni jabu rona,clean_auto,doc_0084_s051,924,1-1,1,candidate_1_1,unchanged,undetermined,not_assessed,pending_human,routine,,0,34,0,34
doc_0084_s052,doc_0084,Contemporary Media,News Article,labse,1-1,Ruang Jabu Tonga Rona ni Jabu Rona i ma ruang na lumobi balga di antara ruang na asing.,Ruang jabu tonga rona ni jabu rona adalaha ruang yang paling besar di antara ruang lainnya.,clean_auto,doc_0084_s052,925,1-1,1,candidate_1_1,unchanged,undetermined,not_assessed,pending_human,routine,,0,87,0,91
doc_0084_s053,doc_0084,Contemporary Media,News Article,labse,1-1,Ruangan on maringan di parsitongaan ni jabu jala mar-guna gabe ruang keluarga.,Ruangan ini terletak di tengah rumah dan berfungsi sebagai ruang keluarga.,clean_auto,doc_0084_s053,926,1-1,1,candidate_1_1,unchanged,undetermined,not_assessed,pending_human,routine,,0,78,0,74
doc_0084_s056,doc_0084,Contemporary Media,News Article,labse,1-1,Toru ni Ruma Bolon so dipasombu halian ni nampuna jabu.,Kolong rumah bolon tidak dibiarkan kosong oleh pemilik rumah.,clean_auto,doc_0084_s056,927,1-1,1,candidate_1_1,unchanged,undetermined,not_assessed,pending_human,routine,,0,55,0,61
doc_0084_s057,doc_0084,Contemporary Media,News Article,labse,1-1,"Bagian jabu on somalna dipangke tu ragam ni haporluan, songon inganan panimpanan barang, bahan pangan, sahat tu pinahan.","Bagian rumah ini umumnya digunakan untuk berbagai kepentingan, seperti tempat penyimpanan barang, bahan pangan, hingga ternak.",clean_auto,doc_0084_s057,928,1-1,1,candidate_1_1,unchanged,undetermined,not_assessed,pending_human,routine,,0,120,0,126
doc_0085_s000,doc_0085,Contemporary Media,News Article,labse,1-1,Jusuf Kalla Mandok Ragam ni Bangso i do Gogo ni NKRI,Jusuf Kalla Sebut Keragaman adalah Kekuatan NKRI,clean_auto,doc_0085_s000,929,1-1,1,candidate_1_1,unchanged,undetermined,not_assessed,pending_human,routine,,0,52,0,48
doc_0085_s001,doc_0085,Contemporary Media,News Article,labse,1-1,"Hombangot dohot ragam ni bangso na di bagasan Bhinneka Tunggal Ika i do gogo na di Negara Kesatuan Republik Indonesia (NKRI) i, songon na nidok ni Wakil Presiden RI Jusuf Kalla.","Perbedaan dan keragaman dalam Bhinneka Tunggal Ika adalah kekuatan yang dimiliki Negara Kesatuan Republik Indonesia (NKRI), menurut Wakil Presiden RI Jusuf Kalla.",clean_auto,doc_0085_s001,930,1-1,1,candidate_1_1,unchanged,undetermined,not_assessed,pending_human,routine,,0,177,0,162
doc_0085_s002,doc_0085,Contemporary Media,News Article,labse,1-1,"""Gogo ni bangso on tung tudos do sian hombangotna.","""Kekuatan bangsa ini justru karena perbedaannya.",clean_auto,doc_0085_s002,931,1-1,1,candidate_1_1,unchanged,undetermined,not_assessed,pending_human,routine,,0,50,0,48
doc_0085_s003,doc_0085,Contemporary Media,News Article,labse,1-1,"Tatali do songon dia ragam i gabe uli jala manggogo bangso on,"" ninna Wapres i uju marroha ro tu Pesta Bolon Simbolon 2017 di Jakarta, songon na sinurat ni Antara, Sabtu (8/7/2017).","Kita melihat bagaimana keragaman itu menjadi indah dan menguatkan bangsa ini,"" kata Wapres saat menghadiri Pesta Bolon Simbolon 2017 di Jakarta, seperti dikutip Antara, Sabtu (8/7/2017).",clean_auto,doc_0085_s003,932,1-1,1,candidate_1_1,unchanged,undetermined,not_assessed,pending_human,routine,,0,181,0,186
doc_0085_s004,doc_0085,Contemporary Media,News Article,labse,1-1,"Nang pe Indonesia marragam marga , hata, adat, dohot parbinotoan na hombangot, alai tong do sada laho mamparjuangkon NKRI i, lanju ni Wapres.","Meski Indonesia terdiri dari beragam suku, bahasa, adat istiadat, dan kebudayaan yang berbeda namun tetap bersatu dalam memperjuangkan NKRI, lanjut Wapres.",clean_auto,doc_0085_s004,933,1-1,1,candidate_1_1,unchanged,undetermined,not_assessed,pending_human,routine,,0,141,0,155
doc_0085_s005,doc_0085,Contemporary Media,News Article,labse,1-1,"""Unang ma ginjang roha molo huta on marsirang-sirang, halak Batak laho tu Jawa ingkon marpaspor, halak Sulawesi naeng tu Jawa pe ingkon marpaspor muse laho manopot sasama nasida,"" ninna Wapres.","""Coba bayangkan kalau negeri ini pecah belah, orang Batak ke Jawa harus pakai paspor, orang Sulawesi mau ke Jawa juga harus pakai paspor untuk mengunjungi satu sama lain,"" kata Wapres.",clean_auto,doc_0085_s005,934,1-1,1,candidate_1_1,unchanged,undetermined,not_assessed,pending_human,routine,,0,193,0,184
doc_0085_s006,doc_0085,Contemporary Media,News Article,labse,1-1,"Diuduti ni Wapres i, ulaon Pesta Horja Adat Batak i na gabe partangiangan adat bolon ni bangso Batak naung diulahon sian najolo, patuduhon ragam do sude marga-marga, parange dohot adat na di Tano Air on.","Wapres melanjutkan, acara Pesta Horja Adat Batak yang merupakan prosesi ritual adat kebesaran masyarakat Batak yang telah dilakukan sejak dulu membuktikan bahwa begitu beragamnya suku-suku, kebiasaan dan adat istiadat di Tanah Air.",clean_auto,doc_0085_s006,935,1-1,1,candidate_1_1,unchanged,undetermined,not_assessed,pending_human,routine,,0,203,0,231
doc_0085_s007,doc_0085,Contemporary Media,News Article,labse,1-1,"""Di son hita mardongan di keluarga ni marga Batak na ringgas jala jotjot na tole-tole molo manghatai na tigor muse parjalang.","""Di sini kita berada di keluarga suku Batak yang dinamis dan kadang-kadang meledak-meledak yang kalau berbicara terus terang juga perantau.",clean_auto,doc_0085_s007,936,1-1,1,candidate_1_1,unchanged,undetermined,not_assessed,pending_human,routine,,0,125,0,139
doc_0085_s008,doc_0085,Contemporary Media,News Article,labse,1-1,"Adong do muse marga Padang na tongtong uli molo marhata na lambok dohot sude bisukna "" ninna Wapres.","Kita juga punya suku Padang yang selalu indah dalam berbahasa santun dengan segala kearifannya,"" kata Wapres.",clean_auto,doc_0085_s008,937,1-1,1,candidate_1_1,unchanged,undetermined,not_assessed,pending_human,routine,,0,100,0,109
doc_0085_s009,doc_0085,Contemporary Media,News Article,labse,1-1,"Adong do muse marga Jawa na so ginjang roha, Sulawesi na gabe huta parnadian ni Wapres Kalla dohot haholonganna na sarupa dohot marga Batak sahat tu NTT na parjalang jala na ringgas.","Ada juga suku Jawa yang tenang, Sulawesi yang merupakan kampung asal Wapres Kalla dengan keterbukaannya yang hampir sama dengan suku Batak hingga NTT yang suka merantau dan pekerja keras.",clean_auto,doc_0085_s009,938,1-1,1,candidate_1_1,unchanged,undetermined,not_assessed,pending_human,routine,,0,182,0,187
doc_0085_s010_a,doc_0085,Contemporary Media,News Article,labse,1-1,"Hombangot ni parange ni marga-marga na di Tano Air i do na gabe gogo ni bangso i jala rap marsitogot laho paulihon huta na maju jala na tigor, songon nidok ni Wapres.","Keberagaman karakter dari marga-marga yang ada di Tanah Air itulah yang menjadi kekuatan bangsa ini dan bersama-sama untuk membangun negara yang maju dan adil, seperti kata Wapres.",review_fix_split,doc_0085_s010_a,1462,2-1,1,structural_1_1_reviewed,legacy_label_corrected,sentence_candidate,medium,pending_human,routine,Teks tersimpan sudah berupa satu unit pada tiap sisi. Label lama dipertahankan pada original_alignment_type. Makna belum divalidasi anotator.,0,166,0,180
doc_0085_s010_b,doc_0085,Contemporary Media,News Article,labse,1-1,Ro do Wapres tu ulaon i laho mangresmikon Pesta Bolon Simbolon 2017.,Datanglah Wapres ke acara itu untuk meresmikan Pesta Bolon Simbolon 2017.,review_fix_split,doc_0085_s010_b,1463,2-1,1,structural_1_1_reviewed,legacy_label_corrected,sentence_candidate,medium,pending_human,routine,Teks tersimpan sudah berupa satu unit pada tiap sisi. Label lama dipertahankan pada original_alignment_type. Makna belum divalidasi anotator.,0,68,0,73
doc_0085_s011,doc_0085,Contemporary Media,News Article,labse,1-1,"Uju sahat di GOR Soemantri Brodjonegoro, Kuningan, Jakarta, di jalo Wapres i do dohot upacara adat Batak na diparuhut dohot diambihon ulos tu tanggurung ni Wapres Kalla.","Saat tiba di GOR Soemantri Brodjonegoro, Kuningan, Jakarta, Wapres disambut upacara adat Batak yang diakhiri dengan disampirkannya ulos ke punggung Wapres Kalla.",clean_auto,doc_0085_s011,939,1-1,1,candidate_1_1,unchanged,undetermined,not_assessed,pending_human,routine,,0,169,0,161
doc_0086_s000,doc_0086,Contemporary Media,News Article,labse,1-1,Bandar Udara Silangit Diarapkon Patubuhon Rarat ni Partondian (Wisata) di Tao Toba,Bandara Silangit Diharap Munculkan Ledakan Pariwisata di Danau Toba,clean_auto,doc_0086_s000,940,1-1,1,candidate_1_1,unchanged,undetermined,not_assessed,pending_human,routine,,0,82,0,67
doc_0086_s001,doc_0086,Contemporary Media,News Article,labse,1-1,"Presiden Joko Widodo (Jokowi) sadarion, Jumat (24/11/2017), mangaresmikon Terminal ni Bandar Udara Internasional Silangit di Silangit, Siborong-Borong, Tapanuli Utara, Sumatera Utara.","Presiden Joko Widodo (Jokowi) hari ini, Jumat (24/11/2017), meresmikan Terminal Bandar Udara Internasional Silangit di Silangit, Siborong-Borong, Tapanuli Utara, Sumatera Utara.",clean_auto,doc_0086_s001,941,1-1,1,candidate_1_1,unchanged,undetermined,not_assessed,pending_human,routine,,0,183,0,177
doc_0086_s002,doc_0086,Contemporary Media,News Article,labse,1-1,"Di tingki i, dijou ni Jokowi do sude dongan asa pasadahon roha laho patubuhon ""rarat"" ni partondian (pariwisata) di Tao Toba dohot di Tano Batak na manggohi hamoraon dohot haulion ni tano dohot parbinotoan (kebudayaan).","Pada kesempatan itu, Jokowi juga mengajak semua pihak untuk membuat ""ledakan"" pariwisata di Danau Toba dan Tanah Batak yang menyimpan begitu banyak kekayaan serta keindahan alam dan budaya.",clean_auto,doc_0086_s002,942,1-1,1,candidate_1_1,unchanged,undetermined,not_assessed,pending_human,routine,,0,219,0,189
doc_0086_s003,doc_0086,Contemporary Media,News Article,labse,1-1,"""Hira-hira 74 ribu taon naung salpu, Tao Toba manghilala rarat ni dolok na balga situtu, na patar gompana sahat tu sude portibion, saonari pe taparsinta do rarat na imbaru di portibi partondian i uju pintu haulion ni Toba na manimpan hamoraon ni parbinotoan dohot marga Batak nunga tarbuka balga,"" ninna Jokowi.","""Sekitar 74 ribu tahun silam Danau Toba alami ledakan gunung maha dahsyat yang dampaknya terasa sampai sedunia, sekarang kita sedang buat ledakan baru di dunia pariwisata saat gerbang keindahan Toba yang simpan kekayaan budaya dan suku Batak telah terbuka lebar,"" kata Jokowi seperti dikutip Antara.",clean_auto,doc_0086_s003,943,1-1,1,candidate_1_1,unchanged,undetermined,not_assessed,pending_human,medium,Segmen >45 unit spasi. Panjang saja tidak menjadi alasan pemecahan.,0,311,0,299
doc_0086_s004,doc_0086,Contemporary Media,News Article,labse,1-1,"Ro do tu ulaon i Menko Kemaritiman Luhut B Panjaitan, Sekretaris Kabinet Pramono Anung, Menteri Perhubungan Budi Karya Sumadi, Menteri BUMN Rini Soemarno, Menteri Pekerjaan Umum dohot Perumahan Rakyat Basuki Hadimuljono, dohot Gubernur Sumut Tengku Erry Nuradi.","Hadir dalam acara itu Menko Kemaritiman Luhut B Panjaitan, Sekretaris Kabinet Pramono Anung, Menteri Perhubungan Budi Karya Sumadi, Menteri BUMN Rini Soemarno, Menteri Pekerjaan Umum dan Perumahan Rakyat Basuki Hadimuljono, serta Gubernur Sumut Tengku Erry Nuradi.",clean_auto,doc_0086_s004,944,1-1,1,candidate_1_1,unchanged,undetermined,not_assessed,pending_human,routine,,0,261,0,264
doc_0086_s005,doc_0086,Contemporary Media,News Article,labse,1-1,"Didokhon ni Presiden i, marhitehite adongna bandara on, on ma gabe pintu di angka sihabang (wisatawan) na sian hita dohot na sian luat na dao laho ro manopot jala mangaramoti (melestarikan) adat Batak dohot Tao Toba, paulihon huta hatubuanna jala pintu laho manuju hagabeon (kemakmuran) dohot hasonangan (kesejahteraan) ni bangso na disi.","Presiden mengatakan, dengan adanya bandara ini maka inilah menjadi gerbang bagi wisatawan lokal dan mancanegara untuk berkunjung dan melestarikan budaya adat Batak dan Danau Toba, membangun kampung halaman dan gerbang menuju kemakmuran dan kesejahteraan masyarakat setempat.",clean_auto,doc_0086_s005,945,1-1,1,candidate_1_1,unchanged,undetermined,not_assessed,pending_human,medium,Segmen >45 unit spasi. Panjang saja tidak menjadi alasan pemecahan.,0,338,0,274
doc_0086_s006,doc_0086,Contemporary Media,News Article,labse,1-1,"""On ma pintu ni sihabang ro manopot jala pangaradotion ni adat Batak, paulihon huta hatubuanna jala pintu laho manuju hagabeon dohot hasonangan ni bangso Batak,"" ninna presiden i di hata na disungkun dohot hata Batak.","""Inilah gerbang wisatawan berkunjung dan pelestarian adat batak, membangun kampung halaman dan gerbang menuju kemakmuran kesejahteraan masyarakat batak,"" kata presiden dalam pidato yang juga diselingi dalam bahasa Batak.",clean_auto,doc_0086_s006,946,1-1,1,candidate_1_1,unchanged,undetermined,not_assessed,pending_human,routine,,0,217,0,220
doc_0086_s007,doc_0086,Contemporary Media,News Article,labse,1-1,"Didokhon ni Menteri Perhubungan Budi Karya Sumadi, saleleng on Bandara Silangit i ima bandara parmulaan dohot alaman habang-habangan (landasan pacu) holan 1.800 meter jala nunga dipanjanglehon saonari gabe 2.650 meter asa boi habang jala jongjong disi kapal habang jet Boeing rupa 737.","Menteri Perhubungan Budi Karya Sumadi mengatakan, selama ini Bandara Silangit adalah bandara perintis dengan landasan pacu hanya 1.800 meter dan sekarang sudah diperpanjang menjadi 2.650 meter sehingga bisa didarati pesawat jet Boeing jenis 737.",clean_auto,doc_0086_s007,947,1-1,1,candidate_1_1,unchanged,undetermined,not_assessed,pending_human,routine,,0,285,0,245
doc_0086_s008,doc_0086,Contemporary Media,News Article,labse,1-1,"""Artina molo nunga boi jongjong disi kapal habang na balga, lapatanna boi ma ta kampanyehon partondian i tu angka sihabang sian Hong Kong, China, India, dohot Taiwan asa boi nasida ro tuson, na marhitehite kapal habang reguler manang sewaan (carter),"" hata ni Menhub.","""Artinya kalau sudah bisa didarati pesawat berbadan lebar maka kita akan bisa mengkampanyekan pariwisata ke wisatawan Hong Kong, China, India, dan Taiwan untuk bisa datang ke sini, baik melalui pesawat reguler maupun carter,"" tutur Menhub.",clean_auto,doc_0086_s008,948,1-1,1,candidate_1_1,unchanged,undetermined,not_assessed,pending_human,routine,,0,267,0,239
doc_0086_s009,doc_0086,Contemporary Media,News Article,labse,1-1,"Bandara Silangit na marhuaso (berkapasitas) 500.000 penumpang di ganup taon on dilengkapai dohot fasilitas CIQ, alaman habang-habangan na ganjangna 2.650 x 30 meter, dohot PCN na boi manjangkon kapal habang na so balga Airbus A320 dohot Boeing 737-800.","Bandara Silangit berkapasitas 500.000 penumpang per tahun ini dilengkapi dengan fasilitas CIQ (Custom, Immigration, Quaratine), ""runway"" atau landasan pacu dengan panjang 2.650 x 30 meter, dan PCN yang bisa mengakomodasi pesawat berbadan sempit Airbus A320 dan Boeing 737-800.",clean_auto,doc_0086_s009,949,1-1,1,candidate_1_1,unchanged,undetermined,not_assessed,pending_human,routine,,0,252,0,276
doc_0086_s010,doc_0086,Contemporary Media,News Article,labse,1-1,"Bandara Silangit pe mangulahon do fitur ""smart airport"" dohot teknologi digital, songon: Wi-Fi na so marbayar, display jadwal ni bus dohot habang-habangan, e-payment, mesin tiket ni bus, e-kiosk pangarahon (informasi) ni turis, self check-in, dohot ragam ni fitur digital.","Bandara Silangit juga mengimplementasikan fitur ""smart airport"" dengan teknologi digital, antara lain, berupa Wi-Fi gratis, display jadwal bus dan penerbangan, e-payment, mesin tiket bus, e-kiosk informasi turis, self check-in, dan berbagai fitur digital.",clean_auto,doc_0086_s010,950,1-1,1,candidate_1_1,unchanged,undetermined,not_assessed,pending_human,routine,,0,272,0,255
doc_0086_s011,doc_0086,Contemporary Media,News Article,labse,1-1,"Ragam ni fasilitas digital i nunga boi dipangke sian tanggal 28 Oktober 2017 manang rap dohot habang-habangan rute Singapura-Silangit mulak-mulak (PP), na gabe rute luat na dao na parjolo di Bandara Internasional Silangit na ditaruhon ni Garuda Indonesia.","Berbagai fasilitas digital tersebut sudah dapat dipergunakan sejak 28 Oktober 2017 atau bersamaan dengan penerbangan rute Singapura-Silangit PP, yang merupakan rute luar negeri perdana di Bandara Internasional Silangit yang dilayani oleh Garuda Indonesia.",clean_auto,doc_0086_s011,951,1-1,1,candidate_1_1,unchanged,undetermined,not_assessed,pending_human,routine,,0,255,0,255
doc_0087_s000,doc_0087,Contemporary Media,News Article,labse,1-1,Jokowi Mangaresmikon Labuhan Udara Internasional Silangit Marhite Hata Batak,Jokowi Resmikan Bandara Internasional Silangit Pakai Bahasa Batak,clean_auto,doc_0087_s000,952,1-1,1,candidate_1_1,unchanged,undetermined,not_assessed,pending_human,routine,,0,76,0,65
doc_0087_s001,doc_0087,Contemporary Media,News Article,labse,1-1,"Diida ni Presiden i, Labuhan Udara Internasional Silangit gabe pintu do di angka sihabang na ro manopot jala pintu ni hataridaan ni pangaradotion ni adat Batak.",Presiden menilai bandara internasional Silangit menjadi gerbang bagi wisatawan berkunjung dan gerbang kreativitas pelestarian adat Batak.,clean_auto,doc_0087_s001,953,1-1,1,candidate_1_1,unchanged,undetermined,not_assessed,pending_human,routine,,0,160,0,137
doc_0087_s002,doc_0087,Contemporary Media,News Article,labse,1-1,"""Buka ma pintu buka ma tangan si nungga rade labuhan di hita internasional, saya ulang, buka ma pintu buka ma tangan si nungga rade labuhan di hita internasional,"" ninna Presiden Joko Widodo na disungkun dohot tondi na las ni angka dongan na manjadihon dohot bangso na ro di ulaon na marresmi di terminal Labuhan Udara Internasional Silangit.","""Buka ma pintu buka ma tangan si nungga rade labuhan di hita internasional, saya ulang, buka ma pintu buka ma tangan si nungga rade labuhan di hita internasional,"" kata Presiden Joko Widodo yang disambut tepuk tangan pejabat dan masyarakat yang menghadiri peresmian terminal Bandara Internasional Silangit.",clean_auto,doc_0087_s002,954,1-1,1,candidate_1_1,unchanged,undetermined,not_assessed,pending_human,medium,Segmen >45 unit spasi. Panjang saja tidak menjadi alasan pemecahan.,0,342,0,306
doc_0087_s003,doc_0087,Contemporary Media,News Article,labse,1-1,"Lapatan na so marganjang hata sian hata i: ""Pature ma dirimu laho marsali ala nunga rade labuhan internasional."" ""74 ribu taon naung salpu, rura Tao Toba na uli on tubu sian rarat na balga situtu jala gompana patar tu liat portibi on.","Terjemahan bebas dari kalimat tersebut adalah ""Siapkan diri untuk berubah karena sudah tersedia bandara internasional."" ""74 ribu tahun silam, wilayah Danau Toba yang indah ini lahir dari letusan mahadahsyat dan dampaknya terasa ke seluruh dunia.",clean_auto,doc_0087_s003,955,1-1,1,candidate_1_1,unchanged,undetermined,not_assessed,pending_human,routine,,0,234,0,245
doc_0087_s004,doc_0087,Contemporary Media,News Article,labse,1-1,"Saonari pe taparsinta do rarat na imbaru di portibi partondian i, uju pintu na manuju haulion ni Tao Toba na manimpan sejarah ni tano dohot hamoraon ni parbinotoan ni marga-marga di Tano Batak nunga tarbuka balga,"" lanju ni Presiden.","Sekarang kita sedang membuat ledakan baru di dunia pariwisata, saat gerbang menuju keindahan Danau Toba yang menyimpan sejarah bumi dan kekayaan budaya suku-suku di Tano Batak terbuka lebar,"" tambah Presiden.",clean_auto,doc_0087_s004,956,1-1,1,candidate_1_1,unchanged,undetermined,not_assessed,pending_human,routine,,0,233,0,208
doc_0087_s005,doc_0087,Contemporary Media,News Article,labse,1-1,"Diida ni Presiden i, labuhan udara internasional Silangit gabe pintu do di angka sihabang na ro manopot jala pintu ni hataridaan pangaradotion ni adat Batak.",Presiden menilai bahwa bandara internasional Silangit menjadi gerbang bagi wisatawan berkunjung dan gerbang kreativitas pelestarian adat Batak.,clean_auto,doc_0087_s005,957,1-1,1,candidate_1_1,unchanged,undetermined,not_assessed,pending_human,routine,,0,157,0,143
doc_0087_s006,doc_0087,Contemporary Media,News Article,labse,1-1,"""Pintu laho marsipature huta nabe, paulihon huta hatubuanna jala tontu ma pintu laho manuju hagabeon na lam martamba, hasonangan di sandok Tano Batak,"" hata ni Presiden.","""Gerbang untuk marsipature huta nabe [memperbaiki kampung halaman masing-masing], membangun kampung halaman dan terutama gerbang menuju peningkatan kemakmuran, kesejahteraan seluruh tano Batak,"" ungkap Presiden.",clean_auto,doc_0087_s006,958,1-1,1,candidate_1_1,unchanged,undetermined,not_assessed,pending_human,routine,,0,169,0,211
doc_0087_s007,doc_0087,Contemporary Media,News Article,labse,1-1,"Ndang tading di Presiden i, dipangido do asa diboan bangso i barita taringot Labuhan Udara Silangit tu liat portibi on.",Tidak ketinggalan Presiden juga meminta agar masyarakat menyampaikan kabar mengenai Bandara Silangit ke seluruh dunia.,clean_auto,doc_0087_s007,959,1-1,1,candidate_1_1,unchanged,undetermined,not_assessed,pending_human,routine,,0,119,0,118
doc_0087_s008,doc_0087,Contemporary Media,News Article,labse,unresolved,"""Pidong nahabang pasarma baritaon tu luat portibi on.","""Pidong nahabang pasarma baritaon tu luat portibi on [hai burung yang terbang sampaikan kabar ini ke seluruh dunia].",clean_auto,doc_0087_s008,960,1-1,1,needs_review,flag_only,undetermined,undetermined,pending_human,high,Indonesia memuat kutipan Toba dan penjelasan dalam kurung siku. Tentukan apakah rujukan MT memakai terjemahan saja.,0,53,0,116
doc_0087_s009,doc_0087,Contemporary Media,News Article,labse,1-1,"Marhitehite mandok bismilah, hutontuhon Labuhan Udara Internasional Silangit nunga resmi dibuka,"" hata ni Presiden.","Dengan mengucap bismilah saya nyatakan Bandara Internasional Silangit resmi dibuka,"" ungkap Presiden.",clean_auto,doc_0087_s009,961,1-1,1,candidate_1_1,unchanged,undetermined,not_assessed,pending_human,routine,,0,115,0,101
doc_0087_s010,doc_0087,Contemporary Media,News Article,labse,1-1,"Taringot tusi, dipangido ni Presiden i do muse asa dipanjanglehon alaman habang-habangan ni Labuhan Udara Silangit sian 2.650 meter gabe 3.000 meter asa boi kapal habang na balga masuk tu Silangit.",Selain itu Presiden juga meminta runway Bandara Silangit diperpanjang dari 2.650 meter menjadi 3.000 meter agar pesawat berbadan lebar bisa masuk ke Silangit.,clean_auto,doc_0087_s010,962,1-1,1,candidate_1_1,unchanged,undetermined,not_assessed,pending_human,routine,,0,197,0,158
doc_0087_s011,doc_0087,Contemporary Media,News Article,labse,1-1,"""Targetna holan lambatna 2020, holan lambatna, alana boi do maju 2018, 2019 jala terminalna sian 3.000 meter persegi gabe 10 ribu meter persegi,"" ninna Presiden.","""Targetnya paling lambat 2020, paling lambat, jadi bisa maju 2018, 2019 dan terminalnya dari 3.000 meter persegi menjadi 10 ribu meter persegi,"" ungkap Presiden.",clean_auto,doc_0087_s011,963,1-1,1,candidate_1_1,unchanged,undetermined,not_assessed,pending_human,routine,,0,161,0,161
doc_0087_s012,doc_0087,Contemporary Media,News Article,labse,1-1,"Ndang tading di Presiden Jokowi, disungkun do pasu-pasu di hata Batak.",Tidak ketinggalan Presiden Jokowi juga menyampaikan salam dalam bahasa Batak.,clean_auto,doc_0087_s012,964,1-1,1,candidate_1_1,unchanged,undetermined,not_assessed,pending_human,routine,,0,70,0,77
doc_0087_s013,doc_0087,Contemporary Media,News Article,labse,1-1,"""Horas Tondi ma dingin pir tondi matogu,"" ninna Presiden.","""Horas Tondi ma dingin pir tondi matogu [selamat atas kehadirannya dan diberkati semuanya],"" kata Presiden.",clean_auto,doc_0087_s013,965,1-1,1,candidate_1_1,unchanged,undetermined,not_assessed,pending_human,routine,,0,57,0,107
doc_0087_s014,doc_0087,Contemporary Media,News Article,labse,1-1,"Di ulaon na marresmi i, ro do muse Menko Kemaritiman Luhut Binsar Pandjaitan, Sekretaris Kabinet Pramono Anung, Menteri Perhubungan Budi Karya Sumadi, Menteri BUMN Rini Soemarno, Menteri Pekerjaan Umum dohot Perumahan Rakyat Basuki Hadimuljono, dohot Gubernur Sumut Tengku Erry Nuradi.","Dalam acara peresmian tersebut hadir pula itu Menko Kemaritiman Luhut Binsar Pandjaitan, Sekretaris Kabinet Pramono Anung, Menteri Perhubungan Budi Karya Sumadi, Menteri BUMN Rini Soemarno, Menteri Pekerjaan Umum dan Perumahan Rakyat Basuki Hadimuljono, serta Gubernur Sumut Tengku Erry Nuradi.",clean_auto,doc_0087_s014,966,1-1,1,candidate_1_1,unchanged,undetermined,not_assessed,pending_human,routine,,0,285,0,294
doc_0088_s000,doc_0088,Contemporary Media,News Article,labse,1-1,Uju Joujou ni Andaliman Ndang Boi Be Diambati,Ketika Panggilan Andaliman Tak Kuasa Ditolak,clean_auto,doc_0088_s000,967,1-1,1,candidate_1_1,unchanged,undetermined,not_assessed,pending_human,routine,,0,45,0,44
doc_0088_s001,doc_0088,Contemporary Media,News Article,labse,1-1,"Di ragam ni luat na adong di Jakarta, adong do lapo hira-hira 30.","Di sejumlah lokasi di Jakarta, ada sedikitnya 30 lapo.",clean_auto,doc_0088_s001,968,1-1,1,candidate_1_1,unchanged,undetermined,not_assessed,pending_human,routine,,0,65,0,54
doc_0088_s002,doc_0088,Contemporary Media,News Article,labse,1-1,"Dijangkoli i do luat Senayan, Senen, Pramuka, Cililitan, Manggarai, Cipayung, Kelapa Gading, Tambora, Pantai Indah Kapuk, dohot Matraman.","Ia mencakup Senayan, Senen, Pramuka, Cililitan, Manggarai, Cipayung, Kelapa Gading, Tambora, Pantai Indah Kapuk, dan Matraman.",clean_auto,doc_0088_s002,969,1-1,1,candidate_1_1,unchanged,undetermined,not_assessed,pending_human,routine,,0,137,0,126
doc_0088_s003,doc_0088,Contemporary Media,News Article,labse,1-1,"Sian sude bilangan i, 10 sian i marpusat di Senen.","Dari jumlah itu, 10 di antaranya berpusat di Senen.",clean_auto,doc_0088_s003,970,1-1,1,candidate_1_1,unchanged,undetermined,not_assessed,pending_human,routine,,0,50,0,51
doc_0088_s004,doc_0088,Contemporary Media,News Article,labse,1-1,"Angka na tading muse marsiboan-boan do di luat na asing, jotjot holan sada, tolu, onom sahat tu sapulu lapo.","Sementara sisanya menyebar di wilayah lain, kadang cuma satu, tiga, enam sampai 10 lapo.",clean_auto,doc_0088_s004,971,1-1,1,candidate_1_1,unchanged,undetermined,not_assessed,pending_human,routine,,0,108,0,88
doc_0088_s005,doc_0088,Contemporary Media,News Article,labse,1-1,"Jambar panganan di ganup lapo i, ima: panggang, saksang babi, saksang biang, rica-rica babi dohot biang, arsik dengke mas, tanggo-tanggo arsik, manuk napinadar, manuk gota, silang-silang goreng, sup babi, dohot tuak.","Menu makanan di setiap lapo adalah panggang, saksang babi, saksang anjing, rica-rica babi dan anjing, arsik ikan mas, tanggo-tanggo arsik, ayam napinadar, ayam gota, iga goreng, sup babi, dan tuak.",clean_auto,doc_0088_s005,972,1-1,1,candidate_1_1,unchanged,undetermined,not_assessed,pending_human,routine,,0,216,0,197
doc_0088_s006,doc_0088,Contemporary Media,News Article,labse,1-1,"Arga ni ganup panganan on marragam do, sian Rp23 ribu sahat tu Rp50 ribu.","Harga tiap-tiap makanan ini variatif, antara Rp23 ribu dan Rp50 ribu.",clean_auto,doc_0088_s006,973,1-1,1,candidate_1_1,unchanged,undetermined,not_assessed,pending_human,routine,,0,73,0,69
doc_0088_s007,doc_0088,Contemporary Media,News Article,labse,1-1,"Sada lapo na tarbarita di tonga-tonga ni bangso Jakarta, ima Ni Tondongta, na maringanan di jonok ni Lapangan Tembak Senayan sian taon 1992.","Salah satu lapo yang terkenal di kalangan masyarakat Jakarta adalah Ni Tondongta, bertempat di ke dekat Lapangan Tembak Senayan pada 1992.",clean_auto,doc_0088_s007,974,1-1,1,candidate_1_1,unchanged,undetermined,not_assessed,pending_human,routine,,0,140,0,138
doc_0088_s008,doc_0088,Contemporary Media,News Article,labse,1-1,"Lapo on ma na umbalgaan sian dua lapo na asing di inganan na sarupa, i ma Lapo Siagian Boru Tobing dohot Lapo Dainang.","Lapo ini tertua dibanding dua lapo lain di lokasi yang sama, yakni Lapo Siagian Boru Tobing dan Lapo Dainang.",clean_auto,doc_0088_s008,975,1-1,1,candidate_1_1,unchanged,undetermined,not_assessed,pending_human,routine,,0,118,0,109
doc_0088_s009,doc_0088,Contemporary Media,News Article,labse,1-1,Angka na ompu ni lapo on dipaksa do ingkon borhat di parpudi ni Februari 2017 ala ingananna i dipangke laho tu proyek fasilitas Asian Games 2018.,Para pemilik lapo ini dipaksa harus pindah pada akhir Februari 2017 karena lokasinya dipakai untuk proyek fasilitas Asian Games 2018.,clean_auto,doc_0088_s009,976,1-1,1,candidate_1_1,unchanged,undetermined,not_assessed,pending_human,routine,,0,145,0,133
doc_0088_s010,doc_0088,Contemporary Media,News Article,labse,1-1,"Paulus Siagian, 34 taon, na mangula Lapo Siagian, mandok jambar na pinarsinta ni angka dongan na mangan disi ndang dao sian panggang, saksang, arsik, dohot manuk gota.","Paulus Siagian, 34 tahun, pengelola Lapo Siagian mengatakan menu favorit para pelanggan di sini biasanya tak jauh dari panggang, saksang, arsik, dan ayam gota.",clean_auto,doc_0088_s010,977,1-1,1,candidate_1_1,unchanged,undetermined,not_assessed,pending_human,routine,,0,167,0,159
doc_0088_s011,doc_0088,Contemporary Media,News Article,labse,1-1,"Alai, tu angka na parjolo sahali mangae panganan Batak, lobi denggan do asa diae panggang dohot saksang.","Namun, untuk pengunjung yang kali pertama mencicipi makanan khas Batak, lebih dianjurkan mencicipi panggang dan saksang.",clean_auto,doc_0088_s011,978,1-1,1,candidate_1_1,unchanged,undetermined,not_assessed,pending_human,routine,,0,104,0,120
doc_0088_s012,doc_0088,Contemporary Media,News Article,labse,1-1,"Taringot arga, diulahon ni Siagian do parsombaion.","Soal harga, Siagian menerapkan subsidi.",clean_auto,doc_0088_s012,979,1-1,1,candidate_1_1,unchanged,undetermined,not_assessed,pending_human,routine,,0,50,0,39
doc_0088_s013,doc_0088,Contemporary Media,News Article,labse,1-1,"Songon: sahalak sopir taksi holan Rp20 ribu do na ingkon dibayar laho tu lapo panggang sada porsi, naniatur, dohot indahan.","Contohnya, seorang sopir taksi cukup membayar Rp20 ribu untuk satu porsi lapo panggang, sayur, dan nasi.",clean_auto,doc_0088_s013,980,1-1,1,candidate_1_1,unchanged,undetermined,not_assessed,pending_human,routine,,0,123,0,104
doc_0088_s014,doc_0088,Contemporary Media,News Article,labse,1-1,"Alai tu dongan na mararga di ginjang, argana Rp23 ribu.","Sementara untuk kalangan menengah ke atas, harganya Rp23 ribu.",clean_auto,doc_0088_s014,981,1-1,1,candidate_1_1,unchanged,undetermined,not_assessed,pending_human,routine,,0,55,0,62
doc_0088_s015,doc_0088,Contemporary Media,News Article,labse,1-1,Arga ni panggang pe sarupa do tu dua lapo na asing.,Harga panggang juga sama untuk kedua lapo lain.,clean_auto,doc_0088_s015,982,1-1,1,candidate_1_1,unchanged,undetermined,not_assessed,pending_human,routine,,0,51,0,47
doc_0088_s016,doc_0088,Contemporary Media,News Article,labse,1-1,"Ala jonok ingananna tu DPR dohot kantor pamarentahan, torop dongan na mangan di lapo di Senayan, di bagasan i do angka politikus, songon Maruarar Sirait, Ruhut Sitompul, dohot Hinca Panjaitan.","Mengingat lokasinya dekat dengan DPR dan kantor pemerintahan, sebagian pelanggan lapo di Senayan termasuk kalangan politikus, di antaranya Maruarar Sirait, Ruhut Sitompul, dan Hinca Panjaitan.",clean_auto,doc_0088_s016,983,1-1,1,candidate_1_1,unchanged,undetermined,not_assessed,pending_human,routine,,0,192,0,192
doc_0088_s017,doc_0088,Contemporary Media,News Article,labse,1-1,"Alai di lapo na jonok tu Stasiun Senen, lobi torop do angka sopir Metromini dohot Kopaja dohot bangso Madura dohot Jawa na manggadis disi.","Sementara di lapo dekat Stasiun Senen, mayoritas pembeli adalah sopir Metromini dan Kopaja serta orang Madura dan Jawa.",clean_auto,doc_0088_s017,984,1-1,1,candidate_1_1,unchanged,undetermined,not_assessed,pending_human,routine,,0,138,0,119
doc_0088_s018,doc_0088,Contemporary Media,News Article,labse,1-1,"Di son, adong do lapo Batak Toba dohot lapo Karo.",Di sini ada lapo Batak Toba dan lapo Karo.,clean_auto,doc_0088_s018,985,1-1,1,candidate_1_1,unchanged,undetermined,not_assessed,pending_human,routine,,0,49,0,42
doc_0088_s019,doc_0088,Contemporary Media,News Article,labse,1-1,Na dua i marjambar khas do.,Keduanya punya menu khas.,clean_auto,doc_0088_s019,986,1-1,1,candidate_1_1,unchanged,undetermined,not_assessed,pending_human,routine,,0,27,0,25
doc_0088_s020,doc_0088,Contemporary Media,News Article,labse,1-1,"Babi panggang Karo, songon: ingkon dipanggang dohot dihiris lobi halus jala ingkon dipillit do parsahatan ni sibuk na tama.","Babi panggang Karo, misalnya, mesti dipanggang dengan diiris lebih halus dan dipilih bagian daging yang tepat.",clean_auto,doc_0088_s020,987,1-1,1,candidate_1_1,unchanged,undetermined,not_assessed,pending_human,routine,,0,123,0,110
doc_0088_s021,doc_0088,Contemporary Media,News Article,labse,1-1,Arga ni lapo dison hira-hira Rp25 ribu ganup porsi.,Harga di lapo di sini sekitar Rp25 ribu per porsi.,clean_auto,doc_0088_s021,988,1-1,1,candidate_1_1,unchanged,undetermined,not_assessed,pending_human,routine,,0,51,0,50
doc_0088_s022,doc_0088,Contemporary Media,News Article,labse,1-1,"Naung rap do i dohot indahan, panggang/saksang, naniatur singke na ninitil, dohot sup holiholi babi.","Ini sudah termasuk nasi, panggang/saksang, sayur singkong tumbuk, dan sup tulang babi.",clean_auto,doc_0088_s022,989,1-1,1,candidate_1_1,unchanged,undetermined,not_assessed,pending_human,routine,,0,100,0,86
doc_0088_s023,doc_0088,Contemporary Media,News Article,labse,1-1,"Na manghombangot sian Senayan, adong do dua lapo di Senen na paradehon tuak.","Yang membedakan dari Senayan, ada dua lapo di Senen menyediakan tuak.",clean_auto,doc_0088_s023,990,1-1,1,candidate_1_1,unchanged,undetermined,not_assessed,pending_human,routine,,0,76,0,69
doc_0088_s024,doc_0088,Contemporary Media,News Article,labse,1-1,"Argana, di bagasan sada botol, hira-hira Rp8 ribu.","Harganya, dalam satu botol, sekira Rp8 ribu.",clean_auto,doc_0088_s024,991,1-1,1,candidate_1_1,unchanged,undetermined,not_assessed,pending_human,routine,,0,50,0,44
doc_0088_s025,doc_0088,Contemporary Media,News Article,labse,1-1,"Di dalan Pramuka, adong tolu lapo, sada sian i ima cabang ni Ni Tondongta na parjolo.","Di Jalan Pramuka, ada tiga lapo, salah satunya cabang pertama Ni Tondongta.",clean_auto,doc_0088_s025,992,1-1,1,candidate_1_1,unchanged,undetermined,not_assessed,pending_human,routine,,0,85,0,75
doc_0088_s026,doc_0088,Contemporary Media,News Article,labse,1-1,"Lapo dison jotjot didalani angka dongan na lomo mangan, na 30 porsenna ima marga Batak.",Lapo di sini sering dikunjungi penikmat kuliner yang 30 persennya adalah orang Batak.,clean_auto,doc_0088_s026,993,1-1,1,candidate_1_1,unchanged,undetermined,not_assessed,pending_human,routine,,0,87,0,85
doc_0088_s027,doc_0088,Contemporary Media,News Article,labse,1-1,Arga rata-rata ni lapo di Pramuka hira-hira Rp28 ribu.,Harga rata-rata lapo di Pramuka sekitar Rp28 ribu.,clean_auto,doc_0088_s027,994,1-1,1,candidate_1_1,unchanged,undetermined,not_assessed,pending_human,routine,,0,54,0,50
doc_0088_s028,doc_0088,Contemporary Media,News Article,labse,1-1,"Molo di Senayan adong Lapo Ni Tondongta, di Senen adong Lapo Pardomuan, jadi di Mayasari adong Lapo Siangkaan.","Jika di Senayan ada Lapo Ni Tondongta, di Senen ada Lapo Pardomuan, maka di Mayasari ada Lapo Siangkaan.",clean_auto,doc_0088_s028,995,1-1,1,candidate_1_1,unchanged,undetermined,not_assessed,pending_human,routine,,0,110,0,104
doc_0088_s029__r01,doc_0088,Contemporary Media,News Article,labse,1-1,"Ara Perangin-angin, tokoh ni bangso ni Huta Mayasari, marhata las do: ""Manang didia adong lapo, disi do bangso Batak marpungu.""","Ara Perangin-angin, tokoh masyarakat Kampung Mayasari, berseloroh bahwa ""di mana ada lapo, di situlah orang-orang Batak berkumpul.""",clean_auto,doc_0088_s029,996,1-1,1,structural_1_1_reviewed,split_exact_spans,sentence_candidate,high,pending_human,routine,Dua kalimat tentang lapo dan kebiasaan pengunjung dipisahkan.,0,127,0,131
doc_0088_s029__r02,doc_0088,Contemporary Media,News Article,labse,1-1,"Di angka bangso Batak na marjalang, dohot angka dongan na lomo mangan panganan khas Batak, lapo-lapo di Senayan, Senen, Cililitan, dohot Pramuka nunga gabe jambar panganan na torus ulahonon nasida.","Bagi kaum perantau Batak, plus para penikmat masakan khas Batak, lapo-lapo di Senayan, Senen, Cililitan, dan Pramuka ini telah menjadi menu makanan rutin mereka.",clean_auto,doc_0088_s029,996,1-1,2,structural_1_1_reviewed,split_exact_spans,sentence_candidate,high,pending_human,routine,Dua kalimat tentang lapo dan kebiasaan pengunjung dipisahkan.,128,325,132,293
doc_0088_s030,doc_0088,Contemporary Media,News Article,labse,1-1,"Nasida jotjot ro dung salpu martangiang Minggu, jala dipangke lapo i gabe inganan parpunguon dohot iboto na dao.","Mereka biasanya datang sehabis ibadah Minggu, dan menjadikan lapo sebagai titik pertemuan dengan saudara jauh.",clean_auto,doc_0088_s030,997,1-1,1,candidate_1_1,unchanged,undetermined,not_assessed,pending_human,routine,,0,112,0,110
doc_0088_s031,doc_0088,Contemporary Media,News Article,labse,1-1,"Nang pe nunga martambor nasida tu ragam ni huta di duru ni Tano Batak, torus do mulak nasida tu lapo na jonok.","Sekalipun telah berdiaspora ke pelbagai kota di luar Tanah Batak, mereka kembali ke lapo terdekat.",clean_auto,doc_0088_s031,998,1-1,1,candidate_1_1,unchanged,undetermined,not_assessed,pending_human,routine,,0,110,0,98
doc_0088_s032,doc_0088,Contemporary Media,News Article,labse,1-1,"Gogo ni joujou ni andaliman, timbaho na ringkot di torop panganan Batak, torus do maningotkon nasida tu panganan ni inang di huta.","Kuatnya panggilan andaliman, rempah kunci di banyak masakan Batak, terus mengingatkan mereka pada masakan mamak di kampung.",clean_auto,doc_0088_s032,999,1-1,1,candidate_1_1,unchanged,undetermined,not_assessed,pending_human,routine,,0,130,0,123
doc_0089_s000,doc_0089,Contemporary Media,News Article,labse,1-1,Punguan Musik Toba World Mangalasoni Siginjang di Eropa,Grup Musik Toba World Hibur Penonton di Eropa,clean_auto,doc_0089_s000,1000,1-1,1,candidate_1_1,unchanged,undetermined,not_assessed,pending_human,routine,,0,55,0,45
doc_0089_s001,doc_0089,Contemporary Media,News Article,labse,1-1,"Punguan musik na margoar Toba World na dipimpin ni musisi Viky Sianipar mangalasoni siginjang Eropa marhite hataridaan na parjolo di Huta Ljubljana, Slovenia.","Kelompok musik bernama Toba World pimpinan musisi Viky Sianipar menghibur penonton Eropa melalui penampilan perdananya di Kota Ljubljana, Slovenia.",clean_auto,doc_0089_s001,1001,1-1,1,candidate_1_1,unchanged,undetermined,not_assessed,pending_human,routine,,0,158,0,147
doc_0089_s002,doc_0089,Contemporary Media,News Article,labse,1-1,"Marmeam di ulaon “Nights in Old Ljubljana Town International Festival”, partondian ni Toba World pe marlapatan do laho manangkasi seni parbinotoan Batak tu bangso na di Eropa.","Bermain di acara “Nights in Old Ljubljana Town International Festival”, keikutsertaan Toba Worl juga bertujuan memperkenalkan seni budaya Batak kepada publik di Eropa.",clean_auto,doc_0089_s002,1002,1-1,1,candidate_1_1,unchanged,undetermined,not_assessed,pending_human,routine,,0,175,0,167
doc_0089_s003,doc_0089,Contemporary Media,News Article,labse,1-1,"Ulaon ""Nights in Old Ljubljana Town International Festival"" i diulahon ni Imago Slovenia di rura tonga ni Huta Ljubljana, songon na pinasahat ni Fungsi Pensosbud – KBRI Wina, Wina Retnosari tu Antara London, Senin (29/8/2016).","Acara ""Nights in Old Ljubljana Town International Festival"" tersebut diselenggarakan oleh Imago Slovenia di kawasan pusat kota Ljubljana, demikian disampaikan Fungsi Pensosbud - KBRI Wina, Wina Retnosari kepada Antara London, Senin (29/8/2016).",clean_auto,doc_0089_s003,1003,1-1,1,candidate_1_1,unchanged,undetermined,not_assessed,pending_human,routine,,0,226,0,244
doc_0089_s004,doc_0089,Contemporary Media,News Article,labse,1-1,"Toba World na maranggota 12 dongan tampil mamboan hira-hira 12 ende na torop sian i ima ende Batak naung dipaimbaru aransemen na, di bagasan i adong “Suan”, “Attar DiDokkon”, “O Tano Batak”.","Toba World yang beranggotakan 12 personil tampil membawakan sekitar 12 lagu yang sebagian besar merupakan lagu-lagu tradisional Batak yang diaransemen ulang, di antaranya “Suan”, “Attar DiDokkon”, “O Tano Batak”.",clean_auto,doc_0089_s004,1004,1-1,1,candidate_1_1,unchanged,undetermined,not_assessed,pending_human,routine,,0,190,0,212
doc_0089_s005,doc_0089,Contemporary Media,News Article,labse,1-1,"Di parmulaan ni hataridana, mamboan hata do Viky Sianipar taringot hamoraon dohot hahomangon ni Indonesia na marragam marga dohot parbinotoan, na Batak i ma sada sian i.","Di awal penampilannya, Viky Sianipar bercerita tentang kekayaan dan keunikan Indonesia yang memiliki keragaman etnik dan budaya, di mana Batak adalah salah satunya.",clean_auto,doc_0089_s005,1005,1-1,1,candidate_1_1,unchanged,undetermined,not_assessed,pending_human,routine,,0,169,0,164
doc_0089_s006,doc_0089,Contemporary Media,News Article,labse,1-1,"Dijelashon Viky do muse lapatan ni ganup ende dohot pangalaho na pinatudu ni dua parhata Toba World, Louise dohot Alsant.","Viky juga menjelaskan makna setiap lagu dan gerak yang dipertunjukkan duo vokalis Toba World, Louise dan Alsant.",clean_auto,doc_0089_s006,1006,1-1,1,candidate_1_1,unchanged,undetermined,not_assessed,pending_human,routine,,0,121,0,112
doc_0089_s007,doc_0089,Contemporary Media,News Article,labse,1-1,"Ulaon borngin ni parbinotoan i pe diparami do dohot haroro ni Dubes RI tu Republik Austria dohot Republik Slovenia, Rachmat Budiman, na mamboan Macek Muri, ende ni dakdanak khas Slovenia.","Acara malam budaya itu juga dimeriahkan dengan kehadiran Dubes RI untuk Republik Austria dan Republik Slovenia, Rachmat Budiman, yang membawakan Macek Muri, lagu anak-anak khas Slovenia.",clean_auto,doc_0089_s007,1007,1-1,1,candidate_1_1,unchanged,undetermined,not_assessed,pending_human,routine,,0,187,0,186
doc_0089_s008,doc_0089,Contemporary Media,News Article,labse,1-1,Nights in Old Ljubljana Town International Festival sada sian festival seni parbinotoan na balga di Slovenia na diulahon di tingki ro di ari.,Nights in Old Ljubljana Town International Festival merupakan salah satu festival seni budaya besar di Slovenia yang digelar pada musim panas.,clean_auto,doc_0089_s008,1008,1-1,1,candidate_1_1,unchanged,undetermined,not_assessed,pending_human,routine,,0,141,0,142
doc_0089_s009,doc_0089,Contemporary Media,News Article,labse,1-1,"Ganup taon, marratus seniman na sian luat i dohot na sian luat na dao marpartondian di festival na tolu ari lelengna i jala tampil di inganan na tama di rura huta na balga Slovenia, na gabe tonga ni parsimangotan ni angka sihabang.","Setiap tahunnya ratusan seniman lokal dan internasional berpartisipasi pada festival yang berlangsung selama tiga hari tersebut dan tampil dilokasi strategis di kawasan kota tua Slovenia, yang merupakan pusat daya tarik bagi wisatawan .",clean_auto,doc_0089_s009,1009,1-1,1,candidate_1_1,unchanged,undetermined,not_assessed,pending_human,routine,,0,231,0,236
doc_0089_s010,doc_0089,Contemporary Media,News Article,labse,1-1,"“Di samping laho mangaramoti seni parbinotoan Batak, partondian ni Toba World di event i pe marlapatan do laho manangkasi seni parbinotoan Batak tu bangso na di Eropa, tudosan di Slovenia,” ninna Viky Sianipar di holang-holang ni hataridana.","“Di samping untuk melestarikan seni budaya Batak, partisipasi Toba World dalam event tersebut juga bertujuan memperkenalkan seni budaya Batak kepada publik di Eropa, khususnya di Slovenia,” jelas Viky Sianipar di sela-sela pertunjukan.",clean_auto,doc_0089_s010,1010,1-1,1,candidate_1_1,unchanged,undetermined,not_assessed,pending_human,routine,,0,241,0,235
doc_0089_s011,doc_0089,Contemporary Media,News Article,labse,1-1,"Marhite i, diharapkon do hataridaan musik na binoan ni Toba World boi manarik roha ni sihabang Slovenia laho ro manopot Indonesia, tudosan tu Tao Toba di Sumatera Utara.","Dengan begitu, diharapkan pertunjukan musik yang dibawakan Toba World mampu menarik minat wisatawan Slovenia untuk berkunjung ke Indonesia, khususnya ke Danau Toba di Sumatera Utara.",clean_auto,doc_0089_s011,1011,1-1,1,candidate_1_1,unchanged,undetermined,not_assessed,pending_human,routine,,0,169,0,182
doc_0089_s012,doc_0089,Contemporary Media,News Article,labse,1-1,Viky Sianipar saleleng 12 taon naung salpu nunga paulihon pitu album na gabe seniman na tarbarita dohot angka ulaonna na marbono kontemporer di angka ende Batak.,Viky Sianipar selama 12 tahun terakhir menghasilkan tujuh album merupakan seniman yang dikenal dengan karya-karyanya dengan sentuhan kontemporer pada lagu-lagu Batak.,clean_auto,doc_0089_s012,1012,1-1,1,candidate_1_1,unchanged,undetermined,not_assessed,pending_human,routine,,0,161,0,166
doc_0089_s013,doc_0089,Contemporary Media,News Article,labse,1-1,"Sian tampil di Nights in Old Ljubljana Town International Festival, Toba World pe tampil do di Huta Landeck, Austria dohot di Jabu Joglo di rura uli ni bunga Arboretum, Slovenia.","Selain tampil dalam Nights in Old Ljubljana Town International Festival, Toba World juga tampil di kota Landeck, Austria serta di Rumah Joglo di taman wisata bunga Arboretum, Slovenia.",clean_auto,doc_0089_s013,1013,1-1,1,candidate_1_1,unchanged,undetermined,not_assessed,pending_human,routine,,0,178,0,184
doc_0089_s014,doc_0089,Contemporary Media,News Article,labse,1-1,Jabu Joglo ima silehon-lehon sian Indonesia i ma Pamarentah Provinsi Daerah Istimewa Yogyakarta tu bangso Slovenia.,Rumah Joglo merupakan hadiah dari Indonesia yaitu Pemerintah Provinsi Daerah Istimewa Yogyakarta kepada masyarakat Slovenia.,clean_auto,doc_0089_s014,1014,1-1,1,candidate_1_1,unchanged,undetermined,not_assessed,pending_human,routine,,0,115,0,124
doc_0089_s015,doc_0089,Contemporary Media,News Article,labse,1-1,"Parruas ni Jabu Joglo di Rura Uli Bunga Arboretum, na dipasada ni KBRI/PTRI Wina di taon 2013 i, di bagasan i do gabe parhitean promosi Indonesia di Slovenia.","Pendirian Rumah Joglo di Taman Wisata Bunga Arboretum,diprakarsai KBRI/PTRI Wina pada tahun 2013 itu, antara lain sebagai sarana promosi Indonesia di Slovenia.",clean_auto,doc_0089_s015,1015,1-1,1,candidate_1_1,unchanged,undetermined,not_assessed,pending_human,routine,,0,158,0,159
doc_0089_s016,doc_0089,Contemporary Media,News Article,labse,1-1,Sude ulaon ni Toba World di Austria dohot Slovenia gabe parbagian ni rintingan Toba World Europe Tour 2016 na ditumpak ni Kementerian Pariwisata RI di bagasan parhitean promosi pariwisata Wonderful Indonesia di rura Eropa.,Seluruh kegiatan Toba World di Austria dan Slovenia merupakan bagian dari rangkaian Toba World Europe Tour 2016 yang didukung Kementerian Pariwisata RI dalam rangka promosi pariwisata Wonderful Indonesia di kawasan Eropa.,clean_auto,doc_0089_s016,1016,1-1,1,candidate_1_1,unchanged,undetermined,not_assessed,pending_human,routine,,0,222,0,221
doc_0090_s000,doc_0090,Contemporary Media,News Article,labse,1-1,Bangso Batak di Papua Manimbil Hata Rasisme ni Ambroncius,Masyarakat Batak di Papua Mengecam Ujaran Rasisme Ambroncius,clean_auto,doc_0090_s000,1017,1-1,1,candidate_1_1,unchanged,undetermined,not_assessed,pending_human,routine,,0,57,0,60
doc_0090_s001,doc_0090,Contemporary Media,News Article,labse,1-1,Diida do Ambroncius Nababan mangulahon parulaon na mangago dame di holang-holang ni sude dongan sapunggu na adong di Tano Papua.,Ambroncius Nababan dianggap melakukan perbuatan yang merusak ketentraman antarseluruh paguyuban yang ada di Tanah Papua.,clean_auto,doc_0090_s001,1018,1-1,1,candidate_1_1,unchanged,undetermined,not_assessed,pending_human,routine,,0,128,0,120
doc_0090_s002,doc_0090,Contemporary Media,News Article,labse,1-1,"“Parulaon ni Ambroncius Nababan i nunga mangago arga ni bangso Batak di Indonesia, tudosan di Tano Papua, jala atik pe hatana i boi do mambahen parsalaan roha di holang-holang ni marga Batak dohot marga-marga na asing na adong di Tano Papua,” ninna Kenan Sipayung marhite hata na sinurat, Selasa (26/1/2021).","“Perbuatan saudara Ambroncius Nababan telah merusak citra masyarakat Batak di Indonesia, khususnya di Tanah Papua, apalagi pernyataannya bisa membuat salah paham antara suku Batak dan suku-suku lain yang ada di Tanah Papua,” kata Kenan Sipayung melalui keterangan tertulis, Selasa (26/1/2021).",clean_auto,doc_0090_s002,1019,1-1,1,candidate_1_1,unchanged,undetermined,not_assessed,pending_human,medium,Segmen >45 unit spasi. Panjang saja tidak menjadi alasan pemecahan.,0,308,0,293
doc_0090_s003,doc_0090,Contemporary Media,News Article,labse,1-1,"""Parsadaan Bangso Batak Provinsi Papua mangido tu dongan parpolisi Republik Indonesia asa diusut dohot tuntas jala diproses hombar tu aturanna na manggogo,"" lanju ni hatana.","""Kerukunan Masyarakat Batak Provinsi Papua meminta kepada pihak kepolisian Republik Indonesia untuk mengusut tuntas serta memprosesnya sesuai dengan peraturan perundang-undangan yang berlaku,"" imbuhnya.",clean_auto,doc_0090_s003,1020,1-1,1,candidate_1_1,unchanged,undetermined,not_assessed,pending_human,routine,,0,173,0,202
doc_0090_s004,doc_0090,Contemporary Media,News Article,labse,1-1,"Hata ni Ambroncius Nababan i, ninna Kenan, ima ulaon dohot hata ni jolma sandiri.","Pernyataan Ambroncius Nababan, kata Kenan, merupakan tindakan dan pernyataan pribadi.",clean_auto,doc_0090_s004,1021,1-1,1,candidate_1_1,unchanged,undetermined,not_assessed,pending_human,routine,,0,81,0,85
doc_0090_s005,doc_0090,Contemporary Media,News Article,labse,1-1,Asa ndang gabe manghatindangkon bangso Batak na di Tano Papua.,Sehingga tidak mewakili masyarakat Batak di Tanah Papua.,clean_auto,doc_0090_s005,1022,1-1,1,candidate_1_1,unchanged,undetermined,not_assessed,pending_human,routine,,0,62,0,56
doc_0090_s006,doc_0090,Contemporary Media,News Article,labse,1-1,"Sarupa do rohana dohot Kenan Sipayung, Tokoh Ni Bangso Batak di Tano Papua Makmur Nababan na didongan ni Induk Ni Naposo Batak (IPBP) Jee Somosir marroha do manopot Polda Papua.","Senada dengan Kenan Sipayung, Tokoh Masyarakat Batak di Tanah Papua Makmur Nababan didampingi Ketua Ikatan Pemuda Batak (IPBP) Jee Somosir berencana mendatangi Polda Papua.",clean_auto,doc_0090_s006,1023,1-1,1,candidate_1_1,unchanged,undetermined,not_assessed,pending_human,routine,,0,177,0,172
doc_0090_s007,doc_0090,Contemporary Media,News Article,labse,1-1,Marroha nasida paadonghon laporan polisi taringot uhum na niulahon ni Ambroncius Nababan na diida mangalo aturan.,Mereka berencana membuat laporan polisi terkait dugaan perbuatan melanggar hukum yang dilakukan Ambroncius Nababan.,clean_auto,doc_0090_s007,1024,1-1,1,candidate_1_1,unchanged,undetermined,not_assessed,pending_human,routine,,0,113,0,115
doc_0090_s008,doc_0090,Contemporary Media,News Article,labse,1-1,"""Aha na niulahon ni Ambroncius Nababan i, ima parulaon na mangalo uhum, jala tung marhua-hua do di bangso Batak na mangolu marsidongan dohot bangso sian ragam ni marga na adong di Papua,"" ninna Makmur.","""Apa yang dilakukan Ambroncius Nababan adalah perbuatan yang melawan hukum, bahkan sangat meresahkan masyarakat Batak yang hidup berdampingan dengan masyarakat dari berbagai suku yang ada di Papua,"" kata Makmur.",clean_auto,doc_0090_s008,1025,1-1,1,candidate_1_1,unchanged,undetermined,not_assessed,pending_human,routine,,0,201,0,211
doc_0090_s009,doc_0090,Contemporary Media,News Article,labse,1-1,"Diida do Ambroncius Nababan mangulahon parulaon na mangago dame ni holang-holang ni sude dongan sapunggu na adong di Tano Papua, tudosan ma ibana gabe bangso Batak.","Ambroncius Nababan dianggap melakukan perbuatan yang merusak ketentraman antarseluruh paguyuban yang ada di Tanah Papua, terlebih selaku masyarakat Batak.",clean_auto,doc_0090_s009,1026,1-1,1,candidate_1_1,unchanged,undetermined,not_assessed,pending_human,routine,,0,164,0,154
doc_0091_s000,doc_0091,Contemporary Media,Blog Articles,labse,1-1,Lulusan Ilmu Komputer alai Ndang Boi Mangulahon Program,Lulusan Ilmu Komputer Yang Tidak Bisa Memrogram,clean_auto,doc_0091_s000,1027,1-1,1,candidate_1_1,unchanged,undetermined,not_assessed,pending_human,routine,,0,55,0,47
doc_0091_s001_a,doc_0091,Contemporary Media,Blog Articles,labse,1-1,Dung salpu hata-hata na gabe parsoalan di milis kampus na so pola boi hupabotohon goarna taon na salpu.,Sehabis polemik tahun lalu di milis kampus yang saya tidak bisa sebutkan namanya.,review_fix_split,doc_0091_s001_a,1366,1-2,1,structural_1_1_reviewed,legacy_label_corrected,fragment_or_heading,medium,pending_human,medium,"Teks tersimpan sudah berupa satu unit pada tiap sisi. Label lama dipertahankan pada original_alignment_type. Makna belum divalidasi anotator. | Judul, fragmen, atau pengantar ujaran. Satu pasangan tidak otomatis satu kalimat lengkap.",0,103,0,81
doc_0091_s001_b,doc_0091,Contemporary Media,Blog Articles,labse,1-1,Sadarion ro ma i muse tu au sandiri.,Hari ini saya ternyata mengalaminya sendiri.,review_fix_split,doc_0091_s001_b,1367,1-2,1,structural_1_1_reviewed,legacy_label_corrected,sentence_candidate,medium,pending_human,routine,Teks tersimpan sudah berupa satu unit pada tiap sisi. Label lama dipertahankan pada original_alignment_type. Makna belum divalidasi anotator.,0,36,0,44
doc_0091_s002,doc_0091,Contemporary Media,Blog Articles,labse,1-1,Dapotan au sahalak na mangulahon tugas akhirna mambahen aplikasi penjadwalan alai hurang situtu pangantusionna (fundamental programming) taringot tu pemrograman.,Saya menemukan seseorang yang sedang mengerjakan tugas akhir yang membuat aplikasi penjadwalan dan fundamental pemrogramannya sangat lemah.,clean_auto,doc_0091_s002,1028,1-1,1,candidate_1_1,unchanged,undetermined,not_assessed,pending_human,routine,,0,161,0,139
doc_0091_s003,doc_0091,Contemporary Media,Blog Articles,labse,1-1,"Padahal, lulus sian jurusan na sarupa dohot au ibana.",Padahal lulusnya di jurusan yang sama dengan saya.,clean_auto,doc_0091_s003,1029,1-1,1,candidate_1_1,unchanged,undetermined,not_assessed,pending_human,routine,,0,53,0,50
doc_0091_s004,doc_0091,Contemporary Media,Blog Articles,labse,1-1,"Na longangna, jolma on ndada na mapitung taringot tu coding manang na so coding samase, songon na hea dipaboa donganhu dison.",Menariknya orang ini bukan seseorang yang buta coding sama sekali seperti yang pernah diceritakan teman saya di sini.,clean_auto,doc_0091_s004,1030,1-1,1,candidate_1_1,unchanged,undetermined,not_assessed,pending_human,routine,,0,125,0,117
doc_0091_s005,doc_0091,Contemporary Media,Blog Articles,labse,1-1,"Ibana sahalak juara sian olimpiade komputer, mangantusi algoritma, jala umboto mangulahon program secara prosedural, alai hurang situtu pangantusion na parjolo taringot tu programming i.","Dia salah satu juara dari olimpiade komputer, mengerti algoritma, dan tau cara memrogram secara prosedural tetapi fundamental programmingnya sangat lemah.",clean_auto,doc_0091_s005,1031,1-1,1,candidate_1_1,unchanged,undetermined,not_assessed,pending_human,routine,,0,186,0,154
doc_0091_s006,doc_0091,Contemporary Media,Blog Articles,labse,1-1,"Songon na marsangkut (stuck) ma hatauon na i holan di tingki parjolo, di tingki lomba i, jala ndang martamba.",Nampaknya kemampuan dia stuck pada kemampuan masa lomba saja dan tidak berkembang.,clean_auto,doc_0091_s006,1032,1-1,1,candidate_1_1,unchanged,undetermined,not_assessed,pending_human,routine,,0,109,0,82
doc_0091_s008_a,doc_0091,Contemporary Media,Blog Articles,labse,1-1,"Boi do ibana memrogram, alai hurang togu jala berantakan situtu kodenai.","Dia bisa memprogram, tapi kurang kokoh dan kode-kodenya sangat berantakan.",review_fix_split,doc_0091_s008_a,1430,2-1,1,structural_1_1_reviewed,legacy_label_corrected,sentence_candidate,medium,pending_human,routine,Teks tersimpan sudah berupa satu unit pada tiap sisi. Label lama dipertahankan pada original_alignment_type. Makna belum divalidasi anotator.,0,72,0,74
doc_0091_s008_b,doc_0091,Contemporary Media,Blog Articles,labse,1-1,"Jala goar ni variabel na pe khas songon goar ni variabel tu alus ni soal lomba algoritma: x, y, z.","Dan nama variabelnya pun khas seperti nama variabel untuk jawaban soal lomba algoritma: x, y, z.",review_fix_split,doc_0091_s008_b,1431,2-1,1,structural_1_1_reviewed,legacy_label_corrected,sentence_candidate,medium,pending_human,routine,Teks tersimpan sudah berupa satu unit pada tiap sisi. Label lama dipertahankan pada original_alignment_type. Makna belum divalidasi anotator.,0,98,0,96
doc_0091_s009,doc_0091,Contemporary Media,Blog Articles,labse,1-1,"Padahal, i do na laho manyimpan request dohot response ni HTTP.",Padahal untuk menyimpan request dan response HTTP.,clean_auto,doc_0091_s009,1033,1-1,1,candidate_1_1,unchanged,undetermined,not_assessed,pending_human,routine,,0,63,0,50
doc_0091_s011,doc_0091,Contemporary Media,Blog Articles,labse,1-1,Dasar ni pemrograman berbasis objek (Object-Oriented Programming/OOP) secara abstrak pe hurang situtu.,Dasar pemrograman berbasis objek secara abstrak juga sangat lemah.,clean_auto,doc_0091_s011,1034,1-1,1,candidate_1_1,unchanged,undetermined,not_assessed,pending_human,routine,,0,102,0,66
doc_0091_s012,doc_0091,Contemporary Media,Blog Articles,labse,1-1,"Padahal, nuaeng naeng sude do bahasa pemrograman dohot framework i pinatupa dohot paradigma pemrograman berorientasi objek.",Padahal saat ini hampir semua bahasa pemrograman dan kerangka kerja (framework) dibuat dengan paradigman pemrograman berorientasi objek.,clean_auto,doc_0091_s012,1035,1-1,1,candidate_1_1,unchanged,undetermined,not_assessed,pending_human,routine,,0,123,0,136
doc_0091_s014,doc_0091,Contemporary Media,Blog Articles,labse,1-1,"Ala hurang situtu pangantusion na parjolo, ndang terekspos ibana tu angka na ringkot di industri songon design pattern, arsitektur, dohot sude i, lumobi taringot tu prinsip songon SOLID manang dohot pemrograman fungsional.","Karena dasarnya sangat lemah, dia tidak terekspos dengan hal-hal yang dipakai di industri seperti design pattern, arsitektur dan sebagainya apalagi dengan prinsip seperti SOLID atau bahkan pemrograman fungsional.",clean_auto,doc_0091_s014,1036,1-1,1,candidate_1_1,unchanged,undetermined,not_assessed,pending_human,routine,,0,222,0,212
doc_0091_s016_a,doc_0091,Contemporary Media,Blog Articles,labse,1-1,"Manghilala na so boi memrogram, alai naeng dapot karejo na laris nuaeng: gabe pengembang mobile.","Merasa tidak bisa memprogram, tapi ingin mendapat pekerjaan yang laris sekarang: menjadi pengembang mobile.",review_fix_split,doc_0091_s016_a,1445,2-1,1,structural_1_1_reviewed,legacy_label_corrected,fragment_or_heading,medium,pending_human,medium,"Teks tersimpan sudah berupa satu unit pada tiap sisi. Label lama dipertahankan pada original_alignment_type. Makna belum divalidasi anotator. | Judul, fragmen, atau pengantar ujaran. Satu pasangan tidak otomatis satu kalimat lengkap.",0,96,0,107
doc_0091_s016_b,doc_0091,Contemporary Media,Blog Articles,labse,1-1,"Dibahen i, diulahon ibana ma skripsi taringot tu aplikasi penjadwalan na rumingkat tu platform Android.","Oleh karena itu, dikerjakannyalah skripsi tentang aplikasi penjadwalan yang berfokus ke platform Android.",review_fix_split,doc_0091_s016_b,1446,2-1,1,structural_1_1_reviewed,legacy_label_corrected,sentence_candidate,medium,pending_human,routine,Teks tersimpan sudah berupa satu unit pada tiap sisi. Label lama dipertahankan pada original_alignment_type. Makna belum divalidasi anotator.,0,103,0,105
doc_0091_s018,doc_0091,Contemporary Media,Blog Articles,labse,1-1,"Ala nidokna gumodang marsiajar teori, pangantusionna taringot tu komunikasi data dohot protokol jaringan pe hurang situtu.","Sayangnya, walaupun alasannya karena banyak belajar teori, pengetahuannya tentang komunikasi data dan protokol jaringan juga sangat minim.",clean_auto,doc_0091_s018,1037,1-1,1,candidate_1_1,unchanged,undetermined,not_assessed,pending_human,routine,,0,122,0,138
doc_0091_s019,doc_0091,Contemporary Media,Blog Articles,labse,1-1,"Ndang diboto ibana ia sada alamat i ndada holan mangalehon laman HTML, alai boi do JSON dohot angka na asing.","Dia bahkan tidak tahu kalau suatu alamat tidak harus mengembalikan halaman HTML, tetapi bisa JSON dan banyak lagi yang lain.",clean_auto,doc_0091_s019,1038,1-1,1,candidate_1_1,unchanged,undetermined,not_assessed,pending_human,routine,,0,109,0,124
doc_0091_s020_a,doc_0091,Contemporary Media,Blog Articles,labse,1-1,"Na ummuli gabe alus, i ma: ala ibana holan marsiajar na dilehon dosen i sambing, jala ndang adong diulahon pangembangan taringot tu naung dilehon i.","Yang paling baik menjadi jawaban, yaitu: karena dia hanya belajar apa yang diberikan dosen saja, dan tidak ada melakukan pengembangan tentang apa yang telah diberikan itu.",review_fix_split,doc_0091_s020_a,1441,2-1,1,structural_1_1_reviewed,legacy_label_corrected,sentence_candidate,medium,pending_human,routine,Teks tersimpan sudah berupa satu unit pada tiap sisi. Label lama dipertahankan pada original_alignment_type. Makna belum divalidasi anotator.,0,148,0,171
doc_0091_s020_b,doc_0091,Contemporary Media,Blog Articles,labse,1-1,"Jala, nampakna hurang do holong ni rohana (passionate) taringot tu programming.","Dan, tampaknya dia kurang memiliki ketertarikan hati (passionate) mengenai programming.",review_fix_split,doc_0091_s020_b,1442,2-1,1,structural_1_1_reviewed,legacy_label_corrected,sentence_candidate,medium,pending_human,routine,Teks tersimpan sudah berupa satu unit pada tiap sisi. Label lama dipertahankan pada original_alignment_type. Makna belum divalidasi anotator.,0,79,0,87
doc_0091_s021,doc_0091,Contemporary Media,Blog Articles,labse,1-1,"Naeng hatop lulus ma ibana, jala naeng gabe developer Android di startup/parusahaan na balga dohot doli-doli (gaji) na timbo.",Yang dia inginkan hanya ingin secepatnya lulus dan jadi developer Android di startup/perusahaan bergengsi dengan pendapatan tinggi.,clean_auto,doc_0091_s021,1039,1-1,1,candidate_1_1,unchanged,undetermined,not_assessed,pending_human,routine,,0,125,0,131
doc_0091_s022,doc_0091,Contemporary Media,Blog Articles,labse,1-1,"Huidok ma, i ndang mungkin, jala ingkon gumodang marsiajar dope ibana.","Saya bilang itu tidak mungkin, dan dia harus banyak belajar.",clean_auto,doc_0091_s022,1040,1-1,1,candidate_1_1,unchanged,undetermined,not_assessed,pending_human,routine,,0,70,0,60
doc_0091_s023_a,doc_0091,Contemporary Media,Blog Articles,labse,1-1,"Dibahen i, ndang gabe pataridaan ia jolma na gabe finalis manang juara lomba olimpiade komputer manang lulusan Ilmu Komputer dohot IPK na uli, boi langsung gabe programer.","Karena itu, tidak menjadi jaminan bahwa orang yang menjadi finalis atau juara lomba olimpiade komputer atau lulusan Ilmu Komputer dengan IPK yang bagus, bisa langsung menjadi programer.",review_fix_split,doc_0091_s023_a,1447,2-1,1,structural_1_1_reviewed,legacy_label_corrected,sentence_candidate,medium,pending_human,routine,Teks tersimpan sudah berupa satu unit pada tiap sisi. Label lama dipertahankan pada original_alignment_type. Makna belum divalidasi anotator.,0,171,0,185
doc_0091_s023_b,doc_0091,Contemporary Media,Blog Articles,labse,1-1,"Ringkot do mentoring, coaching, dohot marsiajar na gomos, asa boi dibahen ibana jurang ni hatauon di kampus dohot di industri i.","Penting adanya mentoring, coaching, dan belajar yang sungguh-sungguh, agar bisa dijembataninya kemampuan di kampus dan di industri.",review_fix_split,doc_0091_s023_b,1448,2-1,1,structural_1_1_reviewed,legacy_label_corrected,sentence_candidate,medium,pending_human,routine,Teks tersimpan sudah berupa satu unit pada tiap sisi. Label lama dipertahankan pada original_alignment_type. Makna belum divalidasi anotator.,0,128,0,131
doc_0091_s024,doc_0091,Contemporary Media,Blog Articles,labse,1-1,Molo adong dongan naung manghilala na sarupa jala naeng masuk tu industri usaha rintisan digital gabe pengembang:,Jika ada teman-teman yang mengalami hal yang sama dan ingin masuk industri usaha rintisan digital sebagai pengembang:,clean_auto,doc_0091_s024,1041,1-1,1,candidate_1_1,unchanged,undetermined,not_assessed,pending_human,routine,,0,113,0,117
doc_0091_s025,doc_0091,Contemporary Media,Blog Articles,labse,1-1,- Patiop pinggol dohot mata taringot tu angka na imbaru di teknologi.,- Pasang telinga dan mata tentang perkembangan teknologi.,clean_auto,doc_0091_s025,1042,1-1,1,candidate_1_1,unchanged,undetermined,not_assessed,pending_human,routine,,0,69,0,57
doc_0091_s026,doc_0091,Contemporary Media,Blog Articles,labse,1-1,"Di kampus, boi do dope diajarhon Turbo Pascal 7.0, alai algoritma na sarupa boi dope dipangke di NodeJS.",Di kampus mungkin masih diajarkan menggunakan Turbo Pascal 7.0. Akan tetapi algoritma yang sama tetap bisa dipakai di NodeJS.,review_ok,doc_0091_s026,1357,1-2,1,structural_1_1_reviewed,legacy_label_corrected,sentence_candidate,medium,pending_human,medium,Teks tersimpan sudah berupa satu unit pada tiap sisi. Label lama dipertahankan pada original_alignment_type. Makna belum divalidasi anotator. | Pola tanda baca berpotensi memuat beberapa kalimat. Periksa singkatan dan kutipan sebelum memecah.,0,104,0,125
doc_0091_s027,doc_0091,Contemporary Media,Blog Articles,labse,1-1,"- Unang naeng langsung gabe bos ni pengembang, alai molo na ulaonmu sandiri do.",- Jangan bermimpi langsung jadi bos-nya pengembang kecuali memang itu usaha milik sendiri.,clean_auto,doc_0091_s027,1043,1-1,1,candidate_1_1,unchanged,undetermined,not_assessed,pending_human,routine,,0,79,0,90
doc_0091_s028,doc_0091,Contemporary Media,Blog Articles,labse,1-1,Pengembang on sarupa dohot perguruan silat.,Pengembang ini mirip perguruan silat.,clean_auto,doc_0091_s028,1044,1-1,1,candidate_1_1,unchanged,undetermined,not_assessed,pending_human,routine,,0,43,0,37
doc_0091_s029,doc_0091,Contemporary Media,Blog Articles,labse,1-1,"Molo naeng gabe doli-doli ni pengembang, ingkon boi jala togu ibana didiajak sparring (marsitontangan taringot tu masalah) asa dihargai.","Kalau mau jadi atasan pengembang, harus bisa dan kuat diajak sparring kalau mau dihargai.",clean_auto,doc_0091_s029,1045,1-1,1,candidate_1_1,unchanged,undetermined,not_assessed,pending_human,routine,,0,136,0,89
doc_0091_s030,doc_0091,Contemporary Media,Blog Articles,labse,1-1,- Molo ndang tertarik gabe pengembang jala naeng mangatur infrastruktur.,- Kalau tidak tertarik sebagai pengembang dan mau mengelola infrastruktur.,clean_auto,doc_0091_s030,1046,1-1,1,candidate_1_1,unchanged,undetermined,not_assessed,pending_human,routine,,0,72,0,74
doc_0091_s031,doc_0091,Contemporary Media,Blog Articles,labse,1-1,"Nuaeng, dohot adongna komputasi awan (cloud computing), peran ni admin nunga hurang situtu.","Saat ini, dengan adanya komputasi awan, peran admin saja sudah sangat minimum.",clean_auto,doc_0091_s031,1047,1-1,1,candidate_1_1,unchanged,undetermined,not_assessed,pending_human,routine,,0,91,0,78
doc_0091_s032,doc_0091,Contemporary Media,Blog Articles,labse,1-1,"Jolma na mangatur infrastruktur ingkon boi do mangotomatisasi kluster jala gabe DevOps, ndada holan gabe SysAdmin.","Seorang yang mengelola infrastruktur diharuskan bisa mengotomatisasi kluster dan bertindak sebagai DevOps, bukan hanya sebagai SysAdmin.",clean_auto,doc_0091_s032,1048,1-1,1,candidate_1_1,unchanged,undetermined,not_assessed,pending_human,routine,,0,114,0,136
doc_0091_s033_a,doc_0091,Contemporary Media,Blog Articles,labse,1-1,Aha do DevOps i?,Apa itu DevOps?,review_fix_split,doc_0091_s033_a,1458,2-1,1,structural_1_1_reviewed,legacy_label_corrected,sentence_candidate,medium,pending_human,routine,Teks tersimpan sudah berupa satu unit pada tiap sisi. Label lama dipertahankan pada original_alignment_type. Makna belum divalidasi anotator.,0,16,0,15
doc_0091_s033_b,doc_0091,Contemporary Media,Blog Articles,labse,1-1,"Molo so diboto dope, ingkon gumodang ma dijaha.","Kalau belum tahu, haruslah lebih banyak membaca.",review_fix_split,doc_0091_s033_b,1459,2-1,1,structural_1_1_reviewed,legacy_label_corrected,sentence_candidate,medium,pending_human,routine,Teks tersimpan sudah berupa satu unit pada tiap sisi. Label lama dipertahankan pada original_alignment_type. Makna belum divalidasi anotator.,0,47,0,48
doc_0091_s034,doc_0091,Contemporary Media,Blog Articles,labse,1-1,- Songon dia do tim pemasaran?,- Bagaimana dengan tim pemasaran?,clean_auto,doc_0091_s034,1049,1-1,1,candidate_1_1,unchanged,undetermined,not_assessed,pending_human,routine,,0,30,0,33
doc_0091_s035,doc_0091,Contemporary Media,Blog Articles,labse,1-1,Nuaeng pemasar pe nunga disetir dohot parbuena sian pengelolaan dohot pengembangan data laho patimbulhon pangaluaran.,Pemasar pun sekarang sudah disetir dengan hasil dari pengelolaan dan pengembangan data untuk mengoptimisasi pengeluaran.,clean_auto,doc_0091_s035,1050,1-1,1,candidate_1_1,unchanged,undetermined,not_assessed,pending_human,routine,,0,117,0,120
doc_0091_s036,doc_0091,Contemporary Media,Blog Articles,labse,1-1,"Tim pemasar di parusahaan teknologi nuaeng, minimal ingkon boi mangulahon query sian basis data jala manganalisis dohot bahasa songon R manang Python.",Tim pemasar di perusahaan teknologi zaman sekarang minimal harus bisa melakukan query dari basis data dan melakukan analisis dengan bahasa seperti R atau Python.,clean_auto,doc_0091_s036,1051,1-1,1,candidate_1_1,unchanged,undetermined,not_assessed,pending_human,routine,,0,150,0,161
doc_0091_s037,doc_0091,Contemporary Media,Blog Articles,labse,1-1,Jadi songon dia?,Jadi bagaimana?,clean_auto,doc_0091_s037,1052,1-1,1,candidate_1_1,unchanged,undetermined,not_assessed,pending_human,routine,,0,16,0,15
doc_0091_s038,doc_0091,Contemporary Media,Blog Articles,labse,1-1,Olo dope karejo di parusahaan na berbasis teknologi?,Masih mau kerja di perusahaan berbasis teknologi?,clean_auto,doc_0091_s038,1053,1-1,1,candidate_1_1,unchanged,undetermined,not_assessed,pending_human,routine,,0,52,0,49
doc_0092_s000,doc_0092,Contemporary Media,Blog Articles,labse,1-1,Lulusan S1 Ilmu Komputer Talua Sian D3?,Lulusan S1 Ilmu Komputer kalah sama D3?,clean_auto,doc_0092_s000,1054,1-1,1,candidate_1_1,unchanged,undetermined,not_assessed,pending_human,routine,,0,39,0,39
doc_0092_s001,doc_0092,Contemporary Media,Blog Articles,labse,1-1,"Dongan-dongan sude... gabe sahalak na naeng lulus jala sarjana ilkom na ditoruon lulus (2007–2013), paluaonku ma pamangmanghu on.",Teman-teman.. sebagai salah satu calon alumni dan sarjana ilkom yang terlambat lulus.. (2007–2013) izinkan saya mengungkapkan pendapat saya..,clean_auto,doc_0092_s001,1055,1-1,1,candidate_1_1,unchanged,undetermined,not_assessed,pending_human,routine,,0,129,0,141
doc_0092_s002,doc_0092,Contemporary Media,Blog Articles,labse,1-1,Inti ni surat na parjolo i sasintongna holan sada do:,inti dari tulisan OP itu sebenernya cuma ini:,clean_auto,doc_0092_s002,1056,1-1,1,candidate_1_1,unchanged,undetermined,not_assessed,pending_human,routine,,0,53,0,45
doc_0092_s003,doc_0092,Contemporary Media,Blog Articles,labse,1-1,Sarjana Komputer: PRAKTEK NOL SITUTU.,Sarjana Komputer : PRAKTEK NOL BESAR.,clean_auto,doc_0092_s003,1057,1-1,1,candidate_1_1,unchanged,undetermined,not_assessed,pending_human,routine,,0,37,0,37
doc_0092_s004,doc_0092,Contemporary Media,Blog Articles,labse,1-1,Jala sude hata-hata manang pasu-pasuan na songon: “Ndada be rahasia ia godang sarjana komputer i holan umboto teori.,Dan semua argumen dan nyinyiran seperti: “Bukan rahasia lagi bahwa banyak sarjana komputer hanya tau teori.,review_ok,doc_0092_s004,1371,1-2,1,structural_1_1_reviewed,legacy_label_corrected,sentence_candidate,medium,pending_human,routine,Teks tersimpan sudah berupa satu unit pada tiap sisi. Label lama dipertahankan pada original_alignment_type. Makna belum divalidasi anotator.,0,116,0,107
doc_0092_s005,doc_0092,Contemporary Media,Blog Articles,labse,1-1,Mambahen program aplikasi nol situtu.,Bikin program aplikasi nol besar.,clean_auto,doc_0092_s005,1058,1-1,1,candidate_1_1,unchanged,undetermined,not_assessed,pending_human,routine,,0,37,0,33
doc_0092_s006,doc_0092,Contemporary Media,Blog Articles,labse,1-1,"Nang pe boi dibahen holan boi diulahon dirina sandiri, jotjot error, jala maol dipagodang.”","Walaupun bisa bikin hanya mampu dioperasikan oleh diri sendiri, sering error, sulit dikembangkan.”",clean_auto,doc_0092_s006,1059,1-1,1,candidate_1_1,unchanged,undetermined,not_assessed,pending_human,routine,,0,91,0,98
doc_0092_s007_a,doc_0092,Contemporary Media,Blog Articles,labse,1-1,"Sasintongna, ndada holan tu sarjana komputer do i.","Sesungguhnya, bukan hanya untuk sarjana komputer saja itu.",review_fix_split,doc_0092_s007_a,1410,2-1,1,structural_1_1_reviewed,legacy_label_corrected,sentence_candidate,medium,pending_human,routine,Teks tersimpan sudah berupa satu unit pada tiap sisi. Label lama dipertahankan pada original_alignment_type. Makna belum divalidasi anotator.,0,50,0,58
doc_0092_s007_b,doc_0092,Contemporary Media,Blog Articles,labse,1-1,I do na masa tu sude jolma na marpanangkoan marhite mananggal di jolo ni komputer laho mambahen barang na balga alai so boi jitahan.,Itulah yang terjadi pada semua orang yang melakukan pencurian (plagiat) melalui mengetik di depan komputer untuk membuat barang yang besar namun tidak bisa dipertahankan.,review_fix_split,doc_0092_s007_b,1411,2-1,1,structural_1_1_reviewed,legacy_label_corrected,sentence_candidate,medium,pending_human,routine,Teks tersimpan sudah berupa satu unit pada tiap sisi. Label lama dipertahankan pada original_alignment_type. Makna belum divalidasi anotator.,0,132,0,170
doc_0092_s008,doc_0092,Contemporary Media,Blog Articles,labse,1-1,"Bikin program aplikasi nol situtu jala holan boi diulahon dirina sandiri, jotjot error, jala maol dipagodang?","Bikin program aplikasi nol besar dan hanya mampu dioperasikan oleh diri sendiri, sering error, sulit dikembangkan?",clean_auto,doc_0092_s008,1060,1-1,1,candidate_1_1,unchanged,undetermined,not_assessed,pending_human,routine,,0,109,0,114
doc_0092_s009,doc_0092,Contemporary Media,Blog Articles,labse,1-1,"Adong do tingki laho tu sude i, dongan!","Memang ada waktunya untuk itu, kawan.",clean_auto,doc_0092_s009,1061,1-1,1,candidate_1_1,unchanged,undetermined,not_assessed,pending_human,routine,,0,39,0,37
doc_0092_s010_a,doc_0092,Contemporary Media,Blog Articles,labse,1-1,Dang ditubuhon hita boi mananggal sapuluh jari sian na metmet.,Kita tidak dilahirkan bisa mengetik sepuluh jari sejak kecil.,review_fix_split,doc_0092_s010_a,1417,2-1,1,structural_1_1_reviewed,legacy_label_corrected,sentence_candidate,medium,pending_human,routine,Teks tersimpan sudah berupa satu unit pada tiap sisi. Label lama dipertahankan pada original_alignment_type. Makna belum divalidasi anotator.,0,62,0,61
doc_0092_s010_b,doc_0092,Contemporary Media,Blog Articles,labse,1-1,Nunga sahat tingkina i?,Sudah sampai waktunya?,review_fix_split,doc_0092_s010_b,1418,2-1,1,structural_1_1_reviewed,legacy_label_corrected,sentence_candidate,medium,pending_human,routine,Teks tersimpan sudah berupa satu unit pada tiap sisi. Label lama dipertahankan pada original_alignment_type. Makna belum divalidasi anotator.,0,23,0,22
doc_0092_s011,doc_0092,Contemporary Media,Blog Articles,labse,1-1,"Ganjang do tingki i, opat taon saleleng hita kuliah (Manang, sarupa songon na masa tu au, onom taon).","Cukup panjang, 4 tahun selama kita kuliah..(Atau dalam kasus saya, 6 tahun).",clean_auto,doc_0092_s011,1062,1-1,1,candidate_1_1,unchanged,undetermined,not_assessed,pending_human,routine,,0,101,0,76
doc_0092_s012,doc_0092,Contemporary Media,Blog Articles,labse,1-1,"Sude tugas besar ni hita, tugas kecil, sude eksperimen marsiajar programming manang framework... disi do tingki na denggan tu sude hasalaan dohot parsiajaran na gabe bekal mamilang hepeng sogot.","Semua tugas besar kita, tugas kecil, semua eksperimen belajar programming atau framework.. disitulah waktu idealnya untuk semua kesalahan dan pelajaran yang bakal jadi bekal cari duit nanti.",clean_auto,doc_0092_s012,1063,1-1,1,candidate_1_1,unchanged,undetermined,not_assessed,pending_human,routine,,0,194,0,190
doc_0092_s013_a,doc_0092,Contemporary Media,Blog Articles,labse,1-1,"Molo boi hupasahat tona, unang ma marnida sian ""Tong eleh ku OB atuh"" manang ""Masa talu sian D3 do hita!"", manang lobi-lobi ""Bisa-bisa na talu sian halak na otodidak"", hurang ture do i dongan!","Jika aku bisa menyampaikan pesan, janganlah melihat dari ""Ah mending kalah sama OB,"" atau ""Masak kita kalah dari D3!"", atau lebih-lebih ""Bisa-bisa kita kalah dari orang yang otodidak"", kurang beres itu kawan!",review_fix_split,doc_0092_s013_a,1438,2-1,1,structural_1_1_reviewed,legacy_label_corrected,sentence_candidate,medium,pending_human,routine,Teks tersimpan sudah berupa satu unit pada tiap sisi. Label lama dipertahankan pada original_alignment_type. Makna belum divalidasi anotator.,0,192,0,208
doc_0092_s013_b__r01,doc_0092,Contemporary Media,Blog Articles,labse,1-1,"Motivasimu lobi tabo begeon molo songon on: sian na idealis ""Au naeng mambahen software na boi dipangke jutaan halak laho mamillang hepeng!"" sahat tu na paling klise: ""Ingkon adong solusi TI na pas tu Indonesia laho patimbulhon hadameon dohot kedaulatan ni bangso"" manang holan ""Holong rohangku tu coding, ndang pola leas rohangku mamillang hepeng sian i!""","Motivasimu lebih enak didengar kalau seperti ini: dari yang idealis ""Aku ingin membuat software yang bisa dipakai jutaan orang untuk menghitung uang!"" sampai yang paling klise: ""Harus ada solusi TI yang pas untuk Indonesia guna meningkatkan kedamaian dan kedaulatan bangsa"" atau sekadar ""Aku suka coding, aku tidak memandang remeh menghitung uang dari sana!""",review_fix_split,doc_0092_s013_b,1439,2-1,1,structural_1_1_reviewed,split_exact_spans,sentence_candidate,high,pending_human,medium,"Pernyataan motivasi, calon judul, dan kalimat sesudahnya dipisahkan. Tanda baca asal dipertahankan. | Kutipan bertingkat masih memerlukan kebijakan tokenisasi dan segmentasi UD.",0,356,0,358
doc_0092_s013_b__r02,doc_0092,Contemporary Media,Blog Articles,labse,1-1,"Portofolio Lobi Ringkot Sian Ijazah,","Portofolio Lebih Penting Dari Ijazah,",review_fix_split,doc_0092_s013_b,1439,2-1,2,structural_1_1_reviewed,split_exact_spans,fragment_or_heading,high,pending_human,medium,"Pernyataan motivasi, calon judul, dan kalimat sesudahnya dipisahkan. Tanda baca asal dipertahankan. | Satu unit berpadanan, bukan klaim satu kalimat lengkap. Tinjau kelayakan UD.",357,393,359,396
doc_0092_s013_b__r03,doc_0092,Contemporary Media,Blog Articles,labse,1-1,"sian pangantusionku, naeng 90% situtu do surat na parjolo i.","dari pemahamanku, kira-kira 90% memang benar tulisan yang pertama itu.",review_fix_split,doc_0092_s013_b,1439,2-1,3,structural_1_1_reviewed,split_exact_spans,sentence_candidate,high,pending_human,routine,"Pernyataan motivasi, calon judul, dan kalimat sesudahnya dipisahkan. Tanda baca asal dipertahankan.",394,454,397,467
doc_0092_s014,doc_0092,Contemporary Media,Blog Articles,labse,1-1,Dunia karejo ingkon ringkot do ijazah i holan gabe syarat mamangke karejo.,Dunia kerja butuh ijazah buat syarat lamaran kerja.,clean_auto,doc_0092_s014,1064,1-1,1,candidate_1_1,unchanged,undetermined,not_assessed,pending_human,routine,,0,74,0,51
doc_0092_s015,doc_0092,Contemporary Media,Blog Articles,labse,unresolved,Alai na um ringkot i ma Portofolio!,Tapi yang paling penting itu portofolio (dan salary expectation). *Ini cerita nyata dari temenku yang pernah liat langsung proses sorting CV setelah acara jobfair beres.,review_ok,doc_0092_s015,1324,1-1,1,needs_review,flag_only,undetermined,undetermined,pending_human,high,Indonesia menambah salary expectation dan cerita penyortiran CV tanpa padanan eksplisit pada Toba.,0,35,0,169
doc_0092_s016,doc_0092,Contemporary Media,Blog Articles,labse,1-1,Godang do di angkatanhu na salah jurusan alai lulus jala gabe Sarjana Komputer.,"Sekarang begini, di angkatan saya banyak banget yang akhirnya ‘salah jurusan’ tapi tetep lulus dan menyandang gelar S.Kom.",clean_auto,doc_0092_s016,1065,1-1,1,candidate_1_1,unchanged,undetermined,not_assessed,pending_human,routine,,0,79,0,122
doc_0092_s018,doc_0092,Contemporary Media,Blog Articles,labse,unresolved,Ndang pola hurippu songon i.,"Nope, I don’t think so.",clean_auto,doc_0092_s018,1066,1-1,1,needs_review,flag_only,undetermined,undetermined,pending_human,high,"Kolom Indonesia berisi Nope, I don’t think so. Perlu keputusan bahasa rujukan.",0,28,0,23
doc_0092_s019,doc_0092,Contemporary Media,Blog Articles,labse,1-1,"Molo hubege carita, ia mahasiswa jurusan akuntansi gabe web programmer na togu jala berprestasi, longang ma rohangku.","Kalau saya denger cerita ada mahasiswa jurusan akuntansi jadi web programmer handal dan berprestasi, saya pasti berdecak kagum.",clean_auto,doc_0092_s019,1067,1-1,1,candidate_1_1,unchanged,undetermined,not_assessed,pending_human,routine,,0,117,0,127
doc_0092_s020,doc_0092,Contemporary Media,Blog Articles,labse,1-1,"Laos, molo sarjana ilmu komputer gabe penyanyi terkenal manang panurat buku na laris, manang pegawai kantoran na gajina lobi Rp 7 juta?","Terus kalau ada sarjana ilmu komputer jadi penyanyi terkenal atau penulis buku best seller, atau mungkin pegawai kantoran dengan gaji di atas 7jt?",clean_auto,doc_0092_s020,1068,1-1,1,candidate_1_1,unchanged,undetermined,not_assessed,pending_human,routine,,0,135,0,146
doc_0092_s021,doc_0092,Contemporary Media,Blog Articles,labse,1-1,"Molo sukses do twist-na, ndang adong na protes.","Kalau twist-nya sukses, kemungkinan gede orang2 ga akan ada yang protes.",clean_auto,doc_0092_s021,1069,1-1,1,candidate_1_1,unchanged,undetermined,not_assessed,pending_human,routine,,0,47,0,72
doc_0092_s022,doc_0092,Contemporary Media,Blog Articles,labse,1-1,Aha do na hurang ture sian na nidokna i?,Apa yang kurang tepat dari yang dikatakannya itu?,review_fix,doc_0092_s022,1337,1-2,1,structural_1_1_reviewed,legacy_label_corrected,sentence_candidate,medium,pending_human,routine,Teks tersimpan sudah berupa satu unit pada tiap sisi. Label lama dipertahankan pada original_alignment_type. Makna belum divalidasi anotator.,0,40,0,49
doc_0092_s023,doc_0092,Contemporary Media,Blog Articles,labse,1-1,Ndang adong gunana marlea-lea halak holan ala strata pendidikan.,Tak ada guna merendahkan orang lain hanya karena strata pendidikan.,clean_auto,doc_0092_s023,1070,1-1,1,candidate_1_1,unchanged,undetermined,not_assessed,pending_human,routine,,0,64,0,67
doc_0092_s024,doc_0092,Contemporary Media,Blog Articles,labse,1-1,"Hata ""Masa talu sian lulusan D3"" i manogu tu pangantusion ia lulusan D3 i ndang patut lobi capable sian lulusan S1.",Pernyataan “Masa kalah sama lulusan D3” itu bagi saya memberi kesan kalau lulusan setara D3 itu tidak layak untuk lebih capable dari lulusan S1.,clean_auto,doc_0092_s024,1071,1-1,1,candidate_1_1,unchanged,undetermined,not_assessed,pending_human,routine,,0,115,0,144
doc_0092_s025,doc_0092,Contemporary Media,Blog Articles,labse,unresolved,Buat ma sude parbinotoan na songon i.,Sekarang hilangkanlah pikiran-pikiran seperti itu. YANG PENTING SEKARANG..,review_ok,doc_0092_s025,1345,1-2,1,needs_review,flag_only,undetermined,undetermined,pending_human,high,Judul YANG PENTING SEKARANG pada Indonesia tampaknya berpadanan dengan awal Toba s026. Periksa dua baris bersama.,0,37,0,74
doc_0092_s026,doc_0092,Contemporary Media,Blog Articles,labse,unresolved,"Na um ringkot nuaeng hamu sude na gumodang dope tingkina, unang ma gabe mabiar salah, unang ma mabiar mamungka.","Kalian yang masih punya banyak waktu, jangan takut salah, jangan takut memulai.",clean_auto,doc_0092_s026,1072,1-1,1,needs_review,flag_only,undetermined,undetermined,pending_human,high,Awal Toba Na um ringkot nuaeng tampaknya berpadanan dengan akhir Indonesia s025.,0,111,0,79
doc_0092_s027,doc_0092,Contemporary Media,Blog Articles,labse,1-1,"Molo boi, unang ma gabe di ujung ni semester 6 manang 7 baru mamungka marpikkir ""Au ndang boi coding"", muse baru ma dipauli mindset ""Au ndang cocok di bidang komputer"".","Kalau bisa, janganlah nanti dipenghujung semester 6 atau 7 kalian baru mulai berpikir ‘saya gak bisa coding’, lalu mulai membangun mindset ‘saya gak cocok di bidang komputer’.",clean_auto,doc_0092_s027,1073,1-1,1,candidate_1_1,unchanged,undetermined,not_assessed,pending_human,routine,,0,168,0,175
doc_0092_s028_a,doc_0092,Contemporary Media,Blog Articles,labse,1-1,"Sian nuaeng pe, praktek... praktek... praktek.","Dari sekarang juga, praktek..praktek..praktek.",review_fix_split,doc_0092_s028_a,1361,1-2,1,structural_1_1_reviewed,legacy_label_corrected,sentence_candidate,medium,pending_human,routine,Teks tersimpan sudah berupa satu unit pada tiap sisi. Label lama dipertahankan pada original_alignment_type. Makna belum divalidasi anotator.,0,46,0,46
doc_0092_s028_b,doc_0092,Contemporary Media,Blog Articles,labse,1-1,"Molo dung 1-5 hali praktek, tutu ma roham ia hamu ndang cocok di bidang komputer, ingkon boi ma hamu mangulahon parsiapan sian na dao-dao, andingan so dibahen skripsi.","Kalau setelah 1-5 praktek (coding, kerjain tugas besar) kalian bener-bener yakin kalian gak cocok di bidang komputer, seenggaknya kalian udah bisa ancang-ancang dari jauh hari sebelum skripsi.",review_fix_split,doc_0092_s028_b,1362,1-2,1,structural_1_1_reviewed,legacy_label_corrected,sentence_candidate,medium,pending_human,routine,Teks tersimpan sudah berupa satu unit pada tiap sisi. Label lama dipertahankan pada original_alignment_type. Makna belum divalidasi anotator.,0,167,0,192
doc_0092_s029,doc_0092,Contemporary Media,Blog Articles,labse,1-1,Gumodang ma tingkimu laho mangalului holong ni roham na tutu.,Kalian bakal punya waktu lebih buat cari passion sejati kalian.,clean_auto,doc_0092_s029,1074,1-1,1,candidate_1_1,unchanged,undetermined,not_assessed,pending_human,routine,,0,61,0,63
doc_0092_s030,doc_0092,Contemporary Media,Blog Articles,labse,1-1,"Boi do langsung mambuat jurusan na asing, manang na diihuthon ma alai ingkon dipaksahon hamu do enjoy di kuliah sahat tu na lulus, dohot skripsi na boi lulus.","Mungkin langsung pindah jurusan, atau mungkin lanjut tapi ya harus paksain enjoy kuliah sampe beres dengan skripsi selulus-lulusnya.",clean_auto,doc_0092_s030,1075,1-1,1,candidate_1_1,unchanged,undetermined,not_assessed,pending_human,routine,,0,158,0,132
doc_0092_s031,doc_0092,Contemporary Media,Blog Articles,labse,1-1,Ingot ndada holan coding do sumber ni rejeki.,"Ingat, sumber rezeki bukan cuma coding!",clean_auto,doc_0092_s031,1076,1-1,1,candidate_1_1,unchanged,undetermined,not_assessed,pending_human,routine,,0,45,0,39
doc_0092_s032,doc_0092,Contemporary Media,Blog Articles,labse,unresolved,Taringot tu Au Sandiri.,Now a bit about my self:,clean_auto,doc_0092_s032,1077,1-1,1,needs_review,flag_only,undetermined,undetermined,pending_human,high,Kolom Indonesia berisi judul berbahasa Inggris. Perlu keputusan bahasa rujukan.,0,23,0,24
doc_0092_s033,doc_0092,Contemporary Media,Blog Articles,labse,unresolved,"- Taon parjolo hupasahat ma au na laho mangalehon tu bidang networking, ala ndang naeng coding jala dao sian matematika.","- Tahun pertama perkuliahan saya langsung deklarasi kalau saya bakal ambil bidang networking, karena gak akan coding!",clean_auto,doc_0092_s033,1078,1-1,1,needs_review,flag_only,undetermined,undetermined,pending_human,high,Frasa Toba tentang menjauhi matematika tidak tampak pada Indonesia. Periksa kesepadanan.,0,120,0,117
doc_0092_s034_a,doc_0092,Contemporary Media,Blog Articles,labse,1-1,Taon paduahon mamungka ma hudok ia au na sala.,Tahun kedua mulailah kukatakan bahwa aku yang salah.,review_fix_split,doc_0092_s034_a,1388,2-1,1,structural_1_1_reviewed,legacy_label_corrected,sentence_candidate,medium,pending_human,routine,Teks tersimpan sudah berupa satu unit pada tiap sisi. Label lama dipertahankan pada original_alignment_type. Makna belum divalidasi anotator.,0,46,0,52
doc_0092_s034_b,doc_0092,Contemporary Media,Blog Articles,labse,1-1,Networking i ringkot do coding dohot matematika.,Networking itu penting selain dari coding dan matematika.,review_fix_split,doc_0092_s034_b,1389,2-1,1,structural_1_1_reviewed,legacy_label_corrected,sentence_candidate,medium,pending_human,routine,Teks tersimpan sudah berupa satu unit pada tiap sisi. Label lama dipertahankan pada original_alignment_type. Makna belum divalidasi anotator.,0,48,0,57
doc_0092_s035,doc_0092,Contemporary Media,Blog Articles,labse,unresolved,- Ujung taon paduahon: Hupauli ma mindset ia au ndang halak komputer.,"- Tahun kedua saya mulai nyadar kalau saya salah, networking butuh coding, butuh matematika (logic mostly).",clean_auto,doc_0092_s035,1079,1-1,1,needs_review,flag_only,undetermined,undetermined,pending_human,high,Indonesia mengulang isi s034_a dan s034_b. Isi Toba s035 tampak pada awal Indonesia s036.,0,69,0,107
doc_0092_s036,doc_0092,Contemporary Media,Blog Articles,labse,unresolved,"Tugas asalasalan, kuliah songon na dung tarsunggul, galau jala sibuk marmeam-meam laho mangalului passion na tutu.","- Akhir tahun kedua saya mulai bikin mindset kalau saya bukan orang komputer, tugas asal-asalan, kuliah sedatangnya(sebangunnya?), galau sibuk bermain dengan dalih mencari passion sejati.",clean_auto,doc_0092_s036,1080,1-1,1,needs_review,flag_only,undetermined,undetermined,pending_human,high,Indonesia mencakup isi Toba s035 serta s036. Perlu penyelarasan lintas baris.,0,114,0,187
doc_0092_s037,doc_0092,Contemporary Media,Blog Articles,labse,unresolved,- Taon patoluhon dapotan au ma songon pencerahan.,"- Tahun ketiga saya dapet semacam pencerahan, saya sadar saya udah ga punya waktu buat pindah jalur, saya harus paksain diri saya buat cinta coding, memaksakan diri supaya tidak mudah terintimidasi dengan rumus-rumus dan algoritma.",review_ok,doc_0092_s037,1325,1-1,1,needs_review,flag_only,undetermined,undetermined,pending_human,high,Indonesia mencakup isi s038_a dan s038_b. Tahan sampai batas pasangan diperbaiki.,0,49,0,231
doc_0092_s038_a,doc_0092,Contemporary Media,Blog Articles,labse,1-1,Husadari ma ia au nunga so adong tingki laho mambuat jalur na asing.,Kusadari bahwa aku sudah tidak punya waktu untuk mengambil jalur yang lain.,review_fix_split,doc_0092_s038_a,1390,2-1,1,structural_1_1_reviewed,legacy_label_corrected,sentence_candidate,medium,pending_human,routine,Teks tersimpan sudah berupa satu unit pada tiap sisi. Label lama dipertahankan pada original_alignment_type. Makna belum divalidasi anotator.,0,68,0,75
doc_0092_s038_b,doc_0092,Contemporary Media,Blog Articles,labse,1-1,"Hupaksahon ma dirihu laho holong roha tu coding, mamaksahon dirihu asa unang gabe mabiar di rumus-rumus dohot algoritma.","Kupaksakanlah diriku untuk mencintai coding, memaksakan diriku agar jangan menjadi takut pada rumus-rumus dan algoritma.",review_fix_split,doc_0092_s038_b,1391,2-1,1,structural_1_1_reviewed,legacy_label_corrected,sentence_candidate,medium,pending_human,routine,Teks tersimpan sudah berupa satu unit pada tiap sisi. Label lama dipertahankan pada original_alignment_type. Makna belum divalidasi anotator.,0,120,0,120
doc_0092_s039,doc_0092,Contemporary Media,Blog Articles,labse,unresolved,- Di taon patoluhon husadari do au nunga toru 1–2 taon.,Tapi disini saya mulai cari bidang yang sreg sama saya.,clean_auto,doc_0092_s039,1081,1-1,1,needs_review,flag_only,undetermined,undetermined,pending_human,high,Isi Toba tentang tertinggal 1-2 tahun tidak sepadan dengan Indonesia tentang mencari bidang yang cocok.,0,55,0,55
doc_0092_s040,doc_0092,Contemporary Media,Blog Articles,labse,unresolved,"Alai dison ma au mamungka mangalului bidang na sreg tu au: desain web, data mining, sistem informasi.","Beberapa diantaranya: desain web, data mining, sistem informasi.",clean_auto,doc_0092_s040,1082,1-1,1,needs_review,flag_only,undetermined,undetermined,pending_human,high,"Awal Toba berpadanan dengan Indonesia s039, daftar bidang dengan Indonesia s040.",0,101,0,64
doc_0092_s041,doc_0092,Contemporary Media,Blog Articles,labse,1-1,"- Taon paopathon hupungka ma skripsingku, marangkak.","- Tahun keempat saya mulai skripsi saya, merangkak.",clean_auto,doc_0092_s041,1083,1-1,1,candidate_1_1,unchanged,undetermined,not_assessed,pending_human,routine,,0,52,0,51
doc_0092_s042,doc_0092,Contemporary Media,Blog Articles,labse,1-1,Marsiajar coding sian parjolo.,Belajar coding dari awal (mungkin bisa disebut otodidak).,clean_auto,doc_0092_s042,1084,1-1,1,candidate_1_1,unchanged,undetermined,not_assessed,pending_human,routine,,0,30,0,57
doc_0092_s043,doc_0092,Contemporary Media,Blog Articles,labse,1-1,- Ujung taon paopathon mamungka ma huida programming i jala huulahon tu angka kuliah naung salpu.,- Akhir tahun keempat saya mulai melihat programming dan menghubung-hubungkannya dengan perkuliahan yang sudah lewat.,clean_auto,doc_0092_s043,1085,1-1,1,candidate_1_1,unchanged,undetermined,not_assessed,pending_human,routine,,0,97,0,117
doc_0092_s044_a,doc_0092,Contemporary Media,Blog Articles,labse,1-1,- Taon palimahon nunga enjoy au coding.,- Tahun kelima aku sudah menikmati coding.,review_fix_split,doc_0092_s044_a,1436,2-1,1,structural_1_1_reviewed,legacy_label_corrected,sentence_candidate,medium,pending_human,routine,Teks tersimpan sudah berupa satu unit pada tiap sisi. Label lama dipertahankan pada original_alignment_type. Makna belum divalidasi anotator.,0,39,0,42
doc_0092_s044_b,doc_0092,Contemporary Media,Blog Articles,labse,1-1,Dang lomo rohangku di dokumen skripsi ala hurippu program lobi ringkot.,Aku tidak suka dokumen skripsi karena kukira program lebih penting.,review_fix_split,doc_0092_s044_b,1437,2-1,1,structural_1_1_reviewed,legacy_label_corrected,sentence_candidate,medium,pending_human,routine,Teks tersimpan sudah berupa satu unit pada tiap sisi. Label lama dipertahankan pada original_alignment_type. Makna belum divalidasi anotator.,0,71,0,67
doc_0092_s045,doc_0092,Contemporary Media,Blog Articles,labse,1-1,- Taon paonomhon sidang ma au.,- Tahun keenam saya akhirnya sidang.,clean_auto,doc_0092_s045,1086,1-1,1,candidate_1_1,unchanged,undetermined,not_assessed,pending_human,routine,,0,30,0,36
doc_0092_s046,doc_0092,Contemporary Media,Blog Articles,labse,1-1,"Jala, dokumen tahe lobi ringkot!",Dan dokumen(skripsi) ternyata lebih penting.,clean_auto,doc_0092_s046,1087,1-1,1,candidate_1_1,unchanged,undetermined,not_assessed,pending_human,routine,,0,32,0,44
doc_0092_s047,doc_0092,Contemporary Media,Blog Articles,labse,1-1,"Program pe ringkot, alai molo dokumen na hurang denggan, program pe gabe ndang ringkot.","Program juga penting, sangat penting, tapi dengan dokumen yang buruk, program jadi tidak penting.",clean_auto,doc_0092_s047,1088,1-1,1,candidate_1_1,unchanged,undetermined,not_assessed,pending_human,routine,,0,87,0,97
doc_0092_s048,doc_0092,Contemporary Media,Blog Articles,labse,1-1,"Skill manurat dokumen skripsi i dapot sian perkuliahan, tugas-tugas makalah manang resume, manjahai paper-paper manang jurnal hata Inggris.","Skill nulis dokumen skripsi itu didapet dari perkuliahan, tugas-tugas makalah atau resume, baca paper-paper atau jurnal bahasa inggris.",clean_auto,doc_0092_s048,1089,1-1,1,candidate_1_1,unchanged,undetermined,not_assessed,pending_human,routine,,0,139,0,135
doc_0092_s049,doc_0092,Contemporary Media,Blog Articles,labse,1-1,"Skill coding i dapot sian praktikum, tugas besar, jala otodidak.","Skill coding itu didapet dari praktikum, tugas besar, dan mostly otodidak.",clean_auto,doc_0092_s049,1090,1-1,1,candidate_1_1,unchanged,undetermined,not_assessed,pending_human,routine,,0,64,0,74
doc_0092_s050,doc_0092,Contemporary Media,Blog Articles,labse,1-1,"I ma, dongan, otodidak!","Betul, my friend, otodidak.",clean_auto,doc_0092_s050,1091,1-1,1,candidate_1_1,unchanged,undetermined,not_assessed,pending_human,routine,,0,23,0,27
doc_0092_s051,doc_0092,Contemporary Media,Blog Articles,labse,1-1,Hata na Togu,Perkataan yang teguh,review_fix,doc_0092_s051,1326,1-1,1,candidate_1_1,unchanged,undetermined,not_assessed,pending_human,routine,,0,12,0,20
doc_0092_s052,doc_0092,Contemporary Media,Blog Articles,labse,1-1,"“Sian nuaeng pe, Google dohot Stackoverflow i ma donganmu na togu!”","“Mulai sekarang, Google dan Stackoverflow adalah sahabatmu”",clean_auto,doc_0092_s052,1092,1-1,1,candidate_1_1,unchanged,undetermined,not_assessed,pending_human,routine,,0,67,0,59
doc_0093_s000,doc_0093,Contemporary Media,Blog Articles,labse,1-1,Akka Dalan Ni Parkarejoan tu Lulusan Ilmu Komputer,Opsi Pekerjaan untuk Lulusan Ilmu Komputer,clean_auto,doc_0093_s000,1093,1-1,1,candidate_1_1,unchanged,undetermined,not_assessed,pending_human,routine,,0,50,0,42
doc_0093_s001,doc_0093,Contemporary Media,Blog Articles,labse,1-1,"Parbinotoan taringot tu Ilmu Komputer manang Teknik Informatika, atik beha maol do diboto godang ni akka namatua.",Bidang Ilmu Komputer/Teknik Informatika mungkin bukan menjadi jurusan yang umum bagi beberapa orang tua.,clean_auto,doc_0093_s001,1094,1-1,1,candidate_1_1,unchanged,undetermined,not_assessed,pending_human,routine,,0,113,0,104
doc_0093_s002,doc_0093,Contemporary Media,Blog Articles,labse,1-1,Ndang pola godang natua tua na mangalehon tona tu anakkonna laho masuk tu jurusan on ala so diboto nasida parbinotoan on.,Saya rasa tidak banyak juga orang tua yang merekomendasikan anaknya untuk masuk ke jurusan ini karena ketidaktahuan akan bidang ilmu ini.,clean_auto,doc_0093_s002,1095,1-1,1,candidate_1_1,unchanged,undetermined,not_assessed,pending_human,routine,,0,121,0,137
doc_0093_s003,doc_0093,Contemporary Media,Blog Articles,labse,1-1,Godang do muse sisean SMA na naeng masuk parsikkolaan na timbo manang mahasiswa na imbaru na so umboto “goar ni ulaon” na boi siulahonon ni nasida dung lulus sian Ilmu Komputer.,Saya juga menemukan banyak siswa SMA yang akan masuk universitas atau pun juga mahasiswa baru yang tidak memahami “job title” yang mungkin mereka jalani setelah lulus dari jurusan Ilmu Komputer.,clean_auto,doc_0093_s003,1096,1-1,1,candidate_1_1,unchanged,undetermined,not_assessed,pending_human,routine,,0,177,0,194
doc_0093_s004,doc_0093,Contemporary Media,Blog Articles,labse,1-1,"Dohot lam tu majuna teknologi nuaeng, lulusan sian Ilmu Komputer/Teknik Informatika ndada holan gabe pandohan program (programmer) sambing.","Dengan semakin berkembangnya teknologi, lulusan dari jurusan Ilmu Komputer/Teknik Infomatika tidak hanya sekadar menjadi programmer.",clean_auto,doc_0093_s004,1097,1-1,1,candidate_1_1,unchanged,undetermined,not_assessed,pending_human,routine,,0,139,0,132
doc_0093_s005,doc_0093,Contemporary Media,Blog Articles,labse,1-1,On ma piga-piga dalan ni ulaon na boi pilion ni nasida:,Berikut ini adalah beberapa opsi pekerjaan yang bisa dipilih oleh lulusan Ilmu Komputer/Teknik Informatika.,clean_auto,doc_0093_s005,1098,1-1,1,candidate_1_1,unchanged,undetermined,not_assessed,pending_human,routine,,0,55,0,107
doc_0093_s008,doc_0093,Contemporary Media,Blog Articles,labse,1-1,"Sian panangkasan na binoan ni LinkedIn, ulaon Pandongan Tudosan i ma sada ulaon na ringkot situtu di tingki na naeng ro.","Menurut penelitian dari LinkedIn, pekerjaan sebagai interaction designer merupakan salah satu pekerjaan yang paling dibutuhkan di masa depan.",clean_auto,doc_0093_s008,1099,1-1,1,candidate_1_1,unchanged,undetermined,not_assessed,pending_human,routine,,0,120,0,141
doc_0093_s009_a,doc_0093,Contemporary Media,Blog Articles,labse,1-1,"Lelengna, ulaon on ma na mangarancang rupa ni parbuaton na laho dipangke ni pangalehon laho mambahen pardongan-dongan.","Seiring waktu, pekerjaan inilah yang merancang rupa dari produk yang akan dipakai oleh pengguna untuk menjalin koneksi.",review_fix_split,doc_0093_s009_a,1398,2-1,1,structural_1_1_reviewed,legacy_label_corrected,sentence_candidate,medium,pending_human,routine,Teks tersimpan sudah berupa satu unit pada tiap sisi. Label lama dipertahankan pada original_alignment_type. Makna belum divalidasi anotator.,0,118,0,119
doc_0093_s009_b,doc_0093,Contemporary Media,Blog Articles,labse,1-1,"Molo parbuaton teknologi i ma aplikasi na ditaruhon, pandongan tudosan i ma na mangarancang antarmuka na mura pangkeon ni jolma.","Jika produk teknologi itu adalah aplikasi yang ditawarkan, pendamping sepadan adalah yang merancang antarmuka yang mudah dipakai oleh manusia.",review_fix_split,doc_0093_s009_b,1399,2-1,1,structural_1_1_reviewed,legacy_label_corrected,sentence_candidate,medium,pending_human,routine,Teks tersimpan sudah berupa satu unit pada tiap sisi. Label lama dipertahankan pada original_alignment_type. Makna belum divalidasi anotator.,0,128,0,142
doc_0093_s010,doc_0093,Contemporary Media,Blog Articles,labse,unresolved,"Alai nuaeng, godang do ragam ni parbuaton teknologi: aplikasi na ditaruhon, jaring-jaring, hori ni tangan, sambiluluan, sahat tu parangkatan na togu (hardware - TV, robot, palito, dohot na asing).","Bila produk teknologi yang dibuat adalah aplikasi mobile maka interaction designer bertugas untuk merancang desain antarmuka (user interface) yang mudah digunakan oleh pengguna, tetapi saat ini produk teknologi memiliki banyak bentuk, seperti aplikasi mobile, website, jam tangan, kaca mata, bahkan hingga hardware (TV, robot, lampu, dan lain-lain).",clean_auto,doc_0093_s010,1100,1-1,1,needs_review,flag_only,undetermined,undetermined,pending_human,high,Awal Indonesia mengulang informasi Toba s009_b. Isi Toba s010 baru dimulai pada tetapi saat ini.,0,196,0,349
doc_0093_s011,doc_0093,Contemporary Media,Blog Articles,labse,1-1,"Pangantusion na ringkot: Dasar ni pardongan-dongan ni jolma, dongan ni rupa, dohot pardongan-dongan di parjolo.","Pemahaman yang harus dimiliki oleh interaction designer adalah dasar-dasar interaksi manusia, interface design, dan pemprograman antar muka (front-end).",clean_auto,doc_0093_s011,1101,1-1,1,candidate_1_1,unchanged,undetermined,not_assessed,pending_human,routine,,0,111,0,152
doc_0093_s012,doc_0093,Contemporary Media,Blog Articles,labse,unresolved,Godang do parusahaan imbaru (startup) nuaeng na mambukka lowongan tu ulaon on.,"Beberapa startup saat ini juga membuka lowongan untuk pekerjaan ini. Seperti Traveloka, Bukalapak, Tokopedia, dan sebagainya.",review_ok,doc_0093_s012,1349,1-2,1,needs_review,flag_only,undetermined,undetermined,pending_human,high,"Daftar Traveloka, Bukalapak, Tokopedia hanya muncul pada Indonesia. Padanan Toba tidak tersedia di baris ini.",0,78,0,125
doc_0093_s015,doc_0093,Contemporary Media,Blog Articles,labse,1-1,Bidang on ma sada bidang na so pola leas di parusahaan imbaru di Indonesia manang di luat na asing.,Bidang ini merupakan salah satu bidang yang sedang hangat di dunia startup baik di Indonesia maupun di luar negeri.,clean_auto,doc_0093_s015,1102,1-1,1,candidate_1_1,unchanged,undetermined,not_assessed,pending_human,routine,,0,99,0,115
doc_0093_s016,doc_0093,Contemporary Media,Blog Articles,labse,1-1,"Songon goarna, Pandongan Habaran i ma na mananggungjawabi asa pangalehon i dapotan habaran na denggan tingki manggunaon sada parbuaton.","Seperti namanya, UX designer bertanggung jawab untuk memastikan pengguna (user) memiliki pengalaman yang baik dalam menggunakan suatu produk.",clean_auto,doc_0093_s016,1103,1-1,1,candidate_1_1,unchanged,undetermined,not_assessed,pending_human,routine,,0,135,0,141
doc_0093_s017,doc_0093,Contemporary Media,Blog Articles,labse,1-1,Ulaon on ma sada parsahamian (posisi) na ringkot di parusahaan teknologi tu taon-taon na naeng ro.,Pekerjaan ini merupakan salah satu posisi yang penting di suatu perusahaan teknologi (dan kemungkinan di perusahaan bidang lain) pada tahun-tahun ke depan.,clean_auto,doc_0093_s017,1104,1-1,1,candidate_1_1,unchanged,undetermined,not_assessed,pending_human,routine,,0,98,0,155
doc_0093_s018,doc_0093,Contemporary Media,Blog Articles,labse,1-1,"Ulaon siganup ari mangulahon pangujian pikkiran ni parbuaton, mangarancang dalan ni pangunaan ni parbuaton, manganalisis pangunaan ni parbuaton, jala mangulahon pangujian ragam ni parbuaton tu pangalehon.","Beberapa pekerjaan sehari-sehari dari seorang UX Designer, di antaranya seperti melakukan pengujian ide produk, merancang alur penggunaan produk, melakukan analisis penggunaan produk, dan melakukan pengujian fitur produk kepada pengguna.",clean_auto,doc_0093_s018,1105,1-1,1,candidate_1_1,unchanged,undetermined,not_assessed,pending_human,routine,,0,204,0,237
doc_0093_s019,doc_0093,Contemporary Media,Blog Articles,labse,1-1,Inti na mangarancang jala manguji parbuaton.,"Secara singkat, sebenarnya tugas dari seorang UX Designer adalah merancang dan menguji produk.",clean_auto,doc_0093_s019,1106,1-1,1,candidate_1_1,unchanged,undetermined,not_assessed,pending_human,medium,"Rasio panjang >=2 dengan sisi terpanjang >=10 unit spasi. Ini indikator pemeriksaan, bukan bukti salah terjemahan.",0,44,0,94
doc_0093_s020,doc_0093,Contemporary Media,Blog Articles,labse,1-1,"Hata “habaran” i mangulahon godang ragam, songon: sonang, hatop, gampang, lanjar parbuaton i tingki dipangke pangalehon.","Kata “experience” memang melibatkan banyak hal, seperti kenyamanan, kecepatan, kemudahan, kelancaran suatu produk ketika digunakan oleh pengguna.",clean_auto,doc_0093_s020,1107,1-1,1,candidate_1_1,unchanged,undetermined,not_assessed,pending_human,routine,,0,120,0,145
doc_0093_s021,doc_0093,Contemporary Media,Blog Articles,labse,1-1,"Hatauon na ringkot hatauon manganalisis data, statistika data, pardongan-dongan (ingkon godang do marhata-hata tu pangalehon), dohot hatauon dongan ni rupa/kesenian.","Kemampuan yang penting adalah kemampuan menganalisis data, statistika data, persahabatan/komunikasi (harus banyak berbicara untuk meyakinkan orang), dan kemampuan seni rupa/kesenian.",review_fix,doc_0093_s021,1344,1-2,1,structural_1_1_reviewed,legacy_label_corrected,sentence_candidate,medium,pending_human,routine,Teks tersimpan sudah berupa satu unit pada tiap sisi. Label lama dipertahankan pada original_alignment_type. Makna belum divalidasi anotator.,0,165,0,182
doc_0093_s024,doc_0093,Contemporary Media,Blog Articles,labse,1-1,Ulaon on ma na masuk tusi situtu di portibi teknologi dua taon na salpu.,Pekerjaan ini benar-benar sedang hits di dunia teknologi dua tahun terakhir.,clean_auto,doc_0093_s024,1108,1-1,1,candidate_1_1,unchanged,undetermined,not_assessed,pending_human,routine,,0,72,0,76
doc_0093_s025,doc_0093,Contemporary Media,Blog Articles,labse,1-1,"Dohot lam godangna partiga-tigaan elektronik, aplikasi na ditaruhon, dohot parjualan na so marnida jolma, lam maol ma halak na boi di bidang Parbinoto Data on.","Dengan semakin maraknya e-commerce, aplikasi mobile, dan transaksi online maka pekerja di bidang data scientist menjadi semakin sulit untuk dicari.",clean_auto,doc_0093_s025,1109,1-1,1,candidate_1_1,unchanged,undetermined,not_assessed,pending_human,routine,,0,159,0,147
doc_0093_s026,doc_0093,Contemporary Media,Blog Articles,labse,1-1,"Sian huparsinta au, parbinotoan di bidang parbinoto data i maol do marsiajarhon.","Menurut saya pribadi, ilmu di bidang data science memang sulit untuk dipelajari.",clean_auto,doc_0093_s026,1110,1-1,1,candidate_1_1,unchanged,undetermined,not_assessed,pending_human,routine,,0,80,0,80
doc_0093_s027,doc_0093,Contemporary Media,Blog Articles,labse,1-1,"Molo lomo rohamu di bidang on, ingkon gumodang ma marsiajar taringot tu Martitik dohot Statistika.","Jika kamu tertarik di bidang ini, maka kamu akan belajar banyak hal tentang matematika dan statistika.",clean_auto,doc_0093_s027,1111,1-1,1,candidate_1_1,unchanged,undetermined,not_assessed,pending_human,routine,,0,98,0,102
doc_0093_s028,doc_0093,Contemporary Media,Blog Articles,labse,1-1,"Ulaonmu mangolah godang data, manganalisis, jala di ujungna mambahen hasimpulan ni barita na ringkot tu lam tu majuna parusahaan manang gabe patujolo ni uhum di parusahaan.","Kamu akan bekerja untuk mengolah banyak data, menganilisisnya, dan akhirnya dapat menyimpulkan informasi yang penting bagi kemajuan perusahaan ataupun sebagai salah satu penentu keputusan di perusahaan.",clean_auto,doc_0093_s028,1112,1-1,1,candidate_1_1,unchanged,undetermined,not_assessed,pending_human,routine,,0,172,0,202
doc_0093_s029,doc_0093,Contemporary Media,Blog Articles,labse,1-1,Tudosan ni parsoalan na dialusi Parbinoto Data:,Kira-kira ini adalah beberapa permasalahan bisnis yang diselesaikan oleh pekerjaan data scientist :,clean_auto,doc_0093_s029,1113,1-1,1,candidate_1_1,unchanged,undetermined,not_assessed,pending_human,routine,,0,47,0,99
doc_0093_s030,doc_0093,Contemporary Media,Blog Articles,labse,1-1,- Parbuaton aha na lobi disomba naposo di luat Jabodetabek?,- Produk apa yang paling disukai oleh anak muda di daerah Jabodetabek?,clean_auto,doc_0093_s030,1114,1-1,1,candidate_1_1,unchanged,undetermined,not_assessed,pending_human,routine,,0,59,0,70
doc_0093_s031,doc_0093,Contemporary Media,Blog Articles,labse,1-1,"- Di taon na naeng ro, sadia balga do pangaluaran ni parusahaan?",- Di tahun depan penjualan perusahaan akan sebesar apa ya?,clean_auto,doc_0093_s031,1115,1-1,1,candidate_1_1,unchanged,undetermined,not_assessed,pending_human,routine,,0,64,0,58
doc_0093_s032,doc_0093,Contemporary Media,Blog Articles,labse,1-1,Asa boi ta sangka sadia balga parsimpanan na ingkon tambahanta.,Jadi kita bisa prediksi harus nambah gudang seberapa besar.,clean_auto,doc_0093_s032,1116,1-1,1,candidate_1_1,unchanged,undetermined,not_assessed,pending_human,routine,,0,63,0,59
doc_0093_s033,doc_0093,Contemporary Media,Blog Articles,labse,unresolved,- Lobi disomba pangalehon do solu on sambil-sambil manang sambil-tambil?,- Kira-kira pengguna kita lebih suka kalau tombol ini warna merah atau orange ya?,clean_auto,doc_0093_s033,1117,1-1,1,needs_review,flag_only,undetermined,undetermined,pending_human,high,Periksa istilah tombol dan warna merah/oranye. Kesepadanan leksikal Toba tidak cukup jelas untuk diputuskan otomatis.,0,72,0,81
doc_0093_s034,doc_0093,Contemporary Media,Blog Articles,labse,1-1,"- Parjualan ni hita i, pukul sadia do na paling ture?",- Transaksi kita tuh paling efektif jam berapa sampai jam berapa sih?,clean_auto,doc_0093_s034,1118,1-1,1,candidate_1_1,unchanged,undetermined,not_assessed,pending_human,routine,,0,53,0,69
doc_0093_s035,doc_0093,Contemporary Media,Blog Articles,labse,1-1,Tarbayang do sadia ringkot ni ulaon on tu sada parusahaan?,Terbayangkah seberapa pentingnya pekerjaan ini bagi sebuah perusahaan?,review_fix,doc_0093_s035,1342,1-2,1,structural_1_1_reviewed,legacy_label_corrected,sentence_candidate,medium,pending_human,routine,Teks tersimpan sudah berupa satu unit pada tiap sisi. Label lama dipertahankan pada original_alignment_type. Makna belum divalidasi anotator.,0,58,0,70
doc_0093_s037,doc_0093,Contemporary Media,Blog Articles,labse,1-1,Parangan Marsiajar Mesin,Machine Learning Engineer,clean_auto,doc_0093_s037,1119,1-1,1,candidate_1_1,unchanged,undetermined,not_assessed,pending_human,routine,,0,24,0,25
doc_0093_s038,doc_0093,Contemporary Media,Blog Articles,labse,1-1,Parbuaton na pantun nuaeng ro do sian tangan ni Parangan Marsiajar Mesin.,Produk-produk canggih masa kini berasal dari tangan para machine learning engineer.,clean_auto,doc_0093_s038,1120,1-1,1,candidate_1_1,unchanged,undetermined,not_assessed,pending_human,routine,,0,73,0,83
doc_0093_s039,doc_0093,Contemporary Media,Blog Articles,labse,1-1,"Molo hea hamu manggunaon aplikasi Google Now, Snapchat, Siri, manang SimSimi, nunga hea hamu manggunaon parbuaton ni marsiajar mesin.","Kalau kamu pernah pakai aplikasi Google Now, Snapchat, Siri, atau bahkan SimSimi kamu baru saja menggunakan produk dari machine learning.",clean_auto,doc_0093_s039,1121,1-1,1,candidate_1_1,unchanged,undetermined,not_assessed,pending_human,routine,,0,133,0,137
doc_0093_s040,doc_0093,Contemporary Media,Blog Articles,labse,1-1,"Lelengna, marsiajar mesin i mambahen parbuaton teknologi boi diajari jala di ujungna gabe sian di sada hal.","Secara sederhana, machine learning membuat produk teknologi dapat dilatih dan akhirnya ahli dalam melakukan sesuatu.",clean_auto,doc_0093_s040,1122,1-1,1,candidate_1_1,unchanged,undetermined,not_assessed,pending_human,routine,,0,107,0,116
doc_0093_s041,doc_0093,Contemporary Media,Blog Articles,labse,1-1,Parangan Marsiajar Mesin i ma na mangarancang “utok-utok” ni parbuaton i asa boi marsiajar jala gabe sian.,Machine Learning Engineer bertugas untuk merancang “otak” dari produk tersebut sehingga bisa belajar dan akhirnya ahli.,clean_auto,doc_0093_s041,1123,1-1,1,candidate_1_1,unchanged,undetermined,not_assessed,pending_human,routine,,0,106,0,119
doc_0093_s042,doc_0093,Contemporary Media,Blog Articles,labse,1-1,"Ulaonmu: Mangembangkan algoritma na solhot na laho diajari torus-torusan, dung i manganalisis laho marnida bagian dia na ingkon di dipadenggan sahat tu na tubu parbuaton na lam denggan.","Machine Learning Engineer akan mengembangkan suatu algoritma rumit yang akan dilatih terus-menerus, kemudian melakukan anilisis untuk melihat bagian mana yang akan diperbaiki efektivitasnya hingga menghasilkan produk yang semakin baik.",clean_auto,doc_0093_s042,1124,1-1,1,candidate_1_1,unchanged,undetermined,not_assessed,pending_human,routine,,0,185,0,235
doc_0093_s043,doc_0093,Contemporary Media,Blog Articles,labse,1-1,"Sarupa songon Parbinoto Data, ulaon on ringkot do hatauon di Martitik, Statistika, pangolahan data, jala hurippu ringkot situtu tahi.","Sama seperti data scientist, pekerjaan ini membutuhkan keahlian dalam matematika, statistika, pengolahan data, dan saya rasa sangat membutuhkan kreativitas.",clean_auto,doc_0093_s043,1125,1-1,1,candidate_1_1,unchanged,undetermined,not_assessed,pending_human,routine,,0,133,0,156
doc_0093_s044,doc_0093,Contemporary Media,Blog Articles,labse,1-1,"Ndang pola godang parusahaan Indonesia na mambukka lowongan on nuaeng, alai pos ma roham, ulaon on ringkot situtu di lima taon na naeng ro.","Tidak banyak perusahaan Indonesia yang membuka lowongan ini, bahkan saya tidak bisa menunjukkan suatu perusahaan yang membuka lowongannya, tapi percayalah pekerjaan ini akan sangat dibutuhkan dalam lima tahun ke depan.",clean_auto,doc_0093_s044,1126,1-1,1,candidate_1_1,unchanged,undetermined,not_assessed,pending_human,routine,,0,139,0,218
doc_0093_s045,doc_0093,Contemporary Media,Blog Articles,labse,1-1,"Molo hamu sisean na naeng masuk parsikkolaan na timbo, mahasiswa na imbaru, manang ompu-ompu na naeng pamasuk anakkonna tu parsikkolaan na timbo, saranku i ma: Marnida ma hamu prospek ulaon di tingki na naeng ro dung lulus sian parsikkolaan na timbo.","Jika kamu merupakan siswa yang akan segera masuk universitas, mahasiswa baru, atau orang tua yang akan memasukkan anaknya ke universitas, saya sarankan ada baiknya untuk melihat prospek pekerjaan masa depan setelah lulus dari universitas.",clean_auto,doc_0093_s045,1127,1-1,1,candidate_1_1,unchanged,undetermined,not_assessed,pending_human,routine,,0,250,0,238
doc_0093_s046,doc_0093,Contemporary Media,Blog Articles,labse,1-1,Lului ma barita taringot tu opat ulaon na di ginjang i molo lomo rohamu masuk tu jurusan Ilmu Komputer/Teknik Informatika.,Silahkan cari informasi tentang empat pekerjaan di atas apabila tertarik untuk memasuki jurusan Ilmu Komputer/Teknik Informatika.,clean_auto,doc_0093_s046,1128,1-1,1,candidate_1_1,unchanged,undetermined,not_assessed,pending_human,routine,,0,122,0,129
doc_0094_s000,doc_0094,Contemporary Media,Blog Articles,labse,1-1,"Surat Taringot tu Dua Hasomalan, Dua Dalan Holong","Tulisan Tentang Dua Budaya, Dua Bahasa Cinta",clean_auto,doc_0094_s000,1129,1-1,1,candidate_1_1,unchanged,undetermined,not_assessed,pending_human,routine,,0,49,0,44
doc_0094_s001,doc_0094,Contemporary Media,Blog Articles,labse,1-1,"Saleleng na naeng sahat tu 15 taon au mangalele tu Yogyakarta, didongani dongan na sian Jawa, ndang hea huarsak au marsaor.","Selama hampir 15 tahun aku merantau ke Jogja, dikelilingi teman-teman bersuku Jawa, aku tidak pernah merasa kesulitan beradaptasi.",clean_auto,doc_0094_s001,1130,1-1,1,candidate_1_1,unchanged,undetermined,not_assessed,pending_human,routine,,0,123,0,130
doc_0094_s002,doc_0094,Contemporary Media,Blog Articles,labse,1-1,"Sai songon au sandiri do au na dipagodang di sundut Batak, alai sai boi do au marlondong di siganup ari na gok parange na uli.","Aku tetap menjadi diriku yang dibesarkan dalam keluarga Batak, sambil tetap bisa berbaur dalam keseharian yang penuh unggah-ungguh.",clean_auto,doc_0094_s002,1131,1-1,1,candidate_1_1,unchanged,undetermined,not_assessed,pending_human,routine,,0,126,0,131
doc_0094_s003,doc_0094,Contemporary Media,Blog Articles,labse,1-1,"Huparsinta au, sude na denggan do.","Kupikir, semua baik-baik saja.",clean_auto,doc_0094_s003,1132,1-1,1,candidate_1_1,unchanged,undetermined,not_assessed,pending_human,routine,,0,34,0,30
doc_0094_s004,doc_0094,Contemporary Media,Blog Articles,labse,1-1,"Huparsinta au, parsadaan ni bangso ndang gabe parsoalan saleleng hita marsiamian.","Kupikir, perbedaan budaya tak akan jadi soal selama kita saling menghormati.",clean_auto,doc_0094_s004,1133,1-1,1,candidate_1_1,unchanged,undetermined,not_assessed,pending_human,routine,,0,81,0,76
doc_0094_s005,doc_0094,Contemporary Media,Blog Articles,labse,1-1,"Ai andorang so mangalele pe au, ngolu di pardonganan na marragam do au, marragam do bangso di humaliang ni au.","Toh, sebelum merantau pun aku hidup di lingkungan multikultural, perbedaan suku yang beragam di sekitarku.",clean_auto,doc_0094_s005,1134,1-1,1,candidate_1_1,unchanged,undetermined,not_assessed,pending_human,routine,,0,110,0,106
doc_0094_s006,doc_0094,Contemporary Media,Blog Articles,labse,1-1,Alai dua taon parpudi paubahon panindangonku.,Tapi dua tahun terakhir mengubah pandanganku.,clean_auto,doc_0094_s006,1135,1-1,1,candidate_1_1,unchanged,undetermined,not_assessed,pending_human,routine,,0,45,0,45
doc_0094_s007,doc_0094,Contemporary Media,Blog Articles,labse,1-1,"Laho parjolo sahali, huida secara sasintongna sadia balga ni parsadaan i mardomuan bangso Jawa dohot bangso na sian ni au.","Untuk pertama kalinya, aku melihat secara nyata betapa besar perbedaan antara budaya Jawa dan budaya dari suku asalku.",clean_auto,doc_0094_s007,1136,1-1,1,candidate_1_1,unchanged,undetermined,not_assessed,pending_human,routine,,0,122,0,118
doc_0094_s008,doc_0094,Contemporary Media,Blog Articles,labse,1-1,"Parjolo ndang pola huparduli au, sahat tu parsadaan i mamungka manginona uhum-uhum na balga di ngolu.","Awalnya aku tak peduli, hingga perbedaan itu mulai memengaruhi keputusan-keputusan besar dalam hidup.",clean_auto,doc_0094_s008,1137,1-1,1,candidate_1_1,unchanged,undetermined,not_assessed,pending_human,routine,,0,101,0,101
doc_0094_s009,doc_0094,Contemporary Media,Blog Articles,labse,1-1,Jala sian i ma au mamungka marsungkun-sungkun: na tutu do parsadaan on boi gabe paralang-alangan?,Dan dari sanalah aku mulai bertanya-tanya: apakah benar perbedaan ini bisa menjadi penghalang?,clean_auto,doc_0094_s009,1138,1-1,1,candidate_1_1,unchanged,undetermined,not_assessed,pending_human,routine,,0,97,0,94
doc_0094_s010,doc_0094,Contemporary Media,Blog Articles,labse,1-1,"Hata, Hajongjongan, dohot Dame di Bangso Jawa","Bahasa, Martabat, dan Harmoni dalam Budaya Jawa",clean_auto,doc_0094_s010,1139,1-1,1,candidate_1_1,unchanged,undetermined,not_assessed,pending_human,routine,,0,45,0,47
doc_0094_s011,doc_0094,Contemporary Media,Blog Articles,labse,1-1,"Secara bangso, Jawa masuk tu budaya konteks na timbo na manjunjung timbo dame, parange na uli, dohot “pajaga rupa” nang pe di pardongan-dongan siganup ari ni sundut dohot pardonganan.","Secara budaya, Jawa termasuk high-context culture yang menjunjung tinggi harmoni, rasa hormat (urmat), dan “face-saving” bahkan dalam komunikasi harian keluarga dan masyarakat.",clean_auto,doc_0094_s011,1140,1-1,1,candidate_1_1,unchanged,undetermined,not_assessed,pending_human,routine,,0,183,0,176
doc_0094_s012,doc_0094,Contemporary Media,Blog Articles,labse,1-1,"On ma na pinatolhas secara parhataan: di ulahon tingkat ni hata Jawa ngoko, madya, dohot krama, gampang dida songon dia tubu tingkat-tingkat ni pardonganan marhite hata.","Ini juga terbukti secara linguistik: dalam praktik level bahasa Jawa oro krama ngoko, madya, dan krama mudah terlihat bagaimana stratifikasi sosial ditegakkan lewat bahasa.",clean_auto,doc_0094_s012,1141,1-1,1,candidate_1_1,unchanged,undetermined,not_assessed,pending_human,routine,,0,169,0,172
doc_0094_s013,doc_0094,Contemporary Media,Blog Articles,labse,1-1,"Panangkasan na binoan ni Sumekto dohot dongan patolhashon ia di pangidoan-sungkun-sungkun na formal, jolma Jawa mansai olo manggunaon dalan na so langsung, lumobi tingki ingkon marsangap na umbalga manang ruas na marhuaso.","Penelitian by Sumekto dkk. (2024) menunjukkan bahwa dalam permintaan-pertanyaan formal, orang Jawa cenderung menggunakan strategi tidak langsung, terutama saat harus menghormati senior atau pihak yang berwibawa.",clean_auto,doc_0094_s013,1142,1-1,1,candidate_1_1,unchanged,undetermined,not_assessed,pending_human,routine,,0,222,0,211
doc_0094_s014,doc_0094,Contemporary Media,Blog Articles,labse,1-1,"Olo do ditulakkon nasida tawaran i parjolo hape dijalo di ujungna, gabe parange marsangap tu parasaan ni panggalehon.","Mereka menolak tawaran lebih dulu baru menerima, sebagai bentuk menghormati perasaan pemberi.",clean_auto,doc_0094_s014,1143,1-1,1,candidate_1_1,unchanged,undetermined,not_assessed,pending_human,routine,,0,117,0,93
doc_0094_s015,doc_0094,Contemporary Media,Blog Articles,labse,1-1,"Togu ni Parsoalan, Parsadaan, dohot Hatauon na Langsung di Bangso Batak","Ketegasan, Kesetaraan, dan Nilai Langsung dalam Budaya Batak",clean_auto,doc_0094_s015,1144,1-1,1,candidate_1_1,unchanged,undetermined,not_assessed,pending_human,routine,,0,71,0,60
doc_0094_s016,doc_0094,Contemporary Media,Blog Articles,labse,1-1,"Di bangso Batak, hatauon sapanganon dohot parhataan na togu ringkot situtu dijunjung.","Dalam budaya Batak, nilai egalitarian dan keterusterangan sangat dijunjung.",clean_auto,doc_0094_s016,1145,1-1,1,candidate_1_1,unchanged,undetermined,not_assessed,pending_human,routine,,0,85,0,75
doc_0094_s017,doc_0094,Contemporary Media,Blog Articles,labse,1-1,"Sian turian pardongan-dongan marlumba bangso, bangso Batak lobi budaya konteks na toru: barita i dipauli secara langsung gabe parange marsangap dohot kejujuran.","Berdasarkan teori komunikasi lintas budaya, kultur Batak lebih low-context: pesan disampaikan dengan langsung sebuah bentuk penghormatan dan kejujuran.",clean_auto,doc_0094_s017,1146,1-1,1,candidate_1_1,unchanged,undetermined,not_assessed,pending_human,routine,,0,160,0,151
doc_0094_s018,doc_0094,Contemporary Media,Blog Articles,labse,1-1,"Panangkasan taringot tu parsaoran ni mahasiswa Batak di Semarang patolhashon ia pola pardongan-dongan na langsung on manogu tu gabe longang roha di bangso na asing—lumobi taringot tu manulak tawaran, mamillit hata, dohot mambahen uhum.","Penelitian tentang adaptasi mahasiswa Batak di Semarang juga menunjukkan bahwa pola komunikasi langsung ini memicu culture shock—terutama soal menolak tawaran, memilih kata-kata, dan membuat keputusan.",clean_auto,doc_0094_s018,1147,1-1,1,candidate_1_1,unchanged,undetermined,not_assessed,pending_human,routine,,0,235,0,201
doc_0094_s019,doc_0094,Contemporary Media,Blog Articles,labse,1-1,Ulahon Siganup Ari: Sian Manulak Sude Panganan sahat tu Parhataan,Praktik Sehari-hari: Dari Menolak Makanan hingga Nada Bicara,clean_auto,doc_0094_s019,1148,1-1,1,candidate_1_1,unchanged,undetermined,not_assessed,pending_human,routine,,0,65,0,60
doc_0094_s020,doc_0094,Contemporary Media,Blog Articles,labse,1-1,"Songon umpama, di siganup ari, sundut Batak nunga som marhata-hata secara langsung jala sahat tusi hal na diharapkon gabe kejujuran dohot parhaongan.","Misalnya, dalam keseharian, keluarga Batak terbiasa untuk berbicara secara langsung dan to the point hal yang dianggap sebagai kejujuran dan keterbukaan.",clean_auto,doc_0094_s020,1149,1-1,1,candidate_1_1,unchanged,undetermined,not_assessed,pending_human,routine,,0,149,0,153
doc_0094_s021,doc_0094,Contemporary Media,Blog Articles,labse,1-1,"Di pardomuan na asing, bangso Jawa lobi manghorhon tu parange na uli dohot hapantason di parhataan.","Di sisi lain, budaya Jawa lebih menekankan pada tata krama dan kehati-hatian dalam bertutur.",clean_auto,doc_0094_s021,1150,1-1,1,candidate_1_1,unchanged,undetermined,not_assessed,pending_human,routine,,0,99,0,92
doc_0094_s022,doc_0094,Contemporary Media,Blog Articles,labse,1-1,"On boi dida sian somal ni jolma Jawa na manulak tawaran panganan piga-piga hali andoran so dijalo di ujungna, gabe parange parange na uli.","Hal ini bisa terlihat dari kebiasaan orang Jawa yang menolak tawaran makanan beberapa kali sebelum akhirnya menerima, sebagai bentuk sopan santun.",clean_auto,doc_0094_s022,1151,1-1,1,candidate_1_1,unchanged,undetermined,not_assessed,pending_human,routine,,0,138,0,146
doc_0094_s023,doc_0094,Contemporary Media,Blog Articles,labse,1-1,"Nang songon i, di bangso Batak, manulak pangaluan i boi diharapkon so diboto diri manang na mangasahon roha ni panggalehon.","Sebaliknya, di budaya Batak, menolak pemberian bisa dianggap tidak tahu diri atau bahkan menyakiti hati pemberi.",clean_auto,doc_0094_s023,1152,1-1,1,candidate_1_1,unchanged,undetermined,not_assessed,pending_human,routine,,0,123,0,112
doc_0094_s024,doc_0094,Contemporary Media,Blog Articles,labse,1-1,"Songon i do muse tingki diulahon panganan, jolma Batak mansai olo manghabishon panganan i gabe parange parsangapan, alai di Jawa, manghabishon sude panganan boi diharapkon so diboto diri manang hurang lamu.","Begitu juga saat dijamu makan orang Batak cenderung menghabiskan makanan sebagai bentuk penghargaan, sementara di Jawa, menghabiskan seluruh makanan bisa dianggap tidak tahu diri atau kurang halus.",clean_auto,doc_0094_s024,1153,1-1,1,candidate_1_1,unchanged,undetermined,not_assessed,pending_human,routine,,0,206,0,197
doc_0094_s025,doc_0094,Contemporary Media,Blog Articles,labse,1-1,"Hatauon na metmet songon on nampak ndang pola balga, alai patoranghon filosofi ngolu na marragam: na sada patimbohon hata na langsung, na sada muse manjunjung dame marhite hata na marsolup.","Nilai-nilai kecil semacam ini terlihat sepele, namun mencerminkan filosofi hidup yang berbeda: satu menonjolkan ekspresi langsung, satu lagi menjunjung keharmonisan melalui bahasa yang membungkus.",clean_auto,doc_0094_s025,1154,1-1,1,candidate_1_1,unchanged,undetermined,not_assessed,pending_human,routine,,0,189,0,196
doc_0094_s026,doc_0094,Contemporary Media,Blog Articles,labse,1-1,Panindangon Psikologis dohot Parhataan,Perspektif Psikologis & Komunikatif,clean_auto,doc_0094_s026,1155,1-1,1,candidate_1_1,unchanged,undetermined,not_assessed,pending_human,routine,,0,38,0,35
doc_0094_s027,doc_0094,Contemporary Media,Blog Articles,labse,1-1,"Sian parbegu psikologi bangso, parsadaan on boi dipatorang marhite piga-piga patujolo:","Dari sisi psikologi budaya, perbedaan ini dapat dijelaskan lewat beberapa konsep:",clean_auto,doc_0094_s027,1156,1-1,1,candidate_1_1,unchanged,undetermined,not_assessed,pending_human,routine,,0,86,0,81
doc_0094_s028,doc_0094,Contemporary Media,Blog Articles,labse,1-1,Self-construal: Bangso Jawa mansai olo marpangunsandean di ruas na asing—panandaan diri pinatupa sian pardonganan.,Self-construal: Budaya Jawa cenderung interdependent—identitas dibentuk dari relasi sosial.,clean_auto,doc_0094_s028,1157,1-1,1,candidate_1_1,unchanged,undetermined,not_assessed,pending_human,routine,,0,114,0,91
doc_0094_s029,doc_0094,Contemporary Media,Blog Articles,labse,1-1,Alai Bangso Batak lobi holan diri sandiri—panandaan diri dipatupa marhite hata dohot parsoalan sandiri.,Sementara Batak lebih independent—identitas dibangun lewat ekspresi dan pendirian pribadi.,clean_auto,doc_0094_s029,1158,1-1,1,candidate_1_1,unchanged,undetermined,not_assessed,pending_human,routine,,0,103,0,90
doc_0094_s030,doc_0094,Contemporary Media,Blog Articles,labse,1-1,"Power distance: Di bangso Jawa, dao ni huaso timbo: ompu-ompu dohot na umbalga dihormati so pola godang sungkun-sungkun.","Power distance: Dalam budaya Jawa, jarak kekuasaan tinggi: orang tua dan senior dihormati tanpa banyak pertanyaan.",clean_auto,doc_0094_s030,1159,1-1,1,candidate_1_1,unchanged,undetermined,not_assessed,pending_human,routine,,0,120,0,114
doc_0094_s031,doc_0094,Contemporary Media,Blog Articles,labse,1-1,"Alai di bangso Batak, pardonganan marlumba umur lobi sapanganon, dakdanak dilehon tingki laho manolopi pamangmang.","Sebaliknya, dalam budaya Batak, relasi antar generasi lebih setara, anak-anak diberi ruang untuk menyampaikan pendapat.",clean_auto,doc_0094_s031,1160,1-1,1,candidate_1_1,unchanged,undetermined,not_assessed,pending_human,routine,,0,114,0,119
doc_0094_s032,doc_0094,Contemporary Media,Blog Articles,labse,1-1,High vs Low Context: Parhataan Jawa mansai marlondong tu konteks dohot na so tinolhas; Batak lobi binoto dohot langsung.,High vs Low Context: Komunikasi Jawa sangat kontekstual dan implisit; Batak lebih eksplisit dan langsung.,clean_auto,doc_0094_s032,1161,1-1,1,candidate_1_1,unchanged,undetermined,not_assessed,pending_human,routine,,0,120,0,105
doc_0094_s033,doc_0094,Contemporary Media,Blog Articles,labse,1-1,"Di Jawa, lapatan dijaha sian parange; di Batak, ingkon didok ma secara togu.","Di Jawa, makna dibaca dari isyarat; di Batak, justru harus dikatakan terus terang.",clean_auto,doc_0094_s033,1162,1-1,1,candidate_1_1,unchanged,undetermined,not_assessed,pending_human,routine,,0,76,0,82
doc_0094_s034,doc_0094,Contemporary Media,Blog Articles,labse,1-1,Au dipagodang di sundut na porsea ia gabe togu i ma parange ni holong.,Aku dibesarkan dalam keluarga yang percaya bahwa menjadi tegas adalah bentuk kasih sayang.,clean_auto,doc_0094_s034,1163,1-1,1,candidate_1_1,unchanged,undetermined,not_assessed,pending_human,routine,,0,70,0,90
doc_0094_s035,doc_0094,Contemporary Media,Blog Articles,labse,1-1,"Ia hata na togu i manjaga, ia soara na gogo i ndada lapatanna so marsangap.","Bahwa ketegasan melindungi, bahwa suara yang lantang bukan berarti tak sopan.",clean_auto,doc_0094_s035,1164,1-1,1,candidate_1_1,unchanged,undetermined,not_assessed,pending_human,routine,,0,75,0,77
doc_0094_s036,doc_0094,Contemporary Media,Blog Articles,labse,1-1,Alai ngolu di Yogyakarta diajarhon tu au ia hatop na lambat i pe boi sahat lobi bagas.,Tapi hidup di Jogja mengajarkanku bahwa kadang yang pelan justru bisa sampai lebih dalam.,clean_auto,doc_0094_s036,1165,1-1,1,candidate_1_1,unchanged,undetermined,not_assessed,pending_human,routine,,0,86,0,89
doc_0094_s037,doc_0094,Contemporary Media,Blog Articles,labse,1-1,"Ia pajaga dame i pe parange ni parduli, jala ia sip pe boi gabe hata ni holong.","Bahwa menjaga harmoni juga bentuk perhatian, dan bahwa diam pun bisa jadi bahasa cinta.",clean_auto,doc_0094_s037,1166,1-1,1,candidate_1_1,unchanged,undetermined,not_assessed,pending_human,routine,,0,79,0,87
doc_0094_s038,doc_0094,Contemporary Media,Blog Articles,labse,1-1,Alai parsadaan i ndada lapatanna so boi dipadomu.,Tapi perbedaan bukan berarti mustahil disatukan.,clean_auto,doc_0094_s038,1167,1-1,1,candidate_1_1,unchanged,undetermined,not_assessed,pending_human,routine,,0,49,0,48
doc_0094_s039,doc_0094,Contemporary Media,Blog Articles,labse,1-1,"Na maol i ndada parsadaan i sandiri, alai pangantusionta tu parsadaan i.","Yang sulit bukan perbedaan itu sendiri, melainkan pemahaman kita terhadap perbedaan tersebut.",clean_auto,doc_0094_s039,1168,1-1,1,candidate_1_1,unchanged,undetermined,not_assessed,pending_human,routine,,0,72,0,93
doc_0094_s040,doc_0094,Contemporary Media,Blog Articles,labse,1-1,Huarsak au ia ringkot tingki dohot roha na sadar asa unang mangalusi.,Aku belajar bahwa perlu waktu dan kesadaran untuk tidak menghakimi.,clean_auto,doc_0094_s040,1169,1-1,1,candidate_1_1,unchanged,undetermined,not_assessed,pending_human,routine,,0,69,0,67
doc_0094_s041,doc_0094,Contemporary Media,Blog Articles,labse,1-1,"Ia hatauon na togu tanganta boi nampak ""tolbak"" manang ""palobihu"" di mata ni dongan.","Bahwa nilai yang kita pegang teguh bisa jadi tampak ""dingin"" atau ""berlebihan"" di mata yang lain.",clean_auto,doc_0094_s041,1170,1-1,1,candidate_1_1,unchanged,undetermined,not_assessed,pending_human,routine,,0,84,0,97
doc_0094_s042,doc_0094,Contemporary Media,Blog Articles,labse,1-1,"Alai, tingki naeng hita hundul rap jala marsioloi taringot tu dalan ni panindangon siganup, adong do dalanna na balga hita ndada holan mangantusi, alai marsangap muse.","Namun, ketika kita mau duduk bersama dan saling mengupas cara pandang masing-masing, ada kemungkinan besar kita tidak hanya memahami, tapi juga menghargai.",clean_auto,doc_0094_s042,1171,1-1,1,candidate_1_1,unchanged,undetermined,not_assessed,pending_human,routine,,0,167,0,155
doc_0094_s043,doc_0094,Contemporary Media,Blog Articles,labse,1-1,"Ala di tonga-tonga ni sude na marragam, sai adong do na boi dipadomu molo ndada holan naeng diantusi hita, alai naeng mangasahon mangantusi dongan pe.","Karena di antara segala yang berbeda, selalu ada yang bisa dipertemukan jika kita tidak hanya sekadar ingin dimengerti, tapi juga berusaha mengerti.",clean_auto,doc_0094_s043,1172,1-1,1,candidate_1_1,unchanged,undetermined,not_assessed,pending_human,routine,,0,150,0,148
doc_0095_s000,doc_0095,Contemporary Media,Blog Articles,labse,1-1,"Ahu Parompuan, Ahu Panortor, Jala Ahu Anak ITB","Aku perempuan, aku penari, dan aku anak ITB",clean_auto,doc_0095_s000,1173,1-1,1,candidate_1_1,unchanged,undetermined,not_assessed,pending_human,routine,,0,46,0,43
doc_0095_s001,doc_0095,Contemporary Media,Blog Articles,labse,1-1,Ahu ma sahalak boru jala Batak do ahu.,Saya seorang perempuan dan saya Batak.,clean_auto,doc_0095_s001,1174,1-1,1,candidate_1_1,unchanged,undetermined,not_assessed,pending_human,routine,,0,38,0,38
doc_0095_s002__r01,doc_0095,Contemporary Media,Blog Articles,labse,1-1,Dipagodang di tano Jawa (na marhata ngapak) jala dao sian sanina mambahen ahu mansai olo mangarsak jala jotjot dijou “Batak Abal.”,Dibesarkan di tanah Jawa (baca: ngapak) dan jauh dari sanak saudara membuat saya terkadang merasa dan nggak jarang mendapat julukan “Batak Abal.”,clean_auto,doc_0095_s002,1175,1-1,1,structural_1_1_reviewed,split_exact_spans,sentence_candidate,high,pending_human,routine,Dua kalimat tentang julukan dan uraian wajah dipisahkan.,0,130,0,145
doc_0095_s002__r02,doc_0095,Contemporary Media,Blog Articles,labse,1-1,"Parangena ni keabalan ni ahu marbagi di tolu arjolo, taringot tu bohingku.","Keabalan saya terletak di, pertama, wajah.",clean_auto,doc_0095_s002,1175,1-1,2,structural_1_1_reviewed,split_exact_spans,sentence_candidate,high,pending_human,routine,Dua kalimat tentang julukan dan uraian wajah dipisahkan.,131,205,146,188
doc_0095_s003,doc_0095,Contemporary Media,Blog Articles,labse,1-1,"Jotjot jolma mangarimpun ahu on sian Jawa, Bali, manang Manggarai.","Seringkali, orang mengira saya ini orang Jawa, Bali, atau bahkan Manggarai.",clean_auto,doc_0095_s003,1176,1-1,1,candidate_1_1,unchanged,undetermined,not_assessed,pending_human,routine,,0,66,0,75
doc_0095_s004,doc_0095,Contemporary Media,Blog Articles,labse,1-1,"I ma nian, molo taringot tusi ndang boi hubahen aha-aha.","Yah, kalau soal ini saya nggak bisa apa-apa juga sih.",clean_auto,doc_0095_s004,1177,1-1,1,candidate_1_1,unchanged,undetermined,not_assessed,pending_human,routine,,0,56,0,53
doc_0095_s005,doc_0095,Contemporary Media,Blog Articles,labse,1-1,"Nunga lehon-lehon ni Tuhan, dibahen i disyukuri ma.","Sudah pemberian Tuhan, jadi ya disyukuri saja.",clean_auto,doc_0095_s005,1178,1-1,1,candidate_1_1,unchanged,undetermined,not_assessed,pending_human,routine,,0,51,0,46
doc_0095_s006,doc_0095,Contemporary Media,Blog Articles,labse,1-1,"Paduahon, dohot tingkat parsoalan na tonga-tonga, i ma taringot tu parhataan.","Kedua, dengan tingkat kegawatan medium, adalah soal logat.",clean_auto,doc_0095_s006,1179,1-1,1,candidate_1_1,unchanged,undetermined,not_assessed,pending_human,routine,,0,77,0,58
doc_0095_s007__r01,doc_0095,Contemporary Media,Blog Articles,labse,1-1,"Ndang pola sada kalimat manang sada hata, holan dibege nasida au manghatahon huruf B, D, G, manang J pe, pintor diboto nasida ahu ndada halak hita, alai ngapak ma, mbakeeee…","Nggak usah deh satu kalimat atau satu kata, cukup denger saya melafalkan huruf B, D, G, atau J saja orang-orang pasti langsung tau kalau saya bukan halak kita, tapi ngapak mbakeeee…",clean_auto,doc_0095_s007,1180,1-1,1,structural_1_1_reviewed,split_exact_spans,sentence_candidate,high,pending_human,routine,Dua kalimat tentang logat dan pengetahuan bahasa dipisahkan pada batas elipsis.,0,173,0,181
doc_0095_s007__r02,doc_0095,Contemporary Media,Blog Articles,labse,1-1,"Na parpudi jala na paling togu gawat, ahu ndang umboto aha-aha taringot tu hata dohot adat Batak.","Yang terakhir dan yang paling gawat, saya nggak tau apa-apa soal bahasa dan tradisi Batak.",clean_auto,doc_0095_s007,1180,1-1,2,structural_1_1_reviewed,split_exact_spans,sentence_candidate,high,pending_human,routine,Dua kalimat tentang logat dan pengetahuan bahasa dipisahkan pada batas elipsis.,173,270,182,272
doc_0095_s008,doc_0095,Contemporary Media,Blog Articles,labse,1-1,"Sahat tu taon parjolo di parsikkolaan na timbo, na holan huboto sian Batak i ma ulos, lapet, dohot arsik sambing.","Sampai tahun pertama kuliah, yang saya tau dari Batak itu cuma ulos, lapet, dan arsik.",clean_auto,doc_0095_s008,1181,1-1,1,candidate_1_1,unchanged,undetermined,not_assessed,pending_human,routine,,0,113,0,86
doc_0095_s009,doc_0095,Contemporary Media,Blog Articles,labse,1-1,"Alai, na ro ma, keabalan ni ahu mamungka lam ganda humurang ala kelabilan ni ahu semasa parsikkolaan na timbo di ITB.","Tapi, kemudian, keabalan saya sedikit demi sedikit semakin berkurang berkat kelabilan saya semasa kuliah di ITB.",clean_auto,doc_0095_s009,1182,1-1,1,candidate_1_1,unchanged,undetermined,not_assessed,pending_human,routine,,0,117,0,112
doc_0095_s010,doc_0095,Contemporary Media,Blog Articles,labse,1-1,"Di taon paduahon ahu marsikkola disi, hundul ma ahu rap dohot dongan masuk tu Unit Kesenian Sumatera Utara (UKSU) di kampus.","Pada tahun kedua saya berkuliah di sana, saya ikut-ikutan temen bergabung ke dalam Unit Kesenian Sumatera Utara (UKSU) di kampus.",clean_auto,doc_0095_s010,1183,1-1,1,candidate_1_1,unchanged,undetermined,not_assessed,pending_human,routine,,0,124,0,129
doc_0095_s011,doc_0095,Contemporary Media,Blog Articles,labse,1-1,"Las do roha nian, dison ma ahu gabe um sedikit umboto taringot tu kesenian dohot adat ni bangsoku, alai molo taringot tu hata sai ndang boi do ahu.","Seneng sih, di sini saya jadi sedikit banyak tau tentang seni dan budaya suku saya, walaupun kalo soal bahasa tetep aja nggak bisa.",clean_auto,doc_0095_s011,1184,1-1,1,candidate_1_1,unchanged,undetermined,not_assessed,pending_human,routine,,0,147,0,131
doc_0095_s012,doc_0095,Contemporary Media,Blog Articles,labse,1-1,"Di unit on, gabe masuk ma siganup ruas laho mangalehon gogo di musik manang seni panortoron.","Di unit ini, setiap anggota bebas memilih untuk berkontribusi dalam musik atau seni tari.",clean_auto,doc_0095_s012,1185,1-1,1,candidate_1_1,unchanged,undetermined,not_assessed,pending_human,routine,,0,92,0,89
doc_0095_s013,doc_0095,Contemporary Media,Blog Articles,labse,1-1,Na mamungka sian dison ma ahu gabe sahalak panortor na imbaru.,Bermula dari sinilah aku menjadi seorang penari yang baru.,review_fix,doc_0095_s013,1338,1-2,1,structural_1_1_reviewed,legacy_label_corrected,sentence_candidate,medium,pending_human,routine,Teks tersimpan sudah berupa satu unit pada tiap sisi. Label lama dipertahankan pada original_alignment_type. Makna belum divalidasi anotator.,0,62,0,58
doc_0095_s014,doc_0095,Contemporary Media,Blog Articles,labse,1-1,Hariburon sian manortor dohot pandangan na so ture gabe panortor di upacara parbagason adat Batak sasintongna ma habaran na las roha di ahu.,Menjadi penari di acara pernikahan adat Batak sebenarnya adalah pengalaman yang menyenangkan buat saya.,clean_auto,doc_0095_s014,1186,1-1,1,candidate_1_1,unchanged,undetermined,not_assessed,pending_human,routine,,0,140,0,103
doc_0095_s015,doc_0095,Contemporary Media,Blog Articles,labse,1-1,Molo na sapangkosong boi do mangantusi dohot mamboto tutu.,Buat yang sesama anak kost pasti mengerti dan paham betul.,clean_auto,doc_0095_s015,1187,1-1,1,candidate_1_1,unchanged,undetermined,not_assessed,pending_human,routine,,0,58,0,58
doc_0095_s016,doc_0095,Contemporary Media,Blog Articles,labse,1-1,Boi do hupatamba hepeng jajan dohot pamuli gizi.,Saya bisa nambah uang jajan dan perbaikan gizi.,clean_auto,doc_0095_s016,1188,1-1,1,candidate_1_1,unchanged,undetermined,not_assessed,pending_human,routine,,0,48,0,47
doc_0095_s017,doc_0095,Contemporary Media,Blog Articles,labse,1-1,I do dua hal.,Itu dua hal.,clean_auto,doc_0095_s017,1189,1-1,1,candidate_1_1,unchanged,undetermined,not_assessed,pending_human,routine,,0,13,0,12
doc_0095_s018,doc_0095,Contemporary Media,Blog Articles,labse,1-1,"Alai, ndada holan i na paling mambahen ahu las roha.","Tapi, bukan itu yang paling bikin saya senang.",clean_auto,doc_0095_s018,1190,1-1,1,candidate_1_1,unchanged,undetermined,not_assessed,pending_human,routine,,0,52,0,46
doc_0095_s019,doc_0095,Contemporary Media,Blog Articles,labse,1-1,"Di tingki i, manortor jala manangihon gondang Batak mangalehon las ni roha sandiri di ahu.","Pada saat itu, menari dan mendengarkan musik gondang Batak memberikan kebahagiaan tersendiri bagi saya.",clean_auto,doc_0095_s019,1191,1-1,1,candidate_1_1,unchanged,undetermined,not_assessed,pending_human,routine,,0,90,0,103
doc_0095_s020,doc_0095,Contemporary Media,Blog Articles,labse,1-1,"Alai, terlepas sian sude parbegu na denggan na boi hujalo, adong do sada hal na mansai so huparsinta.","Namun, terlepas dari semua sisi positif yang bisa saya dapatkan, ada satu hal yang saya sangat tidak suka.",clean_auto,doc_0095_s020,1192,1-1,1,candidate_1_1,unchanged,undetermined,not_assessed,pending_human,routine,,0,101,0,106
doc_0095_s021,doc_0095,Contemporary Media,Blog Articles,labse,1-1,"Atik beha holan habaran ni ahu sandiri do on jala ndada berlaku umum, alai jotjot jolma manindang hami songon, “Holan sahalak panortor di parbagason.”","Mungkin saja ini hanya pengalaman pribadi saya dan tidak berlaku umum, tapi seringkali orang memandang kami sebagai, “hanya seorang penari di pernikahan.”",clean_auto,doc_0095_s021,1193,1-1,1,candidate_1_1,unchanged,undetermined,not_assessed,pending_human,routine,,0,150,0,154
doc_0095_s022,doc_0095,Contemporary Media,Blog Articles,labse,1-1,Na tutu do adong na sala molo gabe panortor di parbagason?,Memang ada yang salah dengan menjadi penari di pernikahan?,clean_auto,doc_0095_s022,1194,1-1,1,candidate_1_1,unchanged,undetermined,not_assessed,pending_human,routine,,0,58,0,58
doc_0095_s023,doc_0095,Contemporary Media,Blog Articles,labse,1-1,Nda tung songon i.,Rasanya tidak.,clean_auto,doc_0095_s023,1195,1-1,1,candidate_1_1,unchanged,undetermined,not_assessed,pending_human,routine,,0,18,0,14
doc_0095_s024,doc_0095,Contemporary Media,Blog Articles,labse,1-1,"Sasintongna, pandangan ni jolma na songon on tu ahu jotjot mambahen panindangon ni ahu taringot tu ahu sandiri gabe ndang pola denggan.","Terus terang, pandangan orang yang seperti ini terhadap saya seringkali membuat pandangan saya terhadap diri sendiri jadi ikut-ikutan kurang baik.",clean_auto,doc_0095_s024,1196,1-1,1,candidate_1_1,unchanged,undetermined,not_assessed,pending_human,routine,,0,135,0,146
doc_0095_s025,doc_0095,Contemporary Media,Blog Articles,labse,1-1,Untung do ahu adong dongan panortor na hebat jala marroha baja.,Untunglah saya punya teman-teman penari yang hebat dan bermental baja.,clean_auto,doc_0095_s025,1197,1-1,1,candidate_1_1,unchanged,undetermined,not_assessed,pending_human,routine,,0,63,0,70
doc_0095_s026,doc_0095,Contemporary Media,Blog Articles,labse,1-1,"Hujalo ma sian nasida marsiajar laho marsip, ala na hulahon on i ma hal na positif.","Saya belajar dari mereka untuk masa bodo, karena toh apa yang saya lakukan ini adalah hal yang positif.",clean_auto,doc_0095_s026,1198,1-1,1,candidate_1_1,unchanged,undetermined,not_assessed,pending_human,routine,,0,83,0,103
doc_0095_s027,doc_0095,Contemporary Media,Blog Articles,labse,1-1,Hami na “holan panortor parbagason” on jotjot digoda ni parmusik (catatan: ndada ruas ni UKSU nasida nang pe mahasiswa kampus ni ahu).,Kami yang “hanya penari pernikahan” ini kadang digodain pemusik (catatan: mereka bukan anggota UKSU maupun mahasiswa kampus saya).,clean_auto,doc_0095_s027,1199,1-1,1,candidate_1_1,unchanged,undetermined,not_assessed,pending_human,routine,,0,134,0,130
doc_0095_s028,doc_0095,Contemporary Media,Blog Articles,labse,1-1,Adong do sada parmusik na males ni roha ndang hea madabu.,Ada satu pemusik yang malesinnya luar biasa.,clean_auto,doc_0095_s028,1200,1-1,1,candidate_1_1,unchanged,undetermined,not_assessed,pending_human,routine,,0,57,0,44
doc_0095_s029,doc_0095,Contemporary Media,Blog Articles,labse,1-1,"Molo mangulahon rap dohot parmusik na sada i, tingki latian ahu nunga langsung hupauli bohi jutek.","Kalo perform bareng sama pemusik yang satu itu, waktu latian saya udah langsung pasang muka jutek.",clean_auto,doc_0095_s029,1201,1-1,1,candidate_1_1,unchanged,undetermined,not_assessed,pending_human,routine,,0,98,0,98
doc_0095_s030,doc_0095,Contemporary Media,Blog Articles,labse,1-1,"Nang pe, sian hurippu ahu, gabe sala do ujung-ujungna ala rupa default ndang boi dipauli galak.","Walaupun, menurut saya, ujung-ujungnya fail karena default muka nggak bisa dibikin galak.",clean_auto,doc_0095_s030,1202,1-1,1,candidate_1_1,unchanged,undetermined,not_assessed,pending_human,routine,,0,95,0,89
doc_0095_s031,doc_0095,Contemporary Media,Blog Articles,labse,1-1,Alai gabe nampak modom manang planga-plongo.,"Alih-alih pasang tampang jutek, yang ada malah terkesan ngantuk atau bahkan planga-plongo.",clean_auto,doc_0095_s031,1203,1-1,1,candidate_1_1,unchanged,undetermined,not_assessed,pending_human,medium,"Rasio panjang >=2 dengan sisi terpanjang >=10 unit spasi. Ini indikator pemeriksaan, bukan bukti salah terjemahan.",0,44,0,90
doc_0095_s032,doc_0095,Contemporary Media,Blog Articles,labse,1-1,"Hami na “holan panortor parbagason” on pe hea ndang boi dialap panganan ala diharapkon, “Tadi nunga dialap hamu kan?","Kami yang “hanya penari pernikahan” ini juga pernah nggak dibolehin ambil makanan dengan alasan, “Tadi udah ambil kan?",clean_auto,doc_0095_s032,1204,1-1,1,candidate_1_1,unchanged,undetermined,not_assessed,pending_human,routine,,0,116,0,118
doc_0095_s033__r01,doc_0095,Contemporary Media,Blog Articles,labse,1-1,"On ma tusi jolma kantor, mabiar ndang cukup.”","Ini buat orang kantor, takut nggak cukup.”",clean_auto,doc_0095_s033,1205,1-1,1,structural_1_1_reviewed,split_exact_spans,continued_quote,high,pending_human,medium,Akhir kutipan dipisahkan dari komentar narator. Kutipan pertama melanjutkan baris sebelumnya. | Kutipan melanjutkan s032. Periksa sebagai satu rangkaian dialog.,0,45,0,42
doc_0095_s033__r02,doc_0095,Contemporary Media,Blog Articles,labse,1-1,Parduli situtu ito i sahat tarhatahon ia nunga hualap hami.,Perhatian banget mbaknya sampe hapal kalo kita udah ambil.,clean_auto,doc_0095_s033,1205,1-1,2,structural_1_1_reviewed,split_exact_spans,sentence_candidate,high,pending_human,routine,Akhir kutipan dipisahkan dari komentar narator. Kutipan pertama melanjutkan baris sebelumnya.,46,105,43,101
doc_0095_s034,doc_0095,Contemporary Media,Blog Articles,labse,1-1,"Padahal nian, adong do muse jolma na nampak ndada dongan ni kantor ni parbagason na mangala panganan alai ndang disuru mandungoi.","Padahal yah, ada juga nih yang sepertinya bukan temen-temen kantor mempelai yang ambil makanan tapi nggak ditegur.",clean_auto,doc_0095_s034,1206,1-1,1,candidate_1_1,unchanged,undetermined,not_assessed,pending_human,routine,,0,129,0,114
doc_0095_s035,doc_0095,Contemporary Media,Blog Articles,labse,1-1,"Molo sian hurippu ahu, palobihu ma.","Kalo menurut saya sih, terlalu.",clean_auto,doc_0095_s035,1207,1-1,1,candidate_1_1,unchanged,undetermined,not_assessed,pending_human,routine,,0,35,0,31
doc_0095_s036,doc_0095,Contemporary Media,Blog Articles,labse,1-1,"Hea do muse hami na holan panortor on dipingkiri nomor HP sian bapa-bapa na so tinanda, didok nasida laho dipaulu tu anakkonna atik beha boi gabe parumaen.","Pernah juga nih, kami yang hanya penari ini dimintain nomor HP sama bapak-bapak tidak dikenal, katanya buat dikenalin ke anaknya siapa tau bisa jadi menantu.",clean_auto,doc_0095_s036,1208,1-1,1,candidate_1_1,unchanged,undetermined,not_assessed,pending_human,routine,,0,155,0,157
doc_0095_s037,doc_0095,Contemporary Media,Blog Articles,labse,1-1,"Jala ndada holan Bapa on, dongan ni nasida pe ndang talu las ni roha marhata-hata dohot hami, lumobi dung diboto nasida ia hami mahasiswa ITB.","Dan bukan cuma si Bapak ini, temen-temennya juga nggak kalah antusias ngobrol dengan kami, apalagi setelah mereka tau kalau kita mahasiswa ITB.",clean_auto,doc_0095_s037,1209,1-1,1,candidate_1_1,unchanged,undetermined,not_assessed,pending_human,routine,,0,142,0,143
doc_0095_s038,doc_0095,Contemporary Media,Blog Articles,labse,1-1,Ahu ndang marroha pamer.,Saya gak ada maksud buat pamer.,clean_auto,doc_0095_s038,1210,1-1,1,candidate_1_1,unchanged,undetermined,not_assessed,pending_human,routine,,0,24,0,31
doc_0095_s039,doc_0095,Contemporary Media,Blog Articles,labse,1-1,"Alai, sasintongna on ma na huarsak ahu.","Tapi, memang inilah yang saya rasakan.",clean_auto,doc_0095_s039,1211,1-1,1,candidate_1_1,unchanged,undetermined,not_assessed,pending_human,routine,,0,39,0,38
doc_0095_s040,doc_0095,Contemporary Media,Blog Articles,labse,1-1,"Tingki hubahen status ni ahu gabe mahasiswa ITB, jolma molo mangalusi pandangan na lobi denggan taringot tu ahu.","Ketika saya membawa-bawa status saya sebagai mahasiswa ITB, orang-orang seolah-olah punya pandangan yang lebih baik tentang saya.",clean_auto,doc_0095_s040,1212,1-1,1,candidate_1_1,unchanged,undetermined,not_assessed,pending_human,routine,,0,112,0,129
doc_0095_s041,doc_0095,Contemporary Media,Blog Articles,labse,1-1,Na hucarito di ginjang i holan piga-piga umpama sian parange hata na huarsak hami.,Yang saya ceritakan di atas hanya sekian contoh dari perlakuan verbal yang kami alami.,clean_auto,doc_0095_s041,1213,1-1,1,candidate_1_1,unchanged,undetermined,not_assessed,pending_human,routine,,0,82,0,86
doc_0095_s042,doc_0095,Contemporary Media,Blog Articles,labse,1-1,"Alai, jotjot pandangan ni mata lobi godang barita sian hata ni dila, nda songon i?","Tapi, seringkali pandangan mata lebih banyak bercerita daripada ucapan lidah bibir, bukan?",clean_auto,doc_0095_s042,1214,1-1,1,candidate_1_1,unchanged,undetermined,not_assessed,pending_human,routine,,0,82,0,90
doc_0095_s043,doc_0095,Contemporary Media,Blog Articles,labse,1-1,Dibahen i yah… Na so hata i ndang boi hupasahat dohot hata.,Jadi yaa… Yang non-verbal nggak bisa juga saya lukiskan dengan kata-kata.,clean_auto,doc_0095_s043,1215,1-1,1,candidate_1_1,unchanged,undetermined,not_assessed,pending_human,routine,,0,59,0,73
doc_0095_s044,doc_0095,Contemporary Media,Blog Articles,labse,1-1,Nampakna cukup hami ma mangarsak.,Sepertinya memang cukup kami saja yang merasakan.,clean_auto,doc_0095_s044,1216,1-1,1,candidate_1_1,unchanged,undetermined,not_assessed,pending_human,routine,,0,33,0,49
doc_0095_s045,doc_0095,Contemporary Media,Blog Articles,labse,1-1,Lalap do roha ni ahu.,Saya bingung.,clean_auto,doc_0095_s045,1217,1-1,1,candidate_1_1,unchanged,undetermined,not_assessed,pending_human,routine,,0,21,0,13
doc_0095_s046,doc_0095,Contemporary Media,Blog Articles,labse,1-1,"Boasa, laho dihargai, sada boru ingkon parjolo mambahen status dohot dalanna tumimbul?","Mengapa untuk dihargai, seorang perempuan harus terlebih dahulu menggembar-gemborkan status dan latar belakangnya?",clean_auto,doc_0095_s046,1218,1-1,1,candidate_1_1,unchanged,undetermined,not_assessed,pending_human,routine,,0,86,0,114
doc_0095_s047,doc_0095,Contemporary Media,Blog Articles,labse,1-1,Jala boasa status ni ahu gabe mahasiswa ITB molo mambahen tingkat ni ahu lobi timbo andarap tingki ahu “holan” panortor di sada parbagason?,Dan mengapa status saya sebagai mahasiswa ITB seakan-akan membuat derajat saya lebih tinggi ketimbang ketika saya “hanya” seorang penari di sebuah pernikahan?,clean_auto,doc_0095_s047,1219,1-1,1,candidate_1_1,unchanged,undetermined,not_assessed,pending_human,routine,,0,139,0,158
doc_0096_s000,doc_0096,Contemporary Media,Blog Articles,labse,1-1,Parukilon Panandaan Diri di Tano Parjalangan,Krisis Identitas di Perantauan,clean_auto,doc_0096_s000,1220,1-1,1,candidate_1_1,unchanged,undetermined,not_assessed,pending_human,routine,,0,44,0,30
doc_0096_s001,doc_0096,Contemporary Media,Blog Articles,labse,1-1,“Sian dia aslimu?”,"""Kamu asli mana?""",clean_auto,doc_0096_s001,1221,1-1,1,candidate_1_1,unchanged,undetermined,not_assessed,pending_human,routine,,0,18,0,17
doc_0096_s003,doc_0096,Contemporary Media,Blog Articles,labse,1-1,“Alai bohimu sai hera halak Jawa,"""Tapi muka kamu kelihatan Jawa banget loh""",clean_auto,doc_0096_s003,1222,1-1,1,candidate_1_1,unchanged,undetermined,not_assessed,pending_human,routine,,0,32,0,42
doc_0096_s004,doc_0096,Contemporary Media,Blog Articles,labse,1-1,“Asli sian Medan doho?,"""Kamu asli Medan.",clean_auto,doc_0096_s004,1223,1-1,1,candidate_1_1,unchanged,undetermined,not_assessed,pending_human,routine,,0,22,0,17
doc_0096_s005,doc_0096,Contemporary Media,Blog Articles,labse,1-1,"Halak Melayu, ate?”","Orang Melayu, ya?""",clean_auto,doc_0096_s005,1224,1-1,1,candidate_1_1,unchanged,undetermined,not_assessed,pending_human,routine,,0,19,0,18
doc_0096_s006,doc_0096,Contemporary Media,Blog Articles,labse,1-1,"“Ndang, halak Batak do ahu.","""Enggak, saya orang Batak.",clean_auto,doc_0096_s006,1225,1-1,1,candidate_1_1,unchanged,undetermined,not_assessed,pending_human,routine,,0,27,0,26
doc_0096_s008,doc_0096,Contemporary Media,Blog Articles,labse,1-1,"Siganup mangalusi panandaan diri tu akka jolma na imbaru di siganup partumpuan, parulan, manang sada rapot, mansai losok do roha hu mangarangrangi taringot tu dalanna ni bangsoku.","Setiap mengenalkan identitas diri ke orang-orang yang baru di setiap acara, kegiatan, atau suatu forum, saya paling malas menjelaskan soal latar belakang suku saya.",clean_auto,doc_0096_s008,1226,1-1,1,candidate_1_1,unchanged,undetermined,not_assessed,pending_human,routine,,0,179,0,164
doc_0096_s009,doc_0096,Contemporary Media,Blog Articles,labse,1-1,"Na tutu, piga-piga dongan na solhot dohot dongan sakarejo maboto au halak Batak.","Ya, beberapa teman dekat dan rekan sejawat saya tahu bahwa saya orang Batak.",clean_auto,doc_0096_s009,1227,1-1,1,candidate_1_1,unchanged,undetermined,not_assessed,pending_human,routine,,0,80,0,76
doc_0096_s010,doc_0096,Contemporary Media,Blog Articles,labse,1-1,"Na tutu, Amonghu halak Batak Toba margana Sianipar, jala Inonghu halak Jawa.","Iya, Ayah saya orang Batak Toba dengan marga Sianipar, dan Ibu (Mamak) saya orang Jawa.",clean_auto,doc_0096_s010,1228,1-1,1,candidate_1_1,unchanged,undetermined,not_assessed,pending_human,routine,,0,76,0,87
doc_0096_s011,doc_0096,Contemporary Media,Blog Articles,labse,1-1,Boasa goar ni ahu so adong margana?,Kenapa nama belakang saya tidak ada marganya?,clean_auto,doc_0096_s011,1229,1-1,1,candidate_1_1,unchanged,undetermined,not_assessed,pending_human,routine,,0,35,0,45
doc_0096_s012,doc_0096,Contemporary Media,Blog Articles,labse,1-1,Parsulanganna ala Amonghu sandiri pe ndang mamangke marga di pudi ni goarna di siganup panandaanna.,Alasannya karena Ayah saya sendiri pun tidak mau memakai marga di belakang namanya di setiap identitasnya.,clean_auto,doc_0096_s012,1230,1-1,1,candidate_1_1,unchanged,undetermined,not_assessed,pending_human,routine,,0,99,0,106
doc_0096_s013,doc_0096,Contemporary Media,Blog Articles,labse,1-1,Ahu pe ndang hea marsungkun langsung tu Among.,Saya juga enggak pernah nanya langsung ke Ayah.,clean_auto,doc_0096_s013,1231,1-1,1,candidate_1_1,unchanged,undetermined,not_assessed,pending_human,routine,,0,46,0,47
doc_0096_s014,doc_0096,Contemporary Media,Blog Articles,labse,1-1,"Alai didok Inong nian, Among na jolo dang olo be mambaen marga di pudi ni goarna ala na jolo di tingki na poso, godang panghorhon na marbagi ia jolma Batak lomo mangallang pinahan.","Tapi kata Mamak sih Ayah dulu malas pakai marga di belakang namanya karena dulu pas zaman masih muda, banyak stereotip yang menyebarkan bahwa orang Batak suka makan Babi.",clean_auto,doc_0096_s014,1232,1-1,1,candidate_1_1,unchanged,undetermined,not_assessed,pending_human,routine,,0,180,0,170
doc_0096_s015,doc_0096,Contemporary Media,Blog Articles,labse,1-1,Ndang longang be molo sogo roha ni among ala ibana ugamo Islam (ala di bagasan Islam diajarhon ndang boi mangallang Babi).,Enggak heran sih Ayah sebal karena mengingat juga dia orang yang beragama Islam (karena di dalam Islam diajarkan tidak boleh memakan Babi).,clean_auto,doc_0096_s015,1233,1-1,1,candidate_1_1,unchanged,undetermined,not_assessed,pending_human,routine,,0,122,0,139
doc_0096_s016,doc_0096,Contemporary Media,Blog Articles,labse,1-1,Inang pe manambai parsulanganna na asing ala asa ndang pola ditindang ala sian golongan manang marga na tontu molo mardomu dohot golongan marga na asing.,Ibu juga menambah alasan lainnya karena biar tidak terlalu dipandang karena dari golongan atau marga tertentu jika bertemu dengan golongan marga yang lain.,clean_auto,doc_0096_s016,1234,1-1,1,candidate_1_1,unchanged,undetermined,not_assessed,pending_human,routine,,0,153,0,155
doc_0096_s017,doc_0096,Contemporary Media,Blog Articles,labse,1-1,"Na tutu, sasintong na nian adong do piga-piga na sai marnida parsaoran manang pardomuan parsaoran marga na songon on.","Iya, faktanya memang ada beberapa yang masih melihat relasi atau hubungan keterkaitan marga seperti ini.",clean_auto,doc_0096_s017,1235,1-1,1,candidate_1_1,unchanged,undetermined,not_assessed,pending_human,routine,,0,117,0,104
doc_0096_s018,doc_0096,Contemporary Media,Blog Articles,labse,1-1,Dibahen ima boasa goarhu ndang mamangke marga.,Makanya itu kenapa nama belakang saya tidak pakai marga.,clean_auto,doc_0096_s018,1236,1-1,1,candidate_1_1,unchanged,undetermined,not_assessed,pending_human,routine,,0,46,0,56
doc_0096_s019,doc_0096,Contemporary Media,Blog Articles,labse,1-1,"Molo diganup panandaan hutaruhon marga di pudi ni goar, gabe maol do molo diulahon, hape Amonghu sandiri ndang mamangke marga di pudi ni goarna.","Aneh saja jika pada setiap identitas saya menyantumkan marga di belakang nama, padahal Ayah saya tidak memakai marga di belakang namanya.",clean_auto,doc_0096_s019,1237,1-1,1,candidate_1_1,unchanged,undetermined,not_assessed,pending_human,routine,,0,144,0,137
doc_0096_s020,doc_0096,Contemporary Media,Blog Articles,labse,1-1,“Bah sian ise margana?,“Loh dari siapa nama marganya.,clean_auto,doc_0096_s020,1238,1-1,1,candidate_1_1,unchanged,undetermined,not_assessed,pending_human,routine,,0,22,0,30
doc_0096_s021,doc_0096,Contemporary Media,Blog Articles,labse,1-1,Apala Among ni ibana sandiri pe ndang mamangke marga.,Orang Ayahnya sendiri enggak pakai nama marga.,clean_auto,doc_0096_s021,1239,1-1,1,candidate_1_1,unchanged,undetermined,not_assessed,pending_human,routine,,0,53,0,46
doc_0096_s022,doc_0096,Contemporary Media,Blog Articles,labse,1-1,Atik ndang anak tubu ibana muse.”,Jangan-jangan bukan anak kandung lagi.”,clean_auto,doc_0096_s022,1240,1-1,1,candidate_1_1,unchanged,undetermined,not_assessed,pending_human,routine,,0,33,0,39
doc_0096_s023,doc_0096,Contemporary Media,Blog Articles,labse,1-1,Na songon i ma hisaran ni biar ni roha molo ianakhon ni Among mamangke marga diganup pudi ni goarna.,"Ya, kurang lebih seperti itu kira-kira gambaran kekhawatiran jika anak-anak Ayah saya memakai marga di setiap belakang namanya.",clean_auto,doc_0096_s023,1241,1-1,1,candidate_1_1,unchanged,undetermined,not_assessed,pending_human,routine,,0,100,0,127
doc_0096_s024,doc_0096,Contemporary Media,Blog Articles,labse,1-1,"Ala Inonghu halak Jawa, dibahen i rupahu pe lobi marrupahon rupana ni Inong.","Berhubung Mamak saya orang Jawa, karena wajah saya juga lebih memiliki kemiripan dengan wajah Mamak.",clean_auto,doc_0096_s024,1242,1-1,1,candidate_1_1,unchanged,undetermined,not_assessed,pending_human,routine,,0,76,0,100
doc_0096_s025,doc_0096,Contemporary Media,Blog Articles,labse,1-1,Tontu rupahu gabe ndang tarida songon halak Batak na somal di pardongan-dongan.,Otomatis wajah saya jadi enggak kelihatan seperti orang Batak pada umumnya.,clean_auto,doc_0096_s025,1243,1-1,1,candidate_1_1,unchanged,undetermined,not_assessed,pending_human,routine,,0,79,0,75
doc_0096_s026,doc_0096,Contemporary Media,Blog Articles,labse,1-1,Dohot bohi tarida songon halak batak na somal rupa na togu dohot hagogoon (ahu pe lalap molo mangarangrangi parpangkusan alai intina halak Batak adong partandaan rupana na tarida tutu songon i).,Dimana wajahnya kelihatan sekali dengan ciri khas ketegasan dan kerasnya (aduh saya juga bingung kalau menjelaskan detailnya tapi intinya orang Batak punya ciri khas wajahnya yang kelihatan banget gitu).,clean_auto,doc_0096_s026,1244,1-1,1,candidate_1_1,unchanged,undetermined,not_assessed,pending_human,routine,,0,194,0,203
doc_0096_s027,doc_0096,Contemporary Media,Blog Articles,labse,1-1,"Eh, alai molo diingot-ingot muse Amobut) ndada songon rupa ni godangan halak Batak na tarida togu (na tutu do on pandapot ni jolma ndada ahu na palobihu porsea tu diri sandiri hehe).","Eh, tapi kalau diingat-ingat lagi (Amobut) bukanlah seperti rupa kebanyakan orang Batak yang terlihat kuat (ini memang pendapat orang, bukan aku yang terlalu percaya diri sendiri hehe).",review_fix,doc_0096_s027,1348,1-2,1,structural_1_1_reviewed,legacy_label_corrected,sentence_candidate,medium,pending_human,routine,Teks tersimpan sudah berupa satu unit pada tiap sisi. Label lama dipertahankan pada original_alignment_type. Makna belum divalidasi anotator.,0,182,0,185
doc_0096_s028,doc_0096,Contemporary Media,Blog Articles,labse,1-1,Dibahen i godang mangarimpun ahu halak Jawa.,Makanya banyak yang mengira saya orang Jawa.,clean_auto,doc_0096_s028,1245,1-1,1,candidate_1_1,unchanged,undetermined,not_assessed,pending_human,routine,,0,44,0,44
doc_0096_s029,doc_0096,Contemporary Media,Blog Articles,labse,1-1,"Ndada holan parsoalan rupa, nang songon i dohot parhataan dalan ni ahu marhata-hata pe ndang patuduhon sasintongna ia ahu halak Batak.","Tak hanya persoalan wajah, pun juga dengan logat cara saya berbicara juga tidak menunjukkan sama sekali bahwa saya orang Batak.",clean_auto,doc_0096_s029,1246,1-1,1,candidate_1_1,unchanged,undetermined,not_assessed,pending_human,routine,,0,134,0,127
doc_0096_s031,doc_0096,Contemporary Media,Blog Articles,labse,1-1,Goarna pe di jabu siganup ari hami mamangke hata Indonesia.,Namanya juga di rumah sehari-hari kami menggunakan bahasa Indonesia.,clean_auto,doc_0096_s031,1247,1-1,1,candidate_1_1,unchanged,undetermined,not_assessed,pending_human,routine,,0,59,0,68
doc_0096_s032,doc_0096,Contemporary Media,Blog Articles,labse,1-1,Ndang adong na mamangke hata Batak.,Tak ada yang menggunakan bahasa Batak.,clean_auto,doc_0096_s032,1248,1-1,1,candidate_1_1,unchanged,undetermined,not_assessed,pending_human,routine,,0,35,0,38
doc_0096_s033,doc_0096,Contemporary Media,Blog Articles,labse,1-1,Nang songon i dohot sundut na balga.,Pun juga dengan keluarga besar.,clean_auto,doc_0096_s033,1249,1-1,1,candidate_1_1,unchanged,undetermined,not_assessed,pending_human,routine,,0,36,0,31
doc_0096_s034,doc_0096,Contemporary Media,Blog Articles,labse,1-1,Molo manghatai sai mamangke hata Indonesia manang dihampar dohot hata Jawa.,Kalau berbicara juga selalu menggunakan bahasa Indonesia atau campur dengan bahasa Jawa.,clean_auto,doc_0096_s034,1250,1-1,1,candidate_1_1,unchanged,undetermined,not_assessed,pending_human,routine,,0,75,0,88
doc_0096_s035,doc_0096,Contemporary Media,Blog Articles,labse,1-1,"Ditambai muse ahu pe markaliang sian kota Medan, jala sian kalas 3 SD sahat tu SMA magodang di kota Binjai.","Ditambah lagi saya juga berpindah dari kota Medan, dan sejak kelas 3 SD sampai SMA besar di kota Binjai.",clean_auto,doc_0096_s035,1251,1-1,1,candidate_1_1,unchanged,undetermined,not_assessed,pending_human,routine,,0,107,0,104
doc_0096_s036,doc_0096,Contemporary Media,Blog Articles,labse,1-1,Hasomalan na kota ni jolma na ro godangan sai mamangke hata Indonesia.,Yang notabenenya kota para pendatang otomatis selalu menggunakan bahasa Indonesia.,clean_auto,doc_0096_s036,1252,1-1,1,candidate_1_1,unchanged,undetermined,not_assessed,pending_human,routine,,0,70,0,82
doc_0096_s037,doc_0096,Contemporary Media,Blog Articles,labse,1-1,"Hmmm, parsoalan hata Melayu ala ahu dung SMA markaliang tu Pekanbaru manambai gogo dongan tubunin tulanghu saleleng 6 bulan.","Hmmm, soal bahasa Melayu tadi mungkin karena saya sehabis SMA pindah ke Pekanbaru membantu keluarga Paman saya selama kurang lebih 6 bulan.",clean_auto,doc_0096_s037,1253,1-1,1,candidate_1_1,unchanged,undetermined,not_assessed,pending_human,routine,,0,124,0,139
doc_0096_s038,doc_0096,Contemporary Media,Blog Articles,labse,1-1,Dibahen i ma ahu jotjot sai manginona saotik logat hasomalan halak Melayu Riau.,Makanya saya terkadang masih terbawa sedikit logat khas Melayu Riau sepertinya.,clean_auto,doc_0096_s038,1254,1-1,1,candidate_1_1,unchanged,undetermined,not_assessed,pending_human,routine,,0,79,0,79
doc_0096_s039,doc_0096,Contemporary Media,Blog Articles,labse,1-1,Ima parsulanganna boasa losok rohaku mangarangrangi dalanna ni bangsoku.,"Iya, itulah alasannya kenapa saya malas sekali jika harus menjelaskan latar belakang suku saya.",clean_auto,doc_0096_s039,1255,1-1,1,candidate_1_1,unchanged,undetermined,not_assessed,pending_human,routine,,0,72,0,95
doc_0096_s040,doc_0096,Contemporary Media,Blog Articles,labse,1-1,Adong arsak ni roha sandiri ala tingki nidok halak Batak alai ndang boi hata Batak sasintongna.,Ada rasa malu tersendiri karena saat mengaku orang Batak tapi tidak bisa bahasa Batak sama sekali.,clean_auto,doc_0096_s040,1256,1-1,1,candidate_1_1,unchanged,undetermined,not_assessed,pending_human,routine,,0,95,0,98
doc_0096_s041,doc_0096,Contemporary Media,Blog Articles,labse,1-1,Alai ahu tutu ndang manalahon dirihu sasintongna.,Tapi saya sih tidak menyalahkan diri saya sepenuhnya.,clean_auto,doc_0096_s041,1257,1-1,1,candidate_1_1,unchanged,undetermined,not_assessed,pending_human,routine,,0,49,0,53
doc_0096_s042,doc_0096,Contemporary Media,Blog Articles,labse,1-1,"Toh, sundut ni ahu dohot sundut na balga ni ahu pe ndang hea mamangke hata Batak langsung.","Toh, keluarga saya dan keluarga besar saya juga enggak pernah menggunakan bahasa Batak langsung.",clean_auto,doc_0096_s042,1258,1-1,1,candidate_1_1,unchanged,undetermined,not_assessed,pending_human,routine,,0,90,0,96
doc_0096_s043,doc_0096,Contemporary Media,Blog Articles,labse,1-1,"Ditambai muse ngolu markaliang sian sada kota tu kota na asing, terpapar dohot adat dohot jolma na imbaru tontu marpanghorhon muse tu logat dohot parhataanhu.","Ditambah lagi hidup nomaden berpindah-pindah dari satu kota ke kota lainnya, terpapar dengan budaya dan orang baru tentunya berpengaruh juga pada logat serta cara saya berbicara.",clean_auto,doc_0096_s043,1259,1-1,1,candidate_1_1,unchanged,undetermined,not_assessed,pending_human,routine,,0,158,0,178
doc_0096_s044,doc_0096,Contemporary Media,Blog Articles,labse,1-1,Songon nuaeng on tingki ahu jotjot tutu dipadomu dohot dongan-dongan na marbalakang bangso Sunda dohot Jawa.,Seperti akhir-akhir ini saya sering sekali dipertemukan dengan teman-teman yang berlatar suku Sunda dan Jawa.,clean_auto,doc_0096_s044,1260,1-1,1,candidate_1_1,unchanged,undetermined,not_assessed,pending_human,routine,,0,108,0,109
doc_0096_s045,doc_0096,Contemporary Media,Blog Articles,labse,1-1,"Dibahen i jotjot so husadari sandiri, sasintongna ahu pe gabe dohot mangihut pangkataion ni nasida haha.","Jadinya terkadang tanpa saya sadari, ternyata saya juga ikut terbawa logat mereka haha.",clean_auto,doc_0096_s045,1261,1-1,1,candidate_1_1,unchanged,undetermined,not_assessed,pending_human,routine,,0,104,0,87
doc_0096_s046,doc_0096,Contemporary Media,Blog Articles,labse,1-1,Alai on gabe sada parange na mambaen las roha.,Rasanya saya jadi makin mengalami krisis identitas.,clean_auto,doc_0096_s046,1262,1-1,1,candidate_1_1,unchanged,undetermined,not_assessed,pending_human,routine,,0,46,0,51
doc_0096_s047,doc_0096,Contemporary Media,Blog Articles,labse,1-1,Songon ima diarsak molo panindangon na somal rupa dohot logat boi manghalupi panandaan dirinta.,Begitulah rasanya ketika stereotip wajah dan logat bisa mengaburkan identitas kita.,clean_auto,doc_0096_s047,1263,1-1,1,candidate_1_1,unchanged,undetermined,not_assessed,pending_human,routine,,0,95,0,83
doc_0096_s048,doc_0096,Contemporary Media,Blog Articles,labse,1-1,Lumobi di akka parjalang songon ahu na nunga piga-piga hali markaliang sian sada kota tu kota na asing.,Apalagi buat anak rantau seperti saya yang sudah beberapa kali hidup nomaden dari satu kota ke kota lainnya.,clean_auto,doc_0096_s048,1264,1-1,1,candidate_1_1,unchanged,undetermined,not_assessed,pending_human,routine,,0,103,0,108
doc_0096_s049,doc_0096,Contemporary Media,Blog Articles,labse,1-1,Adong lalap ni roha sandiri ala gabe mangihut tu adat luat disi ala parsaoran diri.,Kadang ada kebingungan tersendiri karena jadi ikut terbawa budaya daerah setempat karena penyesuaian diri.,clean_auto,doc_0096_s049,1265,1-1,1,candidate_1_1,unchanged,undetermined,not_assessed,pending_human,routine,,0,83,0,106
doc_0096_s050,doc_0096,Contemporary Media,Blog Articles,labse,1-1,Alai dung dipikkir-pikkir sasintongna on gabe sada parange na tudos denggan muse gabe dipuji.,Tapi setelah dipikir-pikir ternyata ini jadi sebuah keunikan yang sepertinya patut juga untuk dibanggakan.,clean_auto,doc_0096_s050,1266,1-1,1,candidate_1_1,unchanged,undetermined,not_assessed,pending_human,routine,,0,93,0,106
doc_0096_s051,doc_0096,Contemporary Media,Blog Articles,labse,1-1,Nang pe ahu ingkon loja mangarangrangi ia ahu jolma Batak alai rupa dohot parhataanhu pe ndang tarida ‘Batak’ sasintongna.,Walaupun saya harus capek menjelaskan bahwa saya orang Batak padahal wajah dan logat saya juga tidak terlihat 'Batak' sama sekali.,clean_auto,doc_0096_s051,1267,1-1,1,candidate_1_1,unchanged,undetermined,not_assessed,pending_human,routine,,0,122,0,130
doc_0096_s052,doc_0096,Contemporary Media,Blog Articles,labse,1-1,Boha baenon nunga sian najolo songoni.,"Ya, mau bagaimana lagi sudah dari sananya juga seperti itu.",clean_auto,doc_0096_s052,1268,1-1,1,candidate_1_1,unchanged,undetermined,not_assessed,pending_human,routine,,0,38,0,59
doc_0096_s053,doc_0096,Contemporary Media,Blog Articles,labse,1-1,Saninganna ahu boi pamagohon panindangon na somal ia halak Batak i togu jolmana haha.,Setidaknya saya bisa menghapus citra atau stereotip bahwa orang Batak itu keras orangnya haha.,clean_auto,doc_0096_s053,1269,1-1,1,candidate_1_1,unchanged,undetermined,not_assessed,pending_human,routine,,0,85,0,94
doc_0096_s054,doc_0096,Contemporary Media,Blog Articles,labse,1-1,"Eh, alai sasintongna halak Batak ndada togu-togu jolmana dah.","Eh, tapi sebenarnya orang Batak bukan keras-keras orangnya loh.",clean_auto,doc_0096_s054,1270,1-1,1,candidate_1_1,unchanged,undetermined,not_assessed,pending_human,routine,,0,61,0,63
doc_0096_s055,doc_0096,Contemporary Media,Blog Articles,labse,1-1,Dalan ni hata ni nasida gabe tarida togu ala soara ni nasida sambing na tarbege gogo.,Cara bicaranya terdengar keras karena suara mereka saja yang terdengar lantang.,clean_auto,doc_0096_s055,1271,1-1,1,candidate_1_1,unchanged,undetermined,not_assessed,pending_human,routine,,0,85,0,79
doc_0096_s056,doc_0096,Contemporary Media,Blog Articles,labse,1-1,"Toh, nang songon i jolma godangan, roha ni halak Batak pe lambok do jala denggan do jolmana.","Toh, juga seperti orang kebanyakan, hati orang Batak juga lembut dan baik kok orangnya.",clean_auto,doc_0096_s056,1272,1-1,1,candidate_1_1,unchanged,undetermined,not_assessed,pending_human,routine,,0,92,0,87
doc_0097_s000,doc_0097,Contemporary Media,Blog Articles,labse,1-1,"Sining, Partondian, dohot Panuturion","Seni, Batas, dan Interpretasi",clean_auto,doc_0097_s000,1273,1-1,1,candidate_1_1,unchanged,undetermined,not_assessed,pending_human,routine,,0,36,0,29
doc_0097_s001_a,doc_0097,Contemporary Media,Blog Articles,labse,1-1,Sining saonari nunga gabe parbagianan parbagianan ni natorop.,Seni digital/Seni (sining) sekarang sudah menjadi bagian dari masyarakat umum.,review_fix_split,doc_0097_s001_a,1466,3-1,1,structural_1_1_reviewed,legacy_label_corrected,sentence_candidate,medium,pending_human,routine,Teks tersimpan sudah berupa satu unit pada tiap sisi. Label lama dipertahankan pada original_alignment_type. Makna belum divalidasi anotator.,0,61,0,78
doc_0097_s001_b,doc_0097,Contemporary Media,Blog Articles,labse,1-1,"Ala nunga tarsar di tonga ni natorop, gabe mulai ma halak linglung jala manungkun: aha do i sining?","Karena sudah tersebar di tengah masyarakat, orang-orang pun mulai bingung dan bertanya: apa itu seni digital?",review_fix_split,doc_0097_s001_b,1467,3-1,1,structural_1_1_reviewed,legacy_label_corrected,sentence_candidate,medium,pending_human,routine,Teks tersimpan sudah berupa satu unit pada tiap sisi. Label lama dipertahankan pada original_alignment_type. Makna belum divalidasi anotator.,0,99,0,109
doc_0097_s001_c,doc_0097,Contemporary Media,Blog Articles,labse,1-1,Ise do i sining?,Siapa itu seni digital?,review_fix_split,doc_0097_s001_c,1468,3-1,1,structural_1_1_reviewed,legacy_label_corrected,sentence_candidate,medium,pending_human,routine,Teks tersimpan sudah berupa satu unit pada tiap sisi. Label lama dipertahankan pada original_alignment_type. Makna belum divalidasi anotator.,0,16,0,23
doc_0097_s002,doc_0097,Contemporary Media,Blog Articles,labse,unresolved,Jala aha do lapatan ni sining?,"Karena merebak di masyarakat umum, akhirnya orang-orang mulai kebingungan dan mempertanyakan, apakah itu seni? apakah ini seni? dan apa definisi seni?",review_ok,doc_0097_s002,1323,1-1,1,needs_review,flag_only,undetermined,undetermined,pending_human,high,"Indonesia mencakup beberapa pertanyaan dan latar yang sudah ada pada s001_b-s001_c, bukan hanya pertanyaan definisi.",0,30,0,150
doc_0097_s003,doc_0097,Contemporary Media,Blog Articles,labse,1-1,"Nanget do i, alai ndang saluhutna natorop di Indonesia boi manghalasson sining i songon sining na tutu.","Hal ini menarik, masyarakat Indonesia tidak seluruhnya bisa menikmati seni sebagai sebuah seni.",clean_auto,doc_0097_s003,1274,1-1,1,candidate_1_1,unchanged,undetermined,not_assessed,pending_human,routine,,0,103,0,95
doc_0097_s004,doc_0097,Contemporary Media,Blog Articles,labse,1-1,Natoropta i jotjot do mandok sining i ingkon mangalehon las ni roha jala ingkon mangalehon hata na tigor uju i.,Masyarakat kita sering menilai bahwa seni harus menghibur dan harus memberikan sebuah pesan saat itu juga — lugas.,clean_auto,doc_0097_s004,1275,1-1,1,candidate_1_1,unchanged,undetermined,not_assessed,pending_human,routine,,0,111,0,114
doc_0097_s005,doc_0097,Contemporary Media,Blog Articles,labse,1-1,"Molo so i, lapatanna ndang sining i.","Kalau tidak, berarti itu bukan seni.",clean_auto,doc_0097_s005,1276,1-1,1,candidate_1_1,unchanged,undetermined,not_assessed,pending_human,routine,,0,36,0,36
doc_0097_s006,doc_0097,Contemporary Media,Blog Articles,labse,1-1,"Di bagasan on, sining kontemporer do sining na jotjot didiskusihon.","Dalam hal ini, seni kontemporer adalah seni yang paling sering dibicarakan.",clean_auto,doc_0097_s006,1277,1-1,1,candidate_1_1,unchanged,undetermined,not_assessed,pending_human,routine,,0,67,0,75
doc_0097_s007,doc_0097,Contemporary Media,Blog Articles,labse,1-1,"Lam tu julu, sining kontemporer nunga gabe tu rimpunan ni parbinotoan.","Semakin ke sini, seni kontemporer menuju pada sebuah sisi komersialisasi.",clean_auto,doc_0097_s007,1278,1-1,1,candidate_1_1,unchanged,undetermined,not_assessed,pending_human,routine,,0,70,0,73
doc_0097_s008,doc_0097,Contemporary Media,Blog Articles,labse,1-1,"Mulai ma halak mananda sining kontemporer i ndang sining be, alai holan pangalaho na molo-molo sining.",Orang-orang mulai menyadari bahwa seni kontemporer itu bukanlah seni.,clean_auto,doc_0097_s008,1279,1-1,1,candidate_1_1,unchanged,undetermined,not_assessed,pending_human,routine,,0,102,0,69
doc_0097_s009,doc_0097,Contemporary Media,Blog Articles,labse,1-1,Boasama songon i?,Mengapakah seperti itu?,review_fix,doc_0097_s009,1340,1-2,1,structural_1_1_reviewed,legacy_label_corrected,sentence_candidate,medium,pending_human,routine,Teks tersimpan sudah berupa satu unit pada tiap sisi. Label lama dipertahankan pada original_alignment_type. Makna belum divalidasi anotator.,0,17,0,23
doc_0097_s010,doc_0097,Contemporary Media,Blog Articles,labse,1-1,"Ala dung ruar sining i tu partingkian, sining i ndang nampuna ni na mambahen sining be, alai nunga nampuna ni natorop.","Karena ketika seni muncul di permukaan, sebuah seni tak lagi dimiliki oleh pembuat seni, melainkan sudah dimiliki oleh masyarakat umum.",clean_auto,doc_0097_s010,1280,1-1,1,candidate_1_1,unchanged,undetermined,not_assessed,pending_human,routine,,0,118,0,135
doc_0097_s011,doc_0097,Contemporary Media,Blog Articles,labse,1-1,Saluhut jolma maloas manuturhon sining i.,Semua orang bebas menginterpretasikan sebuah seni tersebut.,clean_auto,doc_0097_s011,1281,1-1,1,candidate_1_1,unchanged,undetermined,not_assessed,pending_human,routine,,0,41,0,59
doc_0097_s012,doc_0097,Contemporary Media,Blog Articles,labse,1-1,"Songon dia pe rupana, lurus manang tung so sinangkapan pe.","Apapun bentuknya, baik linear atau di luar dugaan sekalipun.",clean_auto,doc_0097_s012,1282,1-1,1,candidate_1_1,unchanged,undetermined,not_assessed,pending_human,routine,,0,58,0,60
doc_0097_s013,doc_0097,Contemporary Media,Blog Articles,labse,1-1,Jala ingkon do sining i jongjong gabe sining i sandiri.,Dan sudah sepantasnya seni berdiri sebagai seni itu sendiri.,clean_auto,doc_0097_s013,1283,1-1,1,candidate_1_1,unchanged,undetermined,not_assessed,pending_human,routine,,0,55,0,60
doc_0097_s014,doc_0097,Contemporary Media,Blog Articles,labse,1-1,"Sining na denggan i, sining na tigor roha.",Sebuah seni yang baik adalah seni yang jujur.,clean_auto,doc_0097_s014,1284,1-1,1,candidate_1_1,unchanged,undetermined,not_assessed,pending_human,routine,,0,42,0,45
doc_0097_s015,doc_0097,Contemporary Media,Blog Articles,labse,1-1,Panuturion na subjektif tu sining i jotjot do mambahen sining i gabe dua horong: na denggan dohot na roa.,Penilaian subjektif sebuah seni seringkali menjadikan seni dikotomi baik dan buruk.,clean_auto,doc_0097_s015,1285,1-1,1,candidate_1_1,unchanged,undetermined,not_assessed,pending_human,routine,,0,105,0,83
doc_0097_s016,doc_0097,Contemporary Media,Blog Articles,labse,1-1,"Alai, ndang saluhutna jolma ingkon marpangunsandean tu hadengganon dohot haroaon ni sining i.","Padahal, semua orang tak harus berpatok pada kebaikan dan keburukan seni tersebut.",clean_auto,doc_0097_s016,1286,1-1,1,candidate_1_1,unchanged,undetermined,not_assessed,pending_human,routine,,0,93,0,82
doc_0097_s017,doc_0097,Contemporary Media,Blog Articles,labse,1-1,"Panuturion i ro sandiri, marhite panatapion, parbinotoan, pangalaho ni pangkirimon dohot na asing.","Interpretasi itu datang dengan sendirinya, melalui pengamatan, pengalaman, kebiasaan berpikir dan lain sebagainya.",clean_auto,doc_0097_s017,1287,1-1,1,candidate_1_1,unchanged,undetermined,not_assessed,pending_human,routine,,0,98,0,114
doc_0097_s018,doc_0097,Contemporary Media,Blog Articles,labse,1-1,Jotjot do panuturion ni ganup jolma i marasing-asing.,"Terkadang, interpretasi setiap orang itu berbeda-beda.",clean_auto,doc_0097_s018,1288,1-1,1,candidate_1_1,unchanged,undetermined,not_assessed,pending_human,routine,,0,53,0,54
doc_0097_s019,doc_0097,Contemporary Media,Blog Articles,labse,1-1,"Jala boi do muse, panuturion ni halak na asing taringot tu sining i gabe mangondihon halak na asing manghalasson sining i.","Dan tak menutup kemungkinan pula, terkadang interpretasi orang lain terhadap seni juga membatasi penikmat seni yang lainnya.",clean_auto,doc_0097_s019,1289,1-1,1,candidate_1_1,unchanged,undetermined,not_assessed,pending_human,routine,,0,122,0,124
doc_0097_s020,doc_0097,Contemporary Media,Blog Articles,labse,1-1,"Hape, ndang adong panuturion na tigor manang na sala.","Padahal, tidak ada interpretasi yang benar dan salah.",clean_auto,doc_0097_s020,1290,1-1,1,candidate_1_1,unchanged,undetermined,not_assessed,pending_human,routine,,0,53,0,53
doc_0097_s021,doc_0097,Contemporary Media,Blog Articles,labse,1-1,"Alani i, panuturion tu sada sining i maloas jala ndang marpartondian.","Oleh sebab itu, penafsiran terhadap suatu karya seni itu bebas dan tidak memiliki batas.",clean_auto,doc_0097_s021,1291,1-1,1,candidate_1_1,unchanged,undetermined,not_assessed,pending_human,routine,,0,69,0,88
doc_0097_s022,doc_0097,Contemporary Media,Blog Articles,labse,1-1,"Alai, molo panuturion tu sining i maloas, adong do partondian ni sining i sandiri?","Akan tetapi, kalau interpretasi terhadap seni itu bebas, apakah seni sendiri memiliki batas?",clean_auto,doc_0097_s022,1292,1-1,1,candidate_1_1,unchanged,undetermined,not_assessed,pending_human,routine,,0,82,0,92
doc_0097_s023,doc_0097,Contemporary Media,Blog Articles,labse,1-1,"Taringot tu au, sining i ndang marpartondian.","Menurut saya, seni tidak memiliki batas.",clean_auto,doc_0097_s023,1293,1-1,1,candidate_1_1,unchanged,undetermined,not_assessed,pending_human,routine,,0,45,0,40
doc_0097_s024,doc_0097,Contemporary Media,Blog Articles,labse,1-1,"Sining i, saleleng ndang mangarugihon halak na asing, i dope gabe sining.","Seni, selagi tidak merugikan orang lain, maka masih dianggap seni.",clean_auto,doc_0097_s024,1294,1-1,1,candidate_1_1,unchanged,undetermined,not_assessed,pending_human,routine,,0,73,0,66
doc_0097_s025,doc_0097,Contemporary Media,Blog Articles,labse,1-1,"Tarluar sian dia pe rupana, sining i ndang marpartondian na tigor.","Terlepas dari apapun bentuknya, seni tidak memiliki batas yang jelas.",clean_auto,doc_0097_s025,1295,1-1,1,candidate_1_1,unchanged,undetermined,not_assessed,pending_human,routine,,0,66,0,69
doc_0097_s026,doc_0097,Contemporary Media,Blog Articles,labse,1-1,Holan sada do na gabe partondian na mambahen sining i sandiri.,Satu-satunya hal yang membatasi adalah pembuat seni itu sendiri.,clean_auto,doc_0097_s026,1296,1-1,1,candidate_1_1,unchanged,undetermined,not_assessed,pending_human,routine,,0,62,0,64
doc_0097_s027,doc_0097,Contemporary Media,Blog Articles,labse,1-1,"Ala tongtong do adong tubu ni roha na hasusuranna sian na mambahen sining i, na mambahen sining i gabe lam tigor roha jala ndang na pinadiri-diri.","Karena selalu ada kesan khas pembuat seni, yang membuat seni itu terasa lebih jujur dan tidak dibuat-buat.",clean_auto,doc_0097_s027,1297,1-1,1,candidate_1_1,unchanged,undetermined,not_assessed,pending_human,routine,,0,146,0,106
doc_0097_s028,doc_0097,Contemporary Media,Blog Articles,labse,1-1,Jotjot do sining kontemporer i didok holan pangulikan ni sining jala ndang sining na ias.,"Seringkali, seni kontemporer dinilai sebagai sebuah gimmick seni dan bukan seni murni.",clean_auto,doc_0097_s028,1298,1-1,1,candidate_1_1,unchanged,undetermined,not_assessed,pending_human,routine,,0,89,0,86
doc_0097_s029,doc_0097,Contemporary Media,Blog Articles,labse,1-1,Tigor do jolma mandok songon i.,Orang wajar menilai hal tersebut.,clean_auto,doc_0097_s029,1299,1-1,1,candidate_1_1,unchanged,undetermined,not_assessed,pending_human,routine,,0,31,0,33
doc_0097_s030,doc_0097,Contemporary Media,Blog Articles,labse,1-1,Jala tiogr do muse jolma mandok na asing.,Dan orang juga wajar menilai hal lainnya.,clean_auto,doc_0097_s030,1300,1-1,1,candidate_1_1,unchanged,undetermined,not_assessed,pending_human,routine,,0,41,0,41
doc_0097_s031,doc_0097,Contemporary Media,Blog Articles,labse,1-1,"Alai tung tigor situtu do, sining i mambahen parhorong-horongon ni na manghalasson i sandiri.","Karena sangat wajar, seni membuat segmentasi penikmatnya sendiri.",clean_auto,doc_0097_s031,1301,1-1,1,candidate_1_1,unchanged,undetermined,not_assessed,pending_human,routine,,0,93,0,65
doc_0097_s032,doc_0097,Contemporary Media,Blog Articles,labse,1-1,Jala i do pangalaho hatiuron ni sining i sandiri.,Dan hal tersebut adalah sifat kemurnian dari seni itu sendiri.,clean_auto,doc_0097_s032,1302,1-1,1,candidate_1_1,unchanged,undetermined,not_assessed,pending_human,routine,,0,49,0,62
doc_0097_s033,doc_0097,Contemporary Media,Blog Articles,labse,1-1,Sining i pe manggogo dinamika ni na mambahen sining.,Seni juga menuntut dinamika pembuat seni.,clean_auto,doc_0097_s033,1303,1-1,1,candidate_1_1,unchanged,undetermined,not_assessed,pending_human,routine,,0,52,0,41
doc_0097_s034,doc_0097,Contemporary Media,Blog Articles,labse,1-1,"Godang do parbinotoan ngolu, transisi, dinamika, gejolak, na gabe mambahen sining i lam tigor roha jala lam marasing-asing.","Akan ada banyak pengalaman hidup, transisi, dinamika, gejolak, yang ke depannya akan membuat seni tersebut menjadi lebih jujur dan lebih unik.",clean_auto,doc_0097_s034,1304,1-1,1,candidate_1_1,unchanged,undetermined,not_assessed,pending_human,routine,,0,123,0,142
doc_0097_s035,doc_0097,Contemporary Media,Blog Articles,labse,1-1,"Songon si Van Gogh, adong do sining na hasusuranna sandiri na didok ekspresionisme.","Misalnya Van Gogh, ia memiliki sebuah seni khasnya sendiri bernama ekspresionisme.",clean_auto,doc_0097_s035,1305,1-1,1,candidate_1_1,unchanged,undetermined,not_assessed,pending_human,routine,,0,83,0,82
doc_0097_s036,doc_0097,Contemporary Media,Blog Articles,labse,1-1,Ditoru panginongosanna na ganjang taringot tu manggambar dohot marsahit tondi.,Ia memiliki perjalanan panjang dalam hal melukis dan sakit jiwa.,clean_auto,doc_0097_s036,1306,1-1,1,candidate_1_1,unchanged,undetermined,not_assessed,pending_human,routine,,0,78,0,64
doc_0097_s037,doc_0097,Contemporary Media,Blog Articles,labse,1-1,Jala i do na marsigonggoman.,Dan hal tersebut saling berkelindan satu sama lain.,clean_auto,doc_0097_s037,1307,1-1,1,candidate_1_1,unchanged,undetermined,not_assessed,pending_human,routine,,0,28,0,51
doc_0097_s038,doc_0097,Contemporary Media,Blog Articles,labse,1-1,"Tarluar sian sahit tondi na dihilala si Van Gogh, di ujungna ekspresionisme i do gaya na hasusuranna sian ibana.","Terlepas dari penyakit jiwa yang dialami Van Gogh, pada akhirnya ekspresionisme adalah gaya yang khas dari miliknya.",clean_auto,doc_0097_s038,1308,1-1,1,candidate_1_1,unchanged,undetermined,not_assessed,pending_human,routine,,0,112,0,116
doc_0097_s039,doc_0097,Contemporary Media,Blog Articles,labse,1-1,"Jotjot do, hata na binahen ni na mambahen sining i, marlapatan na asing dung gabe sipanganon ni natorop.","Terkadang, pesan yang dibuat oleh pembuat seni, memiliki arti lain ketika sudah menjadi konsumsi publik.",clean_auto,doc_0097_s039,1309,1-1,1,candidate_1_1,unchanged,undetermined,not_assessed,pending_human,routine,,0,104,0,104
doc_0097_s040,doc_0097,Contemporary Media,Blog Articles,labse,1-1,"Jala wajar do i, alai mulak muse tu na mambahen sining i.","Dan hal tersebut sah-sah saja, akan tetapi kembali ke pembuat seni tersebut.",clean_auto,doc_0097_s040,1310,1-1,1,candidate_1_1,unchanged,undetermined,not_assessed,pending_human,routine,,0,57,0,76
doc_0097_s041,doc_0097,Contemporary Media,Blog Articles,labse,1-1,Ugasan songon seniman nunga taruli i ma mambahen sining.,"Tanggung jawabnya sebagai seniman sudah terlaksanakan, yaitu membuat seni.",clean_auto,doc_0097_s041,1311,1-1,1,candidate_1_1,unchanged,undetermined,not_assessed,pending_human,routine,,0,56,0,74
doc_0097_s042,doc_0097,Contemporary Media,Blog Articles,labse,1-1,"Songon panutup, di bagasan horong ni panuturion, ndang adong sining na denggan dohot na roa.","Sebagai penutup, dalam lingkup penilaian, tak ada seni yang bagus dan buruk.",clean_auto,doc_0097_s042,1312,1-1,1,candidate_1_1,unchanged,undetermined,not_assessed,pending_human,routine,,0,92,0,76
doc_0097_s043,doc_0097,Contemporary Media,Blog Articles,labse,1-1,Sining na denggan i sining na tigor roha.,Seni yang baik adalah seni yang jujur.,clean_auto,doc_0097_s043,1313,1-1,1,candidate_1_1,unchanged,undetermined,not_assessed,pending_human,routine,,0,41,0,38
doc_0097_s044,doc_0097,Contemporary Media,Blog Articles,labse,1-1,"Saluhut jolma bebas manuturhon sada sining, ndang adong partondian na mangurungi panuturion ni sada sining.","Semua orang bebas menginterpretasikan sebuah seni, tak ada batasan yang mengurung sebuah penginterpretasian sebuah seni.",clean_auto,doc_0097_s044,1314,1-1,1,candidate_1_1,unchanged,undetermined,not_assessed,pending_human,routine,,0,107,0,120
doc_0097_s045,doc_0097,Contemporary Media,Blog Articles,labse,1-1,"Malah, panuturion ni sining i nampuna ni ganup jolma na manghalasson sining i.","Justru, interpretasi seni adalah milik individu yang menikmati seni tersebut.",clean_auto,doc_0097_s045,1315,1-1,1,candidate_1_1,unchanged,undetermined,not_assessed,pending_human,routine,,0,78,0,77
doc_0097_s046,doc_0097,Contemporary Media,Blog Articles,labse,1-1,"Sining di bagasan partikkian ni sining, ndang adong partondian.","Seni dalam lingkup karya seni, sama sekali tak memiliki batas.",clean_auto,doc_0097_s046,1316,1-1,1,candidate_1_1,unchanged,undetermined,not_assessed,pending_human,routine,,0,63,0,62
doc_0097_s047,doc_0097,Contemporary Media,Blog Articles,labse,1-1,Hal na gabe partondian i na mambahen sining i sandiri.,Hal yang membatasi adalah pembuat seni itu sendiri.,clean_auto,doc_0097_s047,1317,1-1,1,candidate_1_1,unchanged,undetermined,not_assessed,pending_human,routine,,0,54,0,51
doc_0097_s048,doc_0097,Contemporary Media,Blog Articles,labse,1-1,Jotjot do adong gorga na hasusuran sian seniman na mambahen siningna gabe khas.,Terkadang ada sebuah corak khusus dari seniman yang membuat seninya terasa khas.,clean_auto,doc_0097_s048,1318,1-1,1,candidate_1_1,unchanged,undetermined,not_assessed,pending_human,routine,,0,79,0,80
doc_0097_s049,doc_0097,Contemporary Media,Blog Articles,labse,1-1,"Jala molo nunga ruar sining i tu natorop, sining i ndang nampuna ni na mambahen sining i be, alai nunga gabe nampuna ni saluhut jolma.","Dan ketika karya seni mencuat ke publik, karya seni tak lagi milik pembuat seni, melainkan menjadi milik semua orang.",clean_auto,doc_0097_s049,1319,1-1,1,candidate_1_1,unchanged,undetermined,not_assessed,pending_human,routine,,0,134,0,117
